ISO-10303-21;
HEADER;
FILE_DESCRIPTION(('KiCad electronic assembly'),'2;1');
FILE_NAME('.IOX_Monitor-1.0A.030818b8.part.step','2026-08-07T14:58:25',(
    'Pcbnew'),('Kicad'),'Open CASCADE STEP processor 7.9',
  'KiCad to STEP converter','Unknown');
FILE_SCHEMA(('AUTOMOTIVE_DESIGN { 1 0 10303 214 1 1 1 1 }'));
ENDSEC;
DATA;
#1 = APPLICATION_PROTOCOL_DEFINITION('international standard',
  'automotive_design',2000,#2);
#2 = APPLICATION_CONTEXT(
  'core data for automotive mechanical design processes');
#3 = SHAPE_DEFINITION_REPRESENTATION(#4,#10);
#4 = PRODUCT_DEFINITION_SHAPE('','',#5);
#5 = PRODUCT_DEFINITION('design','',#6,#9);
#6 = PRODUCT_DEFINITION_FORMATION('','',#7);
#7 = PRODUCT('.IOX_Monitor-1.0A.030818b8.part 1',
  '.IOX_Monitor-1.0A.030818b8.part 1','',(#8));
#8 = PRODUCT_CONTEXT('',#2,'mechanical');
#9 = PRODUCT_DEFINITION_CONTEXT('part definition',#2,'design');
#10 = SHAPE_REPRESENTATION('',(#11,#15,#19,#23,#27,#31,#35,#39,#43,#47,
    #51,#55,#59,#63,#67,#71,#75,#79,#83,#87,#91,#95,#99,#103,#107,#111,
    #115,#119,#123,#127,#131,#135),#139);
#11 = AXIS2_PLACEMENT_3D('',#12,#13,#14);
#12 = CARTESIAN_POINT('',(0.,0.,0.));
#13 = DIRECTION('',(0.,0.,1.));
#14 = DIRECTION('',(1.,0.,-0.));
#15 = AXIS2_PLACEMENT_3D('',#16,#17,#18);
#16 = CARTESIAN_POINT('',(156.21,-57.15,1.595));
#17 = DIRECTION('',(-0.,0.,1.));
#18 = DIRECTION('',(1.110223024625E-16,-1.,0.));
#19 = AXIS2_PLACEMENT_3D('',#20,#21,#22);
#20 = CARTESIAN_POINT('',(133.35,-60.96,1.595));
#21 = DIRECTION('',(-0.,0.,1.));
#22 = DIRECTION('',(1.110223024625E-16,-1.,0.));
#23 = AXIS2_PLACEMENT_3D('',#24,#25,#26);
#24 = CARTESIAN_POINT('',(129.54,-64.77,1.595));
#25 = DIRECTION('',(0.,-0.,1.));
#26 = DIRECTION('',(1.110223024625E-16,1.,0.));
#27 = AXIS2_PLACEMENT_3D('',#28,#29,#30);
#28 = CARTESIAN_POINT('',(137.16,-57.15,1.595));
#29 = DIRECTION('',(-0.,0.,1.));
#30 = DIRECTION('',(1.110223024625E-16,-1.,0.));
#31 = AXIS2_PLACEMENT_3D('',#32,#33,#34);
#32 = CARTESIAN_POINT('',(137.16,-60.96,1.595));
#33 = DIRECTION('',(-0.,0.,1.));
#34 = DIRECTION('',(1.110223024625E-16,-1.,0.));
#35 = AXIS2_PLACEMENT_3D('',#36,#37,#38);
#36 = CARTESIAN_POINT('',(148.59,-57.15,1.595));
#37 = DIRECTION('',(-0.,0.,1.));
#38 = DIRECTION('',(1.110223024625E-16,-1.,0.));
#39 = AXIS2_PLACEMENT_3D('',#40,#41,#42);
#40 = CARTESIAN_POINT('',(144.78,-64.77,1.595));
#41 = DIRECTION('',(0.,-0.,1.));
#42 = DIRECTION('',(1.110223024625E-16,1.,0.));
#43 = AXIS2_PLACEMENT_3D('',#44,#45,#46);
#44 = CARTESIAN_POINT('',(144.78,-60.96,1.595));
#45 = DIRECTION('',(-0.,0.,1.));
#46 = DIRECTION('',(1.110223024625E-16,-1.,0.));
#47 = AXIS2_PLACEMENT_3D('',#48,#49,#50);
#48 = CARTESIAN_POINT('',(137.16,-64.77,1.595));
#49 = DIRECTION('',(0.,-0.,1.));
#50 = DIRECTION('',(1.110223024625E-16,1.,0.));
#51 = AXIS2_PLACEMENT_3D('',#52,#53,#54);
#52 = CARTESIAN_POINT('',(148.59,-60.96,1.595));
#53 = DIRECTION('',(-0.,0.,1.));
#54 = DIRECTION('',(1.110223024625E-16,-1.,0.));
#55 = AXIS2_PLACEMENT_3D('',#56,#57,#58);
#56 = CARTESIAN_POINT('',(129.54,-57.15,1.595));
#57 = DIRECTION('',(-0.,0.,1.));
#58 = DIRECTION('',(1.110223024625E-16,-1.,0.));
#59 = AXIS2_PLACEMENT_3D('',#60,#61,#62);
#60 = CARTESIAN_POINT('',(152.4,-60.96,1.595));
#61 = DIRECTION('',(-0.,0.,1.));
#62 = DIRECTION('',(1.110223024625E-16,-1.,0.));
#63 = AXIS2_PLACEMENT_3D('',#64,#65,#66);
#64 = CARTESIAN_POINT('',(156.21,-60.96,1.595));
#65 = DIRECTION('',(-0.,0.,1.));
#66 = DIRECTION('',(1.110223024625E-16,-1.,0.));
#67 = AXIS2_PLACEMENT_3D('',#68,#69,#70);
#68 = CARTESIAN_POINT('',(133.35,-57.15,1.595));
#69 = DIRECTION('',(-0.,0.,1.));
#70 = DIRECTION('',(1.110223024625E-16,-1.,0.));
#71 = AXIS2_PLACEMENT_3D('',#72,#73,#74);
#72 = CARTESIAN_POINT('',(140.97,-57.15,1.595));
#73 = DIRECTION('',(-0.,0.,1.));
#74 = DIRECTION('',(1.110223024625E-16,-1.,0.));
#75 = AXIS2_PLACEMENT_3D('',#76,#77,#78);
#76 = CARTESIAN_POINT('',(152.4,-57.15,1.595));
#77 = DIRECTION('',(-0.,0.,1.));
#78 = DIRECTION('',(1.110223024625E-16,-1.,0.));
#79 = AXIS2_PLACEMENT_3D('',#80,#81,#82);
#80 = CARTESIAN_POINT('',(156.21,-64.77,1.595));
#81 = DIRECTION('',(0.,-0.,1.));
#82 = DIRECTION('',(1.110223024625E-16,1.,0.));
#83 = AXIS2_PLACEMENT_3D('',#84,#85,#86);
#84 = CARTESIAN_POINT('',(133.35,-64.77,1.595));
#85 = DIRECTION('',(0.,-0.,1.));
#86 = DIRECTION('',(1.110223024625E-16,1.,0.));
#87 = AXIS2_PLACEMENT_3D('',#88,#89,#90);
#88 = CARTESIAN_POINT('',(129.54,-60.96,1.595));
#89 = DIRECTION('',(-0.,0.,1.));
#90 = DIRECTION('',(1.110223024625E-16,-1.,0.));
#91 = AXIS2_PLACEMENT_3D('',#92,#93,#94);
#92 = CARTESIAN_POINT('',(144.78,-57.15,1.595));
#93 = DIRECTION('',(-0.,0.,1.));
#94 = DIRECTION('',(1.110223024625E-16,-1.,0.));
#95 = AXIS2_PLACEMENT_3D('',#96,#97,#98);
#96 = CARTESIAN_POINT('',(146.795,-91.44,1.595));
#97 = DIRECTION('',(-0.,0.,1.));
#98 = DIRECTION('',(1.110223024625E-16,-1.,0.));
#99 = AXIS2_PLACEMENT_3D('',#100,#101,#102);
#100 = CARTESIAN_POINT('',(148.59,-64.77,1.595));
#101 = DIRECTION('',(0.,-0.,1.));
#102 = DIRECTION('',(1.110223024625E-16,1.,0.));
#103 = AXIS2_PLACEMENT_3D('',#104,#105,#106);
#104 = CARTESIAN_POINT('',(140.97,-60.96,1.595));
#105 = DIRECTION('',(-0.,0.,1.));
#106 = DIRECTION('',(1.110223024625E-16,-1.,0.));
#107 = AXIS2_PLACEMENT_3D('',#108,#109,#110);
#108 = CARTESIAN_POINT('',(146.795,-93.98,1.595));
#109 = DIRECTION('',(-0.,0.,1.));
#110 = DIRECTION('',(1.110223024625E-16,-1.,0.));
#111 = AXIS2_PLACEMENT_3D('',#112,#113,#114);
#112 = CARTESIAN_POINT('',(140.97,-64.77,1.595));
#113 = DIRECTION('',(0.,-0.,1.));
#114 = DIRECTION('',(1.110223024625E-16,1.,0.));
#115 = AXIS2_PLACEMENT_3D('',#116,#117,#118);
#116 = CARTESIAN_POINT('',(146.795,-88.9,1.595));
#117 = DIRECTION('',(-0.,0.,1.));
#118 = DIRECTION('',(1.110223024625E-16,-1.,0.));
#119 = AXIS2_PLACEMENT_3D('',#120,#121,#122);
#120 = CARTESIAN_POINT('',(152.4,-64.77,1.595));
#121 = DIRECTION('',(0.,-0.,1.));
#122 = DIRECTION('',(1.110223024625E-16,1.,0.));
#123 = AXIS2_PLACEMENT_3D('',#124,#125,#126);
#124 = CARTESIAN_POINT('',(154.305,-82.55,-8.5E-02));
#125 = DIRECTION('',(1.224646799147E-16,-1.359631073447E-32,-1.));
#126 = DIRECTION('',(1.110223024625E-16,1.,0.));
#127 = AXIS2_PLACEMENT_3D('',#128,#129,#130);
#128 = CARTESIAN_POINT('',(146.685,-82.55,-8.5E-02));
#129 = DIRECTION('',(1.224646799147E-16,-1.359631073447E-32,-1.));
#130 = DIRECTION('',(1.110223024625E-16,1.,0.));
#131 = AXIS2_PLACEMENT_3D('',#132,#133,#134);
#132 = CARTESIAN_POINT('',(146.685,-72.39,-8.5E-02));
#133 = DIRECTION('',(1.224646799147E-16,-1.359631073447E-32,-1.));
#134 = DIRECTION('',(1.110223024625E-16,1.,0.));
#135 = AXIS2_PLACEMENT_3D('',#136,#137,#138);
#136 = CARTESIAN_POINT('',(0.,0.,0.));
#137 = DIRECTION('',(0.,0.,1.));
#138 = DIRECTION('',(1.,0.,-0.));
#139 = ( GEOMETRIC_REPRESENTATION_CONTEXT(3) 
GLOBAL_UNCERTAINTY_ASSIGNED_CONTEXT((#143)) GLOBAL_UNIT_ASSIGNED_CONTEXT
((#140,#141,#142)) REPRESENTATION_CONTEXT('Context #1',
  '3D Context with UNIT and UNCERTAINTY') );
#140 = ( LENGTH_UNIT() NAMED_UNIT(*) SI_UNIT(.MILLI.,.METRE.) );
#141 = ( NAMED_UNIT(*) PLANE_ANGLE_UNIT() SI_UNIT($,.RADIAN.) );
#142 = ( NAMED_UNIT(*) SI_UNIT($,.STERADIAN.) SOLID_ANGLE_UNIT() );
#143 = UNCERTAINTY_MEASURE_WITH_UNIT(LENGTH_MEASURE(1.E-07),#140,
  'distance_accuracy_value','confusion accuracy');
#144 = PRODUCT_RELATED_PRODUCT_CATEGORY('part',$,(#7));
#145 = SHAPE_DEFINITION_REPRESENTATION(#146,#152);
#146 = PRODUCT_DEFINITION_SHAPE('','',#147);
#147 = PRODUCT_DEFINITION('design','',#148,#151);
#148 = PRODUCT_DEFINITION_FORMATION('','',#149);
#149 = PRODUCT('SOT-23','SOT-23','',(#150));
#150 = PRODUCT_CONTEXT('',#2,'mechanical');
#151 = PRODUCT_DEFINITION_CONTEXT('part definition',#2,'design');
#152 = ADVANCED_BREP_SHAPE_REPRESENTATION('',(#11,#153),#2135);
#153 = MANIFOLD_SOLID_BREP('',#154);
#154 = CLOSED_SHELL('',(#155,#193,#256,#279,#308,#331,#386,#425,#448,
    #471,#488,#511,#599,#615,#645,#678,#709,#742,#759,#776,#809,#839,
    #862,#885,#902,#931,#985,#1008,#1031,#1054,#1093,#1115,#1159,#1234,
    #1258,#1326,#1343,#1418,#1442,#1510,#1585,#1609,#1677,#1694,#1711,
    #1757,#1773,#1789,#1806,#1818,#1835,#1852,#1869,#1886,#1903,#1920,
    #1932,#1949,#1966,#1983,#2000,#2017,#2029,#2046,#2063,#2080,#2097,
    #2114,#2126));
#155 = ADVANCED_FACE('',(#156),#188,.F.);
#156 = FACE_BOUND('',#157,.F.);
#157 = EDGE_LOOP('',(#158,#168,#175,#183));
#158 = ORIENTED_EDGE('',*,*,#159,.T.);
#159 = EDGE_CURVE('',#160,#162,#164,.T.);
#160 = VERTEX_POINT('',#161);
#161 = CARTESIAN_POINT('',(-0.571621551758,1.433243103516,0.1));
#162 = VERTEX_POINT('',#163);
#163 = CARTESIAN_POINT('',(0.571621551758,1.433243103516,0.1));
#164 = LINE('',#165,#166);
#165 = CARTESIAN_POINT('',(-0.571621551758,1.433243103516,0.1));
#166 = VECTOR('',#167,1.);
#167 = DIRECTION('',(1.,1.110223024625E-16,0.));
#168 = ORIENTED_EDGE('',*,*,#169,.T.);
#169 = EDGE_CURVE('',#162,#170,#172,.T.);
#170 = VERTEX_POINT('',#171);
#171 = CARTESIAN_POINT('',(0.605,1.5,0.575));
#172 = B_SPLINE_CURVE_WITH_KNOTS('',1,(#173,#174),.UNSPECIFIED.,.F.,.F.,
  (2,2),(0.,1.),.PIECEWISE_BEZIER_KNOTS.);
#173 = CARTESIAN_POINT('',(0.571621551758,1.433243103516,0.1));
#174 = CARTESIAN_POINT('',(0.605,1.5,0.575));
#175 = ORIENTED_EDGE('',*,*,#176,.F.);
#176 = EDGE_CURVE('',#177,#170,#179,.T.);
#177 = VERTEX_POINT('',#178);
#178 = CARTESIAN_POINT('',(-0.605,1.5,0.575));
#179 = LINE('',#180,#181);
#180 = CARTESIAN_POINT('',(-0.605,1.5,0.575));
#181 = VECTOR('',#182,1.);
#182 = DIRECTION('',(1.,1.110223024625E-16,0.));
#183 = ORIENTED_EDGE('',*,*,#184,.F.);
#184 = EDGE_CURVE('',#160,#177,#185,.T.);
#185 = B_SPLINE_CURVE_WITH_KNOTS('',1,(#186,#187),.UNSPECIFIED.,.F.,.F.,
  (2,2),(0.,1.),.PIECEWISE_BEZIER_KNOTS.);
#186 = CARTESIAN_POINT('',(-0.571621551758,1.433243103516,0.1));
#187 = CARTESIAN_POINT('',(-0.605,1.5,0.575));
#188 = B_SPLINE_SURFACE_WITH_KNOTS('',1,1,(
    (#189,#190)
    ,(#191,#192
    )),.UNSPECIFIED.,.F.,.F.,.F.,(2,2),(2,2),(0.,1.21),(0.,1.),
  .PIECEWISE_BEZIER_KNOTS.);
#189 = CARTESIAN_POINT('',(-0.571621551758,1.433243103516,0.1));
#190 = CARTESIAN_POINT('',(-0.605,1.5,0.575));
#191 = CARTESIAN_POINT('',(0.571621551758,1.433243103516,0.1));
#192 = CARTESIAN_POINT('',(0.605,1.5,0.575));
#193 = ADVANCED_FACE('',(#194),#251,.T.);
#194 = FACE_BOUND('',#195,.T.);
#195 = EDGE_LOOP('',(#196,#197,#205,#213,#221,#229,#237,#245));
#196 = ORIENTED_EDGE('',*,*,#159,.T.);
#197 = ORIENTED_EDGE('',*,*,#198,.T.);
#198 = EDGE_CURVE('',#162,#199,#201,.T.);
#199 = VERTEX_POINT('',#200);
#200 = CARTESIAN_POINT('',(0.633243103516,1.371621551758,0.1));
#201 = LINE('',#202,#203);
#202 = CARTESIAN_POINT('',(0.571621551758,1.433243103516,0.1));
#203 = VECTOR('',#204,1.);
#204 = DIRECTION('',(0.707106781187,-0.707106781187,0.));
#205 = ORIENTED_EDGE('',*,*,#206,.T.);
#206 = EDGE_CURVE('',#199,#207,#209,.T.);
#207 = VERTEX_POINT('',#208);
#208 = CARTESIAN_POINT('',(0.633243103516,-1.371621551758,0.1));
#209 = LINE('',#210,#211);
#210 = CARTESIAN_POINT('',(0.633243103516,1.371621551758,0.1));
#211 = VECTOR('',#212,1.);
#212 = DIRECTION('',(1.110223024625E-16,-1.,0.));
#213 = ORIENTED_EDGE('',*,*,#214,.T.);
#214 = EDGE_CURVE('',#207,#215,#217,.T.);
#215 = VERTEX_POINT('',#216);
#216 = CARTESIAN_POINT('',(0.571621551758,-1.433243103516,0.1));
#217 = LINE('',#218,#219);
#218 = CARTESIAN_POINT('',(0.633243103516,-1.371621551758,0.1));
#219 = VECTOR('',#220,1.);
#220 = DIRECTION('',(-0.707106781187,-0.707106781187,0.));
#221 = ORIENTED_EDGE('',*,*,#222,.T.);
#222 = EDGE_CURVE('',#215,#223,#225,.T.);
#223 = VERTEX_POINT('',#224);
#224 = CARTESIAN_POINT('',(-0.571621551758,-1.433243103516,0.1));
#225 = LINE('',#226,#227);
#226 = CARTESIAN_POINT('',(0.571621551758,-1.433243103516,0.1));
#227 = VECTOR('',#228,1.);
#228 = DIRECTION('',(-1.,-1.110223024625E-16,0.));
#229 = ORIENTED_EDGE('',*,*,#230,.T.);
#230 = EDGE_CURVE('',#223,#231,#233,.T.);
#231 = VERTEX_POINT('',#232);
#232 = CARTESIAN_POINT('',(-0.633243103516,-1.371621551758,0.1));
#233 = LINE('',#234,#235);
#234 = CARTESIAN_POINT('',(-0.571621551758,-1.433243103516,0.1));
#235 = VECTOR('',#236,1.);
#236 = DIRECTION('',(-0.707106781187,0.707106781187,0.));
#237 = ORIENTED_EDGE('',*,*,#238,.T.);
#238 = EDGE_CURVE('',#231,#239,#241,.T.);
#239 = VERTEX_POINT('',#240);
#240 = CARTESIAN_POINT('',(-0.633243103516,1.371621551758,0.1));
#241 = LINE('',#242,#243);
#242 = CARTESIAN_POINT('',(-0.633243103516,-1.371621551758,0.1));
#243 = VECTOR('',#244,1.);
#244 = DIRECTION('',(-1.110223024625E-16,1.,0.));
#245 = ORIENTED_EDGE('',*,*,#246,.T.);
#246 = EDGE_CURVE('',#239,#160,#247,.T.);
#247 = LINE('',#248,#249);
#248 = CARTESIAN_POINT('',(-0.633243103516,1.371621551758,0.1));
#249 = VECTOR('',#250,1.);
#250 = DIRECTION('',(0.707106781187,0.707106781187,0.));
#251 = PLANE('',#252);
#252 = AXIS2_PLACEMENT_3D('',#253,#254,#255);
#253 = CARTESIAN_POINT('',(-0.571621551758,1.433243103516,0.1));
#254 = DIRECTION('',(0.,0.,-1.));
#255 = DIRECTION('',(0.370454302632,-0.928850692879,0.));
#256 = ADVANCED_FACE('',(#257),#274,.F.);
#257 = FACE_BOUND('',#258,.F.);
#258 = EDGE_LOOP('',(#259,#260,#267,#273));
#259 = ORIENTED_EDGE('',*,*,#198,.T.);
#260 = ORIENTED_EDGE('',*,*,#261,.T.);
#261 = EDGE_CURVE('',#199,#262,#264,.T.);
#262 = VERTEX_POINT('',#263);
#263 = CARTESIAN_POINT('',(0.7,1.405,0.575));
#264 = B_SPLINE_CURVE_WITH_KNOTS('',1,(#265,#266),.UNSPECIFIED.,.F.,.F.,
  (2,2),(0.,1.),.PIECEWISE_BEZIER_KNOTS.);
#265 = CARTESIAN_POINT('',(0.633243103516,1.371621551758,0.1));
#266 = CARTESIAN_POINT('',(0.7,1.405,0.575));
#267 = ORIENTED_EDGE('',*,*,#268,.F.);
#268 = EDGE_CURVE('',#170,#262,#269,.T.);
#269 = LINE('',#270,#271);
#270 = CARTESIAN_POINT('',(0.605,1.5,0.575));
#271 = VECTOR('',#272,1.);
#272 = DIRECTION('',(0.707106781187,-0.707106781187,0.));
#273 = ORIENTED_EDGE('',*,*,#169,.F.);
#274 = B_SPLINE_SURFACE_WITH_KNOTS('',1,1,(
    (#275,#276)
    ,(#277,#278
    )),.UNSPECIFIED.,.F.,.F.,.F.,(2,2),(2,2),(0.,0.134350288425),(0.,1.)
  ,.PIECEWISE_BEZIER_KNOTS.);
#275 = CARTESIAN_POINT('',(0.571621551758,1.433243103516,0.1));
#276 = CARTESIAN_POINT('',(0.605,1.5,0.575));
#277 = CARTESIAN_POINT('',(0.633243103516,1.371621551758,0.1));
#278 = CARTESIAN_POINT('',(0.7,1.405,0.575));
#279 = ADVANCED_FACE('',(#280),#303,.F.);
#280 = FACE_BOUND('',#281,.F.);
#281 = EDGE_LOOP('',(#282,#283,#290,#298));
#282 = ORIENTED_EDGE('',*,*,#176,.T.);
#283 = ORIENTED_EDGE('',*,*,#284,.T.);
#284 = EDGE_CURVE('',#170,#285,#287,.T.);
#285 = VERTEX_POINT('',#286);
#286 = CARTESIAN_POINT('',(0.605,1.5,0.725));
#287 = B_SPLINE_CURVE_WITH_KNOTS('',1,(#288,#289),.UNSPECIFIED.,.F.,.F.,
  (2,2),(0.,1.),.PIECEWISE_BEZIER_KNOTS.);
#288 = CARTESIAN_POINT('',(0.605,1.5,0.575));
#289 = CARTESIAN_POINT('',(0.605,1.5,0.725));
#290 = ORIENTED_EDGE('',*,*,#291,.F.);
#291 = EDGE_CURVE('',#292,#285,#294,.T.);
#292 = VERTEX_POINT('',#293);
#293 = CARTESIAN_POINT('',(-0.605,1.5,0.725));
#294 = LINE('',#295,#296);
#295 = CARTESIAN_POINT('',(-0.605,1.5,0.725));
#296 = VECTOR('',#297,1.);
#297 = DIRECTION('',(1.,1.110223024625E-16,0.));
#298 = ORIENTED_EDGE('',*,*,#299,.F.);
#299 = EDGE_CURVE('',#177,#292,#300,.T.);
#300 = B_SPLINE_CURVE_WITH_KNOTS('',1,(#301,#302),.UNSPECIFIED.,.F.,.F.,
  (2,2),(0.,1.),.PIECEWISE_BEZIER_KNOTS.);
#301 = CARTESIAN_POINT('',(-0.605,1.5,0.575));
#302 = CARTESIAN_POINT('',(-0.605,1.5,0.725));
#303 = PLANE('',#304);
#304 = AXIS2_PLACEMENT_3D('',#305,#306,#307);
#305 = CARTESIAN_POINT('',(-0.605,1.5,0.725));
#306 = DIRECTION('',(1.110223024625E-16,-1.,0.));
#307 = DIRECTION('',(1.,1.110223024625E-16,0.));
#308 = ADVANCED_FACE('',(#309),#326,.F.);
#309 = FACE_BOUND('',#310,.F.);
#310 = EDGE_LOOP('',(#311,#312,#313,#321));
#311 = ORIENTED_EDGE('',*,*,#246,.T.);
#312 = ORIENTED_EDGE('',*,*,#184,.T.);
#313 = ORIENTED_EDGE('',*,*,#314,.F.);
#314 = EDGE_CURVE('',#315,#177,#317,.T.);
#315 = VERTEX_POINT('',#316);
#316 = CARTESIAN_POINT('',(-0.7,1.405,0.575));
#317 = LINE('',#318,#319);
#318 = CARTESIAN_POINT('',(-0.7,1.405,0.575));
#319 = VECTOR('',#320,1.);
#320 = DIRECTION('',(0.707106781187,0.707106781187,0.));
#321 = ORIENTED_EDGE('',*,*,#322,.F.);
#322 = EDGE_CURVE('',#239,#315,#323,.T.);
#323 = B_SPLINE_CURVE_WITH_KNOTS('',1,(#324,#325),.UNSPECIFIED.,.F.,.F.,
  (2,2),(0.,1.),.PIECEWISE_BEZIER_KNOTS.);
#324 = CARTESIAN_POINT('',(-0.633243103516,1.371621551758,0.1));
#325 = CARTESIAN_POINT('',(-0.7,1.405,0.575));
#326 = B_SPLINE_SURFACE_WITH_KNOTS('',1,1,(
    (#327,#328)
    ,(#329,#330
    )),.UNSPECIFIED.,.F.,.F.,.F.,(2,2),(2,2),(0.,0.134350288425),(0.,1.)
  ,.PIECEWISE_BEZIER_KNOTS.);
#327 = CARTESIAN_POINT('',(-0.633243103516,1.371621551758,0.1));
#328 = CARTESIAN_POINT('',(-0.7,1.405,0.575));
#329 = CARTESIAN_POINT('',(-0.571621551758,1.433243103516,0.1));
#330 = CARTESIAN_POINT('',(-0.605,1.5,0.575));
#331 = ADVANCED_FACE('',(#332),#381,.F.);
#332 = FACE_BOUND('',#333,.F.);
#333 = EDGE_LOOP('',(#334,#335,#336,#344,#352,#360,#368,#376));
#334 = ORIENTED_EDGE('',*,*,#238,.T.);
#335 = ORIENTED_EDGE('',*,*,#322,.T.);
#336 = ORIENTED_EDGE('',*,*,#337,.F.);
#337 = EDGE_CURVE('',#338,#315,#340,.T.);
#338 = VERTEX_POINT('',#339);
#339 = CARTESIAN_POINT('',(-0.7,1.15,0.575));
#340 = LINE('',#341,#342);
#341 = CARTESIAN_POINT('',(-0.7,-1.405,0.575));
#342 = VECTOR('',#343,1.);
#343 = DIRECTION('',(-1.110223024625E-16,1.,0.));
#344 = ORIENTED_EDGE('',*,*,#345,.F.);
#345 = EDGE_CURVE('',#346,#338,#348,.T.);
#346 = VERTEX_POINT('',#347);
#347 = CARTESIAN_POINT('',(-0.7,0.75,0.575));
#348 = LINE('',#349,#350);
#349 = CARTESIAN_POINT('',(-0.7,0.75,0.575));
#350 = VECTOR('',#351,1.);
#351 = DIRECTION('',(1.144237745222E-17,1.,0.));
#352 = ORIENTED_EDGE('',*,*,#353,.F.);
#353 = EDGE_CURVE('',#354,#346,#356,.T.);
#354 = VERTEX_POINT('',#355);
#355 = CARTESIAN_POINT('',(-0.7,-0.75,0.575));
#356 = LINE('',#357,#358);
#357 = CARTESIAN_POINT('',(-0.7,-1.405,0.575));
#358 = VECTOR('',#359,1.);
#359 = DIRECTION('',(-1.110223024625E-16,1.,0.));
#360 = ORIENTED_EDGE('',*,*,#361,.F.);
#361 = EDGE_CURVE('',#362,#354,#364,.T.);
#362 = VERTEX_POINT('',#363);
#363 = CARTESIAN_POINT('',(-0.7,-1.15,0.575));
#364 = LINE('',#365,#366);
#365 = CARTESIAN_POINT('',(-0.7,-1.15,0.575));
#366 = VECTOR('',#367,1.);
#367 = DIRECTION('',(1.144237745222E-17,1.,0.));
#368 = ORIENTED_EDGE('',*,*,#369,.F.);
#369 = EDGE_CURVE('',#370,#362,#372,.T.);
#370 = VERTEX_POINT('',#371);
#371 = CARTESIAN_POINT('',(-0.7,-1.405,0.575));
#372 = LINE('',#373,#374);
#373 = CARTESIAN_POINT('',(-0.7,-1.405,0.575));
#374 = VECTOR('',#375,1.);
#375 = DIRECTION('',(-1.110223024625E-16,1.,0.));
#376 = ORIENTED_EDGE('',*,*,#377,.F.);
#377 = EDGE_CURVE('',#231,#370,#378,.T.);
#378 = B_SPLINE_CURVE_WITH_KNOTS('',1,(#379,#380),.UNSPECIFIED.,.F.,.F.,
  (2,2),(0.,1.),.PIECEWISE_BEZIER_KNOTS.);
#379 = CARTESIAN_POINT('',(-0.633243103516,-1.371621551758,0.1));
#380 = CARTESIAN_POINT('',(-0.7,-1.405,0.575));
#381 = B_SPLINE_SURFACE_WITH_KNOTS('',1,1,(
    (#382,#383)
    ,(#384,#385
    )),.UNSPECIFIED.,.F.,.F.,.F.,(2,2),(2,2),(0.,2.81),(0.,1.),
  .PIECEWISE_BEZIER_KNOTS.);
#382 = CARTESIAN_POINT('',(-0.633243103516,-1.371621551758,0.1));
#383 = CARTESIAN_POINT('',(-0.7,-1.405,0.575));
#384 = CARTESIAN_POINT('',(-0.633243103516,1.371621551758,0.1));
#385 = CARTESIAN_POINT('',(-0.7,1.405,0.575));
#386 = ADVANCED_FACE('',(#387),#420,.F.);
#387 = FACE_BOUND('',#388,.F.);
#388 = EDGE_LOOP('',(#389,#390,#397,#405,#413,#419));
#389 = ORIENTED_EDGE('',*,*,#206,.T.);
#390 = ORIENTED_EDGE('',*,*,#391,.T.);
#391 = EDGE_CURVE('',#207,#392,#394,.T.);
#392 = VERTEX_POINT('',#393);
#393 = CARTESIAN_POINT('',(0.7,-1.405,0.575));
#394 = B_SPLINE_CURVE_WITH_KNOTS('',1,(#395,#396),.UNSPECIFIED.,.F.,.F.,
  (2,2),(0.,1.),.PIECEWISE_BEZIER_KNOTS.);
#395 = CARTESIAN_POINT('',(0.633243103516,-1.371621551758,0.1));
#396 = CARTESIAN_POINT('',(0.7,-1.405,0.575));
#397 = ORIENTED_EDGE('',*,*,#398,.F.);
#398 = EDGE_CURVE('',#399,#392,#401,.T.);
#399 = VERTEX_POINT('',#400);
#400 = CARTESIAN_POINT('',(0.7,-0.2,0.575));
#401 = LINE('',#402,#403);
#402 = CARTESIAN_POINT('',(0.7,1.405,0.575));
#403 = VECTOR('',#404,1.);
#404 = DIRECTION('',(1.110223024625E-16,-1.,0.));
#405 = ORIENTED_EDGE('',*,*,#406,.F.);
#406 = EDGE_CURVE('',#407,#399,#409,.T.);
#407 = VERTEX_POINT('',#408);
#408 = CARTESIAN_POINT('',(0.7,0.2,0.575));
#409 = LINE('',#410,#411);
#410 = CARTESIAN_POINT('',(0.7,0.2,0.575));
#411 = VECTOR('',#412,1.);
#412 = DIRECTION('',(1.110223024625E-16,-1.,0.));
#413 = ORIENTED_EDGE('',*,*,#414,.F.);
#414 = EDGE_CURVE('',#262,#407,#415,.T.);
#415 = LINE('',#416,#417);
#416 = CARTESIAN_POINT('',(0.7,1.405,0.575));
#417 = VECTOR('',#418,1.);
#418 = DIRECTION('',(1.110223024625E-16,-1.,0.));
#419 = ORIENTED_EDGE('',*,*,#261,.F.);
#420 = B_SPLINE_SURFACE_WITH_KNOTS('',1,1,(
    (#421,#422)
    ,(#423,#424
    )),.UNSPECIFIED.,.F.,.F.,.F.,(2,2),(2,2),(0.,2.81),(0.,1.),
  .PIECEWISE_BEZIER_KNOTS.);
#421 = CARTESIAN_POINT('',(0.633243103516,1.371621551758,0.1));
#422 = CARTESIAN_POINT('',(0.7,1.405,0.575));
#423 = CARTESIAN_POINT('',(0.633243103516,-1.371621551758,0.1));
#424 = CARTESIAN_POINT('',(0.7,-1.405,0.575));
#425 = ADVANCED_FACE('',(#426),#443,.F.);
#426 = FACE_BOUND('',#427,.F.);
#427 = EDGE_LOOP('',(#428,#429,#430,#438));
#428 = ORIENTED_EDGE('',*,*,#230,.T.);
#429 = ORIENTED_EDGE('',*,*,#377,.T.);
#430 = ORIENTED_EDGE('',*,*,#431,.F.);
#431 = EDGE_CURVE('',#432,#370,#434,.T.);
#432 = VERTEX_POINT('',#433);
#433 = CARTESIAN_POINT('',(-0.605,-1.5,0.575));
#434 = LINE('',#435,#436);
#435 = CARTESIAN_POINT('',(-0.605,-1.5,0.575));
#436 = VECTOR('',#437,1.);
#437 = DIRECTION('',(-0.707106781187,0.707106781187,0.));
#438 = ORIENTED_EDGE('',*,*,#439,.F.);
#439 = EDGE_CURVE('',#223,#432,#440,.T.);
#440 = B_SPLINE_CURVE_WITH_KNOTS('',1,(#441,#442),.UNSPECIFIED.,.F.,.F.,
  (2,2),(0.,1.),.PIECEWISE_BEZIER_KNOTS.);
#441 = CARTESIAN_POINT('',(-0.571621551758,-1.433243103516,0.1));
#442 = CARTESIAN_POINT('',(-0.605,-1.5,0.575));
#443 = B_SPLINE_SURFACE_WITH_KNOTS('',1,1,(
    (#444,#445)
    ,(#446,#447
    )),.UNSPECIFIED.,.F.,.F.,.F.,(2,2),(2,2),(0.,0.134350288425),(0.,1.)
  ,.PIECEWISE_BEZIER_KNOTS.);
#444 = CARTESIAN_POINT('',(-0.571621551758,-1.433243103516,0.1));
#445 = CARTESIAN_POINT('',(-0.605,-1.5,0.575));
#446 = CARTESIAN_POINT('',(-0.633243103516,-1.371621551758,0.1));
#447 = CARTESIAN_POINT('',(-0.7,-1.405,0.575));
#448 = ADVANCED_FACE('',(#449),#466,.F.);
#449 = FACE_BOUND('',#450,.F.);
#450 = EDGE_LOOP('',(#451,#452,#459,#465));
#451 = ORIENTED_EDGE('',*,*,#214,.T.);
#452 = ORIENTED_EDGE('',*,*,#453,.T.);
#453 = EDGE_CURVE('',#215,#454,#456,.T.);
#454 = VERTEX_POINT('',#455);
#455 = CARTESIAN_POINT('',(0.605,-1.5,0.575));
#456 = B_SPLINE_CURVE_WITH_KNOTS('',1,(#457,#458),.UNSPECIFIED.,.F.,.F.,
  (2,2),(0.,1.),.PIECEWISE_BEZIER_KNOTS.);
#457 = CARTESIAN_POINT('',(0.571621551758,-1.433243103516,0.1));
#458 = CARTESIAN_POINT('',(0.605,-1.5,0.575));
#459 = ORIENTED_EDGE('',*,*,#460,.F.);
#460 = EDGE_CURVE('',#392,#454,#461,.T.);
#461 = LINE('',#462,#463);
#462 = CARTESIAN_POINT('',(0.7,-1.405,0.575));
#463 = VECTOR('',#464,1.);
#464 = DIRECTION('',(-0.707106781187,-0.707106781187,0.));
#465 = ORIENTED_EDGE('',*,*,#391,.F.);
#466 = B_SPLINE_SURFACE_WITH_KNOTS('',1,1,(
    (#467,#468)
    ,(#469,#470
    )),.UNSPECIFIED.,.F.,.F.,.F.,(2,2),(2,2),(0.,0.134350288425),(0.,1.)
  ,.PIECEWISE_BEZIER_KNOTS.);
#467 = CARTESIAN_POINT('',(0.633243103516,-1.371621551758,0.1));
#468 = CARTESIAN_POINT('',(0.7,-1.405,0.575));
#469 = CARTESIAN_POINT('',(0.571621551758,-1.433243103516,0.1));
#470 = CARTESIAN_POINT('',(0.605,-1.5,0.575));
#471 = ADVANCED_FACE('',(#472),#483,.F.);
#472 = FACE_BOUND('',#473,.F.);
#473 = EDGE_LOOP('',(#474,#475,#476,#482));
#474 = ORIENTED_EDGE('',*,*,#222,.T.);
#475 = ORIENTED_EDGE('',*,*,#439,.T.);
#476 = ORIENTED_EDGE('',*,*,#477,.F.);
#477 = EDGE_CURVE('',#454,#432,#478,.T.);
#478 = LINE('',#479,#480);
#479 = CARTESIAN_POINT('',(0.605,-1.5,0.575));
#480 = VECTOR('',#481,1.);
#481 = DIRECTION('',(-1.,-1.110223024625E-16,0.));
#482 = ORIENTED_EDGE('',*,*,#453,.F.);
#483 = B_SPLINE_SURFACE_WITH_KNOTS('',1,1,(
    (#484,#485)
    ,(#486,#487
    )),.UNSPECIFIED.,.F.,.F.,.F.,(2,2),(2,2),(0.,1.21),(0.,1.),
  .PIECEWISE_BEZIER_KNOTS.);
#484 = CARTESIAN_POINT('',(0.571621551758,-1.433243103516,0.1));
#485 = CARTESIAN_POINT('',(0.605,-1.5,0.575));
#486 = CARTESIAN_POINT('',(-0.571621551758,-1.433243103516,0.1));
#487 = CARTESIAN_POINT('',(-0.605,-1.5,0.575));
#488 = ADVANCED_FACE('',(#489),#506,.F.);
#489 = FACE_BOUND('',#490,.F.);
#490 = EDGE_LOOP('',(#491,#492,#499,#505));
#491 = ORIENTED_EDGE('',*,*,#268,.T.);
#492 = ORIENTED_EDGE('',*,*,#493,.T.);
#493 = EDGE_CURVE('',#262,#494,#496,.T.);
#494 = VERTEX_POINT('',#495);
#495 = CARTESIAN_POINT('',(0.7,1.405,0.725));
#496 = B_SPLINE_CURVE_WITH_KNOTS('',1,(#497,#498),.UNSPECIFIED.,.F.,.F.,
  (2,2),(0.,1.),.PIECEWISE_BEZIER_KNOTS.);
#497 = CARTESIAN_POINT('',(0.7,1.405,0.575));
#498 = CARTESIAN_POINT('',(0.7,1.405,0.725));
#499 = ORIENTED_EDGE('',*,*,#500,.F.);
#500 = EDGE_CURVE('',#285,#494,#501,.T.);
#501 = LINE('',#502,#503);
#502 = CARTESIAN_POINT('',(0.605,1.5,0.725));
#503 = VECTOR('',#504,1.);
#504 = DIRECTION('',(0.707106781187,-0.707106781187,0.));
#505 = ORIENTED_EDGE('',*,*,#284,.F.);
#506 = PLANE('',#507);
#507 = AXIS2_PLACEMENT_3D('',#508,#509,#510);
#508 = CARTESIAN_POINT('',(0.605,1.5,0.725));
#509 = DIRECTION('',(-0.707106781187,-0.707106781187,0.));
#510 = DIRECTION('',(0.707106781187,-0.707106781187,0.));
#511 = ADVANCED_FACE('',(#512),#594,.F.);
#512 = FACE_BOUND('',#513,.F.);
#513 = EDGE_LOOP('',(#514,#522,#523,#524,#532,#540,#548,#556,#564,#572,
    #580,#588));
#514 = ORIENTED_EDGE('',*,*,#515,.T.);
#515 = EDGE_CURVE('',#516,#292,#518,.T.);
#516 = VERTEX_POINT('',#517);
#517 = CARTESIAN_POINT('',(-0.7,1.405,0.725));
#518 = LINE('',#519,#520);
#519 = CARTESIAN_POINT('',(-0.7,1.405,0.725));
#520 = VECTOR('',#521,1.);
#521 = DIRECTION('',(0.707106781187,0.707106781187,0.));
#522 = ORIENTED_EDGE('',*,*,#291,.T.);
#523 = ORIENTED_EDGE('',*,*,#500,.T.);
#524 = ORIENTED_EDGE('',*,*,#525,.T.);
#525 = EDGE_CURVE('',#494,#526,#528,.T.);
#526 = VERTEX_POINT('',#527);
#527 = CARTESIAN_POINT('',(0.7,0.2,0.725));
#528 = LINE('',#529,#530);
#529 = CARTESIAN_POINT('',(0.7,1.405,0.725));
#530 = VECTOR('',#531,1.);
#531 = DIRECTION('',(1.110223024625E-16,-1.,0.));
#532 = ORIENTED_EDGE('',*,*,#533,.T.);
#533 = EDGE_CURVE('',#526,#534,#536,.T.);
#534 = VERTEX_POINT('',#535);
#535 = CARTESIAN_POINT('',(0.675,0.2,0.725));
#536 = LINE('',#537,#538);
#537 = CARTESIAN_POINT('',(0.7,0.2,0.725));
#538 = VECTOR('',#539,1.);
#539 = DIRECTION('',(-1.,-1.110223024625E-16,0.));
#540 = ORIENTED_EDGE('',*,*,#541,.F.);
#541 = EDGE_CURVE('',#542,#534,#544,.T.);
#542 = VERTEX_POINT('',#543);
#543 = CARTESIAN_POINT('',(0.675,1.3925,0.725));
#544 = LINE('',#545,#546);
#545 = CARTESIAN_POINT('',(0.675,1.3925,0.725));
#546 = VECTOR('',#547,1.);
#547 = DIRECTION('',(1.110223024625E-16,-1.,0.));
#548 = ORIENTED_EDGE('',*,*,#549,.F.);
#549 = EDGE_CURVE('',#550,#542,#552,.T.);
#550 = VERTEX_POINT('',#551);
#551 = CARTESIAN_POINT('',(0.5925,1.475,0.725));
#552 = LINE('',#553,#554);
#553 = CARTESIAN_POINT('',(0.5925,1.475,0.725));
#554 = VECTOR('',#555,1.);
#555 = DIRECTION('',(0.707106781187,-0.707106781187,0.));
#556 = ORIENTED_EDGE('',*,*,#557,.F.);
#557 = EDGE_CURVE('',#558,#550,#560,.T.);
#558 = VERTEX_POINT('',#559);
#559 = CARTESIAN_POINT('',(-0.5925,1.475,0.725));
#560 = LINE('',#561,#562);
#561 = CARTESIAN_POINT('',(-0.5925,1.475,0.725));
#562 = VECTOR('',#563,1.);
#563 = DIRECTION('',(1.,1.110223024625E-16,0.));
#564 = ORIENTED_EDGE('',*,*,#565,.F.);
#565 = EDGE_CURVE('',#566,#558,#568,.T.);
#566 = VERTEX_POINT('',#567);
#567 = CARTESIAN_POINT('',(-0.675,1.3925,0.725));
#568 = LINE('',#569,#570);
#569 = CARTESIAN_POINT('',(-0.675,1.3925,0.725));
#570 = VECTOR('',#571,1.);
#571 = DIRECTION('',(0.707106781187,0.707106781187,0.));
#572 = ORIENTED_EDGE('',*,*,#573,.F.);
#573 = EDGE_CURVE('',#574,#566,#576,.T.);
#574 = VERTEX_POINT('',#575);
#575 = CARTESIAN_POINT('',(-0.675,1.15,0.725));
#576 = LINE('',#577,#578);
#577 = CARTESIAN_POINT('',(-0.675,-1.3925,0.725));
#578 = VECTOR('',#579,1.);
#579 = DIRECTION('',(-1.110223024625E-16,1.,0.));
#580 = ORIENTED_EDGE('',*,*,#581,.F.);
#581 = EDGE_CURVE('',#582,#574,#584,.T.);
#582 = VERTEX_POINT('',#583);
#583 = CARTESIAN_POINT('',(-0.7,1.15,0.725));
#584 = LINE('',#585,#586);
#585 = CARTESIAN_POINT('',(-0.7,1.15,0.725));
#586 = VECTOR('',#587,1.);
#587 = DIRECTION('',(1.,-1.144237745222E-17,0.));
#588 = ORIENTED_EDGE('',*,*,#589,.T.);
#589 = EDGE_CURVE('',#582,#516,#590,.T.);
#590 = LINE('',#591,#592);
#591 = CARTESIAN_POINT('',(-0.7,-1.405,0.725));
#592 = VECTOR('',#593,1.);
#593 = DIRECTION('',(-1.110223024625E-16,1.,0.));
#594 = PLANE('',#595);
#595 = AXIS2_PLACEMENT_3D('',#596,#597,#598);
#596 = CARTESIAN_POINT('',(-1.486299604971E-16,1.4875,0.725));
#597 = DIRECTION('',(1.022886882533E-31,-6.310887241768E-27,-1.));
#598 = DIRECTION('',(1.,1.217738924546E-16,1.022886882525E-31));
#599 = ADVANCED_FACE('',(#600),#610,.F.);
#600 = FACE_BOUND('',#601,.F.);
#601 = EDGE_LOOP('',(#602,#603,#604,#605));
#602 = ORIENTED_EDGE('',*,*,#314,.T.);
#603 = ORIENTED_EDGE('',*,*,#299,.T.);
#604 = ORIENTED_EDGE('',*,*,#515,.F.);
#605 = ORIENTED_EDGE('',*,*,#606,.F.);
#606 = EDGE_CURVE('',#315,#516,#607,.T.);
#607 = B_SPLINE_CURVE_WITH_KNOTS('',1,(#608,#609),.UNSPECIFIED.,.F.,.F.,
  (2,2),(0.,1.),.PIECEWISE_BEZIER_KNOTS.);
#608 = CARTESIAN_POINT('',(-0.7,1.405,0.575));
#609 = CARTESIAN_POINT('',(-0.7,1.405,0.725));
#610 = PLANE('',#611);
#611 = AXIS2_PLACEMENT_3D('',#612,#613,#614);
#612 = CARTESIAN_POINT('',(-0.7,1.405,0.725));
#613 = DIRECTION('',(0.707106781187,-0.707106781187,0.));
#614 = DIRECTION('',(0.707106781187,0.707106781187,0.));
#615 = ADVANCED_FACE('',(#616),#640,.F.);
#616 = FACE_BOUND('',#617,.F.);
#617 = EDGE_LOOP('',(#618,#625,#626,#634));
#618 = ORIENTED_EDGE('',*,*,#619,.F.);
#619 = EDGE_CURVE('',#370,#620,#622,.T.);
#620 = VERTEX_POINT('',#621);
#621 = CARTESIAN_POINT('',(-0.7,-1.405,0.725));
#622 = B_SPLINE_CURVE_WITH_KNOTS('',1,(#623,#624),.UNSPECIFIED.,.F.,.F.,
  (2,2),(0.,1.),.PIECEWISE_BEZIER_KNOTS.);
#623 = CARTESIAN_POINT('',(-0.7,-1.405,0.575));
#624 = CARTESIAN_POINT('',(-0.7,-1.405,0.725));
#625 = ORIENTED_EDGE('',*,*,#369,.T.);
#626 = ORIENTED_EDGE('',*,*,#627,.T.);
#627 = EDGE_CURVE('',#362,#628,#630,.T.);
#628 = VERTEX_POINT('',#629);
#629 = CARTESIAN_POINT('',(-0.7,-1.15,0.725));
#630 = LINE('',#631,#632);
#631 = CARTESIAN_POINT('',(-0.7,-1.15,0.529763586955));
#632 = VECTOR('',#633,1.);
#633 = DIRECTION('',(0.,0.,1.));
#634 = ORIENTED_EDGE('',*,*,#635,.F.);
#635 = EDGE_CURVE('',#620,#628,#636,.T.);
#636 = LINE('',#637,#638);
#637 = CARTESIAN_POINT('',(-0.7,-1.405,0.725));
#638 = VECTOR('',#639,1.);
#639 = DIRECTION('',(-1.110223024625E-16,1.,0.));
#640 = PLANE('',#641);
#641 = AXIS2_PLACEMENT_3D('',#642,#643,#644);
#642 = CARTESIAN_POINT('',(-0.7,-1.405,0.725));
#643 = DIRECTION('',(1.,1.110223024625E-16,0.));
#644 = DIRECTION('',(-1.110223024625E-16,1.,0.));
#645 = ADVANCED_FACE('',(#646),#673,.F.);
#646 = FACE_BOUND('',#647,.F.);
#647 = EDGE_LOOP('',(#648,#649,#658,#666));
#648 = ORIENTED_EDGE('',*,*,#361,.T.);
#649 = ORIENTED_EDGE('',*,*,#650,.T.);
#650 = EDGE_CURVE('',#354,#651,#653,.T.);
#651 = VERTEX_POINT('',#652);
#652 = CARTESIAN_POINT('',(-0.798480775301,-0.75,0.492364817767));
#653 = CIRCLE('',#654,0.1);
#654 = AXIS2_PLACEMENT_3D('',#655,#656,#657);
#655 = CARTESIAN_POINT('',(-0.7,-0.75,0.475));
#656 = DIRECTION('',(-1.144237745222E-17,-1.,-3.618690651183E-48));
#657 = DIRECTION('',(2.22044604925E-15,-2.540718180781E-32,1.));
#658 = ORIENTED_EDGE('',*,*,#659,.F.);
#659 = EDGE_CURVE('',#660,#651,#662,.T.);
#660 = VERTEX_POINT('',#661);
#661 = CARTESIAN_POINT('',(-0.798480775301,-1.15,0.492364817767));
#662 = LINE('',#663,#664);
#663 = CARTESIAN_POINT('',(-0.798480775301,-1.15,0.492364817767));
#664 = VECTOR('',#665,1.);
#665 = DIRECTION('',(1.144237745222E-17,1.,0.));
#666 = ORIENTED_EDGE('',*,*,#667,.F.);
#667 = EDGE_CURVE('',#362,#660,#668,.T.);
#668 = CIRCLE('',#669,0.1);
#669 = AXIS2_PLACEMENT_3D('',#670,#671,#672);
#670 = CARTESIAN_POINT('',(-0.7,-1.15,0.475));
#671 = DIRECTION('',(-1.144237745222E-17,-1.,-3.618690651183E-48));
#672 = DIRECTION('',(2.22044604925E-15,-2.540718180781E-32,1.));
#673 = CYLINDRICAL_SURFACE('',#674,0.1);
#674 = AXIS2_PLACEMENT_3D('',#675,#676,#677);
#675 = CARTESIAN_POINT('',(-0.7,-1.15,0.475));
#676 = DIRECTION('',(-1.144237745222E-17,-1.,0.));
#677 = DIRECTION('',(2.22044604925E-15,-2.540718180781E-32,1.));
#678 = ADVANCED_FACE('',(#679),#704,.F.);
#679 = FACE_BOUND('',#680,.F.);
#680 = EDGE_LOOP('',(#681,#689,#690,#698));
#681 = ORIENTED_EDGE('',*,*,#682,.F.);
#682 = EDGE_CURVE('',#354,#683,#685,.T.);
#683 = VERTEX_POINT('',#684);
#684 = CARTESIAN_POINT('',(-0.7,-0.75,0.725));
#685 = LINE('',#686,#687);
#686 = CARTESIAN_POINT('',(-0.7,-0.75,0.529763586955));
#687 = VECTOR('',#688,1.);
#688 = DIRECTION('',(0.,0.,1.));
#689 = ORIENTED_EDGE('',*,*,#353,.T.);
#690 = ORIENTED_EDGE('',*,*,#691,.T.);
#691 = EDGE_CURVE('',#346,#692,#694,.T.);
#692 = VERTEX_POINT('',#693);
#693 = CARTESIAN_POINT('',(-0.7,0.75,0.725));
#694 = LINE('',#695,#696);
#695 = CARTESIAN_POINT('',(-0.7,0.75,0.529763586955));
#696 = VECTOR('',#697,1.);
#697 = DIRECTION('',(0.,0.,1.));
#698 = ORIENTED_EDGE('',*,*,#699,.F.);
#699 = EDGE_CURVE('',#683,#692,#700,.T.);
#700 = LINE('',#701,#702);
#701 = CARTESIAN_POINT('',(-0.7,-1.405,0.725));
#702 = VECTOR('',#703,1.);
#703 = DIRECTION('',(-1.110223024625E-16,1.,0.));
#704 = PLANE('',#705);
#705 = AXIS2_PLACEMENT_3D('',#706,#707,#708);
#706 = CARTESIAN_POINT('',(-0.7,-1.405,0.725));
#707 = DIRECTION('',(1.,1.110223024625E-16,0.));
#708 = DIRECTION('',(-1.110223024625E-16,1.,0.));
#709 = ADVANCED_FACE('',(#710),#737,.F.);
#710 = FACE_BOUND('',#711,.F.);
#711 = EDGE_LOOP('',(#712,#713,#722,#730));
#712 = ORIENTED_EDGE('',*,*,#345,.T.);
#713 = ORIENTED_EDGE('',*,*,#714,.T.);
#714 = EDGE_CURVE('',#338,#715,#717,.T.);
#715 = VERTEX_POINT('',#716);
#716 = CARTESIAN_POINT('',(-0.798480775301,1.15,0.492364817767));
#717 = CIRCLE('',#718,0.1);
#718 = AXIS2_PLACEMENT_3D('',#719,#720,#721);
#719 = CARTESIAN_POINT('',(-0.7,1.15,0.475));
#720 = DIRECTION('',(-1.144237745222E-17,-1.,-3.618690651183E-48));
#721 = DIRECTION('',(2.22044604925E-15,-2.540718180781E-32,1.));
#722 = ORIENTED_EDGE('',*,*,#723,.F.);
#723 = EDGE_CURVE('',#724,#715,#726,.T.);
#724 = VERTEX_POINT('',#725);
#725 = CARTESIAN_POINT('',(-0.798480775301,0.75,0.492364817767));
#726 = LINE('',#727,#728);
#727 = CARTESIAN_POINT('',(-0.798480775301,0.75,0.492364817767));
#728 = VECTOR('',#729,1.);
#729 = DIRECTION('',(1.144237745222E-17,1.,0.));
#730 = ORIENTED_EDGE('',*,*,#731,.F.);
#731 = EDGE_CURVE('',#346,#724,#732,.T.);
#732 = CIRCLE('',#733,0.1);
#733 = AXIS2_PLACEMENT_3D('',#734,#735,#736);
#734 = CARTESIAN_POINT('',(-0.7,0.75,0.475));
#735 = DIRECTION('',(-1.144237745222E-17,-1.,-3.618690651183E-48));
#736 = DIRECTION('',(2.22044604925E-15,-2.540718180781E-32,1.));
#737 = CYLINDRICAL_SURFACE('',#738,0.1);
#738 = AXIS2_PLACEMENT_3D('',#739,#740,#741);
#739 = CARTESIAN_POINT('',(-0.7,0.75,0.475));
#740 = DIRECTION('',(-1.144237745222E-17,-1.,0.));
#741 = DIRECTION('',(2.22044604925E-15,-2.540718180781E-32,1.));
#742 = ADVANCED_FACE('',(#743),#754,.F.);
#743 = FACE_BOUND('',#744,.F.);
#744 = EDGE_LOOP('',(#745,#751,#752,#753));
#745 = ORIENTED_EDGE('',*,*,#746,.F.);
#746 = EDGE_CURVE('',#338,#582,#747,.T.);
#747 = LINE('',#748,#749);
#748 = CARTESIAN_POINT('',(-0.7,1.15,0.529763586955));
#749 = VECTOR('',#750,1.);
#750 = DIRECTION('',(0.,0.,1.));
#751 = ORIENTED_EDGE('',*,*,#337,.T.);
#752 = ORIENTED_EDGE('',*,*,#606,.T.);
#753 = ORIENTED_EDGE('',*,*,#589,.F.);
#754 = PLANE('',#755);
#755 = AXIS2_PLACEMENT_3D('',#756,#757,#758);
#756 = CARTESIAN_POINT('',(-0.7,-1.405,0.725));
#757 = DIRECTION('',(1.,1.110223024625E-16,0.));
#758 = DIRECTION('',(-1.110223024625E-16,1.,0.));
#759 = ADVANCED_FACE('',(#760),#771,.F.);
#760 = FACE_BOUND('',#761,.F.);
#761 = EDGE_LOOP('',(#762,#763,#764,#770));
#762 = ORIENTED_EDGE('',*,*,#493,.F.);
#763 = ORIENTED_EDGE('',*,*,#414,.T.);
#764 = ORIENTED_EDGE('',*,*,#765,.T.);
#765 = EDGE_CURVE('',#407,#526,#766,.T.);
#766 = LINE('',#767,#768);
#767 = CARTESIAN_POINT('',(0.7,0.2,0.529763586955));
#768 = VECTOR('',#769,1.);
#769 = DIRECTION('',(0.,0.,1.));
#770 = ORIENTED_EDGE('',*,*,#525,.F.);
#771 = PLANE('',#772);
#772 = AXIS2_PLACEMENT_3D('',#773,#774,#775);
#773 = CARTESIAN_POINT('',(0.7,1.405,0.725));
#774 = DIRECTION('',(-1.,-1.110223024625E-16,0.));
#775 = DIRECTION('',(1.110223024625E-16,-1.,0.));
#776 = ADVANCED_FACE('',(#777),#804,.F.);
#777 = FACE_BOUND('',#778,.F.);
#778 = EDGE_LOOP('',(#779,#780,#789,#797));
#779 = ORIENTED_EDGE('',*,*,#406,.T.);
#780 = ORIENTED_EDGE('',*,*,#781,.T.);
#781 = EDGE_CURVE('',#399,#782,#784,.T.);
#782 = VERTEX_POINT('',#783);
#783 = CARTESIAN_POINT('',(0.798480775301,-0.2,0.492364817767));
#784 = CIRCLE('',#785,0.1);
#785 = AXIS2_PLACEMENT_3D('',#786,#787,#788);
#786 = CARTESIAN_POINT('',(0.7,-0.2,0.475));
#787 = DIRECTION('',(-1.110223024625E-16,1.,-1.094764425744E-47));
#788 = DIRECTION('',(-2.22044604925E-15,-2.465190328815E-31,1.));
#789 = ORIENTED_EDGE('',*,*,#790,.F.);
#790 = EDGE_CURVE('',#791,#782,#793,.T.);
#791 = VERTEX_POINT('',#792);
#792 = CARTESIAN_POINT('',(0.798480775301,0.2,0.492364817767));
#793 = LINE('',#794,#795);
#794 = CARTESIAN_POINT('',(0.798480775301,0.2,0.492364817767));
#795 = VECTOR('',#796,1.);
#796 = DIRECTION('',(1.110223024625E-16,-1.,0.));
#797 = ORIENTED_EDGE('',*,*,#798,.F.);
#798 = EDGE_CURVE('',#407,#791,#799,.T.);
#799 = CIRCLE('',#800,0.1);
#800 = AXIS2_PLACEMENT_3D('',#801,#802,#803);
#801 = CARTESIAN_POINT('',(0.7,0.2,0.475));
#802 = DIRECTION('',(-1.110223024625E-16,1.,-1.094764425744E-47));
#803 = DIRECTION('',(-2.22044604925E-15,-2.465190328815E-31,1.));
#804 = CYLINDRICAL_SURFACE('',#805,0.1);
#805 = AXIS2_PLACEMENT_3D('',#806,#807,#808);
#806 = CARTESIAN_POINT('',(0.7,0.2,0.475));
#807 = DIRECTION('',(-1.110223024625E-16,1.,0.));
#808 = DIRECTION('',(-2.22044604925E-15,-2.465190328815E-31,1.));
#809 = ADVANCED_FACE('',(#810),#834,.F.);
#810 = FACE_BOUND('',#811,.F.);
#811 = EDGE_LOOP('',(#812,#820,#821,#828));
#812 = ORIENTED_EDGE('',*,*,#813,.F.);
#813 = EDGE_CURVE('',#399,#814,#816,.T.);
#814 = VERTEX_POINT('',#815);
#815 = CARTESIAN_POINT('',(0.7,-0.2,0.725));
#816 = LINE('',#817,#818);
#817 = CARTESIAN_POINT('',(0.7,-0.2,0.529763586955));
#818 = VECTOR('',#819,1.);
#819 = DIRECTION('',(0.,0.,1.));
#820 = ORIENTED_EDGE('',*,*,#398,.T.);
#821 = ORIENTED_EDGE('',*,*,#822,.T.);
#822 = EDGE_CURVE('',#392,#823,#825,.T.);
#823 = VERTEX_POINT('',#824);
#824 = CARTESIAN_POINT('',(0.7,-1.405,0.725));
#825 = B_SPLINE_CURVE_WITH_KNOTS('',1,(#826,#827),.UNSPECIFIED.,.F.,.F.,
  (2,2),(0.,1.),.PIECEWISE_BEZIER_KNOTS.);
#826 = CARTESIAN_POINT('',(0.7,-1.405,0.575));
#827 = CARTESIAN_POINT('',(0.7,-1.405,0.725));
#828 = ORIENTED_EDGE('',*,*,#829,.F.);
#829 = EDGE_CURVE('',#814,#823,#830,.T.);
#830 = LINE('',#831,#832);
#831 = CARTESIAN_POINT('',(0.7,1.405,0.725));
#832 = VECTOR('',#833,1.);
#833 = DIRECTION('',(1.110223024625E-16,-1.,0.));
#834 = PLANE('',#835);
#835 = AXIS2_PLACEMENT_3D('',#836,#837,#838);
#836 = CARTESIAN_POINT('',(0.7,1.405,0.725));
#837 = DIRECTION('',(-1.,-1.110223024625E-16,0.));
#838 = DIRECTION('',(1.110223024625E-16,-1.,0.));
#839 = ADVANCED_FACE('',(#840),#857,.F.);
#840 = FACE_BOUND('',#841,.F.);
#841 = EDGE_LOOP('',(#842,#843,#844,#852));
#842 = ORIENTED_EDGE('',*,*,#431,.T.);
#843 = ORIENTED_EDGE('',*,*,#619,.T.);
#844 = ORIENTED_EDGE('',*,*,#845,.F.);
#845 = EDGE_CURVE('',#846,#620,#848,.T.);
#846 = VERTEX_POINT('',#847);
#847 = CARTESIAN_POINT('',(-0.605,-1.5,0.725));
#848 = LINE('',#849,#850);
#849 = CARTESIAN_POINT('',(-0.605,-1.5,0.725));
#850 = VECTOR('',#851,1.);
#851 = DIRECTION('',(-0.707106781187,0.707106781187,0.));
#852 = ORIENTED_EDGE('',*,*,#853,.F.);
#853 = EDGE_CURVE('',#432,#846,#854,.T.);
#854 = B_SPLINE_CURVE_WITH_KNOTS('',1,(#855,#856),.UNSPECIFIED.,.F.,.F.,
  (2,2),(0.,1.),.PIECEWISE_BEZIER_KNOTS.);
#855 = CARTESIAN_POINT('',(-0.605,-1.5,0.575));
#856 = CARTESIAN_POINT('',(-0.605,-1.5,0.725));
#857 = PLANE('',#858);
#858 = AXIS2_PLACEMENT_3D('',#859,#860,#861);
#859 = CARTESIAN_POINT('',(-0.605,-1.5,0.725));
#860 = DIRECTION('',(0.707106781187,0.707106781187,0.));
#861 = DIRECTION('',(-0.707106781187,0.707106781187,0.));
#862 = ADVANCED_FACE('',(#863),#880,.F.);
#863 = FACE_BOUND('',#864,.F.);
#864 = EDGE_LOOP('',(#865,#866,#873,#879));
#865 = ORIENTED_EDGE('',*,*,#460,.T.);
#866 = ORIENTED_EDGE('',*,*,#867,.T.);
#867 = EDGE_CURVE('',#454,#868,#870,.T.);
#868 = VERTEX_POINT('',#869);
#869 = CARTESIAN_POINT('',(0.605,-1.5,0.725));
#870 = B_SPLINE_CURVE_WITH_KNOTS('',1,(#871,#872),.UNSPECIFIED.,.F.,.F.,
  (2,2),(0.,1.),.PIECEWISE_BEZIER_KNOTS.);
#871 = CARTESIAN_POINT('',(0.605,-1.5,0.575));
#872 = CARTESIAN_POINT('',(0.605,-1.5,0.725));
#873 = ORIENTED_EDGE('',*,*,#874,.F.);
#874 = EDGE_CURVE('',#823,#868,#875,.T.);
#875 = LINE('',#876,#877);
#876 = CARTESIAN_POINT('',(0.7,-1.405,0.725));
#877 = VECTOR('',#878,1.);
#878 = DIRECTION('',(-0.707106781187,-0.707106781187,0.));
#879 = ORIENTED_EDGE('',*,*,#822,.F.);
#880 = PLANE('',#881);
#881 = AXIS2_PLACEMENT_3D('',#882,#883,#884);
#882 = CARTESIAN_POINT('',(0.7,-1.405,0.725));
#883 = DIRECTION('',(-0.707106781187,0.707106781187,0.));
#884 = DIRECTION('',(-0.707106781187,-0.707106781187,0.));
#885 = ADVANCED_FACE('',(#886),#897,.F.);
#886 = FACE_BOUND('',#887,.F.);
#887 = EDGE_LOOP('',(#888,#889,#890,#896));
#888 = ORIENTED_EDGE('',*,*,#477,.T.);
#889 = ORIENTED_EDGE('',*,*,#853,.T.);
#890 = ORIENTED_EDGE('',*,*,#891,.F.);
#891 = EDGE_CURVE('',#868,#846,#892,.T.);
#892 = LINE('',#893,#894);
#893 = CARTESIAN_POINT('',(0.605,-1.5,0.725));
#894 = VECTOR('',#895,1.);
#895 = DIRECTION('',(-1.,-1.110223024625E-16,0.));
#896 = ORIENTED_EDGE('',*,*,#867,.F.);
#897 = PLANE('',#898);
#898 = AXIS2_PLACEMENT_3D('',#899,#900,#901);
#899 = CARTESIAN_POINT('',(0.605,-1.5,0.725));
#900 = DIRECTION('',(-1.110223024625E-16,1.,0.));
#901 = DIRECTION('',(-1.,-1.110223024625E-16,0.));
#902 = ADVANCED_FACE('',(#903),#926,.F.);
#903 = FACE_BOUND('',#904,.F.);
#904 = EDGE_LOOP('',(#905,#913,#919,#920));
#905 = ORIENTED_EDGE('',*,*,#906,.F.);
#906 = EDGE_CURVE('',#692,#907,#909,.T.);
#907 = VERTEX_POINT('',#908);
#908 = CARTESIAN_POINT('',(-0.675,0.75,0.725));
#909 = LINE('',#910,#911);
#910 = CARTESIAN_POINT('',(-0.7,0.75,0.725));
#911 = VECTOR('',#912,1.);
#912 = DIRECTION('',(1.,-1.144237745222E-17,0.));
#913 = ORIENTED_EDGE('',*,*,#914,.T.);
#914 = EDGE_CURVE('',#692,#582,#915,.T.);
#915 = LINE('',#916,#917);
#916 = CARTESIAN_POINT('',(-0.7,0.75,0.725));
#917 = VECTOR('',#918,1.);
#918 = DIRECTION('',(1.144237745222E-17,1.,0.));
#919 = ORIENTED_EDGE('',*,*,#581,.T.);
#920 = ORIENTED_EDGE('',*,*,#921,.F.);
#921 = EDGE_CURVE('',#907,#574,#922,.T.);
#922 = LINE('',#923,#924);
#923 = CARTESIAN_POINT('',(-0.675,-1.3925,0.725));
#924 = VECTOR('',#925,1.);
#925 = DIRECTION('',(-1.110223024625E-16,1.,0.));
#926 = PLANE('',#927);
#927 = AXIS2_PLACEMENT_3D('',#928,#929,#930);
#928 = CARTESIAN_POINT('',(-0.7,0.75,0.725));
#929 = DIRECTION('',(0.,0.,-1.));
#930 = DIRECTION('',(1.,-1.144237745222E-17,0.));
#931 = ADVANCED_FACE('',(#932),#980,.F.);
#932 = FACE_BOUND('',#933,.F.);
#933 = EDGE_LOOP('',(#934,#944,#952,#958,#959,#960,#967,#975));
#934 = ORIENTED_EDGE('',*,*,#935,.T.);
#935 = EDGE_CURVE('',#936,#938,#940,.T.);
#936 = VERTEX_POINT('',#937);
#937 = CARTESIAN_POINT('',(-0.675,-1.3925,0.725));
#938 = VERTEX_POINT('',#939);
#939 = CARTESIAN_POINT('',(-0.675,-1.15,0.725));
#940 = LINE('',#941,#942);
#941 = CARTESIAN_POINT('',(-0.675,-1.3925,0.725));
#942 = VECTOR('',#943,1.);
#943 = DIRECTION('',(-1.110223024625E-16,1.,0.));
#944 = ORIENTED_EDGE('',*,*,#945,.T.);
#945 = EDGE_CURVE('',#938,#946,#948,.T.);
#946 = VERTEX_POINT('',#947);
#947 = CARTESIAN_POINT('',(-0.675,-0.75,0.725));
#948 = LINE('',#949,#950);
#949 = CARTESIAN_POINT('',(-0.675,-1.3925,0.725));
#950 = VECTOR('',#951,1.);
#951 = DIRECTION('',(-1.110223024625E-16,1.,0.));
#952 = ORIENTED_EDGE('',*,*,#953,.T.);
#953 = EDGE_CURVE('',#946,#907,#954,.T.);
#954 = LINE('',#955,#956);
#955 = CARTESIAN_POINT('',(-0.675,-1.3925,0.725));
#956 = VECTOR('',#957,1.);
#957 = DIRECTION('',(-1.110223024625E-16,1.,0.));
#958 = ORIENTED_EDGE('',*,*,#921,.T.);
#959 = ORIENTED_EDGE('',*,*,#573,.T.);
#960 = ORIENTED_EDGE('',*,*,#961,.T.);
#961 = EDGE_CURVE('',#566,#962,#964,.T.);
#962 = VERTEX_POINT('',#963);
#963 = CARTESIAN_POINT('',(-0.608243103516,1.359121551758,1.2));
#964 = B_SPLINE_CURVE_WITH_KNOTS('',1,(#965,#966),.UNSPECIFIED.,.F.,.F.,
  (2,2),(0.,1.),.PIECEWISE_BEZIER_KNOTS.);
#965 = CARTESIAN_POINT('',(-0.675,1.3925,0.725));
#966 = CARTESIAN_POINT('',(-0.608243103516,1.359121551758,1.2));
#967 = ORIENTED_EDGE('',*,*,#968,.F.);
#968 = EDGE_CURVE('',#969,#962,#971,.T.);
#969 = VERTEX_POINT('',#970);
#970 = CARTESIAN_POINT('',(-0.608243103516,-1.359121551758,1.2));
#971 = LINE('',#972,#973);
#972 = CARTESIAN_POINT('',(-0.608243103516,-1.359121551758,1.2));
#973 = VECTOR('',#974,1.);
#974 = DIRECTION('',(-1.110223024625E-16,1.,0.));
#975 = ORIENTED_EDGE('',*,*,#976,.F.);
#976 = EDGE_CURVE('',#936,#969,#977,.T.);
#977 = B_SPLINE_CURVE_WITH_KNOTS('',1,(#978,#979),.UNSPECIFIED.,.F.,.F.,
  (2,2),(0.,1.),.PIECEWISE_BEZIER_KNOTS.);
#978 = CARTESIAN_POINT('',(-0.675,-1.3925,0.725));
#979 = CARTESIAN_POINT('',(-0.608243103516,-1.359121551758,1.2));
#980 = B_SPLINE_SURFACE_WITH_KNOTS('',1,1,(
    (#981,#982)
    ,(#983,#984
    )),.UNSPECIFIED.,.F.,.F.,.F.,(2,2),(2,2),(0.,2.785),(0.,1.),
  .PIECEWISE_BEZIER_KNOTS.);
#981 = CARTESIAN_POINT('',(-0.675,-1.3925,0.725));
#982 = CARTESIAN_POINT('',(-0.608243103516,-1.359121551758,1.2));
#983 = CARTESIAN_POINT('',(-0.675,1.3925,0.725));
#984 = CARTESIAN_POINT('',(-0.608243103516,1.359121551758,1.2));
#985 = ADVANCED_FACE('',(#986),#1003,.F.);
#986 = FACE_BOUND('',#987,.F.);
#987 = EDGE_LOOP('',(#988,#989,#996,#1002));
#988 = ORIENTED_EDGE('',*,*,#565,.T.);
#989 = ORIENTED_EDGE('',*,*,#990,.T.);
#990 = EDGE_CURVE('',#558,#991,#993,.T.);
#991 = VERTEX_POINT('',#992);
#992 = CARTESIAN_POINT('',(-0.559121551758,1.408243103516,1.2));
#993 = B_SPLINE_CURVE_WITH_KNOTS('',1,(#994,#995),.UNSPECIFIED.,.F.,.F.,
  (2,2),(0.,1.),.PIECEWISE_BEZIER_KNOTS.);
#994 = CARTESIAN_POINT('',(-0.5925,1.475,0.725));
#995 = CARTESIAN_POINT('',(-0.559121551758,1.408243103516,1.2));
#996 = ORIENTED_EDGE('',*,*,#997,.F.);
#997 = EDGE_CURVE('',#962,#991,#998,.T.);
#998 = LINE('',#999,#1000);
#999 = CARTESIAN_POINT('',(-0.608243103516,1.359121551758,1.2));
#1000 = VECTOR('',#1001,1.);
#1001 = DIRECTION('',(0.707106781187,0.707106781187,0.));
#1002 = ORIENTED_EDGE('',*,*,#961,.F.);
#1003 = B_SPLINE_SURFACE_WITH_KNOTS('',1,1,(
    (#1004,#1005)
    ,(#1006,#1007
    )),.UNSPECIFIED.,.F.,.F.,.F.,(2,2),(2,2),(0.,0.116672618896),(0.,1.)
  ,.PIECEWISE_BEZIER_KNOTS.);
#1004 = CARTESIAN_POINT('',(-0.675,1.3925,0.725));
#1005 = CARTESIAN_POINT('',(-0.608243103516,1.359121551758,1.2));
#1006 = CARTESIAN_POINT('',(-0.5925,1.475,0.725));
#1007 = CARTESIAN_POINT('',(-0.559121551758,1.408243103516,1.2));
#1008 = ADVANCED_FACE('',(#1009),#1026,.F.);
#1009 = FACE_BOUND('',#1010,.F.);
#1010 = EDGE_LOOP('',(#1011,#1012,#1019,#1025));
#1011 = ORIENTED_EDGE('',*,*,#557,.T.);
#1012 = ORIENTED_EDGE('',*,*,#1013,.T.);
#1013 = EDGE_CURVE('',#550,#1014,#1016,.T.);
#1014 = VERTEX_POINT('',#1015);
#1015 = CARTESIAN_POINT('',(0.559121551758,1.408243103516,1.2));
#1016 = B_SPLINE_CURVE_WITH_KNOTS('',1,(#1017,#1018),.UNSPECIFIED.,.F.,
  .F.,(2,2),(0.,1.),.PIECEWISE_BEZIER_KNOTS.);
#1017 = CARTESIAN_POINT('',(0.5925,1.475,0.725));
#1018 = CARTESIAN_POINT('',(0.559121551758,1.408243103516,1.2));
#1019 = ORIENTED_EDGE('',*,*,#1020,.F.);
#1020 = EDGE_CURVE('',#991,#1014,#1021,.T.);
#1021 = LINE('',#1022,#1023);
#1022 = CARTESIAN_POINT('',(-0.559121551758,1.408243103516,1.2));
#1023 = VECTOR('',#1024,1.);
#1024 = DIRECTION('',(1.,1.110223024625E-16,0.));
#1025 = ORIENTED_EDGE('',*,*,#990,.F.);
#1026 = B_SPLINE_SURFACE_WITH_KNOTS('',1,1,(
    (#1027,#1028)
    ,(#1029,#1030
    )),.UNSPECIFIED.,.F.,.F.,.F.,(2,2),(2,2),(0.,1.185),(0.,1.),
  .PIECEWISE_BEZIER_KNOTS.);
#1027 = CARTESIAN_POINT('',(-0.5925,1.475,0.725));
#1028 = CARTESIAN_POINT('',(-0.559121551758,1.408243103516,1.2));
#1029 = CARTESIAN_POINT('',(0.5925,1.475,0.725));
#1030 = CARTESIAN_POINT('',(0.559121551758,1.408243103516,1.2));
#1031 = ADVANCED_FACE('',(#1032),#1049,.F.);
#1032 = FACE_BOUND('',#1033,.F.);
#1033 = EDGE_LOOP('',(#1034,#1035,#1042,#1048));
#1034 = ORIENTED_EDGE('',*,*,#549,.T.);
#1035 = ORIENTED_EDGE('',*,*,#1036,.T.);
#1036 = EDGE_CURVE('',#542,#1037,#1039,.T.);
#1037 = VERTEX_POINT('',#1038);
#1038 = CARTESIAN_POINT('',(0.608243103516,1.359121551758,1.2));
#1039 = B_SPLINE_CURVE_WITH_KNOTS('',1,(#1040,#1041),.UNSPECIFIED.,.F.,
  .F.,(2,2),(0.,1.),.PIECEWISE_BEZIER_KNOTS.);
#1040 = CARTESIAN_POINT('',(0.675,1.3925,0.725));
#1041 = CARTESIAN_POINT('',(0.608243103516,1.359121551758,1.2));
#1042 = ORIENTED_EDGE('',*,*,#1043,.F.);
#1043 = EDGE_CURVE('',#1014,#1037,#1044,.T.);
#1044 = LINE('',#1045,#1046);
#1045 = CARTESIAN_POINT('',(0.559121551758,1.408243103516,1.2));
#1046 = VECTOR('',#1047,1.);
#1047 = DIRECTION('',(0.707106781187,-0.707106781187,0.));
#1048 = ORIENTED_EDGE('',*,*,#1013,.F.);
#1049 = B_SPLINE_SURFACE_WITH_KNOTS('',1,1,(
    (#1050,#1051)
    ,(#1052,#1053
    )),.UNSPECIFIED.,.F.,.F.,.F.,(2,2),(2,2),(0.,0.116672618896),(0.,1.)
  ,.PIECEWISE_BEZIER_KNOTS.);
#1050 = CARTESIAN_POINT('',(0.5925,1.475,0.725));
#1051 = CARTESIAN_POINT('',(0.559121551758,1.408243103516,1.2));
#1052 = CARTESIAN_POINT('',(0.675,1.3925,0.725));
#1053 = CARTESIAN_POINT('',(0.608243103516,1.359121551758,1.2));
#1054 = ADVANCED_FACE('',(#1055),#1088,.F.);
#1055 = FACE_BOUND('',#1056,.F.);
#1056 = EDGE_LOOP('',(#1057,#1058,#1066,#1074,#1081,#1087));
#1057 = ORIENTED_EDGE('',*,*,#541,.T.);
#1058 = ORIENTED_EDGE('',*,*,#1059,.T.);
#1059 = EDGE_CURVE('',#534,#1060,#1062,.T.);
#1060 = VERTEX_POINT('',#1061);
#1061 = CARTESIAN_POINT('',(0.675,-0.2,0.725));
#1062 = LINE('',#1063,#1064);
#1063 = CARTESIAN_POINT('',(0.675,1.3925,0.725));
#1064 = VECTOR('',#1065,1.);
#1065 = DIRECTION('',(1.110223024625E-16,-1.,0.));
#1066 = ORIENTED_EDGE('',*,*,#1067,.T.);
#1067 = EDGE_CURVE('',#1060,#1068,#1070,.T.);
#1068 = VERTEX_POINT('',#1069);
#1069 = CARTESIAN_POINT('',(0.675,-1.3925,0.725));
#1070 = LINE('',#1071,#1072);
#1071 = CARTESIAN_POINT('',(0.675,1.3925,0.725));
#1072 = VECTOR('',#1073,1.);
#1073 = DIRECTION('',(1.110223024625E-16,-1.,0.));
#1074 = ORIENTED_EDGE('',*,*,#1075,.T.);
#1075 = EDGE_CURVE('',#1068,#1076,#1078,.T.);
#1076 = VERTEX_POINT('',#1077);
#1077 = CARTESIAN_POINT('',(0.608243103516,-1.359121551758,1.2));
#1078 = B_SPLINE_CURVE_WITH_KNOTS('',1,(#1079,#1080),.UNSPECIFIED.,.F.,
  .F.,(2,2),(0.,1.),.PIECEWISE_BEZIER_KNOTS.);
#1079 = CARTESIAN_POINT('',(0.675,-1.3925,0.725));
#1080 = CARTESIAN_POINT('',(0.608243103516,-1.359121551758,1.2));
#1081 = ORIENTED_EDGE('',*,*,#1082,.F.);
#1082 = EDGE_CURVE('',#1037,#1076,#1083,.T.);
#1083 = LINE('',#1084,#1085);
#1084 = CARTESIAN_POINT('',(0.608243103516,1.359121551758,1.2));
#1085 = VECTOR('',#1086,1.);
#1086 = DIRECTION('',(1.110223024625E-16,-1.,0.));
#1087 = ORIENTED_EDGE('',*,*,#1036,.F.);
#1088 = B_SPLINE_SURFACE_WITH_KNOTS('',1,1,(
    (#1089,#1090)
    ,(#1091,#1092
    )),.UNSPECIFIED.,.F.,.F.,.F.,(2,2),(2,2),(0.,2.785),(0.,1.),
  .PIECEWISE_BEZIER_KNOTS.);
#1089 = CARTESIAN_POINT('',(0.675,1.3925,0.725));
#1090 = CARTESIAN_POINT('',(0.608243103516,1.359121551758,1.2));
#1091 = CARTESIAN_POINT('',(0.675,-1.3925,0.725));
#1092 = CARTESIAN_POINT('',(0.608243103516,-1.359121551758,1.2));
#1093 = ADVANCED_FACE('',(#1094),#1110,.F.);
#1094 = FACE_BOUND('',#1095,.F.);
#1095 = EDGE_LOOP('',(#1096,#1097,#1103,#1109));
#1096 = ORIENTED_EDGE('',*,*,#533,.F.);
#1097 = ORIENTED_EDGE('',*,*,#1098,.T.);
#1098 = EDGE_CURVE('',#526,#814,#1099,.T.);
#1099 = LINE('',#1100,#1101);
#1100 = CARTESIAN_POINT('',(0.7,0.2,0.725));
#1101 = VECTOR('',#1102,1.);
#1102 = DIRECTION('',(1.110223024625E-16,-1.,0.));
#1103 = ORIENTED_EDGE('',*,*,#1104,.T.);
#1104 = EDGE_CURVE('',#814,#1060,#1105,.T.);
#1105 = LINE('',#1106,#1107);
#1106 = CARTESIAN_POINT('',(0.7,-0.2,0.725));
#1107 = VECTOR('',#1108,1.);
#1108 = DIRECTION('',(-1.,-1.110223024625E-16,0.));
#1109 = ORIENTED_EDGE('',*,*,#1059,.F.);
#1110 = PLANE('',#1111);
#1111 = AXIS2_PLACEMENT_3D('',#1112,#1113,#1114);
#1112 = CARTESIAN_POINT('',(0.7,0.2,0.725));
#1113 = DIRECTION('',(0.,0.,-1.));
#1114 = DIRECTION('',(-1.,-1.110223024625E-16,-0.));
#1115 = ADVANCED_FACE('',(#1116),#1154,.F.);
#1116 = FACE_BOUND('',#1117,.F.);
#1117 = EDGE_LOOP('',(#1118,#1119,#1120,#1121,#1122,#1123,#1124,#1130,
    #1131,#1139,#1147,#1153));
#1118 = ORIENTED_EDGE('',*,*,#1104,.F.);
#1119 = ORIENTED_EDGE('',*,*,#829,.T.);
#1120 = ORIENTED_EDGE('',*,*,#874,.T.);
#1121 = ORIENTED_EDGE('',*,*,#891,.T.);
#1122 = ORIENTED_EDGE('',*,*,#845,.T.);
#1123 = ORIENTED_EDGE('',*,*,#635,.T.);
#1124 = ORIENTED_EDGE('',*,*,#1125,.T.);
#1125 = EDGE_CURVE('',#628,#938,#1126,.T.);
#1126 = LINE('',#1127,#1128);
#1127 = CARTESIAN_POINT('',(-0.7,-1.15,0.725));
#1128 = VECTOR('',#1129,1.);
#1129 = DIRECTION('',(1.,-1.144237745222E-17,0.));
#1130 = ORIENTED_EDGE('',*,*,#935,.F.);
#1131 = ORIENTED_EDGE('',*,*,#1132,.F.);
#1132 = EDGE_CURVE('',#1133,#936,#1135,.T.);
#1133 = VERTEX_POINT('',#1134);
#1134 = CARTESIAN_POINT('',(-0.5925,-1.475,0.725));
#1135 = LINE('',#1136,#1137);
#1136 = CARTESIAN_POINT('',(-0.5925,-1.475,0.725));
#1137 = VECTOR('',#1138,1.);
#1138 = DIRECTION('',(-0.707106781187,0.707106781187,0.));
#1139 = ORIENTED_EDGE('',*,*,#1140,.F.);
#1140 = EDGE_CURVE('',#1141,#1133,#1143,.T.);
#1141 = VERTEX_POINT('',#1142);
#1142 = CARTESIAN_POINT('',(0.5925,-1.475,0.725));
#1143 = LINE('',#1144,#1145);
#1144 = CARTESIAN_POINT('',(0.5925,-1.475,0.725));
#1145 = VECTOR('',#1146,1.);
#1146 = DIRECTION('',(-1.,-1.110223024625E-16,0.));
#1147 = ORIENTED_EDGE('',*,*,#1148,.F.);
#1148 = EDGE_CURVE('',#1068,#1141,#1149,.T.);
#1149 = LINE('',#1150,#1151);
#1150 = CARTESIAN_POINT('',(0.675,-1.3925,0.725));
#1151 = VECTOR('',#1152,1.);
#1152 = DIRECTION('',(-0.707106781187,-0.707106781187,0.));
#1153 = ORIENTED_EDGE('',*,*,#1067,.F.);
#1154 = PLANE('',#1155);
#1155 = AXIS2_PLACEMENT_3D('',#1156,#1157,#1158);
#1156 = CARTESIAN_POINT('',(-1.486299604971E-16,1.4875,0.725));
#1157 = DIRECTION('',(1.022886882533E-31,-6.310887241768E-27,-1.));
#1158 = DIRECTION('',(1.,1.217738924546E-16,1.022886882525E-31));
#1159 = ADVANCED_FACE('',(#1160),#1229,.F.);
#1160 = FACE_BOUND('',#1161,.F.);
#1161 = EDGE_LOOP('',(#1162,#1163,#1164,#1172,#1181,#1189,#1197,#1205,
    #1214,#1222));
#1162 = ORIENTED_EDGE('',*,*,#627,.F.);
#1163 = ORIENTED_EDGE('',*,*,#667,.T.);
#1164 = ORIENTED_EDGE('',*,*,#1165,.T.);
#1165 = EDGE_CURVE('',#660,#1166,#1168,.T.);
#1166 = VERTEX_POINT('',#1167);
#1167 = CARTESIAN_POINT('',(-0.843471632406,-1.15,0.206587955583));
#1168 = LINE('',#1169,#1170);
#1169 = CARTESIAN_POINT('',(-0.798480775301,-1.15,0.492364817767));
#1170 = VECTOR('',#1171,1.);
#1171 = DIRECTION('',(-0.155518033909,1.779496044609E-18,-0.987833053268
    ));
#1172 = ORIENTED_EDGE('',*,*,#1173,.T.);
#1173 = EDGE_CURVE('',#1166,#1174,#1176,.T.);
#1174 = VERTEX_POINT('',#1175);
#1175 = CARTESIAN_POINT('',(-1.089673570659,-1.15,5.551115123126E-17));
#1176 = CIRCLE('',#1177,0.25);
#1177 = AXIS2_PLACEMENT_3D('',#1178,#1179,#1180);
#1178 = CARTESIAN_POINT('',(-1.089673570659,-1.15,0.25));
#1179 = DIRECTION('',(1.144237745222E-17,1.,4.885826546933E-34));
#1180 = DIRECTION('',(0.984807753012,-1.126854202784E-17,-0.173648177667
    ));
#1181 = ORIENTED_EDGE('',*,*,#1182,.T.);
#1182 = EDGE_CURVE('',#1174,#1183,#1185,.T.);
#1183 = VERTEX_POINT('',#1184);
#1184 = CARTESIAN_POINT('',(-1.25,-1.15,5.551115123126E-17));
#1185 = LINE('',#1186,#1187);
#1186 = CARTESIAN_POINT('',(-1.089673570659,-1.15,5.551115123126E-17));
#1187 = VECTOR('',#1188,1.);
#1188 = DIRECTION('',(-1.,1.144237745222E-17,0.));
#1189 = ORIENTED_EDGE('',*,*,#1190,.T.);
#1190 = EDGE_CURVE('',#1183,#1191,#1193,.T.);
#1191 = VERTEX_POINT('',#1192);
#1192 = CARTESIAN_POINT('',(-1.25,-1.15,0.15));
#1193 = LINE('',#1194,#1195);
#1194 = CARTESIAN_POINT('',(-1.25,-1.15,5.551115123126E-17));
#1195 = VECTOR('',#1196,1.);
#1196 = DIRECTION('',(0.,0.,1.));
#1197 = ORIENTED_EDGE('',*,*,#1198,.T.);
#1198 = EDGE_CURVE('',#1191,#1199,#1201,.T.);
#1199 = VERTEX_POINT('',#1200);
#1200 = CARTESIAN_POINT('',(-1.089673570659,-1.15,0.15));
#1201 = LINE('',#1202,#1203);
#1202 = CARTESIAN_POINT('',(-1.25,-1.15,0.15));
#1203 = VECTOR('',#1204,1.);
#1204 = DIRECTION('',(1.,-1.144237745222E-17,0.));
#1205 = ORIENTED_EDGE('',*,*,#1206,.T.);
#1206 = EDGE_CURVE('',#1199,#1207,#1209,.T.);
#1207 = VERTEX_POINT('',#1208);
#1208 = CARTESIAN_POINT('',(-0.991192795358,-1.15,0.232635182233));
#1209 = CIRCLE('',#1210,0.1);
#1210 = AXIS2_PLACEMENT_3D('',#1211,#1212,#1213);
#1211 = CARTESIAN_POINT('',(-1.089673570659,-1.15,0.25));
#1212 = DIRECTION('',(-1.144237745222E-17,-1.,1.280277572762E-47));
#1213 = DIRECTION('',(-2.22044604925E-15,2.540718180781E-32,-1.));
#1214 = ORIENTED_EDGE('',*,*,#1215,.T.);
#1215 = EDGE_CURVE('',#1207,#1216,#1218,.T.);
#1216 = VERTEX_POINT('',#1217);
#1217 = CARTESIAN_POINT('',(-0.946201938253,-1.15,0.518412044417));
#1218 = LINE('',#1219,#1220);
#1219 = CARTESIAN_POINT('',(-0.991192795358,-1.15,0.232635182233));
#1220 = VECTOR('',#1221,1.);
#1221 = DIRECTION('',(0.155518033909,-1.779496044609E-18,0.987833053268)
  );
#1222 = ORIENTED_EDGE('',*,*,#1223,.T.);
#1223 = EDGE_CURVE('',#1216,#628,#1224,.T.);
#1224 = CIRCLE('',#1225,0.25);
#1225 = AXIS2_PLACEMENT_3D('',#1226,#1227,#1228);
#1226 = CARTESIAN_POINT('',(-0.7,-1.15,0.475));
#1227 = DIRECTION('',(1.144237745222E-17,1.,1.092485064951E-34));
#1228 = DIRECTION('',(-0.984807753012,1.126854202784E-17,0.173648177667)
  );
#1229 = PLANE('',#1230);
#1230 = AXIS2_PLACEMENT_3D('',#1231,#1232,#1233);
#1231 = CARTESIAN_POINT('',(-0.931323080229,-1.15,0.33452717391));
#1232 = DIRECTION('',(1.144237745222E-17,1.,0.));
#1233 = DIRECTION('',(0.,-0.,1.));
#1234 = ADVANCED_FACE('',(#1235),#1253,.F.);
#1235 = FACE_BOUND('',#1236,.F.);
#1236 = EDGE_LOOP('',(#1237,#1238,#1246,#1252));
#1237 = ORIENTED_EDGE('',*,*,#659,.T.);
#1238 = ORIENTED_EDGE('',*,*,#1239,.T.);
#1239 = EDGE_CURVE('',#651,#1240,#1242,.T.);
#1240 = VERTEX_POINT('',#1241);
#1241 = CARTESIAN_POINT('',(-0.843471632406,-0.75,0.206587955583));
#1242 = LINE('',#1243,#1244);
#1243 = CARTESIAN_POINT('',(-0.798480775301,-0.75,0.492364817767));
#1244 = VECTOR('',#1245,1.);
#1245 = DIRECTION('',(-0.155518033909,1.779496044609E-18,-0.987833053268
    ));
#1246 = ORIENTED_EDGE('',*,*,#1247,.F.);
#1247 = EDGE_CURVE('',#1166,#1240,#1248,.T.);
#1248 = LINE('',#1249,#1250);
#1249 = CARTESIAN_POINT('',(-0.843471632406,-1.15,0.206587955583));
#1250 = VECTOR('',#1251,1.);
#1251 = DIRECTION('',(1.144237745222E-17,1.,0.));
#1252 = ORIENTED_EDGE('',*,*,#1165,.F.);
#1253 = PLANE('',#1254);
#1254 = AXIS2_PLACEMENT_3D('',#1255,#1256,#1257);
#1255 = CARTESIAN_POINT('',(-0.798480775301,-1.15,0.492364817767));
#1256 = DIRECTION('',(-0.987833053268,1.130315865527E-17,0.155518033909)
  );
#1257 = DIRECTION('',(-0.155518033909,1.779496044609E-18,-0.987833053268
    ));
#1258 = ADVANCED_FACE('',(#1259),#1321,.T.);
#1259 = FACE_BOUND('',#1260,.T.);
#1260 = EDGE_LOOP('',(#1261,#1262,#1263,#1264,#1273,#1281,#1289,#1297,
    #1306,#1314));
#1261 = ORIENTED_EDGE('',*,*,#682,.F.);
#1262 = ORIENTED_EDGE('',*,*,#650,.T.);
#1263 = ORIENTED_EDGE('',*,*,#1239,.T.);
#1264 = ORIENTED_EDGE('',*,*,#1265,.T.);
#1265 = EDGE_CURVE('',#1240,#1266,#1268,.T.);
#1266 = VERTEX_POINT('',#1267);
#1267 = CARTESIAN_POINT('',(-1.089673570659,-0.75,5.551115123126E-17));
#1268 = CIRCLE('',#1269,0.25);
#1269 = AXIS2_PLACEMENT_3D('',#1270,#1271,#1272);
#1270 = CARTESIAN_POINT('',(-1.089673570659,-0.75,0.25));
#1271 = DIRECTION('',(1.144237745222E-17,1.,4.885826546933E-34));
#1272 = DIRECTION('',(0.984807753012,-1.126854202784E-17,-0.173648177667
    ));
#1273 = ORIENTED_EDGE('',*,*,#1274,.T.);
#1274 = EDGE_CURVE('',#1266,#1275,#1277,.T.);
#1275 = VERTEX_POINT('',#1276);
#1276 = CARTESIAN_POINT('',(-1.25,-0.75,5.551115123126E-17));
#1277 = LINE('',#1278,#1279);
#1278 = CARTESIAN_POINT('',(-1.089673570659,-0.75,5.551115123126E-17));
#1279 = VECTOR('',#1280,1.);
#1280 = DIRECTION('',(-1.,1.144237745222E-17,0.));
#1281 = ORIENTED_EDGE('',*,*,#1282,.T.);
#1282 = EDGE_CURVE('',#1275,#1283,#1285,.T.);
#1283 = VERTEX_POINT('',#1284);
#1284 = CARTESIAN_POINT('',(-1.25,-0.75,0.15));
#1285 = LINE('',#1286,#1287);
#1286 = CARTESIAN_POINT('',(-1.25,-0.75,5.551115123126E-17));
#1287 = VECTOR('',#1288,1.);
#1288 = DIRECTION('',(0.,0.,1.));
#1289 = ORIENTED_EDGE('',*,*,#1290,.T.);
#1290 = EDGE_CURVE('',#1283,#1291,#1293,.T.);
#1291 = VERTEX_POINT('',#1292);
#1292 = CARTESIAN_POINT('',(-1.089673570659,-0.75,0.15));
#1293 = LINE('',#1294,#1295);
#1294 = CARTESIAN_POINT('',(-1.25,-0.75,0.15));
#1295 = VECTOR('',#1296,1.);
#1296 = DIRECTION('',(1.,-1.144237745222E-17,0.));
#1297 = ORIENTED_EDGE('',*,*,#1298,.T.);
#1298 = EDGE_CURVE('',#1291,#1299,#1301,.T.);
#1299 = VERTEX_POINT('',#1300);
#1300 = CARTESIAN_POINT('',(-0.991192795358,-0.75,0.232635182233));
#1301 = CIRCLE('',#1302,0.1);
#1302 = AXIS2_PLACEMENT_3D('',#1303,#1304,#1305);
#1303 = CARTESIAN_POINT('',(-1.089673570659,-0.75,0.25));
#1304 = DIRECTION('',(-1.144237745222E-17,-1.,1.280277572762E-47));
#1305 = DIRECTION('',(-2.22044604925E-15,2.540718180781E-32,-1.));
#1306 = ORIENTED_EDGE('',*,*,#1307,.T.);
#1307 = EDGE_CURVE('',#1299,#1308,#1310,.T.);
#1308 = VERTEX_POINT('',#1309);
#1309 = CARTESIAN_POINT('',(-0.946201938253,-0.75,0.518412044417));
#1310 = LINE('',#1311,#1312);
#1311 = CARTESIAN_POINT('',(-0.991192795358,-0.75,0.232635182233));
#1312 = VECTOR('',#1313,1.);
#1313 = DIRECTION('',(0.155518033909,-1.779496044609E-18,0.987833053268)
  );
#1314 = ORIENTED_EDGE('',*,*,#1315,.T.);
#1315 = EDGE_CURVE('',#1308,#683,#1316,.T.);
#1316 = CIRCLE('',#1317,0.25);
#1317 = AXIS2_PLACEMENT_3D('',#1318,#1319,#1320);
#1318 = CARTESIAN_POINT('',(-0.7,-0.75,0.475));
#1319 = DIRECTION('',(1.144237745222E-17,1.,1.092485064951E-34));
#1320 = DIRECTION('',(-0.984807753012,1.126854202784E-17,0.173648177667)
  );
#1321 = PLANE('',#1322);
#1322 = AXIS2_PLACEMENT_3D('',#1323,#1324,#1325);
#1323 = CARTESIAN_POINT('',(-0.931323080229,-0.75,0.33452717391));
#1324 = DIRECTION('',(1.144237745222E-17,1.,0.));
#1325 = DIRECTION('',(0.,-0.,1.));
#1326 = ADVANCED_FACE('',(#1327),#1338,.F.);
#1327 = FACE_BOUND('',#1328,.F.);
#1328 = EDGE_LOOP('',(#1329,#1330,#1331,#1332));
#1329 = ORIENTED_EDGE('',*,*,#699,.T.);
#1330 = ORIENTED_EDGE('',*,*,#906,.T.);
#1331 = ORIENTED_EDGE('',*,*,#953,.F.);
#1332 = ORIENTED_EDGE('',*,*,#1333,.F.);
#1333 = EDGE_CURVE('',#683,#946,#1334,.T.);
#1334 = LINE('',#1335,#1336);
#1335 = CARTESIAN_POINT('',(-0.7,-0.75,0.725));
#1336 = VECTOR('',#1337,1.);
#1337 = DIRECTION('',(1.,-1.144237745222E-17,0.));
#1338 = PLANE('',#1339);
#1339 = AXIS2_PLACEMENT_3D('',#1340,#1341,#1342);
#1340 = CARTESIAN_POINT('',(-1.486299604971E-16,1.4875,0.725));
#1341 = DIRECTION('',(1.022886882533E-31,-6.310887241768E-27,-1.));
#1342 = DIRECTION('',(1.,1.217738924546E-16,1.022886882525E-31));
#1343 = ADVANCED_FACE('',(#1344),#1413,.F.);
#1344 = FACE_BOUND('',#1345,.F.);
#1345 = EDGE_LOOP('',(#1346,#1347,#1348,#1356,#1365,#1373,#1381,#1389,
    #1398,#1406));
#1346 = ORIENTED_EDGE('',*,*,#691,.F.);
#1347 = ORIENTED_EDGE('',*,*,#731,.T.);
#1348 = ORIENTED_EDGE('',*,*,#1349,.T.);
#1349 = EDGE_CURVE('',#724,#1350,#1352,.T.);
#1350 = VERTEX_POINT('',#1351);
#1351 = CARTESIAN_POINT('',(-0.843471632406,0.75,0.206587955583));
#1352 = LINE('',#1353,#1354);
#1353 = CARTESIAN_POINT('',(-0.798480775301,0.75,0.492364817767));
#1354 = VECTOR('',#1355,1.);
#1355 = DIRECTION('',(-0.155518033909,1.779496044609E-18,-0.987833053268
    ));
#1356 = ORIENTED_EDGE('',*,*,#1357,.T.);
#1357 = EDGE_CURVE('',#1350,#1358,#1360,.T.);
#1358 = VERTEX_POINT('',#1359);
#1359 = CARTESIAN_POINT('',(-1.089673570659,0.75,5.551115123126E-17));
#1360 = CIRCLE('',#1361,0.25);
#1361 = AXIS2_PLACEMENT_3D('',#1362,#1363,#1364);
#1362 = CARTESIAN_POINT('',(-1.089673570659,0.75,0.25));
#1363 = DIRECTION('',(1.144237745222E-17,1.,4.885826546933E-34));
#1364 = DIRECTION('',(0.984807753012,-1.126854202784E-17,-0.173648177667
    ));
#1365 = ORIENTED_EDGE('',*,*,#1366,.T.);
#1366 = EDGE_CURVE('',#1358,#1367,#1369,.T.);
#1367 = VERTEX_POINT('',#1368);
#1368 = CARTESIAN_POINT('',(-1.25,0.75,5.551115123126E-17));
#1369 = LINE('',#1370,#1371);
#1370 = CARTESIAN_POINT('',(-1.089673570659,0.75,5.551115123126E-17));
#1371 = VECTOR('',#1372,1.);
#1372 = DIRECTION('',(-1.,1.144237745222E-17,0.));
#1373 = ORIENTED_EDGE('',*,*,#1374,.T.);
#1374 = EDGE_CURVE('',#1367,#1375,#1377,.T.);
#1375 = VERTEX_POINT('',#1376);
#1376 = CARTESIAN_POINT('',(-1.25,0.75,0.15));
#1377 = LINE('',#1378,#1379);
#1378 = CARTESIAN_POINT('',(-1.25,0.75,5.551115123126E-17));
#1379 = VECTOR('',#1380,1.);
#1380 = DIRECTION('',(0.,0.,1.));
#1381 = ORIENTED_EDGE('',*,*,#1382,.T.);
#1382 = EDGE_CURVE('',#1375,#1383,#1385,.T.);
#1383 = VERTEX_POINT('',#1384);
#1384 = CARTESIAN_POINT('',(-1.089673570659,0.75,0.15));
#1385 = LINE('',#1386,#1387);
#1386 = CARTESIAN_POINT('',(-1.25,0.75,0.15));
#1387 = VECTOR('',#1388,1.);
#1388 = DIRECTION('',(1.,-1.144237745222E-17,0.));
#1389 = ORIENTED_EDGE('',*,*,#1390,.T.);
#1390 = EDGE_CURVE('',#1383,#1391,#1393,.T.);
#1391 = VERTEX_POINT('',#1392);
#1392 = CARTESIAN_POINT('',(-0.991192795358,0.75,0.232635182233));
#1393 = CIRCLE('',#1394,0.1);
#1394 = AXIS2_PLACEMENT_3D('',#1395,#1396,#1397);
#1395 = CARTESIAN_POINT('',(-1.089673570659,0.75,0.25));
#1396 = DIRECTION('',(-1.144237745222E-17,-1.,1.280277572762E-47));
#1397 = DIRECTION('',(-2.22044604925E-15,2.540718180781E-32,-1.));
#1398 = ORIENTED_EDGE('',*,*,#1399,.T.);
#1399 = EDGE_CURVE('',#1391,#1400,#1402,.T.);
#1400 = VERTEX_POINT('',#1401);
#1401 = CARTESIAN_POINT('',(-0.946201938253,0.75,0.518412044417));
#1402 = LINE('',#1403,#1404);
#1403 = CARTESIAN_POINT('',(-0.991192795358,0.75,0.232635182233));
#1404 = VECTOR('',#1405,1.);
#1405 = DIRECTION('',(0.155518033909,-1.779496044609E-18,0.987833053268)
  );
#1406 = ORIENTED_EDGE('',*,*,#1407,.T.);
#1407 = EDGE_CURVE('',#1400,#692,#1408,.T.);
#1408 = CIRCLE('',#1409,0.25);
#1409 = AXIS2_PLACEMENT_3D('',#1410,#1411,#1412);
#1410 = CARTESIAN_POINT('',(-0.7,0.75,0.475));
#1411 = DIRECTION('',(1.144237745222E-17,1.,1.092485064951E-34));
#1412 = DIRECTION('',(-0.984807753012,1.126854202784E-17,0.173648177667)
  );
#1413 = PLANE('',#1414);
#1414 = AXIS2_PLACEMENT_3D('',#1415,#1416,#1417);
#1415 = CARTESIAN_POINT('',(-0.931323080229,0.75,0.33452717391));
#1416 = DIRECTION('',(1.144237745222E-17,1.,0.));
#1417 = DIRECTION('',(0.,-0.,1.));
#1418 = ADVANCED_FACE('',(#1419),#1437,.F.);
#1419 = FACE_BOUND('',#1420,.F.);
#1420 = EDGE_LOOP('',(#1421,#1422,#1430,#1436));
#1421 = ORIENTED_EDGE('',*,*,#723,.T.);
#1422 = ORIENTED_EDGE('',*,*,#1423,.T.);
#1423 = EDGE_CURVE('',#715,#1424,#1426,.T.);
#1424 = VERTEX_POINT('',#1425);
#1425 = CARTESIAN_POINT('',(-0.843471632406,1.15,0.206587955583));
#1426 = LINE('',#1427,#1428);
#1427 = CARTESIAN_POINT('',(-0.798480775301,1.15,0.492364817767));
#1428 = VECTOR('',#1429,1.);
#1429 = DIRECTION('',(-0.155518033909,1.779496044609E-18,-0.987833053268
    ));
#1430 = ORIENTED_EDGE('',*,*,#1431,.F.);
#1431 = EDGE_CURVE('',#1350,#1424,#1432,.T.);
#1432 = LINE('',#1433,#1434);
#1433 = CARTESIAN_POINT('',(-0.843471632406,0.75,0.206587955583));
#1434 = VECTOR('',#1435,1.);
#1435 = DIRECTION('',(1.144237745222E-17,1.,0.));
#1436 = ORIENTED_EDGE('',*,*,#1349,.F.);
#1437 = PLANE('',#1438);
#1438 = AXIS2_PLACEMENT_3D('',#1439,#1440,#1441);
#1439 = CARTESIAN_POINT('',(-0.798480775301,0.75,0.492364817767));
#1440 = DIRECTION('',(-0.987833053268,1.130315865527E-17,0.155518033909)
  );
#1441 = DIRECTION('',(-0.155518033909,1.779496044609E-18,-0.987833053268
    ));
#1442 = ADVANCED_FACE('',(#1443),#1505,.T.);
#1443 = FACE_BOUND('',#1444,.T.);
#1444 = EDGE_LOOP('',(#1445,#1446,#1447,#1448,#1457,#1465,#1473,#1481,
    #1490,#1498));
#1445 = ORIENTED_EDGE('',*,*,#746,.F.);
#1446 = ORIENTED_EDGE('',*,*,#714,.T.);
#1447 = ORIENTED_EDGE('',*,*,#1423,.T.);
#1448 = ORIENTED_EDGE('',*,*,#1449,.T.);
#1449 = EDGE_CURVE('',#1424,#1450,#1452,.T.);
#1450 = VERTEX_POINT('',#1451);
#1451 = CARTESIAN_POINT('',(-1.089673570659,1.15,5.551115123126E-17));
#1452 = CIRCLE('',#1453,0.25);
#1453 = AXIS2_PLACEMENT_3D('',#1454,#1455,#1456);
#1454 = CARTESIAN_POINT('',(-1.089673570659,1.15,0.25));
#1455 = DIRECTION('',(1.144237745222E-17,1.,4.885826546933E-34));
#1456 = DIRECTION('',(0.984807753012,-1.126854202784E-17,-0.173648177667
    ));
#1457 = ORIENTED_EDGE('',*,*,#1458,.T.);
#1458 = EDGE_CURVE('',#1450,#1459,#1461,.T.);
#1459 = VERTEX_POINT('',#1460);
#1460 = CARTESIAN_POINT('',(-1.25,1.15,5.551115123126E-17));
#1461 = LINE('',#1462,#1463);
#1462 = CARTESIAN_POINT('',(-1.089673570659,1.15,5.551115123126E-17));
#1463 = VECTOR('',#1464,1.);
#1464 = DIRECTION('',(-1.,1.144237745222E-17,0.));
#1465 = ORIENTED_EDGE('',*,*,#1466,.T.);
#1466 = EDGE_CURVE('',#1459,#1467,#1469,.T.);
#1467 = VERTEX_POINT('',#1468);
#1468 = CARTESIAN_POINT('',(-1.25,1.15,0.15));
#1469 = LINE('',#1470,#1471);
#1470 = CARTESIAN_POINT('',(-1.25,1.15,5.551115123126E-17));
#1471 = VECTOR('',#1472,1.);
#1472 = DIRECTION('',(0.,0.,1.));
#1473 = ORIENTED_EDGE('',*,*,#1474,.T.);
#1474 = EDGE_CURVE('',#1467,#1475,#1477,.T.);
#1475 = VERTEX_POINT('',#1476);
#1476 = CARTESIAN_POINT('',(-1.089673570659,1.15,0.15));
#1477 = LINE('',#1478,#1479);
#1478 = CARTESIAN_POINT('',(-1.25,1.15,0.15));
#1479 = VECTOR('',#1480,1.);
#1480 = DIRECTION('',(1.,-1.144237745222E-17,0.));
#1481 = ORIENTED_EDGE('',*,*,#1482,.T.);
#1482 = EDGE_CURVE('',#1475,#1483,#1485,.T.);
#1483 = VERTEX_POINT('',#1484);
#1484 = CARTESIAN_POINT('',(-0.991192795358,1.15,0.232635182233));
#1485 = CIRCLE('',#1486,0.1);
#1486 = AXIS2_PLACEMENT_3D('',#1487,#1488,#1489);
#1487 = CARTESIAN_POINT('',(-1.089673570659,1.15,0.25));
#1488 = DIRECTION('',(-1.144237745222E-17,-1.,1.280277572762E-47));
#1489 = DIRECTION('',(-2.22044604925E-15,2.540718180781E-32,-1.));
#1490 = ORIENTED_EDGE('',*,*,#1491,.T.);
#1491 = EDGE_CURVE('',#1483,#1492,#1494,.T.);
#1492 = VERTEX_POINT('',#1493);
#1493 = CARTESIAN_POINT('',(-0.946201938253,1.15,0.518412044417));
#1494 = LINE('',#1495,#1496);
#1495 = CARTESIAN_POINT('',(-0.991192795358,1.15,0.232635182233));
#1496 = VECTOR('',#1497,1.);
#1497 = DIRECTION('',(0.155518033909,-1.779496044609E-18,0.987833053268)
  );
#1498 = ORIENTED_EDGE('',*,*,#1499,.T.);
#1499 = EDGE_CURVE('',#1492,#582,#1500,.T.);
#1500 = CIRCLE('',#1501,0.25);
#1501 = AXIS2_PLACEMENT_3D('',#1502,#1503,#1504);
#1502 = CARTESIAN_POINT('',(-0.7,1.15,0.475));
#1503 = DIRECTION('',(1.144237745222E-17,1.,1.092485064951E-34));
#1504 = DIRECTION('',(-0.984807753012,1.126854202784E-17,0.173648177667)
  );
#1505 = PLANE('',#1506);
#1506 = AXIS2_PLACEMENT_3D('',#1507,#1508,#1509);
#1507 = CARTESIAN_POINT('',(-0.931323080229,1.15,0.33452717391));
#1508 = DIRECTION('',(1.144237745222E-17,1.,0.));
#1509 = DIRECTION('',(0.,-0.,1.));
#1510 = ADVANCED_FACE('',(#1511),#1580,.F.);
#1511 = FACE_BOUND('',#1512,.F.);
#1512 = EDGE_LOOP('',(#1513,#1514,#1515,#1523,#1532,#1540,#1548,#1556,
    #1565,#1573));
#1513 = ORIENTED_EDGE('',*,*,#765,.F.);
#1514 = ORIENTED_EDGE('',*,*,#798,.T.);
#1515 = ORIENTED_EDGE('',*,*,#1516,.T.);
#1516 = EDGE_CURVE('',#791,#1517,#1519,.T.);
#1517 = VERTEX_POINT('',#1518);
#1518 = CARTESIAN_POINT('',(0.843471632406,0.2,0.206587955583));
#1519 = LINE('',#1520,#1521);
#1520 = CARTESIAN_POINT('',(0.798480775301,0.2,0.492364817767));
#1521 = VECTOR('',#1522,1.);
#1522 = DIRECTION('',(0.155518033909,1.726597019897E-17,-0.987833053268)
  );
#1523 = ORIENTED_EDGE('',*,*,#1524,.T.);
#1524 = EDGE_CURVE('',#1517,#1525,#1527,.T.);
#1525 = VERTEX_POINT('',#1526);
#1526 = CARTESIAN_POINT('',(1.089673570659,0.2,5.551115123126E-17));
#1527 = CIRCLE('',#1528,0.25);
#1528 = AXIS2_PLACEMENT_3D('',#1529,#1530,#1531);
#1529 = CARTESIAN_POINT('',(1.089673570659,0.2,0.25));
#1530 = DIRECTION('',(1.110223024625E-16,-1.,-6.255634725081E-34));
#1531 = DIRECTION('',(-0.984807753012,-1.093356242223E-16,
    -0.173648177667));
#1532 = ORIENTED_EDGE('',*,*,#1533,.T.);
#1533 = EDGE_CURVE('',#1525,#1534,#1536,.T.);
#1534 = VERTEX_POINT('',#1535);
#1535 = CARTESIAN_POINT('',(1.25,0.2,5.551115123126E-17));
#1536 = LINE('',#1537,#1538);
#1537 = CARTESIAN_POINT('',(1.089673570659,0.2,5.551115123126E-17));
#1538 = VECTOR('',#1539,1.);
#1539 = DIRECTION('',(1.,1.110223024625E-16,0.));
#1540 = ORIENTED_EDGE('',*,*,#1541,.T.);
#1541 = EDGE_CURVE('',#1534,#1542,#1544,.T.);
#1542 = VERTEX_POINT('',#1543);
#1543 = CARTESIAN_POINT('',(1.25,0.2,0.15));
#1544 = LINE('',#1545,#1546);
#1545 = CARTESIAN_POINT('',(1.25,0.2,5.551115123126E-17));
#1546 = VECTOR('',#1547,1.);
#1547 = DIRECTION('',(0.,0.,1.));
#1548 = ORIENTED_EDGE('',*,*,#1549,.T.);
#1549 = EDGE_CURVE('',#1542,#1550,#1552,.T.);
#1550 = VERTEX_POINT('',#1551);
#1551 = CARTESIAN_POINT('',(1.089673570659,0.2,0.15));
#1552 = LINE('',#1553,#1554);
#1553 = CARTESIAN_POINT('',(1.25,0.2,0.15));
#1554 = VECTOR('',#1555,1.);
#1555 = DIRECTION('',(-1.,-1.110223024625E-16,0.));
#1556 = ORIENTED_EDGE('',*,*,#1557,.T.);
#1557 = EDGE_CURVE('',#1550,#1558,#1560,.T.);
#1558 = VERTEX_POINT('',#1559);
#1559 = CARTESIAN_POINT('',(0.991192795358,0.2,0.232635182233));
#1560 = CIRCLE('',#1561,0.1);
#1561 = AXIS2_PLACEMENT_3D('',#1562,#1563,#1564);
#1562 = CARTESIAN_POINT('',(1.089673570659,0.2,0.25));
#1563 = DIRECTION('',(-1.110223024625E-16,1.,-1.094764425744E-47));
#1564 = DIRECTION('',(2.22044604925E-15,2.465190328815E-31,-1.));
#1565 = ORIENTED_EDGE('',*,*,#1566,.T.);
#1566 = EDGE_CURVE('',#1558,#1567,#1569,.T.);
#1567 = VERTEX_POINT('',#1568);
#1568 = CARTESIAN_POINT('',(0.946201938253,0.2,0.518412044417));
#1569 = LINE('',#1570,#1571);
#1570 = CARTESIAN_POINT('',(0.991192795358,0.2,0.232635182233));
#1571 = VECTOR('',#1572,1.);
#1572 = DIRECTION('',(-0.155518033909,-1.726597019897E-17,0.987833053268
    ));
#1573 = ORIENTED_EDGE('',*,*,#1574,.T.);
#1574 = EDGE_CURVE('',#1567,#526,#1575,.T.);
#1575 = CIRCLE('',#1576,0.25);
#1576 = AXIS2_PLACEMENT_3D('',#1577,#1578,#1579);
#1577 = CARTESIAN_POINT('',(0.7,0.2,0.475));
#1578 = DIRECTION('',(1.110223024625E-16,-1.,-6.255634725081E-34));
#1579 = DIRECTION('',(0.984807753012,1.093356242223E-16,0.173648177667)
  );
#1580 = PLANE('',#1581);
#1581 = AXIS2_PLACEMENT_3D('',#1582,#1583,#1584);
#1582 = CARTESIAN_POINT('',(0.931323080229,0.2,0.33452717391));
#1583 = DIRECTION('',(1.110223024625E-16,-1.,0.));
#1584 = DIRECTION('',(0.,0.,1.));
#1585 = ADVANCED_FACE('',(#1586),#1604,.F.);
#1586 = FACE_BOUND('',#1587,.F.);
#1587 = EDGE_LOOP('',(#1588,#1589,#1597,#1603));
#1588 = ORIENTED_EDGE('',*,*,#790,.T.);
#1589 = ORIENTED_EDGE('',*,*,#1590,.T.);
#1590 = EDGE_CURVE('',#782,#1591,#1593,.T.);
#1591 = VERTEX_POINT('',#1592);
#1592 = CARTESIAN_POINT('',(0.843471632406,-0.2,0.206587955583));
#1593 = LINE('',#1594,#1595);
#1594 = CARTESIAN_POINT('',(0.798480775301,-0.2,0.492364817767));
#1595 = VECTOR('',#1596,1.);
#1596 = DIRECTION('',(0.155518033909,1.726597019897E-17,-0.987833053268)
  );
#1597 = ORIENTED_EDGE('',*,*,#1598,.F.);
#1598 = EDGE_CURVE('',#1517,#1591,#1599,.T.);
#1599 = LINE('',#1600,#1601);
#1600 = CARTESIAN_POINT('',(0.843471632406,0.2,0.206587955583));
#1601 = VECTOR('',#1602,1.);
#1602 = DIRECTION('',(1.110223024625E-16,-1.,0.));
#1603 = ORIENTED_EDGE('',*,*,#1516,.F.);
#1604 = PLANE('',#1605);
#1605 = AXIS2_PLACEMENT_3D('',#1606,#1607,#1608);
#1606 = CARTESIAN_POINT('',(0.798480775301,0.2,0.492364817767));
#1607 = DIRECTION('',(0.987833053268,1.096715000224E-16,0.155518033909)
  );
#1608 = DIRECTION('',(0.155518033909,1.726597019897E-17,-0.987833053268)
  );
#1609 = ADVANCED_FACE('',(#1610),#1672,.T.);
#1610 = FACE_BOUND('',#1611,.T.);
#1611 = EDGE_LOOP('',(#1612,#1613,#1614,#1615,#1624,#1632,#1640,#1648,
    #1657,#1665));
#1612 = ORIENTED_EDGE('',*,*,#813,.F.);
#1613 = ORIENTED_EDGE('',*,*,#781,.T.);
#1614 = ORIENTED_EDGE('',*,*,#1590,.T.);
#1615 = ORIENTED_EDGE('',*,*,#1616,.T.);
#1616 = EDGE_CURVE('',#1591,#1617,#1619,.T.);
#1617 = VERTEX_POINT('',#1618);
#1618 = CARTESIAN_POINT('',(1.089673570659,-0.2,5.551115123126E-17));
#1619 = CIRCLE('',#1620,0.25);
#1620 = AXIS2_PLACEMENT_3D('',#1621,#1622,#1623);
#1621 = CARTESIAN_POINT('',(1.089673570659,-0.2,0.25));
#1622 = DIRECTION('',(1.110223024625E-16,-1.,-6.255634725081E-34));
#1623 = DIRECTION('',(-0.984807753012,-1.093356242223E-16,
    -0.173648177667));
#1624 = ORIENTED_EDGE('',*,*,#1625,.T.);
#1625 = EDGE_CURVE('',#1617,#1626,#1628,.T.);
#1626 = VERTEX_POINT('',#1627);
#1627 = CARTESIAN_POINT('',(1.25,-0.2,5.551115123126E-17));
#1628 = LINE('',#1629,#1630);
#1629 = CARTESIAN_POINT('',(1.089673570659,-0.2,5.551115123126E-17));
#1630 = VECTOR('',#1631,1.);
#1631 = DIRECTION('',(1.,1.110223024625E-16,0.));
#1632 = ORIENTED_EDGE('',*,*,#1633,.T.);
#1633 = EDGE_CURVE('',#1626,#1634,#1636,.T.);
#1634 = VERTEX_POINT('',#1635);
#1635 = CARTESIAN_POINT('',(1.25,-0.2,0.15));
#1636 = LINE('',#1637,#1638);
#1637 = CARTESIAN_POINT('',(1.25,-0.2,5.551115123126E-17));
#1638 = VECTOR('',#1639,1.);
#1639 = DIRECTION('',(0.,0.,1.));
#1640 = ORIENTED_EDGE('',*,*,#1641,.T.);
#1641 = EDGE_CURVE('',#1634,#1642,#1644,.T.);
#1642 = VERTEX_POINT('',#1643);
#1643 = CARTESIAN_POINT('',(1.089673570659,-0.2,0.15));
#1644 = LINE('',#1645,#1646);
#1645 = CARTESIAN_POINT('',(1.25,-0.2,0.15));
#1646 = VECTOR('',#1647,1.);
#1647 = DIRECTION('',(-1.,-1.110223024625E-16,0.));
#1648 = ORIENTED_EDGE('',*,*,#1649,.T.);
#1649 = EDGE_CURVE('',#1642,#1650,#1652,.T.);
#1650 = VERTEX_POINT('',#1651);
#1651 = CARTESIAN_POINT('',(0.991192795358,-0.2,0.232635182233));
#1652 = CIRCLE('',#1653,0.1);
#1653 = AXIS2_PLACEMENT_3D('',#1654,#1655,#1656);
#1654 = CARTESIAN_POINT('',(1.089673570659,-0.2,0.25));
#1655 = DIRECTION('',(-1.110223024625E-16,1.,-1.094764425744E-47));
#1656 = DIRECTION('',(2.22044604925E-15,2.465190328815E-31,-1.));
#1657 = ORIENTED_EDGE('',*,*,#1658,.T.);
#1658 = EDGE_CURVE('',#1650,#1659,#1661,.T.);
#1659 = VERTEX_POINT('',#1660);
#1660 = CARTESIAN_POINT('',(0.946201938253,-0.2,0.518412044417));
#1661 = LINE('',#1662,#1663);
#1662 = CARTESIAN_POINT('',(0.991192795358,-0.2,0.232635182233));
#1663 = VECTOR('',#1664,1.);
#1664 = DIRECTION('',(-0.155518033909,-1.726597019897E-17,0.987833053268
    ));
#1665 = ORIENTED_EDGE('',*,*,#1666,.T.);
#1666 = EDGE_CURVE('',#1659,#814,#1667,.T.);
#1667 = CIRCLE('',#1668,0.25);
#1668 = AXIS2_PLACEMENT_3D('',#1669,#1670,#1671);
#1669 = CARTESIAN_POINT('',(0.7,-0.2,0.475));
#1670 = DIRECTION('',(1.110223024625E-16,-1.,-6.255634725081E-34));
#1671 = DIRECTION('',(0.984807753012,1.093356242223E-16,0.173648177667)
  );
#1672 = PLANE('',#1673);
#1673 = AXIS2_PLACEMENT_3D('',#1674,#1675,#1676);
#1674 = CARTESIAN_POINT('',(0.931323080229,-0.2,0.33452717391));
#1675 = DIRECTION('',(1.110223024625E-16,-1.,0.));
#1676 = DIRECTION('',(0.,0.,1.));
#1677 = ADVANCED_FACE('',(#1678),#1689,.T.);
#1678 = FACE_BOUND('',#1679,.T.);
#1679 = EDGE_LOOP('',(#1680,#1681,#1682,#1683));
#1680 = ORIENTED_EDGE('',*,*,#1407,.T.);
#1681 = ORIENTED_EDGE('',*,*,#914,.T.);
#1682 = ORIENTED_EDGE('',*,*,#1499,.F.);
#1683 = ORIENTED_EDGE('',*,*,#1684,.F.);
#1684 = EDGE_CURVE('',#1400,#1492,#1685,.T.);
#1685 = LINE('',#1686,#1687);
#1686 = CARTESIAN_POINT('',(-0.946201938253,0.75,0.518412044417));
#1687 = VECTOR('',#1688,1.);
#1688 = DIRECTION('',(1.144237745222E-17,1.,0.));
#1689 = CYLINDRICAL_SURFACE('',#1690,0.25);
#1690 = AXIS2_PLACEMENT_3D('',#1691,#1692,#1693);
#1691 = CARTESIAN_POINT('',(-0.7,0.75,0.475));
#1692 = DIRECTION('',(-1.144237745222E-17,-1.,0.));
#1693 = DIRECTION('',(-0.984807753012,1.126854202784E-17,0.173648177667)
  );
#1694 = ADVANCED_FACE('',(#1695),#1706,.F.);
#1695 = FACE_BOUND('',#1696,.F.);
#1696 = EDGE_LOOP('',(#1697,#1698,#1704,#1705));
#1697 = ORIENTED_EDGE('',*,*,#1125,.F.);
#1698 = ORIENTED_EDGE('',*,*,#1699,.T.);
#1699 = EDGE_CURVE('',#628,#683,#1700,.T.);
#1700 = LINE('',#1701,#1702);
#1701 = CARTESIAN_POINT('',(-0.7,-1.15,0.725));
#1702 = VECTOR('',#1703,1.);
#1703 = DIRECTION('',(1.144237745222E-17,1.,0.));
#1704 = ORIENTED_EDGE('',*,*,#1333,.T.);
#1705 = ORIENTED_EDGE('',*,*,#945,.F.);
#1706 = PLANE('',#1707);
#1707 = AXIS2_PLACEMENT_3D('',#1708,#1709,#1710);
#1708 = CARTESIAN_POINT('',(-0.7,-1.15,0.725));
#1709 = DIRECTION('',(0.,0.,-1.));
#1710 = DIRECTION('',(1.,-1.144237745222E-17,0.));
#1711 = ADVANCED_FACE('',(#1712,#1741),#1752,.T.);
#1712 = FACE_BOUND('',#1713,.T.);
#1713 = EDGE_LOOP('',(#1714,#1715,#1716,#1717,#1725,#1733,#1739,#1740));
#1714 = ORIENTED_EDGE('',*,*,#1020,.F.);
#1715 = ORIENTED_EDGE('',*,*,#997,.F.);
#1716 = ORIENTED_EDGE('',*,*,#968,.F.);
#1717 = ORIENTED_EDGE('',*,*,#1718,.F.);
#1718 = EDGE_CURVE('',#1719,#969,#1721,.T.);
#1719 = VERTEX_POINT('',#1720);
#1720 = CARTESIAN_POINT('',(-0.559121551758,-1.408243103516,1.2));
#1721 = LINE('',#1722,#1723);
#1722 = CARTESIAN_POINT('',(-0.559121551758,-1.408243103516,1.2));
#1723 = VECTOR('',#1724,1.);
#1724 = DIRECTION('',(-0.707106781187,0.707106781187,0.));
#1725 = ORIENTED_EDGE('',*,*,#1726,.F.);
#1726 = EDGE_CURVE('',#1727,#1719,#1729,.T.);
#1727 = VERTEX_POINT('',#1728);
#1728 = CARTESIAN_POINT('',(0.559121551758,-1.408243103516,1.2));
#1729 = LINE('',#1730,#1731);
#1730 = CARTESIAN_POINT('',(0.559121551758,-1.408243103516,1.2));
#1731 = VECTOR('',#1732,1.);
#1732 = DIRECTION('',(-1.,-1.110223024625E-16,0.));
#1733 = ORIENTED_EDGE('',*,*,#1734,.F.);
#1734 = EDGE_CURVE('',#1076,#1727,#1735,.T.);
#1735 = LINE('',#1736,#1737);
#1736 = CARTESIAN_POINT('',(0.608243103516,-1.359121551758,1.2));
#1737 = VECTOR('',#1738,1.);
#1738 = DIRECTION('',(-0.707106781187,-0.707106781187,0.));
#1739 = ORIENTED_EDGE('',*,*,#1082,.F.);
#1740 = ORIENTED_EDGE('',*,*,#1043,.F.);
#1741 = FACE_BOUND('',#1742,.T.);
#1742 = EDGE_LOOP('',(#1743));
#1743 = ORIENTED_EDGE('',*,*,#1744,.T.);
#1744 = EDGE_CURVE('',#1745,#1745,#1747,.T.);
#1745 = VERTEX_POINT('',#1746);
#1746 = CARTESIAN_POINT('',(-0.428243103516,1.178243103516,1.2));
#1747 = CIRCLE('',#1748,5.E-02);
#1748 = AXIS2_PLACEMENT_3D('',#1749,#1750,#1751);
#1749 = CARTESIAN_POINT('',(-0.428243103516,1.228243103516,1.2));
#1750 = DIRECTION('',(0.,-0.,-1.));
#1751 = DIRECTION('',(1.110223024625E-16,-1.,0.));
#1752 = PLANE('',#1753);
#1753 = AXIS2_PLACEMENT_3D('',#1754,#1755,#1756);
#1754 = CARTESIAN_POINT('',(-0.559121551758,1.408243103516,1.2));
#1755 = DIRECTION('',(0.,0.,1.));
#1756 = DIRECTION('',(0.369013679242,-0.929423963825,0.));
#1757 = ADVANCED_FACE('',(#1758),#1768,.F.);
#1758 = FACE_BOUND('',#1759,.F.);
#1759 = EDGE_LOOP('',(#1760,#1761,#1762,#1763));
#1760 = ORIENTED_EDGE('',*,*,#1132,.T.);
#1761 = ORIENTED_EDGE('',*,*,#976,.T.);
#1762 = ORIENTED_EDGE('',*,*,#1718,.F.);
#1763 = ORIENTED_EDGE('',*,*,#1764,.F.);
#1764 = EDGE_CURVE('',#1133,#1719,#1765,.T.);
#1765 = B_SPLINE_CURVE_WITH_KNOTS('',1,(#1766,#1767),.UNSPECIFIED.,.F.,
  .F.,(2,2),(0.,1.),.PIECEWISE_BEZIER_KNOTS.);
#1766 = CARTESIAN_POINT('',(-0.5925,-1.475,0.725));
#1767 = CARTESIAN_POINT('',(-0.559121551758,-1.408243103516,1.2));
#1768 = B_SPLINE_SURFACE_WITH_KNOTS('',1,1,(
    (#1769,#1770)
    ,(#1771,#1772
    )),.UNSPECIFIED.,.F.,.F.,.F.,(2,2),(2,2),(0.,0.116672618896),(0.,1.)
  ,.PIECEWISE_BEZIER_KNOTS.);
#1769 = CARTESIAN_POINT('',(-0.5925,-1.475,0.725));
#1770 = CARTESIAN_POINT('',(-0.559121551758,-1.408243103516,1.2));
#1771 = CARTESIAN_POINT('',(-0.675,-1.3925,0.725));
#1772 = CARTESIAN_POINT('',(-0.608243103516,-1.359121551758,1.2));
#1773 = ADVANCED_FACE('',(#1774),#1784,.F.);
#1774 = FACE_BOUND('',#1775,.F.);
#1775 = EDGE_LOOP('',(#1776,#1777,#1782,#1783));
#1776 = ORIENTED_EDGE('',*,*,#1148,.T.);
#1777 = ORIENTED_EDGE('',*,*,#1778,.T.);
#1778 = EDGE_CURVE('',#1141,#1727,#1779,.T.);
#1779 = B_SPLINE_CURVE_WITH_KNOTS('',1,(#1780,#1781),.UNSPECIFIED.,.F.,
  .F.,(2,2),(0.,1.),.PIECEWISE_BEZIER_KNOTS.);
#1780 = CARTESIAN_POINT('',(0.5925,-1.475,0.725));
#1781 = CARTESIAN_POINT('',(0.559121551758,-1.408243103516,1.2));
#1782 = ORIENTED_EDGE('',*,*,#1734,.F.);
#1783 = ORIENTED_EDGE('',*,*,#1075,.F.);
#1784 = B_SPLINE_SURFACE_WITH_KNOTS('',1,1,(
    (#1785,#1786)
    ,(#1787,#1788
    )),.UNSPECIFIED.,.F.,.F.,.F.,(2,2),(2,2),(0.,0.116672618896),(0.,1.)
  ,.PIECEWISE_BEZIER_KNOTS.);
#1785 = CARTESIAN_POINT('',(0.675,-1.3925,0.725));
#1786 = CARTESIAN_POINT('',(0.608243103516,-1.359121551758,1.2));
#1787 = CARTESIAN_POINT('',(0.5925,-1.475,0.725));
#1788 = CARTESIAN_POINT('',(0.559121551758,-1.408243103516,1.2));
#1789 = ADVANCED_FACE('',(#1790),#1801,.T.);
#1790 = FACE_BOUND('',#1791,.T.);
#1791 = EDGE_LOOP('',(#1792,#1793,#1794,#1795));
#1792 = ORIENTED_EDGE('',*,*,#1574,.T.);
#1793 = ORIENTED_EDGE('',*,*,#1098,.T.);
#1794 = ORIENTED_EDGE('',*,*,#1666,.F.);
#1795 = ORIENTED_EDGE('',*,*,#1796,.F.);
#1796 = EDGE_CURVE('',#1567,#1659,#1797,.T.);
#1797 = LINE('',#1798,#1799);
#1798 = CARTESIAN_POINT('',(0.946201938253,0.2,0.518412044417));
#1799 = VECTOR('',#1800,1.);
#1800 = DIRECTION('',(1.110223024625E-16,-1.,0.));
#1801 = CYLINDRICAL_SURFACE('',#1802,0.25);
#1802 = AXIS2_PLACEMENT_3D('',#1803,#1804,#1805);
#1803 = CARTESIAN_POINT('',(0.7,0.2,0.475));
#1804 = DIRECTION('',(-1.110223024625E-16,1.,0.));
#1805 = DIRECTION('',(0.984807753012,1.093356242223E-16,0.173648177667)
  );
#1806 = ADVANCED_FACE('',(#1807),#1813,.F.);
#1807 = FACE_BOUND('',#1808,.F.);
#1808 = EDGE_LOOP('',(#1809,#1810,#1811,#1812));
#1809 = ORIENTED_EDGE('',*,*,#1140,.T.);
#1810 = ORIENTED_EDGE('',*,*,#1764,.T.);
#1811 = ORIENTED_EDGE('',*,*,#1726,.F.);
#1812 = ORIENTED_EDGE('',*,*,#1778,.F.);
#1813 = B_SPLINE_SURFACE_WITH_KNOTS('',1,1,(
    (#1814,#1815)
    ,(#1816,#1817
    )),.UNSPECIFIED.,.F.,.F.,.F.,(2,2),(2,2),(0.,1.185),(0.,1.),
  .PIECEWISE_BEZIER_KNOTS.);
#1814 = CARTESIAN_POINT('',(0.5925,-1.475,0.725));
#1815 = CARTESIAN_POINT('',(0.559121551758,-1.408243103516,1.2));
#1816 = CARTESIAN_POINT('',(-0.5925,-1.475,0.725));
#1817 = CARTESIAN_POINT('',(-0.559121551758,-1.408243103516,1.2));
#1818 = ADVANCED_FACE('',(#1819),#1830,.T.);
#1819 = FACE_BOUND('',#1820,.T.);
#1820 = EDGE_LOOP('',(#1821,#1822,#1823,#1824));
#1821 = ORIENTED_EDGE('',*,*,#1223,.T.);
#1822 = ORIENTED_EDGE('',*,*,#1699,.T.);
#1823 = ORIENTED_EDGE('',*,*,#1315,.F.);
#1824 = ORIENTED_EDGE('',*,*,#1825,.F.);
#1825 = EDGE_CURVE('',#1216,#1308,#1826,.T.);
#1826 = LINE('',#1827,#1828);
#1827 = CARTESIAN_POINT('',(-0.946201938253,-1.15,0.518412044417));
#1828 = VECTOR('',#1829,1.);
#1829 = DIRECTION('',(1.144237745222E-17,1.,0.));
#1830 = CYLINDRICAL_SURFACE('',#1831,0.25);
#1831 = AXIS2_PLACEMENT_3D('',#1832,#1833,#1834);
#1832 = CARTESIAN_POINT('',(-0.7,-1.15,0.475));
#1833 = DIRECTION('',(-1.144237745222E-17,-1.,0.));
#1834 = DIRECTION('',(-0.984807753012,1.126854202784E-17,0.173648177667)
  );
#1835 = ADVANCED_FACE('',(#1836),#1847,.F.);
#1836 = FACE_BOUND('',#1837,.F.);
#1837 = EDGE_LOOP('',(#1838,#1844,#1845,#1846));
#1838 = ORIENTED_EDGE('',*,*,#1839,.T.);
#1839 = EDGE_CURVE('',#1207,#1299,#1840,.T.);
#1840 = LINE('',#1841,#1842);
#1841 = CARTESIAN_POINT('',(-0.991192795358,-1.15,0.232635182233));
#1842 = VECTOR('',#1843,1.);
#1843 = DIRECTION('',(1.144237745222E-17,1.,0.));
#1844 = ORIENTED_EDGE('',*,*,#1307,.T.);
#1845 = ORIENTED_EDGE('',*,*,#1825,.F.);
#1846 = ORIENTED_EDGE('',*,*,#1215,.F.);
#1847 = PLANE('',#1848);
#1848 = AXIS2_PLACEMENT_3D('',#1849,#1850,#1851);
#1849 = CARTESIAN_POINT('',(-0.991192795358,-1.15,0.232635182233));
#1850 = DIRECTION('',(0.987833053268,-1.130315865527E-17,-0.155518033909
    ));
#1851 = DIRECTION('',(0.155518033909,-1.779496044609E-18,0.987833053268)
  );
#1852 = ADVANCED_FACE('',(#1853),#1864,.F.);
#1853 = FACE_BOUND('',#1854,.F.);
#1854 = EDGE_LOOP('',(#1855,#1861,#1862,#1863));
#1855 = ORIENTED_EDGE('',*,*,#1856,.T.);
#1856 = EDGE_CURVE('',#1199,#1291,#1857,.T.);
#1857 = LINE('',#1858,#1859);
#1858 = CARTESIAN_POINT('',(-1.089673570659,-1.15,0.15));
#1859 = VECTOR('',#1860,1.);
#1860 = DIRECTION('',(1.144237745222E-17,1.,0.));
#1861 = ORIENTED_EDGE('',*,*,#1298,.T.);
#1862 = ORIENTED_EDGE('',*,*,#1839,.F.);
#1863 = ORIENTED_EDGE('',*,*,#1206,.F.);
#1864 = CYLINDRICAL_SURFACE('',#1865,0.1);
#1865 = AXIS2_PLACEMENT_3D('',#1866,#1867,#1868);
#1866 = CARTESIAN_POINT('',(-1.089673570659,-1.15,0.25));
#1867 = DIRECTION('',(-1.144237745222E-17,-1.,0.));
#1868 = DIRECTION('',(-2.22044604925E-15,2.540718180781E-32,-1.));
#1869 = ADVANCED_FACE('',(#1870),#1881,.F.);
#1870 = FACE_BOUND('',#1871,.F.);
#1871 = EDGE_LOOP('',(#1872,#1878,#1879,#1880));
#1872 = ORIENTED_EDGE('',*,*,#1873,.T.);
#1873 = EDGE_CURVE('',#1191,#1283,#1874,.T.);
#1874 = LINE('',#1875,#1876);
#1875 = CARTESIAN_POINT('',(-1.25,-1.15,0.15));
#1876 = VECTOR('',#1877,1.);
#1877 = DIRECTION('',(1.144237745222E-17,1.,0.));
#1878 = ORIENTED_EDGE('',*,*,#1290,.T.);
#1879 = ORIENTED_EDGE('',*,*,#1856,.F.);
#1880 = ORIENTED_EDGE('',*,*,#1198,.F.);
#1881 = PLANE('',#1882);
#1882 = AXIS2_PLACEMENT_3D('',#1883,#1884,#1885);
#1883 = CARTESIAN_POINT('',(-1.25,-1.15,0.15));
#1884 = DIRECTION('',(0.,0.,-1.));
#1885 = DIRECTION('',(1.,-1.144237745222E-17,0.));
#1886 = ADVANCED_FACE('',(#1887),#1898,.F.);
#1887 = FACE_BOUND('',#1888,.F.);
#1888 = EDGE_LOOP('',(#1889,#1895,#1896,#1897));
#1889 = ORIENTED_EDGE('',*,*,#1890,.T.);
#1890 = EDGE_CURVE('',#1183,#1275,#1891,.T.);
#1891 = LINE('',#1892,#1893);
#1892 = CARTESIAN_POINT('',(-1.25,-1.15,5.551115123126E-17));
#1893 = VECTOR('',#1894,1.);
#1894 = DIRECTION('',(1.144237745222E-17,1.,0.));
#1895 = ORIENTED_EDGE('',*,*,#1282,.T.);
#1896 = ORIENTED_EDGE('',*,*,#1873,.F.);
#1897 = ORIENTED_EDGE('',*,*,#1190,.F.);
#1898 = PLANE('',#1899);
#1899 = AXIS2_PLACEMENT_3D('',#1900,#1901,#1902);
#1900 = CARTESIAN_POINT('',(-1.25,-1.15,5.551115123126E-17));
#1901 = DIRECTION('',(1.,-1.144237745222E-17,0.));
#1902 = DIRECTION('',(0.,0.,1.));
#1903 = ADVANCED_FACE('',(#1904),#1915,.F.);
#1904 = FACE_BOUND('',#1905,.F.);
#1905 = EDGE_LOOP('',(#1906,#1912,#1913,#1914));
#1906 = ORIENTED_EDGE('',*,*,#1907,.T.);
#1907 = EDGE_CURVE('',#1174,#1266,#1908,.T.);
#1908 = LINE('',#1909,#1910);
#1909 = CARTESIAN_POINT('',(-1.089673570659,-1.15,5.551115123126E-17));
#1910 = VECTOR('',#1911,1.);
#1911 = DIRECTION('',(1.144237745222E-17,1.,0.));
#1912 = ORIENTED_EDGE('',*,*,#1274,.T.);
#1913 = ORIENTED_EDGE('',*,*,#1890,.F.);
#1914 = ORIENTED_EDGE('',*,*,#1182,.F.);
#1915 = PLANE('',#1916);
#1916 = AXIS2_PLACEMENT_3D('',#1917,#1918,#1919);
#1917 = CARTESIAN_POINT('',(-1.089673570659,-1.15,5.551115123126E-17));
#1918 = DIRECTION('',(0.,0.,1.));
#1919 = DIRECTION('',(-1.,1.144237745222E-17,0.));
#1920 = ADVANCED_FACE('',(#1921),#1927,.T.);
#1921 = FACE_BOUND('',#1922,.T.);
#1922 = EDGE_LOOP('',(#1923,#1924,#1925,#1926));
#1923 = ORIENTED_EDGE('',*,*,#1173,.T.);
#1924 = ORIENTED_EDGE('',*,*,#1907,.T.);
#1925 = ORIENTED_EDGE('',*,*,#1265,.F.);
#1926 = ORIENTED_EDGE('',*,*,#1247,.F.);
#1927 = CYLINDRICAL_SURFACE('',#1928,0.25);
#1928 = AXIS2_PLACEMENT_3D('',#1929,#1930,#1931);
#1929 = CARTESIAN_POINT('',(-1.089673570659,-1.15,0.25));
#1930 = DIRECTION('',(-1.144237745222E-17,-1.,0.));
#1931 = DIRECTION('',(0.984807753012,-1.126854202784E-17,-0.173648177667
    ));
#1932 = ADVANCED_FACE('',(#1933),#1944,.F.);
#1933 = FACE_BOUND('',#1934,.F.);
#1934 = EDGE_LOOP('',(#1935,#1941,#1942,#1943));
#1935 = ORIENTED_EDGE('',*,*,#1936,.T.);
#1936 = EDGE_CURVE('',#1391,#1483,#1937,.T.);
#1937 = LINE('',#1938,#1939);
#1938 = CARTESIAN_POINT('',(-0.991192795358,0.75,0.232635182233));
#1939 = VECTOR('',#1940,1.);
#1940 = DIRECTION('',(1.144237745222E-17,1.,0.));
#1941 = ORIENTED_EDGE('',*,*,#1491,.T.);
#1942 = ORIENTED_EDGE('',*,*,#1684,.F.);
#1943 = ORIENTED_EDGE('',*,*,#1399,.F.);
#1944 = PLANE('',#1945);
#1945 = AXIS2_PLACEMENT_3D('',#1946,#1947,#1948);
#1946 = CARTESIAN_POINT('',(-0.991192795358,0.75,0.232635182233));
#1947 = DIRECTION('',(0.987833053268,-1.130315865527E-17,-0.155518033909
    ));
#1948 = DIRECTION('',(0.155518033909,-1.779496044609E-18,0.987833053268)
  );
#1949 = ADVANCED_FACE('',(#1950),#1961,.F.);
#1950 = FACE_BOUND('',#1951,.F.);
#1951 = EDGE_LOOP('',(#1952,#1958,#1959,#1960));
#1952 = ORIENTED_EDGE('',*,*,#1953,.T.);
#1953 = EDGE_CURVE('',#1383,#1475,#1954,.T.);
#1954 = LINE('',#1955,#1956);
#1955 = CARTESIAN_POINT('',(-1.089673570659,0.75,0.15));
#1956 = VECTOR('',#1957,1.);
#1957 = DIRECTION('',(1.144237745222E-17,1.,0.));
#1958 = ORIENTED_EDGE('',*,*,#1482,.T.);
#1959 = ORIENTED_EDGE('',*,*,#1936,.F.);
#1960 = ORIENTED_EDGE('',*,*,#1390,.F.);
#1961 = CYLINDRICAL_SURFACE('',#1962,0.1);
#1962 = AXIS2_PLACEMENT_3D('',#1963,#1964,#1965);
#1963 = CARTESIAN_POINT('',(-1.089673570659,0.75,0.25));
#1964 = DIRECTION('',(-1.144237745222E-17,-1.,0.));
#1965 = DIRECTION('',(-2.22044604925E-15,2.540718180781E-32,-1.));
#1966 = ADVANCED_FACE('',(#1967),#1978,.F.);
#1967 = FACE_BOUND('',#1968,.F.);
#1968 = EDGE_LOOP('',(#1969,#1975,#1976,#1977));
#1969 = ORIENTED_EDGE('',*,*,#1970,.T.);
#1970 = EDGE_CURVE('',#1375,#1467,#1971,.T.);
#1971 = LINE('',#1972,#1973);
#1972 = CARTESIAN_POINT('',(-1.25,0.75,0.15));
#1973 = VECTOR('',#1974,1.);
#1974 = DIRECTION('',(1.144237745222E-17,1.,0.));
#1975 = ORIENTED_EDGE('',*,*,#1474,.T.);
#1976 = ORIENTED_EDGE('',*,*,#1953,.F.);
#1977 = ORIENTED_EDGE('',*,*,#1382,.F.);
#1978 = PLANE('',#1979);
#1979 = AXIS2_PLACEMENT_3D('',#1980,#1981,#1982);
#1980 = CARTESIAN_POINT('',(-1.25,0.75,0.15));
#1981 = DIRECTION('',(0.,0.,-1.));
#1982 = DIRECTION('',(1.,-1.144237745222E-17,0.));
#1983 = ADVANCED_FACE('',(#1984),#1995,.F.);
#1984 = FACE_BOUND('',#1985,.F.);
#1985 = EDGE_LOOP('',(#1986,#1992,#1993,#1994));
#1986 = ORIENTED_EDGE('',*,*,#1987,.T.);
#1987 = EDGE_CURVE('',#1367,#1459,#1988,.T.);
#1988 = LINE('',#1989,#1990);
#1989 = CARTESIAN_POINT('',(-1.25,0.75,5.551115123126E-17));
#1990 = VECTOR('',#1991,1.);
#1991 = DIRECTION('',(1.144237745222E-17,1.,0.));
#1992 = ORIENTED_EDGE('',*,*,#1466,.T.);
#1993 = ORIENTED_EDGE('',*,*,#1970,.F.);
#1994 = ORIENTED_EDGE('',*,*,#1374,.F.);
#1995 = PLANE('',#1996);
#1996 = AXIS2_PLACEMENT_3D('',#1997,#1998,#1999);
#1997 = CARTESIAN_POINT('',(-1.25,0.75,5.551115123126E-17));
#1998 = DIRECTION('',(1.,-1.144237745222E-17,0.));
#1999 = DIRECTION('',(0.,0.,1.));
#2000 = ADVANCED_FACE('',(#2001),#2012,.F.);
#2001 = FACE_BOUND('',#2002,.F.);
#2002 = EDGE_LOOP('',(#2003,#2009,#2010,#2011));
#2003 = ORIENTED_EDGE('',*,*,#2004,.T.);
#2004 = EDGE_CURVE('',#1358,#1450,#2005,.T.);
#2005 = LINE('',#2006,#2007);
#2006 = CARTESIAN_POINT('',(-1.089673570659,0.75,5.551115123126E-17));
#2007 = VECTOR('',#2008,1.);
#2008 = DIRECTION('',(1.144237745222E-17,1.,0.));
#2009 = ORIENTED_EDGE('',*,*,#1458,.T.);
#2010 = ORIENTED_EDGE('',*,*,#1987,.F.);
#2011 = ORIENTED_EDGE('',*,*,#1366,.F.);
#2012 = PLANE('',#2013);
#2013 = AXIS2_PLACEMENT_3D('',#2014,#2015,#2016);
#2014 = CARTESIAN_POINT('',(-1.089673570659,0.75,5.551115123126E-17));
#2015 = DIRECTION('',(0.,0.,1.));
#2016 = DIRECTION('',(-1.,1.144237745222E-17,0.));
#2017 = ADVANCED_FACE('',(#2018),#2024,.T.);
#2018 = FACE_BOUND('',#2019,.T.);
#2019 = EDGE_LOOP('',(#2020,#2021,#2022,#2023));
#2020 = ORIENTED_EDGE('',*,*,#1357,.T.);
#2021 = ORIENTED_EDGE('',*,*,#2004,.T.);
#2022 = ORIENTED_EDGE('',*,*,#1449,.F.);
#2023 = ORIENTED_EDGE('',*,*,#1431,.F.);
#2024 = CYLINDRICAL_SURFACE('',#2025,0.25);
#2025 = AXIS2_PLACEMENT_3D('',#2026,#2027,#2028);
#2026 = CARTESIAN_POINT('',(-1.089673570659,0.75,0.25));
#2027 = DIRECTION('',(-1.144237745222E-17,-1.,0.));
#2028 = DIRECTION('',(0.984807753012,-1.126854202784E-17,-0.173648177667
    ));
#2029 = ADVANCED_FACE('',(#2030),#2041,.F.);
#2030 = FACE_BOUND('',#2031,.F.);
#2031 = EDGE_LOOP('',(#2032,#2038,#2039,#2040));
#2032 = ORIENTED_EDGE('',*,*,#2033,.T.);
#2033 = EDGE_CURVE('',#1558,#1650,#2034,.T.);
#2034 = LINE('',#2035,#2036);
#2035 = CARTESIAN_POINT('',(0.991192795358,0.2,0.232635182233));
#2036 = VECTOR('',#2037,1.);
#2037 = DIRECTION('',(1.110223024625E-16,-1.,0.));
#2038 = ORIENTED_EDGE('',*,*,#1658,.T.);
#2039 = ORIENTED_EDGE('',*,*,#1796,.F.);
#2040 = ORIENTED_EDGE('',*,*,#1566,.F.);
#2041 = PLANE('',#2042);
#2042 = AXIS2_PLACEMENT_3D('',#2043,#2044,#2045);
#2043 = CARTESIAN_POINT('',(0.991192795358,0.2,0.232635182233));
#2044 = DIRECTION('',(-0.987833053268,-1.096715000224E-16,
    -0.155518033909));
#2045 = DIRECTION('',(-0.155518033909,-1.726597019897E-17,0.987833053268
    ));
#2046 = ADVANCED_FACE('',(#2047),#2058,.F.);
#2047 = FACE_BOUND('',#2048,.F.);
#2048 = EDGE_LOOP('',(#2049,#2055,#2056,#2057));
#2049 = ORIENTED_EDGE('',*,*,#2050,.T.);
#2050 = EDGE_CURVE('',#1550,#1642,#2051,.T.);
#2051 = LINE('',#2052,#2053);
#2052 = CARTESIAN_POINT('',(1.089673570659,0.2,0.15));
#2053 = VECTOR('',#2054,1.);
#2054 = DIRECTION('',(1.110223024625E-16,-1.,0.));
#2055 = ORIENTED_EDGE('',*,*,#1649,.T.);
#2056 = ORIENTED_EDGE('',*,*,#2033,.F.);
#2057 = ORIENTED_EDGE('',*,*,#1557,.F.);
#2058 = CYLINDRICAL_SURFACE('',#2059,0.1);
#2059 = AXIS2_PLACEMENT_3D('',#2060,#2061,#2062);
#2060 = CARTESIAN_POINT('',(1.089673570659,0.2,0.25));
#2061 = DIRECTION('',(-1.110223024625E-16,1.,0.));
#2062 = DIRECTION('',(2.22044604925E-15,2.465190328815E-31,-1.));
#2063 = ADVANCED_FACE('',(#2064),#2075,.F.);
#2064 = FACE_BOUND('',#2065,.F.);
#2065 = EDGE_LOOP('',(#2066,#2072,#2073,#2074));
#2066 = ORIENTED_EDGE('',*,*,#2067,.T.);
#2067 = EDGE_CURVE('',#1542,#1634,#2068,.T.);
#2068 = LINE('',#2069,#2070);
#2069 = CARTESIAN_POINT('',(1.25,0.2,0.15));
#2070 = VECTOR('',#2071,1.);
#2071 = DIRECTION('',(1.110223024625E-16,-1.,0.));
#2072 = ORIENTED_EDGE('',*,*,#1641,.T.);
#2073 = ORIENTED_EDGE('',*,*,#2050,.F.);
#2074 = ORIENTED_EDGE('',*,*,#1549,.F.);
#2075 = PLANE('',#2076);
#2076 = AXIS2_PLACEMENT_3D('',#2077,#2078,#2079);
#2077 = CARTESIAN_POINT('',(1.25,0.2,0.15));
#2078 = DIRECTION('',(0.,0.,-1.));
#2079 = DIRECTION('',(-1.,-1.110223024625E-16,-0.));
#2080 = ADVANCED_FACE('',(#2081),#2092,.F.);
#2081 = FACE_BOUND('',#2082,.F.);
#2082 = EDGE_LOOP('',(#2083,#2089,#2090,#2091));
#2083 = ORIENTED_EDGE('',*,*,#2084,.T.);
#2084 = EDGE_CURVE('',#1534,#1626,#2085,.T.);
#2085 = LINE('',#2086,#2087);
#2086 = CARTESIAN_POINT('',(1.25,0.2,5.551115123126E-17));
#2087 = VECTOR('',#2088,1.);
#2088 = DIRECTION('',(1.110223024625E-16,-1.,0.));
#2089 = ORIENTED_EDGE('',*,*,#1633,.T.);
#2090 = ORIENTED_EDGE('',*,*,#2067,.F.);
#2091 = ORIENTED_EDGE('',*,*,#1541,.F.);
#2092 = PLANE('',#2093);
#2093 = AXIS2_PLACEMENT_3D('',#2094,#2095,#2096);
#2094 = CARTESIAN_POINT('',(1.25,0.2,5.551115123126E-17));
#2095 = DIRECTION('',(-1.,-1.110223024625E-16,0.));
#2096 = DIRECTION('',(0.,0.,1.));
#2097 = ADVANCED_FACE('',(#2098),#2109,.F.);
#2098 = FACE_BOUND('',#2099,.F.);
#2099 = EDGE_LOOP('',(#2100,#2106,#2107,#2108));
#2100 = ORIENTED_EDGE('',*,*,#2101,.T.);
#2101 = EDGE_CURVE('',#1525,#1617,#2102,.T.);
#2102 = LINE('',#2103,#2104);
#2103 = CARTESIAN_POINT('',(1.089673570659,0.2,5.551115123126E-17));
#2104 = VECTOR('',#2105,1.);
#2105 = DIRECTION('',(1.110223024625E-16,-1.,0.));
#2106 = ORIENTED_EDGE('',*,*,#1625,.T.);
#2107 = ORIENTED_EDGE('',*,*,#2084,.F.);
#2108 = ORIENTED_EDGE('',*,*,#1533,.F.);
#2109 = PLANE('',#2110);
#2110 = AXIS2_PLACEMENT_3D('',#2111,#2112,#2113);
#2111 = CARTESIAN_POINT('',(1.089673570659,0.2,5.551115123126E-17));
#2112 = DIRECTION('',(0.,0.,1.));
#2113 = DIRECTION('',(1.,1.110223024625E-16,-0.));
#2114 = ADVANCED_FACE('',(#2115),#2121,.T.);
#2115 = FACE_BOUND('',#2116,.T.);
#2116 = EDGE_LOOP('',(#2117,#2118,#2119,#2120));
#2117 = ORIENTED_EDGE('',*,*,#1524,.T.);
#2118 = ORIENTED_EDGE('',*,*,#2101,.T.);
#2119 = ORIENTED_EDGE('',*,*,#1616,.F.);
#2120 = ORIENTED_EDGE('',*,*,#1598,.F.);
#2121 = CYLINDRICAL_SURFACE('',#2122,0.25);
#2122 = AXIS2_PLACEMENT_3D('',#2123,#2124,#2125);
#2123 = CARTESIAN_POINT('',(1.089673570659,0.2,0.25));
#2124 = DIRECTION('',(-1.110223024625E-16,1.,0.));
#2125 = DIRECTION('',(-0.984807753012,-1.093356242223E-16,
    -0.173648177667));
#2126 = ADVANCED_FACE('',(#2127),#2130,.F.);
#2127 = FACE_BOUND('',#2128,.T.);
#2128 = EDGE_LOOP('',(#2129));
#2129 = ORIENTED_EDGE('',*,*,#1744,.F.);
#2130 = PLANE('',#2131);
#2131 = AXIS2_PLACEMENT_3D('',#2132,#2133,#2134);
#2132 = CARTESIAN_POINT('',(-0.428243103516,1.228243103516,1.2));
#2133 = DIRECTION('',(0.,0.,-1.));
#2134 = DIRECTION('',(1.110223024625E-16,-1.,0.));
#2135 = ( GEOMETRIC_REPRESENTATION_CONTEXT(3) 
GLOBAL_UNCERTAINTY_ASSIGNED_CONTEXT((#2139)) 
GLOBAL_UNIT_ASSIGNED_CONTEXT((#2136,#2137,#2138)) REPRESENTATION_CONTEXT
('Context #1','3D Context with UNIT and UNCERTAINTY') );
#2136 = ( LENGTH_UNIT() NAMED_UNIT(*) SI_UNIT(.MILLI.,.METRE.) );
#2137 = ( NAMED_UNIT(*) PLANE_ANGLE_UNIT() SI_UNIT($,.RADIAN.) );
#2138 = ( NAMED_UNIT(*) SI_UNIT($,.STERADIAN.) SOLID_ANGLE_UNIT() );
#2139 = UNCERTAINTY_MEASURE_WITH_UNIT(LENGTH_MEASURE(1.E-07),#2136,
  'distance_accuracy_value','confusion accuracy');
#2140 = CONTEXT_DEPENDENT_SHAPE_REPRESENTATION(#2141,#2143);
#2141 = ( REPRESENTATION_RELATIONSHIP('','',#152,#10) 
REPRESENTATION_RELATIONSHIP_WITH_TRANSFORMATION(#2142) 
SHAPE_REPRESENTATION_RELATIONSHIP() );
#2142 = ITEM_DEFINED_TRANSFORMATION('','',#11,#15);
#2143 = PRODUCT_DEFINITION_SHAPE('Placement','Placement of an item',
  #2144);
#2144 = NEXT_ASSEMBLY_USAGE_OCCURRENCE('1','Q1','',#5,#147,$);
#2145 = PRODUCT_RELATED_PRODUCT_CATEGORY('part',$,(#149));
#2146 = SHAPE_DEFINITION_REPRESENTATION(#2147,#2153);
#2147 = PRODUCT_DEFINITION_SHAPE('','',#2148);
#2148 = PRODUCT_DEFINITION('design','',#2149,#2152);
#2149 = PRODUCT_DEFINITION_FORMATION('','',#2150);
#2150 = PRODUCT('R_0603_1608Metric','R_0603_1608Metric','',(#2151));
#2151 = PRODUCT_CONTEXT('',#2,'mechanical');
#2152 = PRODUCT_DEFINITION_CONTEXT('part definition',#2,'design');
#2153 = ADVANCED_BREP_SHAPE_REPRESENTATION('',(#11,#2154),#2944);
#2154 = MANIFOLD_SOLID_BREP('',#2155);
#2155 = CLOSED_SHELL('',(#2156,#2196,#2279,#2304,#2329,#2396,#2413,#2430
    ,#2479,#2496,#2513,#2562,#2579,#2648,#2679,#2703,#2772,#2796,#2813,
    #2830,#2847,#2864,#2881,#2898,#2915,#2932));
#2156 = ADVANCED_FACE('',(#2157),#2191,.F.);
#2157 = FACE_BOUND('',#2158,.F.);
#2158 = EDGE_LOOP('',(#2159,#2169,#2177,#2185));
#2159 = ORIENTED_EDGE('',*,*,#2160,.F.);
#2160 = EDGE_CURVE('',#2161,#2163,#2165,.T.);
#2161 = VERTEX_POINT('',#2162);
#2162 = CARTESIAN_POINT('',(-0.8,-0.4,4.5E-02));
#2163 = VERTEX_POINT('',#2164);
#2164 = CARTESIAN_POINT('',(-0.8,-0.4,0.405));
#2165 = LINE('',#2166,#2167);
#2166 = CARTESIAN_POINT('',(-0.8,-0.4,0.));
#2167 = VECTOR('',#2168,1.);
#2168 = DIRECTION('',(0.,0.,1.));
#2169 = ORIENTED_EDGE('',*,*,#2170,.T.);
#2170 = EDGE_CURVE('',#2161,#2171,#2173,.T.);
#2171 = VERTEX_POINT('',#2172);
#2172 = CARTESIAN_POINT('',(-0.8,0.4,4.5E-02));
#2173 = LINE('',#2174,#2175);
#2174 = CARTESIAN_POINT('',(-0.8,-0.4,4.5E-02));
#2175 = VECTOR('',#2176,1.);
#2176 = DIRECTION('',(0.,1.,0.));
#2177 = ORIENTED_EDGE('',*,*,#2178,.T.);
#2178 = EDGE_CURVE('',#2171,#2179,#2181,.T.);
#2179 = VERTEX_POINT('',#2180);
#2180 = CARTESIAN_POINT('',(-0.8,0.4,0.405));
#2181 = LINE('',#2182,#2183);
#2182 = CARTESIAN_POINT('',(-0.8,0.4,0.));
#2183 = VECTOR('',#2184,1.);
#2184 = DIRECTION('',(0.,0.,1.));
#2185 = ORIENTED_EDGE('',*,*,#2186,.F.);
#2186 = EDGE_CURVE('',#2163,#2179,#2187,.T.);
#2187 = LINE('',#2188,#2189);
#2188 = CARTESIAN_POINT('',(-0.8,-0.4,0.405));
#2189 = VECTOR('',#2190,1.);
#2190 = DIRECTION('',(0.,1.,0.));
#2191 = PLANE('',#2192);
#2192 = AXIS2_PLACEMENT_3D('',#2193,#2194,#2195);
#2193 = CARTESIAN_POINT('',(-0.8,-0.4,0.));
#2194 = DIRECTION('',(1.,0.,0.));
#2195 = DIRECTION('',(0.,0.,1.));
#2196 = ADVANCED_FACE('',(#2197),#2274,.F.);
#2197 = FACE_BOUND('',#2198,.F.);
#2198 = EDGE_LOOP('',(#2199,#2209,#2216,#2217,#2226,#2234,#2243,#2251,
    #2259,#2267));
#2199 = ORIENTED_EDGE('',*,*,#2200,.F.);
#2200 = EDGE_CURVE('',#2201,#2203,#2205,.T.);
#2201 = VERTEX_POINT('',#2202);
#2202 = CARTESIAN_POINT('',(-0.755,-0.4,-2.775557561563E-17));
#2203 = VERTEX_POINT('',#2204);
#2204 = CARTESIAN_POINT('',(-0.545,-0.4,-2.775557561563E-17));
#2205 = LINE('',#2206,#2207);
#2206 = CARTESIAN_POINT('',(-0.8,-0.4,0.));
#2207 = VECTOR('',#2208,1.);
#2208 = DIRECTION('',(1.,0.,0.));
#2209 = ORIENTED_EDGE('',*,*,#2210,.F.);
#2210 = EDGE_CURVE('',#2161,#2201,#2211,.T.);
#2211 = CIRCLE('',#2212,4.5E-02);
#2212 = AXIS2_PLACEMENT_3D('',#2213,#2214,#2215);
#2213 = CARTESIAN_POINT('',(-0.755,-0.4,4.5E-02));
#2214 = DIRECTION('',(0.,-1.,0.));
#2215 = DIRECTION('',(0.,0.,1.));
#2216 = ORIENTED_EDGE('',*,*,#2160,.T.);
#2217 = ORIENTED_EDGE('',*,*,#2218,.T.);
#2218 = EDGE_CURVE('',#2163,#2219,#2221,.T.);
#2219 = VERTEX_POINT('',#2220);
#2220 = CARTESIAN_POINT('',(-0.755,-0.4,0.45));
#2221 = CIRCLE('',#2222,4.5E-02);
#2222 = AXIS2_PLACEMENT_3D('',#2223,#2224,#2225);
#2223 = CARTESIAN_POINT('',(-0.755,-0.4,0.405));
#2224 = DIRECTION('',(0.,1.,0.));
#2225 = DIRECTION('',(0.,-0.,1.));
#2226 = ORIENTED_EDGE('',*,*,#2227,.T.);
#2227 = EDGE_CURVE('',#2219,#2228,#2230,.T.);
#2228 = VERTEX_POINT('',#2229);
#2229 = CARTESIAN_POINT('',(-0.545,-0.4,0.45));
#2230 = LINE('',#2231,#2232);
#2231 = CARTESIAN_POINT('',(-0.8,-0.4,0.45));
#2232 = VECTOR('',#2233,1.);
#2233 = DIRECTION('',(1.,0.,0.));
#2234 = ORIENTED_EDGE('',*,*,#2235,.F.);
#2235 = EDGE_CURVE('',#2236,#2228,#2238,.T.);
#2236 = VERTEX_POINT('',#2237);
#2237 = CARTESIAN_POINT('',(-0.5,-0.4,0.405));
#2238 = CIRCLE('',#2239,4.5E-02);
#2239 = AXIS2_PLACEMENT_3D('',#2240,#2241,#2242);
#2240 = CARTESIAN_POINT('',(-0.545,-0.4,0.405));
#2241 = DIRECTION('',(0.,-1.,0.));
#2242 = DIRECTION('',(0.,0.,1.));
#2243 = ORIENTED_EDGE('',*,*,#2244,.F.);
#2244 = EDGE_CURVE('',#2245,#2236,#2247,.T.);
#2245 = VERTEX_POINT('',#2246);
#2246 = CARTESIAN_POINT('',(-0.755,-0.4,0.405));
#2247 = LINE('',#2248,#2249);
#2248 = CARTESIAN_POINT('',(-0.755,-0.4,0.405));
#2249 = VECTOR('',#2250,1.);
#2250 = DIRECTION('',(1.,0.,0.));
#2251 = ORIENTED_EDGE('',*,*,#2252,.F.);
#2252 = EDGE_CURVE('',#2253,#2245,#2255,.T.);
#2253 = VERTEX_POINT('',#2254);
#2254 = CARTESIAN_POINT('',(-0.755,-0.4,4.5E-02));
#2255 = LINE('',#2256,#2257);
#2256 = CARTESIAN_POINT('',(-0.755,-0.4,4.5E-02));
#2257 = VECTOR('',#2258,1.);
#2258 = DIRECTION('',(0.,0.,1.));
#2259 = ORIENTED_EDGE('',*,*,#2260,.T.);
#2260 = EDGE_CURVE('',#2253,#2261,#2263,.T.);
#2261 = VERTEX_POINT('',#2262);
#2262 = CARTESIAN_POINT('',(-0.5,-0.4,4.5E-02));
#2263 = LINE('',#2264,#2265);
#2264 = CARTESIAN_POINT('',(-0.755,-0.4,4.5E-02));
#2265 = VECTOR('',#2266,1.);
#2266 = DIRECTION('',(1.,0.,0.));
#2267 = ORIENTED_EDGE('',*,*,#2268,.T.);
#2268 = EDGE_CURVE('',#2261,#2203,#2269,.T.);
#2269 = CIRCLE('',#2270,4.5E-02);
#2270 = AXIS2_PLACEMENT_3D('',#2271,#2272,#2273);
#2271 = CARTESIAN_POINT('',(-0.545,-0.4,4.5E-02));
#2272 = DIRECTION('',(0.,1.,0.));
#2273 = DIRECTION('',(0.,-0.,1.));
#2274 = PLANE('',#2275);
#2275 = AXIS2_PLACEMENT_3D('',#2276,#2277,#2278);
#2276 = CARTESIAN_POINT('',(-0.8,-0.4,0.));
#2277 = DIRECTION('',(0.,1.,0.));
#2278 = DIRECTION('',(0.,-0.,1.));
#2279 = ADVANCED_FACE('',(#2280),#2299,.T.);
#2280 = FACE_BOUND('',#2281,.T.);
#2281 = EDGE_LOOP('',(#2282,#2283,#2292,#2298));
#2282 = ORIENTED_EDGE('',*,*,#2170,.T.);
#2283 = ORIENTED_EDGE('',*,*,#2284,.T.);
#2284 = EDGE_CURVE('',#2171,#2285,#2287,.T.);
#2285 = VERTEX_POINT('',#2286);
#2286 = CARTESIAN_POINT('',(-0.755,0.4,-2.775557561563E-17));
#2287 = CIRCLE('',#2288,4.5E-02);
#2288 = AXIS2_PLACEMENT_3D('',#2289,#2290,#2291);
#2289 = CARTESIAN_POINT('',(-0.755,0.4,4.5E-02));
#2290 = DIRECTION('',(0.,-1.,0.));
#2291 = DIRECTION('',(0.,0.,1.));
#2292 = ORIENTED_EDGE('',*,*,#2293,.F.);
#2293 = EDGE_CURVE('',#2201,#2285,#2294,.T.);
#2294 = LINE('',#2295,#2296);
#2295 = CARTESIAN_POINT('',(-0.755,-0.4,-2.775557561563E-17));
#2296 = VECTOR('',#2297,1.);
#2297 = DIRECTION('',(0.,1.,0.));
#2298 = ORIENTED_EDGE('',*,*,#2210,.F.);
#2299 = CYLINDRICAL_SURFACE('',#2300,4.5E-02);
#2300 = AXIS2_PLACEMENT_3D('',#2301,#2302,#2303);
#2301 = CARTESIAN_POINT('',(-0.755,-0.4,4.5E-02));
#2302 = DIRECTION('',(0.,1.,0.));
#2303 = DIRECTION('',(-1.,0.,0.));
#2304 = ADVANCED_FACE('',(#2305),#2324,.T.);
#2305 = FACE_BOUND('',#2306,.T.);
#2306 = EDGE_LOOP('',(#2307,#2308,#2316,#2323));
#2307 = ORIENTED_EDGE('',*,*,#2218,.T.);
#2308 = ORIENTED_EDGE('',*,*,#2309,.T.);
#2309 = EDGE_CURVE('',#2219,#2310,#2312,.T.);
#2310 = VERTEX_POINT('',#2311);
#2311 = CARTESIAN_POINT('',(-0.755,0.4,0.45));
#2312 = LINE('',#2313,#2314);
#2313 = CARTESIAN_POINT('',(-0.755,-0.4,0.45));
#2314 = VECTOR('',#2315,1.);
#2315 = DIRECTION('',(0.,1.,0.));
#2316 = ORIENTED_EDGE('',*,*,#2317,.F.);
#2317 = EDGE_CURVE('',#2179,#2310,#2318,.T.);
#2318 = CIRCLE('',#2319,4.5E-02);
#2319 = AXIS2_PLACEMENT_3D('',#2320,#2321,#2322);
#2320 = CARTESIAN_POINT('',(-0.755,0.4,0.405));
#2321 = DIRECTION('',(0.,1.,0.));
#2322 = DIRECTION('',(0.,-0.,1.));
#2323 = ORIENTED_EDGE('',*,*,#2186,.F.);
#2324 = CYLINDRICAL_SURFACE('',#2325,4.5E-02);
#2325 = AXIS2_PLACEMENT_3D('',#2326,#2327,#2328);
#2326 = CARTESIAN_POINT('',(-0.755,-0.4,0.405));
#2327 = DIRECTION('',(0.,1.,0.));
#2328 = DIRECTION('',(-1.,0.,0.));
#2329 = ADVANCED_FACE('',(#2330),#2391,.T.);
#2330 = FACE_BOUND('',#2331,.T.);
#2331 = EDGE_LOOP('',(#2332,#2340,#2341,#2342,#2343,#2351,#2360,#2368,
    #2376,#2384));
#2332 = ORIENTED_EDGE('',*,*,#2333,.F.);
#2333 = EDGE_CURVE('',#2285,#2334,#2336,.T.);
#2334 = VERTEX_POINT('',#2335);
#2335 = CARTESIAN_POINT('',(-0.545,0.4,-2.775557561563E-17));
#2336 = LINE('',#2337,#2338);
#2337 = CARTESIAN_POINT('',(-0.8,0.4,0.));
#2338 = VECTOR('',#2339,1.);
#2339 = DIRECTION('',(1.,0.,0.));
#2340 = ORIENTED_EDGE('',*,*,#2284,.F.);
#2341 = ORIENTED_EDGE('',*,*,#2178,.T.);
#2342 = ORIENTED_EDGE('',*,*,#2317,.T.);
#2343 = ORIENTED_EDGE('',*,*,#2344,.T.);
#2344 = EDGE_CURVE('',#2310,#2345,#2347,.T.);
#2345 = VERTEX_POINT('',#2346);
#2346 = CARTESIAN_POINT('',(-0.545,0.4,0.45));
#2347 = LINE('',#2348,#2349);
#2348 = CARTESIAN_POINT('',(-0.8,0.4,0.45));
#2349 = VECTOR('',#2350,1.);
#2350 = DIRECTION('',(1.,0.,0.));
#2351 = ORIENTED_EDGE('',*,*,#2352,.F.);
#2352 = EDGE_CURVE('',#2353,#2345,#2355,.T.);
#2353 = VERTEX_POINT('',#2354);
#2354 = CARTESIAN_POINT('',(-0.5,0.4,0.405));
#2355 = CIRCLE('',#2356,4.5E-02);
#2356 = AXIS2_PLACEMENT_3D('',#2357,#2358,#2359);
#2357 = CARTESIAN_POINT('',(-0.545,0.4,0.405));
#2358 = DIRECTION('',(0.,-1.,0.));
#2359 = DIRECTION('',(0.,0.,1.));
#2360 = ORIENTED_EDGE('',*,*,#2361,.F.);
#2361 = EDGE_CURVE('',#2362,#2353,#2364,.T.);
#2362 = VERTEX_POINT('',#2363);
#2363 = CARTESIAN_POINT('',(-0.755,0.4,0.405));
#2364 = LINE('',#2365,#2366);
#2365 = CARTESIAN_POINT('',(-0.755,0.4,0.405));
#2366 = VECTOR('',#2367,1.);
#2367 = DIRECTION('',(1.,0.,0.));
#2368 = ORIENTED_EDGE('',*,*,#2369,.F.);
#2369 = EDGE_CURVE('',#2370,#2362,#2372,.T.);
#2370 = VERTEX_POINT('',#2371);
#2371 = CARTESIAN_POINT('',(-0.755,0.4,4.5E-02));
#2372 = LINE('',#2373,#2374);
#2373 = CARTESIAN_POINT('',(-0.755,0.4,4.5E-02));
#2374 = VECTOR('',#2375,1.);
#2375 = DIRECTION('',(0.,0.,1.));
#2376 = ORIENTED_EDGE('',*,*,#2377,.T.);
#2377 = EDGE_CURVE('',#2370,#2378,#2380,.T.);
#2378 = VERTEX_POINT('',#2379);
#2379 = CARTESIAN_POINT('',(-0.5,0.4,4.5E-02));
#2380 = LINE('',#2381,#2382);
#2381 = CARTESIAN_POINT('',(-0.755,0.4,4.5E-02));
#2382 = VECTOR('',#2383,1.);
#2383 = DIRECTION('',(1.,0.,0.));
#2384 = ORIENTED_EDGE('',*,*,#2385,.T.);
#2385 = EDGE_CURVE('',#2378,#2334,#2386,.T.);
#2386 = CIRCLE('',#2387,4.5E-02);
#2387 = AXIS2_PLACEMENT_3D('',#2388,#2389,#2390);
#2388 = CARTESIAN_POINT('',(-0.545,0.4,4.5E-02));
#2389 = DIRECTION('',(0.,1.,0.));
#2390 = DIRECTION('',(0.,-0.,1.));
#2391 = PLANE('',#2392);
#2392 = AXIS2_PLACEMENT_3D('',#2393,#2394,#2395);
#2393 = CARTESIAN_POINT('',(-0.8,0.4,0.));
#2394 = DIRECTION('',(0.,1.,0.));
#2395 = DIRECTION('',(0.,-0.,1.));
#2396 = ADVANCED_FACE('',(#2397),#2408,.F.);
#2397 = FACE_BOUND('',#2398,.F.);
#2398 = EDGE_LOOP('',(#2399,#2400,#2401,#2402));
#2399 = ORIENTED_EDGE('',*,*,#2333,.F.);
#2400 = ORIENTED_EDGE('',*,*,#2293,.F.);
#2401 = ORIENTED_EDGE('',*,*,#2200,.T.);
#2402 = ORIENTED_EDGE('',*,*,#2403,.T.);
#2403 = EDGE_CURVE('',#2203,#2334,#2404,.T.);
#2404 = LINE('',#2405,#2406);
#2405 = CARTESIAN_POINT('',(-0.545,-0.4,-2.775557561563E-17));
#2406 = VECTOR('',#2407,1.);
#2407 = DIRECTION('',(0.,1.,0.));
#2408 = PLANE('',#2409);
#2409 = AXIS2_PLACEMENT_3D('',#2410,#2411,#2412);
#2410 = CARTESIAN_POINT('',(-0.8,-0.4,0.));
#2411 = DIRECTION('',(0.,0.,1.));
#2412 = DIRECTION('',(1.,0.,-0.));
#2413 = ADVANCED_FACE('',(#2414),#2425,.T.);
#2414 = FACE_BOUND('',#2415,.T.);
#2415 = EDGE_LOOP('',(#2416,#2417,#2418,#2419));
#2416 = ORIENTED_EDGE('',*,*,#2268,.T.);
#2417 = ORIENTED_EDGE('',*,*,#2403,.T.);
#2418 = ORIENTED_EDGE('',*,*,#2385,.F.);
#2419 = ORIENTED_EDGE('',*,*,#2420,.F.);
#2420 = EDGE_CURVE('',#2261,#2378,#2421,.T.);
#2421 = LINE('',#2422,#2423);
#2422 = CARTESIAN_POINT('',(-0.5,-0.4,4.5E-02));
#2423 = VECTOR('',#2424,1.);
#2424 = DIRECTION('',(0.,1.,0.));
#2425 = CYLINDRICAL_SURFACE('',#2426,4.5E-02);
#2426 = AXIS2_PLACEMENT_3D('',#2427,#2428,#2429);
#2427 = CARTESIAN_POINT('',(-0.545,-0.4,4.5E-02));
#2428 = DIRECTION('',(0.,1.,0.));
#2429 = DIRECTION('',(1.,0.,0.));
#2430 = ADVANCED_FACE('',(#2431),#2474,.F.);
#2431 = FACE_BOUND('',#2432,.F.);
#2432 = EDGE_LOOP('',(#2433,#2434,#2435,#2436,#2444,#2452,#2460,#2468));
#2433 = ORIENTED_EDGE('',*,*,#2260,.F.);
#2434 = ORIENTED_EDGE('',*,*,#2252,.T.);
#2435 = ORIENTED_EDGE('',*,*,#2244,.T.);
#2436 = ORIENTED_EDGE('',*,*,#2437,.T.);
#2437 = EDGE_CURVE('',#2236,#2438,#2440,.T.);
#2438 = VERTEX_POINT('',#2439);
#2439 = CARTESIAN_POINT('',(0.5,-0.4,0.405));
#2440 = LINE('',#2441,#2442);
#2441 = CARTESIAN_POINT('',(-0.5,-0.4,0.405));
#2442 = VECTOR('',#2443,1.);
#2443 = DIRECTION('',(1.,0.,0.));
#2444 = ORIENTED_EDGE('',*,*,#2445,.T.);
#2445 = EDGE_CURVE('',#2438,#2446,#2448,.T.);
#2446 = VERTEX_POINT('',#2447);
#2447 = CARTESIAN_POINT('',(0.755,-0.4,0.405));
#2448 = LINE('',#2449,#2450);
#2449 = CARTESIAN_POINT('',(-0.755,-0.4,0.405));
#2450 = VECTOR('',#2451,1.);
#2451 = DIRECTION('',(1.,0.,0.));
#2452 = ORIENTED_EDGE('',*,*,#2453,.F.);
#2453 = EDGE_CURVE('',#2454,#2446,#2456,.T.);
#2454 = VERTEX_POINT('',#2455);
#2455 = CARTESIAN_POINT('',(0.755,-0.4,4.5E-02));
#2456 = LINE('',#2457,#2458);
#2457 = CARTESIAN_POINT('',(0.755,-0.4,4.5E-02));
#2458 = VECTOR('',#2459,1.);
#2459 = DIRECTION('',(0.,0.,1.));
#2460 = ORIENTED_EDGE('',*,*,#2461,.F.);
#2461 = EDGE_CURVE('',#2462,#2454,#2464,.T.);
#2462 = VERTEX_POINT('',#2463);
#2463 = CARTESIAN_POINT('',(0.5,-0.4,4.5E-02));
#2464 = LINE('',#2465,#2466);
#2465 = CARTESIAN_POINT('',(-0.755,-0.4,4.5E-02));
#2466 = VECTOR('',#2467,1.);
#2467 = DIRECTION('',(1.,0.,0.));
#2468 = ORIENTED_EDGE('',*,*,#2469,.F.);
#2469 = EDGE_CURVE('',#2261,#2462,#2470,.T.);
#2470 = LINE('',#2471,#2472);
#2471 = CARTESIAN_POINT('',(-0.755,-0.4,4.5E-02));
#2472 = VECTOR('',#2473,1.);
#2473 = DIRECTION('',(1.,0.,0.));
#2474 = PLANE('',#2475);
#2475 = AXIS2_PLACEMENT_3D('',#2476,#2477,#2478);
#2476 = CARTESIAN_POINT('',(-0.755,-0.4,4.5E-02));
#2477 = DIRECTION('',(0.,1.,0.));
#2478 = DIRECTION('',(0.,-0.,1.));
#2479 = ADVANCED_FACE('',(#2480),#2491,.T.);
#2480 = FACE_BOUND('',#2481,.T.);
#2481 = EDGE_LOOP('',(#2482,#2483,#2484,#2485));
#2482 = ORIENTED_EDGE('',*,*,#2344,.F.);
#2483 = ORIENTED_EDGE('',*,*,#2309,.F.);
#2484 = ORIENTED_EDGE('',*,*,#2227,.T.);
#2485 = ORIENTED_EDGE('',*,*,#2486,.T.);
#2486 = EDGE_CURVE('',#2228,#2345,#2487,.T.);
#2487 = LINE('',#2488,#2489);
#2488 = CARTESIAN_POINT('',(-0.545,-0.4,0.45));
#2489 = VECTOR('',#2490,1.);
#2490 = DIRECTION('',(0.,1.,0.));
#2491 = PLANE('',#2492);
#2492 = AXIS2_PLACEMENT_3D('',#2493,#2494,#2495);
#2493 = CARTESIAN_POINT('',(-0.8,-0.4,0.45));
#2494 = DIRECTION('',(0.,0.,1.));
#2495 = DIRECTION('',(1.,0.,-0.));
#2496 = ADVANCED_FACE('',(#2497),#2508,.T.);
#2497 = FACE_BOUND('',#2498,.T.);
#2498 = EDGE_LOOP('',(#2499,#2505,#2506,#2507));
#2499 = ORIENTED_EDGE('',*,*,#2500,.T.);
#2500 = EDGE_CURVE('',#2236,#2353,#2501,.T.);
#2501 = LINE('',#2502,#2503);
#2502 = CARTESIAN_POINT('',(-0.5,-0.4,0.405));
#2503 = VECTOR('',#2504,1.);
#2504 = DIRECTION('',(0.,1.,0.));
#2505 = ORIENTED_EDGE('',*,*,#2352,.T.);
#2506 = ORIENTED_EDGE('',*,*,#2486,.F.);
#2507 = ORIENTED_EDGE('',*,*,#2235,.F.);
#2508 = CYLINDRICAL_SURFACE('',#2509,4.5E-02);
#2509 = AXIS2_PLACEMENT_3D('',#2510,#2511,#2512);
#2510 = CARTESIAN_POINT('',(-0.545,-0.4,0.405));
#2511 = DIRECTION('',(0.,1.,0.));
#2512 = DIRECTION('',(1.,0.,0.));
#2513 = ADVANCED_FACE('',(#2514),#2557,.T.);
#2514 = FACE_BOUND('',#2515,.T.);
#2515 = EDGE_LOOP('',(#2516,#2517,#2518,#2519,#2527,#2535,#2543,#2551));
#2516 = ORIENTED_EDGE('',*,*,#2377,.F.);
#2517 = ORIENTED_EDGE('',*,*,#2369,.T.);
#2518 = ORIENTED_EDGE('',*,*,#2361,.T.);
#2519 = ORIENTED_EDGE('',*,*,#2520,.T.);
#2520 = EDGE_CURVE('',#2353,#2521,#2523,.T.);
#2521 = VERTEX_POINT('',#2522);
#2522 = CARTESIAN_POINT('',(0.5,0.4,0.405));
#2523 = LINE('',#2524,#2525);
#2524 = CARTESIAN_POINT('',(-0.5,0.4,0.405));
#2525 = VECTOR('',#2526,1.);
#2526 = DIRECTION('',(1.,0.,0.));
#2527 = ORIENTED_EDGE('',*,*,#2528,.T.);
#2528 = EDGE_CURVE('',#2521,#2529,#2531,.T.);
#2529 = VERTEX_POINT('',#2530);
#2530 = CARTESIAN_POINT('',(0.755,0.4,0.405));
#2531 = LINE('',#2532,#2533);
#2532 = CARTESIAN_POINT('',(-0.755,0.4,0.405));
#2533 = VECTOR('',#2534,1.);
#2534 = DIRECTION('',(1.,0.,0.));
#2535 = ORIENTED_EDGE('',*,*,#2536,.F.);
#2536 = EDGE_CURVE('',#2537,#2529,#2539,.T.);
#2537 = VERTEX_POINT('',#2538);
#2538 = CARTESIAN_POINT('',(0.755,0.4,4.5E-02));
#2539 = LINE('',#2540,#2541);
#2540 = CARTESIAN_POINT('',(0.755,0.4,4.5E-02));
#2541 = VECTOR('',#2542,1.);
#2542 = DIRECTION('',(0.,0.,1.));
#2543 = ORIENTED_EDGE('',*,*,#2544,.F.);
#2544 = EDGE_CURVE('',#2545,#2537,#2547,.T.);
#2545 = VERTEX_POINT('',#2546);
#2546 = CARTESIAN_POINT('',(0.5,0.4,4.5E-02));
#2547 = LINE('',#2548,#2549);
#2548 = CARTESIAN_POINT('',(-0.755,0.4,4.5E-02));
#2549 = VECTOR('',#2550,1.);
#2550 = DIRECTION('',(1.,0.,0.));
#2551 = ORIENTED_EDGE('',*,*,#2552,.F.);
#2552 = EDGE_CURVE('',#2378,#2545,#2553,.T.);
#2553 = LINE('',#2554,#2555);
#2554 = CARTESIAN_POINT('',(-0.755,0.4,4.5E-02));
#2555 = VECTOR('',#2556,1.);
#2556 = DIRECTION('',(1.,0.,0.));
#2557 = PLANE('',#2558);
#2558 = AXIS2_PLACEMENT_3D('',#2559,#2560,#2561);
#2559 = CARTESIAN_POINT('',(-0.755,0.4,4.5E-02));
#2560 = DIRECTION('',(0.,1.,0.));
#2561 = DIRECTION('',(0.,-0.,1.));
#2562 = ADVANCED_FACE('',(#2563),#2574,.F.);
#2563 = FACE_BOUND('',#2564,.F.);
#2564 = EDGE_LOOP('',(#2565,#2566,#2567,#2573));
#2565 = ORIENTED_EDGE('',*,*,#2420,.F.);
#2566 = ORIENTED_EDGE('',*,*,#2469,.T.);
#2567 = ORIENTED_EDGE('',*,*,#2568,.T.);
#2568 = EDGE_CURVE('',#2462,#2545,#2569,.T.);
#2569 = LINE('',#2570,#2571);
#2570 = CARTESIAN_POINT('',(0.5,-0.4,4.5E-02));
#2571 = VECTOR('',#2572,1.);
#2572 = DIRECTION('',(0.,1.,0.));
#2573 = ORIENTED_EDGE('',*,*,#2552,.F.);
#2574 = PLANE('',#2575);
#2575 = AXIS2_PLACEMENT_3D('',#2576,#2577,#2578);
#2576 = CARTESIAN_POINT('',(-0.755,-0.4,4.5E-02));
#2577 = DIRECTION('',(0.,0.,1.));
#2578 = DIRECTION('',(1.,0.,-0.));
#2579 = ADVANCED_FACE('',(#2580),#2643,.F.);
#2580 = FACE_BOUND('',#2581,.F.);
#2581 = EDGE_LOOP('',(#2582,#2592,#2599,#2600,#2601,#2602,#2611,#2619,
    #2628,#2636));
#2582 = ORIENTED_EDGE('',*,*,#2583,.F.);
#2583 = EDGE_CURVE('',#2584,#2586,#2588,.T.);
#2584 = VERTEX_POINT('',#2585);
#2585 = CARTESIAN_POINT('',(0.545,-0.4,-2.775557561563E-17));
#2586 = VERTEX_POINT('',#2587);
#2587 = CARTESIAN_POINT('',(0.755,-0.4,-2.775557561563E-17));
#2588 = LINE('',#2589,#2590);
#2589 = CARTESIAN_POINT('',(0.5,-0.4,0.));
#2590 = VECTOR('',#2591,1.);
#2591 = DIRECTION('',(1.,0.,0.));
#2592 = ORIENTED_EDGE('',*,*,#2593,.F.);
#2593 = EDGE_CURVE('',#2462,#2584,#2594,.T.);
#2594 = CIRCLE('',#2595,4.5E-02);
#2595 = AXIS2_PLACEMENT_3D('',#2596,#2597,#2598);
#2596 = CARTESIAN_POINT('',(0.545,-0.4,4.5E-02));
#2597 = DIRECTION('',(0.,-1.,0.));
#2598 = DIRECTION('',(0.,0.,1.));
#2599 = ORIENTED_EDGE('',*,*,#2461,.T.);
#2600 = ORIENTED_EDGE('',*,*,#2453,.T.);
#2601 = ORIENTED_EDGE('',*,*,#2445,.F.);
#2602 = ORIENTED_EDGE('',*,*,#2603,.T.);
#2603 = EDGE_CURVE('',#2438,#2604,#2606,.T.);
#2604 = VERTEX_POINT('',#2605);
#2605 = CARTESIAN_POINT('',(0.545,-0.4,0.45));
#2606 = CIRCLE('',#2607,4.5E-02);
#2607 = AXIS2_PLACEMENT_3D('',#2608,#2609,#2610);
#2608 = CARTESIAN_POINT('',(0.545,-0.4,0.405));
#2609 = DIRECTION('',(0.,1.,0.));
#2610 = DIRECTION('',(0.,-0.,1.));
#2611 = ORIENTED_EDGE('',*,*,#2612,.T.);
#2612 = EDGE_CURVE('',#2604,#2613,#2615,.T.);
#2613 = VERTEX_POINT('',#2614);
#2614 = CARTESIAN_POINT('',(0.755,-0.4,0.45));
#2615 = LINE('',#2616,#2617);
#2616 = CARTESIAN_POINT('',(0.5,-0.4,0.45));
#2617 = VECTOR('',#2618,1.);
#2618 = DIRECTION('',(1.,0.,0.));
#2619 = ORIENTED_EDGE('',*,*,#2620,.F.);
#2620 = EDGE_CURVE('',#2621,#2613,#2623,.T.);
#2621 = VERTEX_POINT('',#2622);
#2622 = CARTESIAN_POINT('',(0.8,-0.4,0.405));
#2623 = CIRCLE('',#2624,4.5E-02);
#2624 = AXIS2_PLACEMENT_3D('',#2625,#2626,#2627);
#2625 = CARTESIAN_POINT('',(0.755,-0.4,0.405));
#2626 = DIRECTION('',(0.,-1.,0.));
#2627 = DIRECTION('',(0.,0.,1.));
#2628 = ORIENTED_EDGE('',*,*,#2629,.F.);
#2629 = EDGE_CURVE('',#2630,#2621,#2632,.T.);
#2630 = VERTEX_POINT('',#2631);
#2631 = CARTESIAN_POINT('',(0.8,-0.4,4.5E-02));
#2632 = LINE('',#2633,#2634);
#2633 = CARTESIAN_POINT('',(0.8,-0.4,0.));
#2634 = VECTOR('',#2635,1.);
#2635 = DIRECTION('',(0.,0.,1.));
#2636 = ORIENTED_EDGE('',*,*,#2637,.T.);
#2637 = EDGE_CURVE('',#2630,#2586,#2638,.T.);
#2638 = CIRCLE('',#2639,4.5E-02);
#2639 = AXIS2_PLACEMENT_3D('',#2640,#2641,#2642);
#2640 = CARTESIAN_POINT('',(0.755,-0.4,4.5E-02));
#2641 = DIRECTION('',(0.,1.,0.));
#2642 = DIRECTION('',(0.,-0.,1.));
#2643 = PLANE('',#2644);
#2644 = AXIS2_PLACEMENT_3D('',#2645,#2646,#2647);
#2645 = CARTESIAN_POINT('',(0.5,-0.4,0.));
#2646 = DIRECTION('',(0.,1.,0.));
#2647 = DIRECTION('',(0.,-0.,1.));
#2648 = ADVANCED_FACE('',(#2649),#2674,.F.);
#2649 = FACE_BOUND('',#2650,.F.);
#2650 = EDGE_LOOP('',(#2651,#2652,#2660,#2668));
#2651 = ORIENTED_EDGE('',*,*,#2437,.F.);
#2652 = ORIENTED_EDGE('',*,*,#2653,.T.);
#2653 = EDGE_CURVE('',#2236,#2654,#2656,.T.);
#2654 = VERTEX_POINT('',#2655);
#2655 = CARTESIAN_POINT('',(-0.5,-0.4,0.45));
#2656 = LINE('',#2657,#2658);
#2657 = CARTESIAN_POINT('',(-0.5,-0.4,0.405));
#2658 = VECTOR('',#2659,1.);
#2659 = DIRECTION('',(0.,0.,1.));
#2660 = ORIENTED_EDGE('',*,*,#2661,.T.);
#2661 = EDGE_CURVE('',#2654,#2662,#2664,.T.);
#2662 = VERTEX_POINT('',#2663);
#2663 = CARTESIAN_POINT('',(0.5,-0.4,0.45));
#2664 = LINE('',#2665,#2666);
#2665 = CARTESIAN_POINT('',(-0.5,-0.4,0.45));
#2666 = VECTOR('',#2667,1.);
#2667 = DIRECTION('',(1.,0.,0.));
#2668 = ORIENTED_EDGE('',*,*,#2669,.F.);
#2669 = EDGE_CURVE('',#2438,#2662,#2670,.T.);
#2670 = LINE('',#2671,#2672);
#2671 = CARTESIAN_POINT('',(0.5,-0.4,0.405));
#2672 = VECTOR('',#2673,1.);
#2673 = DIRECTION('',(0.,0.,1.));
#2674 = PLANE('',#2675);
#2675 = AXIS2_PLACEMENT_3D('',#2676,#2677,#2678);
#2676 = CARTESIAN_POINT('',(-0.5,-0.4,0.405));
#2677 = DIRECTION('',(0.,1.,0.));
#2678 = DIRECTION('',(0.,-0.,1.));
#2679 = ADVANCED_FACE('',(#2680),#2698,.F.);
#2680 = FACE_BOUND('',#2681,.F.);
#2681 = EDGE_LOOP('',(#2682,#2683,#2684,#2692));
#2682 = ORIENTED_EDGE('',*,*,#2653,.F.);
#2683 = ORIENTED_EDGE('',*,*,#2500,.T.);
#2684 = ORIENTED_EDGE('',*,*,#2685,.T.);
#2685 = EDGE_CURVE('',#2353,#2686,#2688,.T.);
#2686 = VERTEX_POINT('',#2687);
#2687 = CARTESIAN_POINT('',(-0.5,0.4,0.45));
#2688 = LINE('',#2689,#2690);
#2689 = CARTESIAN_POINT('',(-0.5,0.4,0.405));
#2690 = VECTOR('',#2691,1.);
#2691 = DIRECTION('',(0.,0.,1.));
#2692 = ORIENTED_EDGE('',*,*,#2693,.F.);
#2693 = EDGE_CURVE('',#2654,#2686,#2694,.T.);
#2694 = LINE('',#2695,#2696);
#2695 = CARTESIAN_POINT('',(-0.5,-0.4,0.45));
#2696 = VECTOR('',#2697,1.);
#2697 = DIRECTION('',(0.,1.,0.));
#2698 = PLANE('',#2699);
#2699 = AXIS2_PLACEMENT_3D('',#2700,#2701,#2702);
#2700 = CARTESIAN_POINT('',(-0.5,-0.4,0.405));
#2701 = DIRECTION('',(1.,0.,0.));
#2702 = DIRECTION('',(0.,0.,1.));
#2703 = ADVANCED_FACE('',(#2704),#2767,.T.);
#2704 = FACE_BOUND('',#2705,.T.);
#2705 = EDGE_LOOP('',(#2706,#2716,#2723,#2724,#2725,#2726,#2735,#2743,
    #2752,#2760));
#2706 = ORIENTED_EDGE('',*,*,#2707,.F.);
#2707 = EDGE_CURVE('',#2708,#2710,#2712,.T.);
#2708 = VERTEX_POINT('',#2709);
#2709 = CARTESIAN_POINT('',(0.545,0.4,-2.775557561563E-17));
#2710 = VERTEX_POINT('',#2711);
#2711 = CARTESIAN_POINT('',(0.755,0.4,-2.775557561563E-17));
#2712 = LINE('',#2713,#2714);
#2713 = CARTESIAN_POINT('',(0.5,0.4,0.));
#2714 = VECTOR('',#2715,1.);
#2715 = DIRECTION('',(1.,0.,0.));
#2716 = ORIENTED_EDGE('',*,*,#2717,.F.);
#2717 = EDGE_CURVE('',#2545,#2708,#2718,.T.);
#2718 = CIRCLE('',#2719,4.5E-02);
#2719 = AXIS2_PLACEMENT_3D('',#2720,#2721,#2722);
#2720 = CARTESIAN_POINT('',(0.545,0.4,4.5E-02));
#2721 = DIRECTION('',(0.,-1.,0.));
#2722 = DIRECTION('',(0.,0.,1.));
#2723 = ORIENTED_EDGE('',*,*,#2544,.T.);
#2724 = ORIENTED_EDGE('',*,*,#2536,.T.);
#2725 = ORIENTED_EDGE('',*,*,#2528,.F.);
#2726 = ORIENTED_EDGE('',*,*,#2727,.T.);
#2727 = EDGE_CURVE('',#2521,#2728,#2730,.T.);
#2728 = VERTEX_POINT('',#2729);
#2729 = CARTESIAN_POINT('',(0.545,0.4,0.45));
#2730 = CIRCLE('',#2731,4.5E-02);
#2731 = AXIS2_PLACEMENT_3D('',#2732,#2733,#2734);
#2732 = CARTESIAN_POINT('',(0.545,0.4,0.405));
#2733 = DIRECTION('',(0.,1.,0.));
#2734 = DIRECTION('',(0.,-0.,1.));
#2735 = ORIENTED_EDGE('',*,*,#2736,.T.);
#2736 = EDGE_CURVE('',#2728,#2737,#2739,.T.);
#2737 = VERTEX_POINT('',#2738);
#2738 = CARTESIAN_POINT('',(0.755,0.4,0.45));
#2739 = LINE('',#2740,#2741);
#2740 = CARTESIAN_POINT('',(0.5,0.4,0.45));
#2741 = VECTOR('',#2742,1.);
#2742 = DIRECTION('',(1.,0.,0.));
#2743 = ORIENTED_EDGE('',*,*,#2744,.F.);
#2744 = EDGE_CURVE('',#2745,#2737,#2747,.T.);
#2745 = VERTEX_POINT('',#2746);
#2746 = CARTESIAN_POINT('',(0.8,0.4,0.405));
#2747 = CIRCLE('',#2748,4.5E-02);
#2748 = AXIS2_PLACEMENT_3D('',#2749,#2750,#2751);
#2749 = CARTESIAN_POINT('',(0.755,0.4,0.405));
#2750 = DIRECTION('',(0.,-1.,0.));
#2751 = DIRECTION('',(0.,0.,1.));
#2752 = ORIENTED_EDGE('',*,*,#2753,.F.);
#2753 = EDGE_CURVE('',#2754,#2745,#2756,.T.);
#2754 = VERTEX_POINT('',#2755);
#2755 = CARTESIAN_POINT('',(0.8,0.4,4.5E-02));
#2756 = LINE('',#2757,#2758);
#2757 = CARTESIAN_POINT('',(0.8,0.4,0.));
#2758 = VECTOR('',#2759,1.);
#2759 = DIRECTION('',(0.,0.,1.));
#2760 = ORIENTED_EDGE('',*,*,#2761,.T.);
#2761 = EDGE_CURVE('',#2754,#2710,#2762,.T.);
#2762 = CIRCLE('',#2763,4.5E-02);
#2763 = AXIS2_PLACEMENT_3D('',#2764,#2765,#2766);
#2764 = CARTESIAN_POINT('',(0.755,0.4,4.5E-02));
#2765 = DIRECTION('',(0.,1.,0.));
#2766 = DIRECTION('',(0.,-0.,1.));
#2767 = PLANE('',#2768);
#2768 = AXIS2_PLACEMENT_3D('',#2769,#2770,#2771);
#2769 = CARTESIAN_POINT('',(0.5,0.4,0.));
#2770 = DIRECTION('',(0.,1.,0.));
#2771 = DIRECTION('',(0.,-0.,1.));
#2772 = ADVANCED_FACE('',(#2773),#2791,.T.);
#2773 = FACE_BOUND('',#2774,.T.);
#2774 = EDGE_LOOP('',(#2775,#2776,#2777,#2785));
#2775 = ORIENTED_EDGE('',*,*,#2520,.F.);
#2776 = ORIENTED_EDGE('',*,*,#2685,.T.);
#2777 = ORIENTED_EDGE('',*,*,#2778,.T.);
#2778 = EDGE_CURVE('',#2686,#2779,#2781,.T.);
#2779 = VERTEX_POINT('',#2780);
#2780 = CARTESIAN_POINT('',(0.5,0.4,0.45));
#2781 = LINE('',#2782,#2783);
#2782 = CARTESIAN_POINT('',(-0.5,0.4,0.45));
#2783 = VECTOR('',#2784,1.);
#2784 = DIRECTION('',(1.,0.,0.));
#2785 = ORIENTED_EDGE('',*,*,#2786,.F.);
#2786 = EDGE_CURVE('',#2521,#2779,#2787,.T.);
#2787 = LINE('',#2788,#2789);
#2788 = CARTESIAN_POINT('',(0.5,0.4,0.405));
#2789 = VECTOR('',#2790,1.);
#2790 = DIRECTION('',(0.,0.,1.));
#2791 = PLANE('',#2792);
#2792 = AXIS2_PLACEMENT_3D('',#2793,#2794,#2795);
#2793 = CARTESIAN_POINT('',(-0.5,0.4,0.405));
#2794 = DIRECTION('',(0.,1.,0.));
#2795 = DIRECTION('',(0.,-0.,1.));
#2796 = ADVANCED_FACE('',(#2797),#2808,.T.);
#2797 = FACE_BOUND('',#2798,.T.);
#2798 = EDGE_LOOP('',(#2799,#2800,#2801,#2807));
#2799 = ORIENTED_EDGE('',*,*,#2568,.T.);
#2800 = ORIENTED_EDGE('',*,*,#2717,.T.);
#2801 = ORIENTED_EDGE('',*,*,#2802,.F.);
#2802 = EDGE_CURVE('',#2584,#2708,#2803,.T.);
#2803 = LINE('',#2804,#2805);
#2804 = CARTESIAN_POINT('',(0.545,-0.4,-2.775557561563E-17));
#2805 = VECTOR('',#2806,1.);
#2806 = DIRECTION('',(0.,1.,0.));
#2807 = ORIENTED_EDGE('',*,*,#2593,.F.);
#2808 = CYLINDRICAL_SURFACE('',#2809,4.5E-02);
#2809 = AXIS2_PLACEMENT_3D('',#2810,#2811,#2812);
#2810 = CARTESIAN_POINT('',(0.545,-0.4,4.5E-02));
#2811 = DIRECTION('',(0.,1.,0.));
#2812 = DIRECTION('',(-1.,0.,0.));
#2813 = ADVANCED_FACE('',(#2814),#2825,.F.);
#2814 = FACE_BOUND('',#2815,.F.);
#2815 = EDGE_LOOP('',(#2816,#2817,#2818,#2819));
#2816 = ORIENTED_EDGE('',*,*,#2707,.F.);
#2817 = ORIENTED_EDGE('',*,*,#2802,.F.);
#2818 = ORIENTED_EDGE('',*,*,#2583,.T.);
#2819 = ORIENTED_EDGE('',*,*,#2820,.T.);
#2820 = EDGE_CURVE('',#2586,#2710,#2821,.T.);
#2821 = LINE('',#2822,#2823);
#2822 = CARTESIAN_POINT('',(0.755,-0.4,-2.775557561563E-17));
#2823 = VECTOR('',#2824,1.);
#2824 = DIRECTION('',(0.,1.,0.));
#2825 = PLANE('',#2826);
#2826 = AXIS2_PLACEMENT_3D('',#2827,#2828,#2829);
#2827 = CARTESIAN_POINT('',(0.5,-0.4,0.));
#2828 = DIRECTION('',(0.,0.,1.));
#2829 = DIRECTION('',(1.,0.,-0.));
#2830 = ADVANCED_FACE('',(#2831),#2842,.T.);
#2831 = FACE_BOUND('',#2832,.T.);
#2832 = EDGE_LOOP('',(#2833,#2834,#2835,#2836));
#2833 = ORIENTED_EDGE('',*,*,#2637,.T.);
#2834 = ORIENTED_EDGE('',*,*,#2820,.T.);
#2835 = ORIENTED_EDGE('',*,*,#2761,.F.);
#2836 = ORIENTED_EDGE('',*,*,#2837,.F.);
#2837 = EDGE_CURVE('',#2630,#2754,#2838,.T.);
#2838 = LINE('',#2839,#2840);
#2839 = CARTESIAN_POINT('',(0.8,-0.4,4.5E-02));
#2840 = VECTOR('',#2841,1.);
#2841 = DIRECTION('',(0.,1.,0.));
#2842 = CYLINDRICAL_SURFACE('',#2843,4.5E-02);
#2843 = AXIS2_PLACEMENT_3D('',#2844,#2845,#2846);
#2844 = CARTESIAN_POINT('',(0.755,-0.4,4.5E-02));
#2845 = DIRECTION('',(0.,1.,0.));
#2846 = DIRECTION('',(1.,0.,0.));
#2847 = ADVANCED_FACE('',(#2848),#2859,.T.);
#2848 = FACE_BOUND('',#2849,.T.);
#2849 = EDGE_LOOP('',(#2850,#2851,#2852,#2853));
#2850 = ORIENTED_EDGE('',*,*,#2629,.F.);
#2851 = ORIENTED_EDGE('',*,*,#2837,.T.);
#2852 = ORIENTED_EDGE('',*,*,#2753,.T.);
#2853 = ORIENTED_EDGE('',*,*,#2854,.F.);
#2854 = EDGE_CURVE('',#2621,#2745,#2855,.T.);
#2855 = LINE('',#2856,#2857);
#2856 = CARTESIAN_POINT('',(0.8,-0.4,0.405));
#2857 = VECTOR('',#2858,1.);
#2858 = DIRECTION('',(0.,1.,0.));
#2859 = PLANE('',#2860);
#2860 = AXIS2_PLACEMENT_3D('',#2861,#2862,#2863);
#2861 = CARTESIAN_POINT('',(0.8,-0.4,0.));
#2862 = DIRECTION('',(1.,0.,0.));
#2863 = DIRECTION('',(0.,0.,1.));
#2864 = ADVANCED_FACE('',(#2865),#2876,.T.);
#2865 = FACE_BOUND('',#2866,.T.);
#2866 = EDGE_LOOP('',(#2867,#2868,#2869,#2875));
#2867 = ORIENTED_EDGE('',*,*,#2854,.T.);
#2868 = ORIENTED_EDGE('',*,*,#2744,.T.);
#2869 = ORIENTED_EDGE('',*,*,#2870,.F.);
#2870 = EDGE_CURVE('',#2613,#2737,#2871,.T.);
#2871 = LINE('',#2872,#2873);
#2872 = CARTESIAN_POINT('',(0.755,-0.4,0.45));
#2873 = VECTOR('',#2874,1.);
#2874 = DIRECTION('',(0.,1.,0.));
#2875 = ORIENTED_EDGE('',*,*,#2620,.F.);
#2876 = CYLINDRICAL_SURFACE('',#2877,4.5E-02);
#2877 = AXIS2_PLACEMENT_3D('',#2878,#2879,#2880);
#2878 = CARTESIAN_POINT('',(0.755,-0.4,0.405));
#2879 = DIRECTION('',(0.,1.,0.));
#2880 = DIRECTION('',(1.,0.,0.));
#2881 = ADVANCED_FACE('',(#2882),#2893,.T.);
#2882 = FACE_BOUND('',#2883,.T.);
#2883 = EDGE_LOOP('',(#2884,#2885,#2891,#2892));
#2884 = ORIENTED_EDGE('',*,*,#2736,.F.);
#2885 = ORIENTED_EDGE('',*,*,#2886,.F.);
#2886 = EDGE_CURVE('',#2604,#2728,#2887,.T.);
#2887 = LINE('',#2888,#2889);
#2888 = CARTESIAN_POINT('',(0.545,-0.4,0.45));
#2889 = VECTOR('',#2890,1.);
#2890 = DIRECTION('',(0.,1.,0.));
#2891 = ORIENTED_EDGE('',*,*,#2612,.T.);
#2892 = ORIENTED_EDGE('',*,*,#2870,.T.);
#2893 = PLANE('',#2894);
#2894 = AXIS2_PLACEMENT_3D('',#2895,#2896,#2897);
#2895 = CARTESIAN_POINT('',(0.5,-0.4,0.45));
#2896 = DIRECTION('',(0.,0.,1.));
#2897 = DIRECTION('',(1.,0.,-0.));
#2898 = ADVANCED_FACE('',(#2899),#2910,.T.);
#2899 = FACE_BOUND('',#2900,.T.);
#2900 = EDGE_LOOP('',(#2901,#2902,#2903,#2904));
#2901 = ORIENTED_EDGE('',*,*,#2603,.T.);
#2902 = ORIENTED_EDGE('',*,*,#2886,.T.);
#2903 = ORIENTED_EDGE('',*,*,#2727,.F.);
#2904 = ORIENTED_EDGE('',*,*,#2905,.F.);
#2905 = EDGE_CURVE('',#2438,#2521,#2906,.T.);
#2906 = LINE('',#2907,#2908);
#2907 = CARTESIAN_POINT('',(0.5,-0.4,0.405));
#2908 = VECTOR('',#2909,1.);
#2909 = DIRECTION('',(0.,1.,0.));
#2910 = CYLINDRICAL_SURFACE('',#2911,4.5E-02);
#2911 = AXIS2_PLACEMENT_3D('',#2912,#2913,#2914);
#2912 = CARTESIAN_POINT('',(0.545,-0.4,0.405));
#2913 = DIRECTION('',(0.,1.,0.));
#2914 = DIRECTION('',(-1.,0.,0.));
#2915 = ADVANCED_FACE('',(#2916),#2927,.T.);
#2916 = FACE_BOUND('',#2917,.T.);
#2917 = EDGE_LOOP('',(#2918,#2919,#2920,#2921));
#2918 = ORIENTED_EDGE('',*,*,#2669,.F.);
#2919 = ORIENTED_EDGE('',*,*,#2905,.T.);
#2920 = ORIENTED_EDGE('',*,*,#2786,.T.);
#2921 = ORIENTED_EDGE('',*,*,#2922,.F.);
#2922 = EDGE_CURVE('',#2662,#2779,#2923,.T.);
#2923 = LINE('',#2924,#2925);
#2924 = CARTESIAN_POINT('',(0.5,-0.4,0.45));
#2925 = VECTOR('',#2926,1.);
#2926 = DIRECTION('',(0.,1.,0.));
#2927 = PLANE('',#2928);
#2928 = AXIS2_PLACEMENT_3D('',#2929,#2930,#2931);
#2929 = CARTESIAN_POINT('',(0.5,-0.4,0.405));
#2930 = DIRECTION('',(1.,0.,0.));
#2931 = DIRECTION('',(0.,0.,1.));
#2932 = ADVANCED_FACE('',(#2933),#2939,.T.);
#2933 = FACE_BOUND('',#2934,.T.);
#2934 = EDGE_LOOP('',(#2935,#2936,#2937,#2938));
#2935 = ORIENTED_EDGE('',*,*,#2693,.F.);
#2936 = ORIENTED_EDGE('',*,*,#2661,.T.);
#2937 = ORIENTED_EDGE('',*,*,#2922,.T.);
#2938 = ORIENTED_EDGE('',*,*,#2778,.F.);
#2939 = PLANE('',#2940);
#2940 = AXIS2_PLACEMENT_3D('',#2941,#2942,#2943);
#2941 = CARTESIAN_POINT('',(-0.5,-0.4,0.45));
#2942 = DIRECTION('',(0.,0.,1.));
#2943 = DIRECTION('',(1.,0.,-0.));
#2944 = ( GEOMETRIC_REPRESENTATION_CONTEXT(3) 
GLOBAL_UNCERTAINTY_ASSIGNED_CONTEXT((#2948)) 
GLOBAL_UNIT_ASSIGNED_CONTEXT((#2945,#2946,#2947)) REPRESENTATION_CONTEXT
('Context #1','3D Context with UNIT and UNCERTAINTY') );
#2945 = ( LENGTH_UNIT() NAMED_UNIT(*) SI_UNIT(.MILLI.,.METRE.) );
#2946 = ( NAMED_UNIT(*) PLANE_ANGLE_UNIT() SI_UNIT($,.RADIAN.) );
#2947 = ( NAMED_UNIT(*) SI_UNIT($,.STERADIAN.) SOLID_ANGLE_UNIT() );
#2948 = UNCERTAINTY_MEASURE_WITH_UNIT(LENGTH_MEASURE(1.E-07),#2945,
  'distance_accuracy_value','confusion accuracy');
#2949 = CONTEXT_DEPENDENT_SHAPE_REPRESENTATION(#2950,#2952);
#2950 = ( REPRESENTATION_RELATIONSHIP('','',#2153,#10) 
REPRESENTATION_RELATIONSHIP_WITH_TRANSFORMATION(#2951) 
SHAPE_REPRESENTATION_RELATIONSHIP() );
#2951 = ITEM_DEFINED_TRANSFORMATION('','',#11,#19);
#2952 = PRODUCT_DEFINITION_SHAPE('Placement','Placement of an item',
  #2953);
#2953 = NEXT_ASSEMBLY_USAGE_OCCURRENCE('2','R7','',#5,#2148,$);
#2954 = PRODUCT_RELATED_PRODUCT_CATEGORY('part',$,(#2150));
#2955 = SHAPE_DEFINITION_REPRESENTATION(#2956,#2962);
#2956 = PRODUCT_DEFINITION_SHAPE('','',#2957);
#2957 = PRODUCT_DEFINITION('design','',#2958,#2961);
#2958 = PRODUCT_DEFINITION_FORMATION('','',#2959);
#2959 = PRODUCT('LED_0603_1608Metric','LED_0603_1608Metric','',(#2960));
#2960 = PRODUCT_CONTEXT('',#2,'mechanical');
#2961 = PRODUCT_DEFINITION_CONTEXT('part definition',#2,'design');
#2962 = ADVANCED_BREP_SHAPE_REPRESENTATION('',(#11,#2963),#4486);
#2963 = MANIFOLD_SOLID_BREP('',#2964);
#2964 = CLOSED_SHELL('',(#2965,#3005,#3052,#3131,#3155,#3195,#3226,#3243
    ,#3276,#3300,#3367,#3488,#3555,#3579,#3610,#3643,#3699,#3723,#3747,
    #3771,#3804,#3816,#3879,#3904,#3921,#3945,#3963,#3981,#3999,#4016,
    #4033,#4064,#4089,#4114,#4138,#4155,#4186,#4210,#4227,#4255,#4280,
    #4304,#4329,#4376,#4393,#4405,#4427,#4439,#4457,#4475));
#2965 = ADVANCED_FACE('',(#2966),#3000,.F.);
#2966 = FACE_BOUND('',#2967,.F.);
#2967 = EDGE_LOOP('',(#2968,#2978,#2986,#2994));
#2968 = ORIENTED_EDGE('',*,*,#2969,.T.);
#2969 = EDGE_CURVE('',#2970,#2972,#2974,.T.);
#2970 = VERTEX_POINT('',#2971);
#2971 = CARTESIAN_POINT('',(-0.5,-0.4,0.47));
#2972 = VERTEX_POINT('',#2973);
#2973 = CARTESIAN_POINT('',(-0.45,-0.4,1.1));
#2974 = LINE('',#2975,#2976);
#2975 = CARTESIAN_POINT('',(-0.5,-0.4,0.47));
#2976 = VECTOR('',#2977,1.);
#2977 = DIRECTION('',(7.911630099815E-02,0.,0.996865392576));
#2978 = ORIENTED_EDGE('',*,*,#2979,.T.);
#2979 = EDGE_CURVE('',#2972,#2980,#2982,.T.);
#2980 = VERTEX_POINT('',#2981);
#2981 = CARTESIAN_POINT('',(0.45,-0.4,1.1));
#2982 = LINE('',#2983,#2984);
#2983 = CARTESIAN_POINT('',(-0.45,-0.4,1.1));
#2984 = VECTOR('',#2985,1.);
#2985 = DIRECTION('',(1.,0.,0.));
#2986 = ORIENTED_EDGE('',*,*,#2987,.T.);
#2987 = EDGE_CURVE('',#2980,#2988,#2990,.T.);
#2988 = VERTEX_POINT('',#2989);
#2989 = CARTESIAN_POINT('',(0.5,-0.4,0.47));
#2990 = LINE('',#2991,#2992);
#2991 = CARTESIAN_POINT('',(0.45,-0.4,1.1));
#2992 = VECTOR('',#2993,1.);
#2993 = DIRECTION('',(7.911630099815E-02,0.,-0.996865392576));
#2994 = ORIENTED_EDGE('',*,*,#2995,.T.);
#2995 = EDGE_CURVE('',#2988,#2970,#2996,.T.);
#2996 = LINE('',#2997,#2998);
#2997 = CARTESIAN_POINT('',(0.5,-0.4,0.47));
#2998 = VECTOR('',#2999,1.);
#2999 = DIRECTION('',(-1.,0.,0.));
#3000 = PLANE('',#3001);
#3001 = AXIS2_PLACEMENT_3D('',#3002,#3003,#3004);
#3002 = CARTESIAN_POINT('',(-8.772411109409E-18,-0.4,0.775044128294));
#3003 = DIRECTION('',(0.,1.,0.));
#3004 = DIRECTION('',(0.,-0.,1.));
#3005 = ADVANCED_FACE('',(#3006),#3047,.T.);
#3006 = FACE_BOUND('',#3007,.T.);
#3007 = EDGE_LOOP('',(#3008,#3018,#3026,#3032,#3033,#3041));
#3008 = ORIENTED_EDGE('',*,*,#3009,.T.);
#3009 = EDGE_CURVE('',#3010,#3012,#3014,.T.);
#3010 = VERTEX_POINT('',#3011);
#3011 = CARTESIAN_POINT('',(-0.5,0.4,0.47));
#3012 = VERTEX_POINT('',#3013);
#3013 = CARTESIAN_POINT('',(-0.5,0.3,0.47));
#3014 = LINE('',#3015,#3016);
#3015 = CARTESIAN_POINT('',(-0.5,0.4,0.47));
#3016 = VECTOR('',#3017,1.);
#3017 = DIRECTION('',(0.,-1.,0.));
#3018 = ORIENTED_EDGE('',*,*,#3019,.F.);
#3019 = EDGE_CURVE('',#3020,#3012,#3022,.T.);
#3020 = VERTEX_POINT('',#3021);
#3021 = CARTESIAN_POINT('',(-0.5,-0.3,0.47));
#3022 = LINE('',#3023,#3024);
#3023 = CARTESIAN_POINT('',(-0.5,-0.4,0.47));
#3024 = VECTOR('',#3025,1.);
#3025 = DIRECTION('',(0.,1.,0.));
#3026 = ORIENTED_EDGE('',*,*,#3027,.T.);
#3027 = EDGE_CURVE('',#3020,#2970,#3028,.T.);
#3028 = LINE('',#3029,#3030);
#3029 = CARTESIAN_POINT('',(-0.5,0.4,0.47));
#3030 = VECTOR('',#3031,1.);
#3031 = DIRECTION('',(0.,-1.,0.));
#3032 = ORIENTED_EDGE('',*,*,#2969,.T.);
#3033 = ORIENTED_EDGE('',*,*,#3034,.F.);
#3034 = EDGE_CURVE('',#3035,#2972,#3037,.T.);
#3035 = VERTEX_POINT('',#3036);
#3036 = CARTESIAN_POINT('',(-0.45,0.4,1.1));
#3037 = LINE('',#3038,#3039);
#3038 = CARTESIAN_POINT('',(-0.45,0.4,1.1));
#3039 = VECTOR('',#3040,1.);
#3040 = DIRECTION('',(0.,-1.,0.));
#3041 = ORIENTED_EDGE('',*,*,#3042,.F.);
#3042 = EDGE_CURVE('',#3010,#3035,#3043,.T.);
#3043 = LINE('',#3044,#3045);
#3044 = CARTESIAN_POINT('',(-0.5,0.4,0.47));
#3045 = VECTOR('',#3046,1.);
#3046 = DIRECTION('',(7.911630099815E-02,0.,0.996865392576));
#3047 = PLANE('',#3048);
#3048 = AXIS2_PLACEMENT_3D('',#3049,#3050,#3051);
#3049 = CARTESIAN_POINT('',(-0.5,0.4,0.47));
#3050 = DIRECTION('',(-0.996865392576,0.,7.911630099815E-02));
#3051 = DIRECTION('',(7.911630099815E-02,0.,0.996865392576));
#3052 = ADVANCED_FACE('',(#3053),#3126,.F.);
#3053 = FACE_BOUND('',#3054,.F.);
#3054 = EDGE_LOOP('',(#3055,#3065,#3073,#3081,#3087,#3088,#3096,#3104,
    #3112,#3120));
#3055 = ORIENTED_EDGE('',*,*,#3056,.F.);
#3056 = EDGE_CURVE('',#3057,#3059,#3061,.T.);
#3057 = VERTEX_POINT('',#3058);
#3058 = CARTESIAN_POINT('',(-0.77,-0.4,3.E-02));
#3059 = VERTEX_POINT('',#3060);
#3060 = CARTESIAN_POINT('',(-0.725,-0.4,3.E-02));
#3061 = LINE('',#3062,#3063);
#3062 = CARTESIAN_POINT('',(-0.77,-0.4,3.E-02));
#3063 = VECTOR('',#3064,1.);
#3064 = DIRECTION('',(1.,0.,0.));
#3065 = ORIENTED_EDGE('',*,*,#3066,.T.);
#3066 = EDGE_CURVE('',#3057,#3067,#3069,.T.);
#3067 = VERTEX_POINT('',#3068);
#3068 = CARTESIAN_POINT('',(-0.77,-0.4,0.47));
#3069 = LINE('',#3070,#3071);
#3070 = CARTESIAN_POINT('',(-0.77,-0.4,3.E-02));
#3071 = VECTOR('',#3072,1.);
#3072 = DIRECTION('',(0.,0.,1.));
#3073 = ORIENTED_EDGE('',*,*,#3074,.T.);
#3074 = EDGE_CURVE('',#3067,#3075,#3077,.T.);
#3075 = VERTEX_POINT('',#3076);
#3076 = CARTESIAN_POINT('',(-0.725,-0.4,0.47));
#3077 = LINE('',#3078,#3079);
#3078 = CARTESIAN_POINT('',(-0.77,-0.4,0.47));
#3079 = VECTOR('',#3080,1.);
#3080 = DIRECTION('',(1.,0.,0.));
#3081 = ORIENTED_EDGE('',*,*,#3082,.T.);
#3082 = EDGE_CURVE('',#3075,#2970,#3083,.T.);
#3083 = LINE('',#3084,#3085);
#3084 = CARTESIAN_POINT('',(-0.77,-0.4,0.47));
#3085 = VECTOR('',#3086,1.);
#3086 = DIRECTION('',(1.,0.,0.));
#3087 = ORIENTED_EDGE('',*,*,#2995,.F.);
#3088 = ORIENTED_EDGE('',*,*,#3089,.T.);
#3089 = EDGE_CURVE('',#2988,#3090,#3092,.T.);
#3090 = VERTEX_POINT('',#3091);
#3091 = CARTESIAN_POINT('',(0.725,-0.4,0.47));
#3092 = LINE('',#3093,#3094);
#3093 = CARTESIAN_POINT('',(-0.77,-0.4,0.47));
#3094 = VECTOR('',#3095,1.);
#3095 = DIRECTION('',(1.,0.,0.));
#3096 = ORIENTED_EDGE('',*,*,#3097,.T.);
#3097 = EDGE_CURVE('',#3090,#3098,#3100,.T.);
#3098 = VERTEX_POINT('',#3099);
#3099 = CARTESIAN_POINT('',(0.77,-0.4,0.47));
#3100 = LINE('',#3101,#3102);
#3101 = CARTESIAN_POINT('',(-0.77,-0.4,0.47));
#3102 = VECTOR('',#3103,1.);
#3103 = DIRECTION('',(1.,0.,0.));
#3104 = ORIENTED_EDGE('',*,*,#3105,.F.);
#3105 = EDGE_CURVE('',#3106,#3098,#3108,.T.);
#3106 = VERTEX_POINT('',#3107);
#3107 = CARTESIAN_POINT('',(0.77,-0.4,3.E-02));
#3108 = LINE('',#3109,#3110);
#3109 = CARTESIAN_POINT('',(0.77,-0.4,3.E-02));
#3110 = VECTOR('',#3111,1.);
#3111 = DIRECTION('',(0.,0.,1.));
#3112 = ORIENTED_EDGE('',*,*,#3113,.F.);
#3113 = EDGE_CURVE('',#3114,#3106,#3116,.T.);
#3114 = VERTEX_POINT('',#3115);
#3115 = CARTESIAN_POINT('',(0.725,-0.4,3.E-02));
#3116 = LINE('',#3117,#3118);
#3117 = CARTESIAN_POINT('',(-0.77,-0.4,3.E-02));
#3118 = VECTOR('',#3119,1.);
#3119 = DIRECTION('',(1.,0.,0.));
#3120 = ORIENTED_EDGE('',*,*,#3121,.F.);
#3121 = EDGE_CURVE('',#3059,#3114,#3122,.T.);
#3122 = LINE('',#3123,#3124);
#3123 = CARTESIAN_POINT('',(-0.77,-0.4,3.E-02));
#3124 = VECTOR('',#3125,1.);
#3125 = DIRECTION('',(1.,0.,0.));
#3126 = PLANE('',#3127);
#3127 = AXIS2_PLACEMENT_3D('',#3128,#3129,#3130);
#3128 = CARTESIAN_POINT('',(-0.77,-0.4,3.E-02));
#3129 = DIRECTION('',(0.,1.,0.));
#3130 = DIRECTION('',(0.,-0.,1.));
#3131 = ADVANCED_FACE('',(#3132),#3150,.T.);
#3132 = FACE_BOUND('',#3133,.T.);
#3133 = EDGE_LOOP('',(#3134,#3135,#3136,#3144));
#3134 = ORIENTED_EDGE('',*,*,#3034,.T.);
#3135 = ORIENTED_EDGE('',*,*,#2979,.T.);
#3136 = ORIENTED_EDGE('',*,*,#3137,.F.);
#3137 = EDGE_CURVE('',#3138,#2980,#3140,.T.);
#3138 = VERTEX_POINT('',#3139);
#3139 = CARTESIAN_POINT('',(0.45,0.4,1.1));
#3140 = LINE('',#3141,#3142);
#3141 = CARTESIAN_POINT('',(0.45,0.4,1.1));
#3142 = VECTOR('',#3143,1.);
#3143 = DIRECTION('',(0.,-1.,0.));
#3144 = ORIENTED_EDGE('',*,*,#3145,.F.);
#3145 = EDGE_CURVE('',#3035,#3138,#3146,.T.);
#3146 = LINE('',#3147,#3148);
#3147 = CARTESIAN_POINT('',(-0.45,0.4,1.1));
#3148 = VECTOR('',#3149,1.);
#3149 = DIRECTION('',(1.,0.,0.));
#3150 = PLANE('',#3151);
#3151 = AXIS2_PLACEMENT_3D('',#3152,#3153,#3154);
#3152 = CARTESIAN_POINT('',(-0.45,0.4,1.1));
#3153 = DIRECTION('',(0.,0.,1.));
#3154 = DIRECTION('',(1.,0.,-0.));
#3155 = ADVANCED_FACE('',(#3156),#3190,.T.);
#3156 = FACE_BOUND('',#3157,.T.);
#3157 = EDGE_LOOP('',(#3158,#3159,#3160,#3168,#3176,#3184));
#3158 = ORIENTED_EDGE('',*,*,#3137,.T.);
#3159 = ORIENTED_EDGE('',*,*,#2987,.T.);
#3160 = ORIENTED_EDGE('',*,*,#3161,.F.);
#3161 = EDGE_CURVE('',#3162,#2988,#3164,.T.);
#3162 = VERTEX_POINT('',#3163);
#3163 = CARTESIAN_POINT('',(0.5,-0.3,0.47));
#3164 = LINE('',#3165,#3166);
#3165 = CARTESIAN_POINT('',(0.5,0.4,0.47));
#3166 = VECTOR('',#3167,1.);
#3167 = DIRECTION('',(0.,-1.,0.));
#3168 = ORIENTED_EDGE('',*,*,#3169,.T.);
#3169 = EDGE_CURVE('',#3162,#3170,#3172,.T.);
#3170 = VERTEX_POINT('',#3171);
#3171 = CARTESIAN_POINT('',(0.5,0.3,0.47));
#3172 = LINE('',#3173,#3174);
#3173 = CARTESIAN_POINT('',(0.5,-0.4,0.47));
#3174 = VECTOR('',#3175,1.);
#3175 = DIRECTION('',(0.,1.,0.));
#3176 = ORIENTED_EDGE('',*,*,#3177,.F.);
#3177 = EDGE_CURVE('',#3178,#3170,#3180,.T.);
#3178 = VERTEX_POINT('',#3179);
#3179 = CARTESIAN_POINT('',(0.5,0.4,0.47));
#3180 = LINE('',#3181,#3182);
#3181 = CARTESIAN_POINT('',(0.5,0.4,0.47));
#3182 = VECTOR('',#3183,1.);
#3183 = DIRECTION('',(0.,-1.,0.));
#3184 = ORIENTED_EDGE('',*,*,#3185,.F.);
#3185 = EDGE_CURVE('',#3138,#3178,#3186,.T.);
#3186 = LINE('',#3187,#3188);
#3187 = CARTESIAN_POINT('',(0.45,0.4,1.1));
#3188 = VECTOR('',#3189,1.);
#3189 = DIRECTION('',(7.911630099815E-02,0.,-0.996865392576));
#3190 = PLANE('',#3191);
#3191 = AXIS2_PLACEMENT_3D('',#3192,#3193,#3194);
#3192 = CARTESIAN_POINT('',(0.45,0.4,1.1));
#3193 = DIRECTION('',(0.996865392576,0.,7.911630099815E-02));
#3194 = DIRECTION('',(7.911630099815E-02,0.,-0.996865392576));
#3195 = ADVANCED_FACE('',(#3196),#3221,.T.);
#3196 = FACE_BOUND('',#3197,.T.);
#3197 = EDGE_LOOP('',(#3198,#3206,#3214,#3220));
#3198 = ORIENTED_EDGE('',*,*,#3199,.F.);
#3199 = EDGE_CURVE('',#3200,#3010,#3202,.T.);
#3200 = VERTEX_POINT('',#3201);
#3201 = CARTESIAN_POINT('',(-0.725,0.4,0.47));
#3202 = LINE('',#3203,#3204);
#3203 = CARTESIAN_POINT('',(-0.77,0.4,0.47));
#3204 = VECTOR('',#3205,1.);
#3205 = DIRECTION('',(1.,0.,0.));
#3206 = ORIENTED_EDGE('',*,*,#3207,.F.);
#3207 = EDGE_CURVE('',#3208,#3200,#3210,.T.);
#3208 = VERTEX_POINT('',#3209);
#3209 = CARTESIAN_POINT('',(-0.725,0.3,0.47));
#3210 = LINE('',#3211,#3212);
#3211 = CARTESIAN_POINT('',(-0.725,5.E-02,0.47));
#3212 = VECTOR('',#3213,1.);
#3213 = DIRECTION('',(0.,1.,0.));
#3214 = ORIENTED_EDGE('',*,*,#3215,.F.);
#3215 = EDGE_CURVE('',#3012,#3208,#3216,.T.);
#3216 = LINE('',#3217,#3218);
#3217 = CARTESIAN_POINT('',(-0.7475,0.3,0.47));
#3218 = VECTOR('',#3219,1.);
#3219 = DIRECTION('',(-1.,0.,0.));
#3220 = ORIENTED_EDGE('',*,*,#3009,.F.);
#3221 = PLANE('',#3222);
#3222 = AXIS2_PLACEMENT_3D('',#3223,#3224,#3225);
#3223 = CARTESIAN_POINT('',(-0.77,-0.4,0.47));
#3224 = DIRECTION('',(0.,0.,1.));
#3225 = DIRECTION('',(1.,0.,-0.));
#3226 = ADVANCED_FACE('',(#3227),#3238,.T.);
#3227 = FACE_BOUND('',#3228,.T.);
#3228 = EDGE_LOOP('',(#3229,#3230,#3231,#3232));
#3229 = ORIENTED_EDGE('',*,*,#3042,.T.);
#3230 = ORIENTED_EDGE('',*,*,#3145,.T.);
#3231 = ORIENTED_EDGE('',*,*,#3185,.T.);
#3232 = ORIENTED_EDGE('',*,*,#3233,.T.);
#3233 = EDGE_CURVE('',#3178,#3010,#3234,.T.);
#3234 = LINE('',#3235,#3236);
#3235 = CARTESIAN_POINT('',(0.5,0.4,0.47));
#3236 = VECTOR('',#3237,1.);
#3237 = DIRECTION('',(-1.,0.,0.));
#3238 = PLANE('',#3239);
#3239 = AXIS2_PLACEMENT_3D('',#3240,#3241,#3242);
#3240 = CARTESIAN_POINT('',(-8.772411109409E-18,0.4,0.775044128294));
#3241 = DIRECTION('',(0.,1.,0.));
#3242 = DIRECTION('',(0.,-0.,1.));
#3243 = ADVANCED_FACE('',(#3244),#3271,.T.);
#3244 = FACE_BOUND('',#3245,.T.);
#3245 = EDGE_LOOP('',(#3246,#3255,#3263,#3270));
#3246 = ORIENTED_EDGE('',*,*,#3247,.F.);
#3247 = EDGE_CURVE('',#3248,#3012,#3250,.T.);
#3248 = VERTEX_POINT('',#3249);
#3249 = CARTESIAN_POINT('',(-0.53,0.3,0.5));
#3250 = CIRCLE('',#3251,3.E-02);
#3251 = AXIS2_PLACEMENT_3D('',#3252,#3253,#3254);
#3252 = CARTESIAN_POINT('',(-0.53,0.3,0.47));
#3253 = DIRECTION('',(-0.,1.,0.));
#3254 = DIRECTION('',(1.,0.,0.));
#3255 = ORIENTED_EDGE('',*,*,#3256,.F.);
#3256 = EDGE_CURVE('',#3257,#3248,#3259,.T.);
#3257 = VERTEX_POINT('',#3258);
#3258 = CARTESIAN_POINT('',(-0.53,-0.3,0.5));
#3259 = LINE('',#3260,#3261);
#3260 = CARTESIAN_POINT('',(-0.53,-0.4,0.5));
#3261 = VECTOR('',#3262,1.);
#3262 = DIRECTION('',(0.,1.,0.));
#3263 = ORIENTED_EDGE('',*,*,#3264,.T.);
#3264 = EDGE_CURVE('',#3257,#3020,#3265,.T.);
#3265 = CIRCLE('',#3266,3.E-02);
#3266 = AXIS2_PLACEMENT_3D('',#3267,#3268,#3269);
#3267 = CARTESIAN_POINT('',(-0.53,-0.3,0.47));
#3268 = DIRECTION('',(-0.,1.,0.));
#3269 = DIRECTION('',(1.,0.,0.));
#3270 = ORIENTED_EDGE('',*,*,#3019,.T.);
#3271 = CYLINDRICAL_SURFACE('',#3272,3.E-02);
#3272 = AXIS2_PLACEMENT_3D('',#3273,#3274,#3275);
#3273 = CARTESIAN_POINT('',(-0.53,-0.4,0.47));
#3274 = DIRECTION('',(0.,1.,0.));
#3275 = DIRECTION('',(1.,0.,0.));
#3276 = ADVANCED_FACE('',(#3277),#3295,.T.);
#3277 = FACE_BOUND('',#3278,.T.);
#3278 = EDGE_LOOP('',(#3279,#3287,#3288,#3289));
#3279 = ORIENTED_EDGE('',*,*,#3280,.F.);
#3280 = EDGE_CURVE('',#3075,#3281,#3283,.T.);
#3281 = VERTEX_POINT('',#3282);
#3282 = CARTESIAN_POINT('',(-0.725,-0.3,0.47));
#3283 = LINE('',#3284,#3285);
#3284 = CARTESIAN_POINT('',(-0.725,-0.35,0.47));
#3285 = VECTOR('',#3286,1.);
#3286 = DIRECTION('',(0.,1.,0.));
#3287 = ORIENTED_EDGE('',*,*,#3082,.T.);
#3288 = ORIENTED_EDGE('',*,*,#3027,.F.);
#3289 = ORIENTED_EDGE('',*,*,#3290,.F.);
#3290 = EDGE_CURVE('',#3281,#3020,#3291,.T.);
#3291 = LINE('',#3292,#3293);
#3292 = CARTESIAN_POINT('',(-2.25E-02,-0.3,0.47));
#3293 = VECTOR('',#3294,1.);
#3294 = DIRECTION('',(1.,0.,0.));
#3295 = PLANE('',#3296);
#3296 = AXIS2_PLACEMENT_3D('',#3297,#3298,#3299);
#3297 = CARTESIAN_POINT('',(-0.77,-0.4,0.47));
#3298 = DIRECTION('',(0.,0.,1.));
#3299 = DIRECTION('',(1.,0.,-0.));
#3300 = ADVANCED_FACE('',(#3301),#3362,.F.);
#3301 = FACE_BOUND('',#3302,.F.);
#3302 = EDGE_LOOP('',(#3303,#3313,#3322,#3330,#3339,#3347,#3353,#3354,
    #3355,#3356));
#3303 = ORIENTED_EDGE('',*,*,#3304,.F.);
#3304 = EDGE_CURVE('',#3305,#3307,#3309,.T.);
#3305 = VERTEX_POINT('',#3306);
#3306 = CARTESIAN_POINT('',(-0.77,-0.4,-3.469446951954E-18));
#3307 = VERTEX_POINT('',#3308);
#3308 = CARTESIAN_POINT('',(-0.725,-0.4,0.));
#3309 = LINE('',#3310,#3311);
#3310 = CARTESIAN_POINT('',(-0.8,-0.4,0.));
#3311 = VECTOR('',#3312,1.);
#3312 = DIRECTION('',(1.,0.,0.));
#3313 = ORIENTED_EDGE('',*,*,#3314,.F.);
#3314 = EDGE_CURVE('',#3315,#3305,#3317,.T.);
#3315 = VERTEX_POINT('',#3316);
#3316 = CARTESIAN_POINT('',(-0.8,-0.4,3.E-02));
#3317 = CIRCLE('',#3318,3.E-02);
#3318 = AXIS2_PLACEMENT_3D('',#3319,#3320,#3321);
#3319 = CARTESIAN_POINT('',(-0.77,-0.4,3.E-02));
#3320 = DIRECTION('',(0.,-1.,0.));
#3321 = DIRECTION('',(0.,0.,1.));
#3322 = ORIENTED_EDGE('',*,*,#3323,.T.);
#3323 = EDGE_CURVE('',#3315,#3324,#3326,.T.);
#3324 = VERTEX_POINT('',#3325);
#3325 = CARTESIAN_POINT('',(-0.8,-0.4,0.47));
#3326 = LINE('',#3327,#3328);
#3327 = CARTESIAN_POINT('',(-0.8,-0.4,0.));
#3328 = VECTOR('',#3329,1.);
#3329 = DIRECTION('',(0.,0.,1.));
#3330 = ORIENTED_EDGE('',*,*,#3331,.T.);
#3331 = EDGE_CURVE('',#3324,#3332,#3334,.T.);
#3332 = VERTEX_POINT('',#3333);
#3333 = CARTESIAN_POINT('',(-0.77,-0.4,0.5));
#3334 = CIRCLE('',#3335,3.E-02);
#3335 = AXIS2_PLACEMENT_3D('',#3336,#3337,#3338);
#3336 = CARTESIAN_POINT('',(-0.77,-0.4,0.47));
#3337 = DIRECTION('',(0.,1.,0.));
#3338 = DIRECTION('',(0.,-0.,1.));
#3339 = ORIENTED_EDGE('',*,*,#3340,.T.);
#3340 = EDGE_CURVE('',#3332,#3341,#3343,.T.);
#3341 = VERTEX_POINT('',#3342);
#3342 = CARTESIAN_POINT('',(-0.725,-0.4,0.5));
#3343 = LINE('',#3344,#3345);
#3344 = CARTESIAN_POINT('',(-0.8,-0.4,0.5));
#3345 = VECTOR('',#3346,1.);
#3346 = DIRECTION('',(1.,0.,0.));
#3347 = ORIENTED_EDGE('',*,*,#3348,.F.);
#3348 = EDGE_CURVE('',#3075,#3341,#3349,.T.);
#3349 = LINE('',#3350,#3351);
#3350 = CARTESIAN_POINT('',(-0.725,-0.4,0.375));
#3351 = VECTOR('',#3352,1.);
#3352 = DIRECTION('',(0.,0.,1.));
#3353 = ORIENTED_EDGE('',*,*,#3074,.F.);
#3354 = ORIENTED_EDGE('',*,*,#3066,.F.);
#3355 = ORIENTED_EDGE('',*,*,#3056,.T.);
#3356 = ORIENTED_EDGE('',*,*,#3357,.F.);
#3357 = EDGE_CURVE('',#3307,#3059,#3358,.T.);
#3358 = LINE('',#3359,#3360);
#3359 = CARTESIAN_POINT('',(-0.725,-0.4,0.375));
#3360 = VECTOR('',#3361,1.);
#3361 = DIRECTION('',(0.,0.,1.));
#3362 = PLANE('',#3363);
#3363 = AXIS2_PLACEMENT_3D('',#3364,#3365,#3366);
#3364 = CARTESIAN_POINT('',(-0.8,-0.4,0.));
#3365 = DIRECTION('',(0.,1.,0.));
#3366 = DIRECTION('',(0.,-0.,1.));
#3367 = ADVANCED_FACE('',(#3368,#3457),#3483,.F.);
#3368 = FACE_BOUND('',#3369,.F.);
#3369 = EDGE_LOOP('',(#3370,#3378,#3379,#3387,#3395,#3403,#3411,#3419,
    #3427,#3435,#3443,#3451));
#3370 = ORIENTED_EDGE('',*,*,#3371,.F.);
#3371 = EDGE_CURVE('',#3059,#3372,#3374,.T.);
#3372 = VERTEX_POINT('',#3373);
#3373 = CARTESIAN_POINT('',(-0.725,-0.3,3.E-02));
#3374 = LINE('',#3375,#3376);
#3375 = CARTESIAN_POINT('',(-0.725,-0.35,3.E-02));
#3376 = VECTOR('',#3377,1.);
#3377 = DIRECTION('',(0.,1.,0.));
#3378 = ORIENTED_EDGE('',*,*,#3121,.T.);
#3379 = ORIENTED_EDGE('',*,*,#3380,.F.);
#3380 = EDGE_CURVE('',#3381,#3114,#3383,.T.);
#3381 = VERTEX_POINT('',#3382);
#3382 = CARTESIAN_POINT('',(0.725,-0.3,3.E-02));
#3383 = LINE('',#3384,#3385);
#3384 = CARTESIAN_POINT('',(0.725,-0.45,3.E-02));
#3385 = VECTOR('',#3386,1.);
#3386 = DIRECTION('',(0.,-1.,0.));
#3387 = ORIENTED_EDGE('',*,*,#3388,.F.);
#3388 = EDGE_CURVE('',#3389,#3381,#3391,.T.);
#3389 = VERTEX_POINT('',#3390);
#3390 = CARTESIAN_POINT('',(0.5,-0.3,3.E-02));
#3391 = LINE('',#3392,#3393);
#3392 = CARTESIAN_POINT('',(-2.25E-02,-0.3,3.E-02));
#3393 = VECTOR('',#3394,1.);
#3394 = DIRECTION('',(1.,0.,0.));
#3395 = ORIENTED_EDGE('',*,*,#3396,.T.);
#3396 = EDGE_CURVE('',#3389,#3397,#3399,.T.);
#3397 = VERTEX_POINT('',#3398);
#3398 = CARTESIAN_POINT('',(0.5,0.3,3.E-02));
#3399 = LINE('',#3400,#3401);
#3400 = CARTESIAN_POINT('',(0.5,-0.4,3.E-02));
#3401 = VECTOR('',#3402,1.);
#3402 = DIRECTION('',(0.,1.,0.));
#3403 = ORIENTED_EDGE('',*,*,#3404,.F.);
#3404 = EDGE_CURVE('',#3405,#3397,#3407,.T.);
#3405 = VERTEX_POINT('',#3406);
#3406 = CARTESIAN_POINT('',(0.725,0.3,3.E-02));
#3407 = LINE('',#3408,#3409);
#3408 = CARTESIAN_POINT('',(-0.7475,0.3,3.E-02));
#3409 = VECTOR('',#3410,1.);
#3410 = DIRECTION('',(-1.,0.,0.));
#3411 = ORIENTED_EDGE('',*,*,#3412,.F.);
#3412 = EDGE_CURVE('',#3413,#3405,#3415,.T.);
#3413 = VERTEX_POINT('',#3414);
#3414 = CARTESIAN_POINT('',(0.725,0.4,3.E-02));
#3415 = LINE('',#3416,#3417);
#3416 = CARTESIAN_POINT('',(0.725,-5.E-02,3.E-02));
#3417 = VECTOR('',#3418,1.);
#3418 = DIRECTION('',(0.,-1.,0.));
#3419 = ORIENTED_EDGE('',*,*,#3420,.F.);
#3420 = EDGE_CURVE('',#3421,#3413,#3423,.T.);
#3421 = VERTEX_POINT('',#3422);
#3422 = CARTESIAN_POINT('',(-0.725,0.4,3.E-02));
#3423 = LINE('',#3424,#3425);
#3424 = CARTESIAN_POINT('',(-0.77,0.4,3.E-02));
#3425 = VECTOR('',#3426,1.);
#3426 = DIRECTION('',(1.,0.,0.));
#3427 = ORIENTED_EDGE('',*,*,#3428,.F.);
#3428 = EDGE_CURVE('',#3429,#3421,#3431,.T.);
#3429 = VERTEX_POINT('',#3430);
#3430 = CARTESIAN_POINT('',(-0.725,0.3,3.E-02));
#3431 = LINE('',#3432,#3433);
#3432 = CARTESIAN_POINT('',(-0.725,5.E-02,3.E-02));
#3433 = VECTOR('',#3434,1.);
#3434 = DIRECTION('',(0.,1.,0.));
#3435 = ORIENTED_EDGE('',*,*,#3436,.F.);
#3436 = EDGE_CURVE('',#3437,#3429,#3439,.T.);
#3437 = VERTEX_POINT('',#3438);
#3438 = CARTESIAN_POINT('',(-0.5,0.3,3.E-02));
#3439 = LINE('',#3440,#3441);
#3440 = CARTESIAN_POINT('',(-0.7475,0.3,3.E-02));
#3441 = VECTOR('',#3442,1.);
#3442 = DIRECTION('',(-1.,0.,0.));
#3443 = ORIENTED_EDGE('',*,*,#3444,.F.);
#3444 = EDGE_CURVE('',#3445,#3437,#3447,.T.);
#3445 = VERTEX_POINT('',#3446);
#3446 = CARTESIAN_POINT('',(-0.5,-0.3,3.E-02));
#3447 = LINE('',#3448,#3449);
#3448 = CARTESIAN_POINT('',(-0.5,-0.4,3.E-02));
#3449 = VECTOR('',#3450,1.);
#3450 = DIRECTION('',(0.,1.,0.));
#3451 = ORIENTED_EDGE('',*,*,#3452,.F.);
#3452 = EDGE_CURVE('',#3372,#3445,#3453,.T.);
#3453 = LINE('',#3454,#3455);
#3454 = CARTESIAN_POINT('',(-2.25E-02,-0.3,3.E-02));
#3455 = VECTOR('',#3456,1.);
#3456 = DIRECTION('',(1.,0.,0.));
#3457 = FACE_BOUND('',#3458,.F.);
#3458 = EDGE_LOOP('',(#3459,#3469,#3477));
#3459 = ORIENTED_EDGE('',*,*,#3460,.T.);
#3460 = EDGE_CURVE('',#3461,#3463,#3465,.T.);
#3461 = VERTEX_POINT('',#3462);
#3462 = CARTESIAN_POINT('',(0.277128129211,0.32,3.E-02));
#3463 = VERTEX_POINT('',#3464);
#3464 = CARTESIAN_POINT('',(0.277128129211,-0.32,3.E-02));
#3465 = LINE('',#3466,#3467);
#3466 = CARTESIAN_POINT('',(0.277128129211,0.32,3.E-02));
#3467 = VECTOR('',#3468,1.);
#3468 = DIRECTION('',(0.,-1.,0.));
#3469 = ORIENTED_EDGE('',*,*,#3470,.T.);
#3470 = EDGE_CURVE('',#3463,#3471,#3473,.T.);
#3471 = VERTEX_POINT('',#3472);
#3472 = CARTESIAN_POINT('',(-0.277128129211,0.,3.E-02));
#3473 = LINE('',#3474,#3475);
#3474 = CARTESIAN_POINT('',(0.277128129211,-0.32,3.E-02));
#3475 = VECTOR('',#3476,1.);
#3476 = DIRECTION('',(-0.866025403784,0.5,0.));
#3477 = ORIENTED_EDGE('',*,*,#3478,.T.);
#3478 = EDGE_CURVE('',#3471,#3461,#3479,.T.);
#3479 = LINE('',#3480,#3481);
#3480 = CARTESIAN_POINT('',(-0.277128129211,0.,3.E-02));
#3481 = VECTOR('',#3482,1.);
#3482 = DIRECTION('',(0.866025403784,0.5,0.));
#3483 = PLANE('',#3484);
#3484 = AXIS2_PLACEMENT_3D('',#3485,#3486,#3487);
#3485 = CARTESIAN_POINT('',(-0.77,-0.4,3.E-02));
#3486 = DIRECTION('',(0.,0.,1.));
#3487 = DIRECTION('',(1.,0.,-0.));
#3488 = ADVANCED_FACE('',(#3489),#3550,.F.);
#3489 = FACE_BOUND('',#3490,.F.);
#3490 = EDGE_LOOP('',(#3491,#3501,#3507,#3508,#3509,#3510,#3518,#3526,
    #3535,#3543));
#3491 = ORIENTED_EDGE('',*,*,#3492,.F.);
#3492 = EDGE_CURVE('',#3493,#3495,#3497,.T.);
#3493 = VERTEX_POINT('',#3494);
#3494 = CARTESIAN_POINT('',(0.725,-0.4,0.));
#3495 = VERTEX_POINT('',#3496);
#3496 = CARTESIAN_POINT('',(0.77,-0.4,-3.469446951954E-18));
#3497 = LINE('',#3498,#3499);
#3498 = CARTESIAN_POINT('',(0.5,-0.4,0.));
#3499 = VECTOR('',#3500,1.);
#3500 = DIRECTION('',(1.,0.,0.));
#3501 = ORIENTED_EDGE('',*,*,#3502,.F.);
#3502 = EDGE_CURVE('',#3114,#3493,#3503,.T.);
#3503 = LINE('',#3504,#3505);
#3504 = CARTESIAN_POINT('',(0.725,-0.4,0.375));
#3505 = VECTOR('',#3506,1.);
#3506 = DIRECTION('',(0.,0.,-1.));
#3507 = ORIENTED_EDGE('',*,*,#3113,.T.);
#3508 = ORIENTED_EDGE('',*,*,#3105,.T.);
#3509 = ORIENTED_EDGE('',*,*,#3097,.F.);
#3510 = ORIENTED_EDGE('',*,*,#3511,.F.);
#3511 = EDGE_CURVE('',#3512,#3090,#3514,.T.);
#3512 = VERTEX_POINT('',#3513);
#3513 = CARTESIAN_POINT('',(0.725,-0.4,0.5));
#3514 = LINE('',#3515,#3516);
#3515 = CARTESIAN_POINT('',(0.725,-0.4,0.375));
#3516 = VECTOR('',#3517,1.);
#3517 = DIRECTION('',(0.,0.,-1.));
#3518 = ORIENTED_EDGE('',*,*,#3519,.T.);
#3519 = EDGE_CURVE('',#3512,#3520,#3522,.T.);
#3520 = VERTEX_POINT('',#3521);
#3521 = CARTESIAN_POINT('',(0.77,-0.4,0.5));
#3522 = LINE('',#3523,#3524);
#3523 = CARTESIAN_POINT('',(0.5,-0.4,0.5));
#3524 = VECTOR('',#3525,1.);
#3525 = DIRECTION('',(1.,0.,0.));
#3526 = ORIENTED_EDGE('',*,*,#3527,.F.);
#3527 = EDGE_CURVE('',#3528,#3520,#3530,.T.);
#3528 = VERTEX_POINT('',#3529);
#3529 = CARTESIAN_POINT('',(0.8,-0.4,0.47));
#3530 = CIRCLE('',#3531,3.E-02);
#3531 = AXIS2_PLACEMENT_3D('',#3532,#3533,#3534);
#3532 = CARTESIAN_POINT('',(0.77,-0.4,0.47));
#3533 = DIRECTION('',(0.,-1.,0.));
#3534 = DIRECTION('',(0.,0.,1.));
#3535 = ORIENTED_EDGE('',*,*,#3536,.F.);
#3536 = EDGE_CURVE('',#3537,#3528,#3539,.T.);
#3537 = VERTEX_POINT('',#3538);
#3538 = CARTESIAN_POINT('',(0.8,-0.4,3.E-02));
#3539 = LINE('',#3540,#3541);
#3540 = CARTESIAN_POINT('',(0.8,-0.4,0.));
#3541 = VECTOR('',#3542,1.);
#3542 = DIRECTION('',(0.,0.,1.));
#3543 = ORIENTED_EDGE('',*,*,#3544,.T.);
#3544 = EDGE_CURVE('',#3537,#3495,#3545,.T.);
#3545 = CIRCLE('',#3546,3.E-02);
#3546 = AXIS2_PLACEMENT_3D('',#3547,#3548,#3549);
#3547 = CARTESIAN_POINT('',(0.77,-0.4,3.E-02));
#3548 = DIRECTION('',(0.,1.,0.));
#3549 = DIRECTION('',(0.,-0.,1.));
#3550 = PLANE('',#3551);
#3551 = AXIS2_PLACEMENT_3D('',#3552,#3553,#3554);
#3552 = CARTESIAN_POINT('',(0.5,-0.4,0.));
#3553 = DIRECTION('',(0.,1.,0.));
#3554 = DIRECTION('',(0.,-0.,1.));
#3555 = ADVANCED_FACE('',(#3556),#3574,.T.);
#3556 = FACE_BOUND('',#3557,.T.);
#3557 = EDGE_LOOP('',(#3558,#3566,#3567,#3568));
#3558 = ORIENTED_EDGE('',*,*,#3559,.F.);
#3559 = EDGE_CURVE('',#3162,#3560,#3562,.T.);
#3560 = VERTEX_POINT('',#3561);
#3561 = CARTESIAN_POINT('',(0.725,-0.3,0.47));
#3562 = LINE('',#3563,#3564);
#3563 = CARTESIAN_POINT('',(-2.25E-02,-0.3,0.47));
#3564 = VECTOR('',#3565,1.);
#3565 = DIRECTION('',(1.,0.,0.));
#3566 = ORIENTED_EDGE('',*,*,#3161,.T.);
#3567 = ORIENTED_EDGE('',*,*,#3089,.T.);
#3568 = ORIENTED_EDGE('',*,*,#3569,.F.);
#3569 = EDGE_CURVE('',#3560,#3090,#3570,.T.);
#3570 = LINE('',#3571,#3572);
#3571 = CARTESIAN_POINT('',(0.725,-0.45,0.47));
#3572 = VECTOR('',#3573,1.);
#3573 = DIRECTION('',(0.,-1.,0.));
#3574 = PLANE('',#3575);
#3575 = AXIS2_PLACEMENT_3D('',#3576,#3577,#3578);
#3576 = CARTESIAN_POINT('',(-0.77,-0.4,0.47));
#3577 = DIRECTION('',(0.,0.,1.));
#3578 = DIRECTION('',(1.,0.,-0.));
#3579 = ADVANCED_FACE('',(#3580),#3605,.T.);
#3580 = FACE_BOUND('',#3581,.T.);
#3581 = EDGE_LOOP('',(#3582,#3590,#3591,#3599));
#3582 = ORIENTED_EDGE('',*,*,#3583,.F.);
#3583 = EDGE_CURVE('',#3178,#3584,#3586,.T.);
#3584 = VERTEX_POINT('',#3585);
#3585 = CARTESIAN_POINT('',(0.725,0.4,0.47));
#3586 = LINE('',#3587,#3588);
#3587 = CARTESIAN_POINT('',(-0.77,0.4,0.47));
#3588 = VECTOR('',#3589,1.);
#3589 = DIRECTION('',(1.,0.,0.));
#3590 = ORIENTED_EDGE('',*,*,#3177,.T.);
#3591 = ORIENTED_EDGE('',*,*,#3592,.F.);
#3592 = EDGE_CURVE('',#3593,#3170,#3595,.T.);
#3593 = VERTEX_POINT('',#3594);
#3594 = CARTESIAN_POINT('',(0.725,0.3,0.47));
#3595 = LINE('',#3596,#3597);
#3596 = CARTESIAN_POINT('',(-0.7475,0.3,0.47));
#3597 = VECTOR('',#3598,1.);
#3598 = DIRECTION('',(-1.,0.,0.));
#3599 = ORIENTED_EDGE('',*,*,#3600,.F.);
#3600 = EDGE_CURVE('',#3584,#3593,#3601,.T.);
#3601 = LINE('',#3602,#3603);
#3602 = CARTESIAN_POINT('',(0.725,-5.E-02,0.47));
#3603 = VECTOR('',#3604,1.);
#3604 = DIRECTION('',(0.,-1.,0.));
#3605 = PLANE('',#3606);
#3606 = AXIS2_PLACEMENT_3D('',#3607,#3608,#3609);
#3607 = CARTESIAN_POINT('',(-0.77,-0.4,0.47));
#3608 = DIRECTION('',(0.,0.,1.));
#3609 = DIRECTION('',(1.,0.,-0.));
#3610 = ADVANCED_FACE('',(#3611),#3638,.T.);
#3611 = FACE_BOUND('',#3612,.T.);
#3612 = EDGE_LOOP('',(#3613,#3614,#3623,#3631));
#3613 = ORIENTED_EDGE('',*,*,#3169,.F.);
#3614 = ORIENTED_EDGE('',*,*,#3615,.T.);
#3615 = EDGE_CURVE('',#3162,#3616,#3618,.T.);
#3616 = VERTEX_POINT('',#3617);
#3617 = CARTESIAN_POINT('',(0.53,-0.3,0.5));
#3618 = CIRCLE('',#3619,3.E-02);
#3619 = AXIS2_PLACEMENT_3D('',#3620,#3621,#3622);
#3620 = CARTESIAN_POINT('',(0.53,-0.3,0.47));
#3621 = DIRECTION('',(0.,1.,-0.));
#3622 = DIRECTION('',(-1.,0.,0.));
#3623 = ORIENTED_EDGE('',*,*,#3624,.T.);
#3624 = EDGE_CURVE('',#3616,#3625,#3627,.T.);
#3625 = VERTEX_POINT('',#3626);
#3626 = CARTESIAN_POINT('',(0.53,0.3,0.5));
#3627 = LINE('',#3628,#3629);
#3628 = CARTESIAN_POINT('',(0.53,-0.4,0.5));
#3629 = VECTOR('',#3630,1.);
#3630 = DIRECTION('',(0.,1.,0.));
#3631 = ORIENTED_EDGE('',*,*,#3632,.F.);
#3632 = EDGE_CURVE('',#3170,#3625,#3633,.T.);
#3633 = CIRCLE('',#3634,3.E-02);
#3634 = AXIS2_PLACEMENT_3D('',#3635,#3636,#3637);
#3635 = CARTESIAN_POINT('',(0.53,0.3,0.47));
#3636 = DIRECTION('',(0.,1.,-0.));
#3637 = DIRECTION('',(-1.,0.,0.));
#3638 = CYLINDRICAL_SURFACE('',#3639,3.E-02);
#3639 = AXIS2_PLACEMENT_3D('',#3640,#3641,#3642);
#3640 = CARTESIAN_POINT('',(0.53,-0.4,0.47));
#3641 = DIRECTION('',(0.,1.,0.));
#3642 = DIRECTION('',(-1.,0.,0.));
#3643 = ADVANCED_FACE('',(#3644),#3694,.T.);
#3644 = FACE_BOUND('',#3645,.T.);
#3645 = EDGE_LOOP('',(#3646,#3654,#3662,#3668,#3669,#3670,#3671,#3679,
    #3687,#3693));
#3646 = ORIENTED_EDGE('',*,*,#3647,.F.);
#3647 = EDGE_CURVE('',#3648,#3421,#3650,.T.);
#3648 = VERTEX_POINT('',#3649);
#3649 = CARTESIAN_POINT('',(-0.77,0.4,3.E-02));
#3650 = LINE('',#3651,#3652);
#3651 = CARTESIAN_POINT('',(-0.77,0.4,3.E-02));
#3652 = VECTOR('',#3653,1.);
#3653 = DIRECTION('',(1.,0.,0.));
#3654 = ORIENTED_EDGE('',*,*,#3655,.T.);
#3655 = EDGE_CURVE('',#3648,#3656,#3658,.T.);
#3656 = VERTEX_POINT('',#3657);
#3657 = CARTESIAN_POINT('',(-0.77,0.4,0.47));
#3658 = LINE('',#3659,#3660);
#3659 = CARTESIAN_POINT('',(-0.77,0.4,3.E-02));
#3660 = VECTOR('',#3661,1.);
#3661 = DIRECTION('',(0.,0.,1.));
#3662 = ORIENTED_EDGE('',*,*,#3663,.T.);
#3663 = EDGE_CURVE('',#3656,#3200,#3664,.T.);
#3664 = LINE('',#3665,#3666);
#3665 = CARTESIAN_POINT('',(-0.77,0.4,0.47));
#3666 = VECTOR('',#3667,1.);
#3667 = DIRECTION('',(1.,0.,0.));
#3668 = ORIENTED_EDGE('',*,*,#3199,.T.);
#3669 = ORIENTED_EDGE('',*,*,#3233,.F.);
#3670 = ORIENTED_EDGE('',*,*,#3583,.T.);
#3671 = ORIENTED_EDGE('',*,*,#3672,.T.);
#3672 = EDGE_CURVE('',#3584,#3673,#3675,.T.);
#3673 = VERTEX_POINT('',#3674);
#3674 = CARTESIAN_POINT('',(0.77,0.4,0.47));
#3675 = LINE('',#3676,#3677);
#3676 = CARTESIAN_POINT('',(-0.77,0.4,0.47));
#3677 = VECTOR('',#3678,1.);
#3678 = DIRECTION('',(1.,0.,0.));
#3679 = ORIENTED_EDGE('',*,*,#3680,.F.);
#3680 = EDGE_CURVE('',#3681,#3673,#3683,.T.);
#3681 = VERTEX_POINT('',#3682);
#3682 = CARTESIAN_POINT('',(0.77,0.4,3.E-02));
#3683 = LINE('',#3684,#3685);
#3684 = CARTESIAN_POINT('',(0.77,0.4,3.E-02));
#3685 = VECTOR('',#3686,1.);
#3686 = DIRECTION('',(0.,0.,1.));
#3687 = ORIENTED_EDGE('',*,*,#3688,.F.);
#3688 = EDGE_CURVE('',#3413,#3681,#3689,.T.);
#3689 = LINE('',#3690,#3691);
#3690 = CARTESIAN_POINT('',(-0.77,0.4,3.E-02));
#3691 = VECTOR('',#3692,1.);
#3692 = DIRECTION('',(1.,0.,0.));
#3693 = ORIENTED_EDGE('',*,*,#3420,.F.);
#3694 = PLANE('',#3695);
#3695 = AXIS2_PLACEMENT_3D('',#3696,#3697,#3698);
#3696 = CARTESIAN_POINT('',(-0.77,0.4,3.E-02));
#3697 = DIRECTION('',(0.,1.,0.));
#3698 = DIRECTION('',(0.,-0.,1.));
#3699 = ADVANCED_FACE('',(#3700),#3718,.F.);
#3700 = FACE_BOUND('',#3701,.F.);
#3701 = EDGE_LOOP('',(#3702,#3710,#3716,#3717));
#3702 = ORIENTED_EDGE('',*,*,#3703,.F.);
#3703 = EDGE_CURVE('',#3704,#3248,#3706,.T.);
#3704 = VERTEX_POINT('',#3705);
#3705 = CARTESIAN_POINT('',(-0.725,0.3,0.5));
#3706 = LINE('',#3707,#3708);
#3707 = CARTESIAN_POINT('',(-0.7625,0.3,0.5));
#3708 = VECTOR('',#3709,1.);
#3709 = DIRECTION('',(1.,0.,0.));
#3710 = ORIENTED_EDGE('',*,*,#3711,.T.);
#3711 = EDGE_CURVE('',#3704,#3208,#3712,.T.);
#3712 = LINE('',#3713,#3714);
#3713 = CARTESIAN_POINT('',(-0.725,0.3,0.75));
#3714 = VECTOR('',#3715,1.);
#3715 = DIRECTION('',(-0.,-0.,-1.));
#3716 = ORIENTED_EDGE('',*,*,#3215,.F.);
#3717 = ORIENTED_EDGE('',*,*,#3247,.F.);
#3718 = PLANE('',#3719);
#3719 = AXIS2_PLACEMENT_3D('',#3720,#3721,#3722);
#3720 = CARTESIAN_POINT('',(-0.725,0.3,0.75));
#3721 = DIRECTION('',(0.,-1.,0.));
#3722 = DIRECTION('',(1.,0.,0.));
#3723 = ADVANCED_FACE('',(#3724),#3742,.F.);
#3724 = FACE_BOUND('',#3725,.F.);
#3725 = EDGE_LOOP('',(#3726,#3727,#3735,#3741));
#3726 = ORIENTED_EDGE('',*,*,#3711,.F.);
#3727 = ORIENTED_EDGE('',*,*,#3728,.F.);
#3728 = EDGE_CURVE('',#3729,#3704,#3731,.T.);
#3729 = VERTEX_POINT('',#3730);
#3730 = CARTESIAN_POINT('',(-0.725,0.4,0.5));
#3731 = LINE('',#3732,#3733);
#3732 = CARTESIAN_POINT('',(-0.725,5.E-02,0.5));
#3733 = VECTOR('',#3734,1.);
#3734 = DIRECTION('',(0.,-1.,0.));
#3735 = ORIENTED_EDGE('',*,*,#3736,.F.);
#3736 = EDGE_CURVE('',#3200,#3729,#3737,.T.);
#3737 = LINE('',#3738,#3739);
#3738 = CARTESIAN_POINT('',(-0.725,0.4,0.375));
#3739 = VECTOR('',#3740,1.);
#3740 = DIRECTION('',(0.,0.,1.));
#3741 = ORIENTED_EDGE('',*,*,#3207,.F.);
#3742 = PLANE('',#3743);
#3743 = AXIS2_PLACEMENT_3D('',#3744,#3745,#3746);
#3744 = CARTESIAN_POINT('',(-0.725,0.5,0.75));
#3745 = DIRECTION('',(-1.,0.,0.));
#3746 = DIRECTION('',(0.,-1.,0.));
#3747 = ADVANCED_FACE('',(#3748),#3766,.F.);
#3748 = FACE_BOUND('',#3749,.F.);
#3749 = EDGE_LOOP('',(#3750,#3758,#3764,#3765));
#3750 = ORIENTED_EDGE('',*,*,#3751,.F.);
#3751 = EDGE_CURVE('',#3752,#3281,#3754,.T.);
#3752 = VERTEX_POINT('',#3753);
#3753 = CARTESIAN_POINT('',(-0.725,-0.3,0.5));
#3754 = LINE('',#3755,#3756);
#3755 = CARTESIAN_POINT('',(-0.725,-0.3,0.75));
#3756 = VECTOR('',#3757,1.);
#3757 = DIRECTION('',(-0.,-0.,-1.));
#3758 = ORIENTED_EDGE('',*,*,#3759,.F.);
#3759 = EDGE_CURVE('',#3257,#3752,#3760,.T.);
#3760 = LINE('',#3761,#3762);
#3761 = CARTESIAN_POINT('',(-3.75E-02,-0.3,0.5));
#3762 = VECTOR('',#3763,1.);
#3763 = DIRECTION('',(-1.,0.,0.));
#3764 = ORIENTED_EDGE('',*,*,#3264,.T.);
#3765 = ORIENTED_EDGE('',*,*,#3290,.F.);
#3766 = PLANE('',#3767);
#3767 = AXIS2_PLACEMENT_3D('',#3768,#3769,#3770);
#3768 = CARTESIAN_POINT('',(0.725,-0.3,0.75));
#3769 = DIRECTION('',(0.,1.,0.));
#3770 = DIRECTION('',(-1.,0.,0.));
#3771 = ADVANCED_FACE('',(#3772),#3799,.T.);
#3772 = FACE_BOUND('',#3773,.T.);
#3773 = EDGE_LOOP('',(#3774,#3782,#3788,#3789,#3795,#3796,#3797,#3798));
#3774 = ORIENTED_EDGE('',*,*,#3775,.F.);
#3775 = EDGE_CURVE('',#3776,#3729,#3778,.T.);
#3776 = VERTEX_POINT('',#3777);
#3777 = CARTESIAN_POINT('',(-0.77,0.4,0.5));
#3778 = LINE('',#3779,#3780);
#3779 = CARTESIAN_POINT('',(-0.8,0.4,0.5));
#3780 = VECTOR('',#3781,1.);
#3781 = DIRECTION('',(1.,0.,0.));
#3782 = ORIENTED_EDGE('',*,*,#3783,.F.);
#3783 = EDGE_CURVE('',#3332,#3776,#3784,.T.);
#3784 = LINE('',#3785,#3786);
#3785 = CARTESIAN_POINT('',(-0.77,-0.4,0.5));
#3786 = VECTOR('',#3787,1.);
#3787 = DIRECTION('',(0.,1.,0.));
#3788 = ORIENTED_EDGE('',*,*,#3340,.T.);
#3789 = ORIENTED_EDGE('',*,*,#3790,.F.);
#3790 = EDGE_CURVE('',#3752,#3341,#3791,.T.);
#3791 = LINE('',#3792,#3793);
#3792 = CARTESIAN_POINT('',(-0.725,-0.35,0.5));
#3793 = VECTOR('',#3794,1.);
#3794 = DIRECTION('',(0.,-1.,0.));
#3795 = ORIENTED_EDGE('',*,*,#3759,.F.);
#3796 = ORIENTED_EDGE('',*,*,#3256,.T.);
#3797 = ORIENTED_EDGE('',*,*,#3703,.F.);
#3798 = ORIENTED_EDGE('',*,*,#3728,.F.);
#3799 = PLANE('',#3800);
#3800 = AXIS2_PLACEMENT_3D('',#3801,#3802,#3803);
#3801 = CARTESIAN_POINT('',(-0.8,-0.4,0.5));
#3802 = DIRECTION('',(0.,0.,1.));
#3803 = DIRECTION('',(1.,0.,-0.));
#3804 = ADVANCED_FACE('',(#3805),#3811,.F.);
#3805 = FACE_BOUND('',#3806,.F.);
#3806 = EDGE_LOOP('',(#3807,#3808,#3809,#3810));
#3807 = ORIENTED_EDGE('',*,*,#3790,.F.);
#3808 = ORIENTED_EDGE('',*,*,#3751,.T.);
#3809 = ORIENTED_EDGE('',*,*,#3280,.F.);
#3810 = ORIENTED_EDGE('',*,*,#3348,.T.);
#3811 = PLANE('',#3812);
#3812 = AXIS2_PLACEMENT_3D('',#3813,#3814,#3815);
#3813 = CARTESIAN_POINT('',(-0.725,-0.3,0.75));
#3814 = DIRECTION('',(-1.,0.,0.));
#3815 = DIRECTION('',(0.,-1.,0.));
#3816 = ADVANCED_FACE('',(#3817),#3874,.F.);
#3817 = FACE_BOUND('',#3818,.F.);
#3818 = EDGE_LOOP('',(#3819,#3829,#3835,#3836,#3844,#3852,#3860,#3868));
#3819 = ORIENTED_EDGE('',*,*,#3820,.F.);
#3820 = EDGE_CURVE('',#3821,#3823,#3825,.T.);
#3821 = VERTEX_POINT('',#3822);
#3822 = CARTESIAN_POINT('',(-0.77,0.4,-3.469446951954E-18));
#3823 = VERTEX_POINT('',#3824);
#3824 = CARTESIAN_POINT('',(-0.725,0.4,0.));
#3825 = LINE('',#3826,#3827);
#3826 = CARTESIAN_POINT('',(-0.8,0.4,0.));
#3827 = VECTOR('',#3828,1.);
#3828 = DIRECTION('',(1.,0.,0.));
#3829 = ORIENTED_EDGE('',*,*,#3830,.F.);
#3830 = EDGE_CURVE('',#3305,#3821,#3831,.T.);
#3831 = LINE('',#3832,#3833);
#3832 = CARTESIAN_POINT('',(-0.77,-0.4,-3.469446951954E-18));
#3833 = VECTOR('',#3834,1.);
#3834 = DIRECTION('',(0.,1.,0.));
#3835 = ORIENTED_EDGE('',*,*,#3304,.T.);
#3836 = ORIENTED_EDGE('',*,*,#3837,.F.);
#3837 = EDGE_CURVE('',#3838,#3307,#3840,.T.);
#3838 = VERTEX_POINT('',#3839);
#3839 = CARTESIAN_POINT('',(-0.725,-0.3,0.));
#3840 = LINE('',#3841,#3842);
#3841 = CARTESIAN_POINT('',(-0.725,-0.35,0.));
#3842 = VECTOR('',#3843,1.);
#3843 = DIRECTION('',(0.,-1.,0.));
#3844 = ORIENTED_EDGE('',*,*,#3845,.F.);
#3845 = EDGE_CURVE('',#3846,#3838,#3848,.T.);
#3846 = VERTEX_POINT('',#3847);
#3847 = CARTESIAN_POINT('',(-0.53,-0.3,-3.469446951954E-18));
#3848 = LINE('',#3849,#3850);
#3849 = CARTESIAN_POINT('',(-3.75E-02,-0.3,0.));
#3850 = VECTOR('',#3851,1.);
#3851 = DIRECTION('',(-1.,0.,0.));
#3852 = ORIENTED_EDGE('',*,*,#3853,.T.);
#3853 = EDGE_CURVE('',#3846,#3854,#3856,.T.);
#3854 = VERTEX_POINT('',#3855);
#3855 = CARTESIAN_POINT('',(-0.53,0.3,-3.469446951954E-18));
#3856 = LINE('',#3857,#3858);
#3857 = CARTESIAN_POINT('',(-0.53,-0.4,-3.469446951954E-18));
#3858 = VECTOR('',#3859,1.);
#3859 = DIRECTION('',(0.,1.,0.));
#3860 = ORIENTED_EDGE('',*,*,#3861,.F.);
#3861 = EDGE_CURVE('',#3862,#3854,#3864,.T.);
#3862 = VERTEX_POINT('',#3863);
#3863 = CARTESIAN_POINT('',(-0.725,0.3,0.));
#3864 = LINE('',#3865,#3866);
#3865 = CARTESIAN_POINT('',(-0.7625,0.3,0.));
#3866 = VECTOR('',#3867,1.);
#3867 = DIRECTION('',(1.,0.,0.));
#3868 = ORIENTED_EDGE('',*,*,#3869,.F.);
#3869 = EDGE_CURVE('',#3823,#3862,#3870,.T.);
#3870 = LINE('',#3871,#3872);
#3871 = CARTESIAN_POINT('',(-0.725,5.E-02,0.));
#3872 = VECTOR('',#3873,1.);
#3873 = DIRECTION('',(0.,-1.,0.));
#3874 = PLANE('',#3875);
#3875 = AXIS2_PLACEMENT_3D('',#3876,#3877,#3878);
#3876 = CARTESIAN_POINT('',(-0.8,-0.4,0.));
#3877 = DIRECTION('',(0.,0.,1.));
#3878 = DIRECTION('',(1.,0.,-0.));
#3879 = ADVANCED_FACE('',(#3880),#3899,.T.);
#3880 = FACE_BOUND('',#3881,.T.);
#3881 = EDGE_LOOP('',(#3882,#3890,#3897,#3898));
#3882 = ORIENTED_EDGE('',*,*,#3883,.T.);
#3883 = EDGE_CURVE('',#3315,#3884,#3886,.T.);
#3884 = VERTEX_POINT('',#3885);
#3885 = CARTESIAN_POINT('',(-0.8,0.4,3.E-02));
#3886 = LINE('',#3887,#3888);
#3887 = CARTESIAN_POINT('',(-0.8,-0.4,3.E-02));
#3888 = VECTOR('',#3889,1.);
#3889 = DIRECTION('',(0.,1.,0.));
#3890 = ORIENTED_EDGE('',*,*,#3891,.T.);
#3891 = EDGE_CURVE('',#3884,#3821,#3892,.T.);
#3892 = CIRCLE('',#3893,3.E-02);
#3893 = AXIS2_PLACEMENT_3D('',#3894,#3895,#3896);
#3894 = CARTESIAN_POINT('',(-0.77,0.4,3.E-02));
#3895 = DIRECTION('',(0.,-1.,0.));
#3896 = DIRECTION('',(0.,0.,1.));
#3897 = ORIENTED_EDGE('',*,*,#3830,.F.);
#3898 = ORIENTED_EDGE('',*,*,#3314,.F.);
#3899 = CYLINDRICAL_SURFACE('',#3900,3.E-02);
#3900 = AXIS2_PLACEMENT_3D('',#3901,#3902,#3903);
#3901 = CARTESIAN_POINT('',(-0.77,-0.4,3.E-02));
#3902 = DIRECTION('',(0.,1.,0.));
#3903 = DIRECTION('',(-1.,0.,0.));
#3904 = ADVANCED_FACE('',(#3905),#3916,.F.);
#3905 = FACE_BOUND('',#3906,.F.);
#3906 = EDGE_LOOP('',(#3907,#3908,#3914,#3915));
#3907 = ORIENTED_EDGE('',*,*,#3371,.T.);
#3908 = ORIENTED_EDGE('',*,*,#3909,.T.);
#3909 = EDGE_CURVE('',#3372,#3838,#3910,.T.);
#3910 = LINE('',#3911,#3912);
#3911 = CARTESIAN_POINT('',(-0.725,-0.3,0.75));
#3912 = VECTOR('',#3913,1.);
#3913 = DIRECTION('',(-0.,-0.,-1.));
#3914 = ORIENTED_EDGE('',*,*,#3837,.T.);
#3915 = ORIENTED_EDGE('',*,*,#3357,.T.);
#3916 = PLANE('',#3917);
#3917 = AXIS2_PLACEMENT_3D('',#3918,#3919,#3920);
#3918 = CARTESIAN_POINT('',(-0.725,-0.3,0.75));
#3919 = DIRECTION('',(-1.,0.,0.));
#3920 = DIRECTION('',(0.,-1.,0.));
#3921 = ADVANCED_FACE('',(#3922),#3940,.F.);
#3922 = FACE_BOUND('',#3923,.F.);
#3923 = EDGE_LOOP('',(#3924,#3925,#3926,#3934));
#3924 = ORIENTED_EDGE('',*,*,#3323,.F.);
#3925 = ORIENTED_EDGE('',*,*,#3883,.T.);
#3926 = ORIENTED_EDGE('',*,*,#3927,.T.);
#3927 = EDGE_CURVE('',#3884,#3928,#3930,.T.);
#3928 = VERTEX_POINT('',#3929);
#3929 = CARTESIAN_POINT('',(-0.8,0.4,0.47));
#3930 = LINE('',#3931,#3932);
#3931 = CARTESIAN_POINT('',(-0.8,0.4,0.));
#3932 = VECTOR('',#3933,1.);
#3933 = DIRECTION('',(0.,0.,1.));
#3934 = ORIENTED_EDGE('',*,*,#3935,.F.);
#3935 = EDGE_CURVE('',#3324,#3928,#3936,.T.);
#3936 = LINE('',#3937,#3938);
#3937 = CARTESIAN_POINT('',(-0.8,-0.4,0.47));
#3938 = VECTOR('',#3939,1.);
#3939 = DIRECTION('',(0.,1.,0.));
#3940 = PLANE('',#3941);
#3941 = AXIS2_PLACEMENT_3D('',#3942,#3943,#3944);
#3942 = CARTESIAN_POINT('',(-0.8,-0.4,0.));
#3943 = DIRECTION('',(1.,0.,0.));
#3944 = DIRECTION('',(0.,0.,1.));
#3945 = ADVANCED_FACE('',(#3946),#3958,.T.);
#3946 = FACE_BOUND('',#3947,.T.);
#3947 = EDGE_LOOP('',(#3948,#3949,#3950,#3957));
#3948 = ORIENTED_EDGE('',*,*,#3331,.T.);
#3949 = ORIENTED_EDGE('',*,*,#3783,.T.);
#3950 = ORIENTED_EDGE('',*,*,#3951,.F.);
#3951 = EDGE_CURVE('',#3928,#3776,#3952,.T.);
#3952 = CIRCLE('',#3953,3.E-02);
#3953 = AXIS2_PLACEMENT_3D('',#3954,#3955,#3956);
#3954 = CARTESIAN_POINT('',(-0.77,0.4,0.47));
#3955 = DIRECTION('',(0.,1.,0.));
#3956 = DIRECTION('',(0.,-0.,1.));
#3957 = ORIENTED_EDGE('',*,*,#3935,.F.);
#3958 = CYLINDRICAL_SURFACE('',#3959,3.E-02);
#3959 = AXIS2_PLACEMENT_3D('',#3960,#3961,#3962);
#3960 = CARTESIAN_POINT('',(-0.77,-0.4,0.47));
#3961 = DIRECTION('',(0.,1.,0.));
#3962 = DIRECTION('',(-1.,0.,0.));
#3963 = ADVANCED_FACE('',(#3964),#3976,.F.);
#3964 = FACE_BOUND('',#3965,.F.);
#3965 = EDGE_LOOP('',(#3966,#3967,#3968,#3975));
#3966 = ORIENTED_EDGE('',*,*,#3909,.F.);
#3967 = ORIENTED_EDGE('',*,*,#3452,.T.);
#3968 = ORIENTED_EDGE('',*,*,#3969,.T.);
#3969 = EDGE_CURVE('',#3445,#3846,#3970,.T.);
#3970 = CIRCLE('',#3971,3.E-02);
#3971 = AXIS2_PLACEMENT_3D('',#3972,#3973,#3974);
#3972 = CARTESIAN_POINT('',(-0.53,-0.3,3.E-02));
#3973 = DIRECTION('',(-0.,1.,0.));
#3974 = DIRECTION('',(1.,0.,0.));
#3975 = ORIENTED_EDGE('',*,*,#3845,.T.);
#3976 = PLANE('',#3977);
#3977 = AXIS2_PLACEMENT_3D('',#3978,#3979,#3980);
#3978 = CARTESIAN_POINT('',(0.725,-0.3,0.75));
#3979 = DIRECTION('',(0.,1.,0.));
#3980 = DIRECTION('',(-1.,0.,0.));
#3981 = ADVANCED_FACE('',(#3982),#3994,.T.);
#3982 = FACE_BOUND('',#3983,.T.);
#3983 = EDGE_LOOP('',(#3984,#3985,#3986,#3987));
#3984 = ORIENTED_EDGE('',*,*,#3444,.F.);
#3985 = ORIENTED_EDGE('',*,*,#3969,.T.);
#3986 = ORIENTED_EDGE('',*,*,#3853,.T.);
#3987 = ORIENTED_EDGE('',*,*,#3988,.F.);
#3988 = EDGE_CURVE('',#3437,#3854,#3989,.T.);
#3989 = CIRCLE('',#3990,3.E-02);
#3990 = AXIS2_PLACEMENT_3D('',#3991,#3992,#3993);
#3991 = CARTESIAN_POINT('',(-0.53,0.3,3.E-02));
#3992 = DIRECTION('',(-0.,1.,0.));
#3993 = DIRECTION('',(1.,0.,0.));
#3994 = CYLINDRICAL_SURFACE('',#3995,3.E-02);
#3995 = AXIS2_PLACEMENT_3D('',#3996,#3997,#3998);
#3996 = CARTESIAN_POINT('',(-0.53,-0.4,3.E-02));
#3997 = DIRECTION('',(0.,1.,0.));
#3998 = DIRECTION('',(1.,0.,0.));
#3999 = ADVANCED_FACE('',(#4000),#4011,.F.);
#4000 = FACE_BOUND('',#4001,.F.);
#4001 = EDGE_LOOP('',(#4002,#4003,#4009,#4010));
#4002 = ORIENTED_EDGE('',*,*,#3436,.T.);
#4003 = ORIENTED_EDGE('',*,*,#4004,.T.);
#4004 = EDGE_CURVE('',#3429,#3862,#4005,.T.);
#4005 = LINE('',#4006,#4007);
#4006 = CARTESIAN_POINT('',(-0.725,0.3,0.75));
#4007 = VECTOR('',#4008,1.);
#4008 = DIRECTION('',(-0.,-0.,-1.));
#4009 = ORIENTED_EDGE('',*,*,#3861,.T.);
#4010 = ORIENTED_EDGE('',*,*,#3988,.F.);
#4011 = PLANE('',#4012);
#4012 = AXIS2_PLACEMENT_3D('',#4013,#4014,#4015);
#4013 = CARTESIAN_POINT('',(-0.725,0.3,0.75));
#4014 = DIRECTION('',(0.,-1.,0.));
#4015 = DIRECTION('',(1.,0.,0.));
#4016 = ADVANCED_FACE('',(#4017),#4028,.F.);
#4017 = FACE_BOUND('',#4018,.F.);
#4018 = EDGE_LOOP('',(#4019,#4020,#4021,#4027));
#4019 = ORIENTED_EDGE('',*,*,#4004,.F.);
#4020 = ORIENTED_EDGE('',*,*,#3428,.T.);
#4021 = ORIENTED_EDGE('',*,*,#4022,.F.);
#4022 = EDGE_CURVE('',#3823,#3421,#4023,.T.);
#4023 = LINE('',#4024,#4025);
#4024 = CARTESIAN_POINT('',(-0.725,0.4,0.375));
#4025 = VECTOR('',#4026,1.);
#4026 = DIRECTION('',(0.,0.,1.));
#4027 = ORIENTED_EDGE('',*,*,#3869,.T.);
#4028 = PLANE('',#4029);
#4029 = AXIS2_PLACEMENT_3D('',#4030,#4031,#4032);
#4030 = CARTESIAN_POINT('',(-0.725,0.5,0.75));
#4031 = DIRECTION('',(-1.,0.,0.));
#4032 = DIRECTION('',(0.,-1.,0.));
#4033 = ADVANCED_FACE('',(#4034),#4059,.F.);
#4034 = FACE_BOUND('',#4035,.F.);
#4035 = EDGE_LOOP('',(#4036,#4037,#4045,#4053));
#4036 = ORIENTED_EDGE('',*,*,#3412,.T.);
#4037 = ORIENTED_EDGE('',*,*,#4038,.T.);
#4038 = EDGE_CURVE('',#3405,#4039,#4041,.T.);
#4039 = VERTEX_POINT('',#4040);
#4040 = CARTESIAN_POINT('',(0.725,0.3,0.));
#4041 = LINE('',#4042,#4043);
#4042 = CARTESIAN_POINT('',(0.725,0.3,0.75));
#4043 = VECTOR('',#4044,1.);
#4044 = DIRECTION('',(-0.,-0.,-1.));
#4045 = ORIENTED_EDGE('',*,*,#4046,.T.);
#4046 = EDGE_CURVE('',#4039,#4047,#4049,.T.);
#4047 = VERTEX_POINT('',#4048);
#4048 = CARTESIAN_POINT('',(0.725,0.4,0.));
#4049 = LINE('',#4050,#4051);
#4050 = CARTESIAN_POINT('',(0.725,-5.E-02,0.));
#4051 = VECTOR('',#4052,1.);
#4052 = DIRECTION('',(0.,1.,0.));
#4053 = ORIENTED_EDGE('',*,*,#4054,.F.);
#4054 = EDGE_CURVE('',#3413,#4047,#4055,.T.);
#4055 = LINE('',#4056,#4057);
#4056 = CARTESIAN_POINT('',(0.725,0.4,0.375));
#4057 = VECTOR('',#4058,1.);
#4058 = DIRECTION('',(0.,0.,-1.));
#4059 = PLANE('',#4060);
#4060 = AXIS2_PLACEMENT_3D('',#4061,#4062,#4063);
#4061 = CARTESIAN_POINT('',(0.725,0.3,0.75));
#4062 = DIRECTION('',(1.,0.,0.));
#4063 = DIRECTION('',(-0.,1.,0.));
#4064 = ADVANCED_FACE('',(#4065),#4084,.F.);
#4065 = FACE_BOUND('',#4066,.F.);
#4066 = EDGE_LOOP('',(#4067,#4068,#4069,#4078));
#4067 = ORIENTED_EDGE('',*,*,#4038,.F.);
#4068 = ORIENTED_EDGE('',*,*,#3404,.T.);
#4069 = ORIENTED_EDGE('',*,*,#4070,.F.);
#4070 = EDGE_CURVE('',#4071,#3397,#4073,.T.);
#4071 = VERTEX_POINT('',#4072);
#4072 = CARTESIAN_POINT('',(0.53,0.3,-3.469446951954E-18));
#4073 = CIRCLE('',#4074,3.E-02);
#4074 = AXIS2_PLACEMENT_3D('',#4075,#4076,#4077);
#4075 = CARTESIAN_POINT('',(0.53,0.3,3.E-02));
#4076 = DIRECTION('',(0.,1.,-0.));
#4077 = DIRECTION('',(-1.,0.,0.));
#4078 = ORIENTED_EDGE('',*,*,#4079,.T.);
#4079 = EDGE_CURVE('',#4071,#4039,#4080,.T.);
#4080 = LINE('',#4081,#4082);
#4081 = CARTESIAN_POINT('',(-0.1125,0.3,0.));
#4082 = VECTOR('',#4083,1.);
#4083 = DIRECTION('',(1.,0.,0.));
#4084 = PLANE('',#4085);
#4085 = AXIS2_PLACEMENT_3D('',#4086,#4087,#4088);
#4086 = CARTESIAN_POINT('',(-0.725,0.3,0.75));
#4087 = DIRECTION('',(0.,-1.,0.));
#4088 = DIRECTION('',(1.,0.,0.));
#4089 = ADVANCED_FACE('',(#4090),#4109,.T.);
#4090 = FACE_BOUND('',#4091,.T.);
#4091 = EDGE_LOOP('',(#4092,#4093,#4101,#4108));
#4092 = ORIENTED_EDGE('',*,*,#4070,.F.);
#4093 = ORIENTED_EDGE('',*,*,#4094,.F.);
#4094 = EDGE_CURVE('',#4095,#4071,#4097,.T.);
#4095 = VERTEX_POINT('',#4096);
#4096 = CARTESIAN_POINT('',(0.53,-0.3,-3.469446951954E-18));
#4097 = LINE('',#4098,#4099);
#4098 = CARTESIAN_POINT('',(0.53,-0.4,-3.469446951954E-18));
#4099 = VECTOR('',#4100,1.);
#4100 = DIRECTION('',(0.,1.,0.));
#4101 = ORIENTED_EDGE('',*,*,#4102,.T.);
#4102 = EDGE_CURVE('',#4095,#3389,#4103,.T.);
#4103 = CIRCLE('',#4104,3.E-02);
#4104 = AXIS2_PLACEMENT_3D('',#4105,#4106,#4107);
#4105 = CARTESIAN_POINT('',(0.53,-0.3,3.E-02));
#4106 = DIRECTION('',(0.,1.,-0.));
#4107 = DIRECTION('',(-1.,0.,0.));
#4108 = ORIENTED_EDGE('',*,*,#3396,.T.);
#4109 = CYLINDRICAL_SURFACE('',#4110,3.E-02);
#4110 = AXIS2_PLACEMENT_3D('',#4111,#4112,#4113);
#4111 = CARTESIAN_POINT('',(0.53,-0.4,3.E-02));
#4112 = DIRECTION('',(0.,1.,0.));
#4113 = DIRECTION('',(-1.,0.,0.));
#4114 = ADVANCED_FACE('',(#4115),#4133,.F.);
#4115 = FACE_BOUND('',#4116,.F.);
#4116 = EDGE_LOOP('',(#4117,#4118,#4126,#4132));
#4117 = ORIENTED_EDGE('',*,*,#3388,.T.);
#4118 = ORIENTED_EDGE('',*,*,#4119,.T.);
#4119 = EDGE_CURVE('',#3381,#4120,#4122,.T.);
#4120 = VERTEX_POINT('',#4121);
#4121 = CARTESIAN_POINT('',(0.725,-0.3,0.));
#4122 = LINE('',#4123,#4124);
#4123 = CARTESIAN_POINT('',(0.725,-0.3,0.75));
#4124 = VECTOR('',#4125,1.);
#4125 = DIRECTION('',(-0.,-0.,-1.));
#4126 = ORIENTED_EDGE('',*,*,#4127,.T.);
#4127 = EDGE_CURVE('',#4120,#4095,#4128,.T.);
#4128 = LINE('',#4129,#4130);
#4129 = CARTESIAN_POINT('',(0.6125,-0.3,0.));
#4130 = VECTOR('',#4131,1.);
#4131 = DIRECTION('',(-1.,0.,0.));
#4132 = ORIENTED_EDGE('',*,*,#4102,.T.);
#4133 = PLANE('',#4134);
#4134 = AXIS2_PLACEMENT_3D('',#4135,#4136,#4137);
#4135 = CARTESIAN_POINT('',(0.725,-0.3,0.75));
#4136 = DIRECTION('',(0.,1.,0.));
#4137 = DIRECTION('',(-1.,0.,0.));
#4138 = ADVANCED_FACE('',(#4139),#4150,.F.);
#4139 = FACE_BOUND('',#4140,.F.);
#4140 = EDGE_LOOP('',(#4141,#4142,#4143,#4144));
#4141 = ORIENTED_EDGE('',*,*,#4119,.F.);
#4142 = ORIENTED_EDGE('',*,*,#3380,.T.);
#4143 = ORIENTED_EDGE('',*,*,#3502,.T.);
#4144 = ORIENTED_EDGE('',*,*,#4145,.T.);
#4145 = EDGE_CURVE('',#3493,#4120,#4146,.T.);
#4146 = LINE('',#4147,#4148);
#4147 = CARTESIAN_POINT('',(0.725,-0.45,0.));
#4148 = VECTOR('',#4149,1.);
#4149 = DIRECTION('',(0.,1.,0.));
#4150 = PLANE('',#4151);
#4151 = AXIS2_PLACEMENT_3D('',#4152,#4153,#4154);
#4152 = CARTESIAN_POINT('',(0.725,-0.5,0.75));
#4153 = DIRECTION('',(1.,0.,0.));
#4154 = DIRECTION('',(-0.,1.,0.));
#4155 = ADVANCED_FACE('',(#4156),#4181,.T.);
#4156 = FACE_BOUND('',#4157,.T.);
#4157 = EDGE_LOOP('',(#4158,#4166,#4167,#4175));
#4158 = ORIENTED_EDGE('',*,*,#4159,.T.);
#4159 = EDGE_CURVE('',#4160,#3461,#4162,.T.);
#4160 = VERTEX_POINT('',#4161);
#4161 = CARTESIAN_POINT('',(0.277128129211,0.32,1.5E-02));
#4162 = LINE('',#4163,#4164);
#4163 = CARTESIAN_POINT('',(0.277128129211,0.32,1.5E-02));
#4164 = VECTOR('',#4165,1.);
#4165 = DIRECTION('',(0.,0.,1.));
#4166 = ORIENTED_EDGE('',*,*,#3460,.T.);
#4167 = ORIENTED_EDGE('',*,*,#4168,.F.);
#4168 = EDGE_CURVE('',#4169,#3463,#4171,.T.);
#4169 = VERTEX_POINT('',#4170);
#4170 = CARTESIAN_POINT('',(0.277128129211,-0.32,1.5E-02));
#4171 = LINE('',#4172,#4173);
#4172 = CARTESIAN_POINT('',(0.277128129211,-0.32,1.5E-02));
#4173 = VECTOR('',#4174,1.);
#4174 = DIRECTION('',(0.,0.,1.));
#4175 = ORIENTED_EDGE('',*,*,#4176,.F.);
#4176 = EDGE_CURVE('',#4160,#4169,#4177,.T.);
#4177 = LINE('',#4178,#4179);
#4178 = CARTESIAN_POINT('',(0.277128129211,0.32,1.5E-02));
#4179 = VECTOR('',#4180,1.);
#4180 = DIRECTION('',(0.,-1.,0.));
#4181 = PLANE('',#4182);
#4182 = AXIS2_PLACEMENT_3D('',#4183,#4184,#4185);
#4183 = CARTESIAN_POINT('',(0.277128129211,0.32,1.5E-02));
#4184 = DIRECTION('',(1.,0.,0.));
#4185 = DIRECTION('',(0.,-1.,0.));
#4186 = ADVANCED_FACE('',(#4187),#4205,.T.);
#4187 = FACE_BOUND('',#4188,.T.);
#4188 = EDGE_LOOP('',(#4189,#4197,#4198,#4199));
#4189 = ORIENTED_EDGE('',*,*,#4190,.T.);
#4190 = EDGE_CURVE('',#4191,#3471,#4193,.T.);
#4191 = VERTEX_POINT('',#4192);
#4192 = CARTESIAN_POINT('',(-0.277128129211,0.,1.5E-02));
#4193 = LINE('',#4194,#4195);
#4194 = CARTESIAN_POINT('',(-0.277128129211,0.,1.5E-02));
#4195 = VECTOR('',#4196,1.);
#4196 = DIRECTION('',(0.,0.,1.));
#4197 = ORIENTED_EDGE('',*,*,#3478,.T.);
#4198 = ORIENTED_EDGE('',*,*,#4159,.F.);
#4199 = ORIENTED_EDGE('',*,*,#4200,.F.);
#4200 = EDGE_CURVE('',#4191,#4160,#4201,.T.);
#4201 = LINE('',#4202,#4203);
#4202 = CARTESIAN_POINT('',(-0.277128129211,0.,1.5E-02));
#4203 = VECTOR('',#4204,1.);
#4204 = DIRECTION('',(0.866025403784,0.5,0.));
#4205 = PLANE('',#4206);
#4206 = AXIS2_PLACEMENT_3D('',#4207,#4208,#4209);
#4207 = CARTESIAN_POINT('',(-0.277128129211,0.,1.5E-02));
#4208 = DIRECTION('',(-0.5,0.866025403784,0.));
#4209 = DIRECTION('',(0.866025403784,0.5,0.));
#4210 = ADVANCED_FACE('',(#4211),#4222,.T.);
#4211 = FACE_BOUND('',#4212,.T.);
#4212 = EDGE_LOOP('',(#4213,#4214,#4215,#4216));
#4213 = ORIENTED_EDGE('',*,*,#4168,.T.);
#4214 = ORIENTED_EDGE('',*,*,#3470,.T.);
#4215 = ORIENTED_EDGE('',*,*,#4190,.F.);
#4216 = ORIENTED_EDGE('',*,*,#4217,.F.);
#4217 = EDGE_CURVE('',#4169,#4191,#4218,.T.);
#4218 = LINE('',#4219,#4220);
#4219 = CARTESIAN_POINT('',(0.277128129211,-0.32,1.5E-02));
#4220 = VECTOR('',#4221,1.);
#4221 = DIRECTION('',(-0.866025403784,0.5,0.));
#4222 = PLANE('',#4223);
#4223 = AXIS2_PLACEMENT_3D('',#4224,#4225,#4226);
#4224 = CARTESIAN_POINT('',(0.277128129211,-0.32,1.5E-02));
#4225 = DIRECTION('',(-0.5,-0.866025403784,0.));
#4226 = DIRECTION('',(-0.866025403784,0.5,0.));
#4227 = ADVANCED_FACE('',(#4228),#4250,.F.);
#4228 = FACE_BOUND('',#4229,.F.);
#4229 = EDGE_LOOP('',(#4230,#4238,#4239,#4240,#4241,#4242,#4243,#4244));
#4230 = ORIENTED_EDGE('',*,*,#4231,.F.);
#4231 = EDGE_CURVE('',#4047,#4232,#4234,.T.);
#4232 = VERTEX_POINT('',#4233);
#4233 = CARTESIAN_POINT('',(0.77,0.4,-3.469446951954E-18));
#4234 = LINE('',#4235,#4236);
#4235 = CARTESIAN_POINT('',(0.5,0.4,0.));
#4236 = VECTOR('',#4237,1.);
#4237 = DIRECTION('',(1.,0.,0.));
#4238 = ORIENTED_EDGE('',*,*,#4046,.F.);
#4239 = ORIENTED_EDGE('',*,*,#4079,.F.);
#4240 = ORIENTED_EDGE('',*,*,#4094,.F.);
#4241 = ORIENTED_EDGE('',*,*,#4127,.F.);
#4242 = ORIENTED_EDGE('',*,*,#4145,.F.);
#4243 = ORIENTED_EDGE('',*,*,#3492,.T.);
#4244 = ORIENTED_EDGE('',*,*,#4245,.T.);
#4245 = EDGE_CURVE('',#3495,#4232,#4246,.T.);
#4246 = LINE('',#4247,#4248);
#4247 = CARTESIAN_POINT('',(0.77,-0.4,-3.469446951954E-18));
#4248 = VECTOR('',#4249,1.);
#4249 = DIRECTION('',(0.,1.,0.));
#4250 = PLANE('',#4251);
#4251 = AXIS2_PLACEMENT_3D('',#4252,#4253,#4254);
#4252 = CARTESIAN_POINT('',(0.5,-0.4,0.));
#4253 = DIRECTION('',(0.,0.,1.));
#4254 = DIRECTION('',(1.,0.,-0.));
#4255 = ADVANCED_FACE('',(#4256),#4275,.T.);
#4256 = FACE_BOUND('',#4257,.T.);
#4257 = EDGE_LOOP('',(#4258,#4259,#4260,#4269));
#4258 = ORIENTED_EDGE('',*,*,#3544,.T.);
#4259 = ORIENTED_EDGE('',*,*,#4245,.T.);
#4260 = ORIENTED_EDGE('',*,*,#4261,.F.);
#4261 = EDGE_CURVE('',#4262,#4232,#4264,.T.);
#4262 = VERTEX_POINT('',#4263);
#4263 = CARTESIAN_POINT('',(0.8,0.4,3.E-02));
#4264 = CIRCLE('',#4265,3.E-02);
#4265 = AXIS2_PLACEMENT_3D('',#4266,#4267,#4268);
#4266 = CARTESIAN_POINT('',(0.77,0.4,3.E-02));
#4267 = DIRECTION('',(0.,1.,0.));
#4268 = DIRECTION('',(0.,-0.,1.));
#4269 = ORIENTED_EDGE('',*,*,#4270,.F.);
#4270 = EDGE_CURVE('',#3537,#4262,#4271,.T.);
#4271 = LINE('',#4272,#4273);
#4272 = CARTESIAN_POINT('',(0.8,-0.4,3.E-02));
#4273 = VECTOR('',#4274,1.);
#4274 = DIRECTION('',(0.,1.,0.));
#4275 = CYLINDRICAL_SURFACE('',#4276,3.E-02);
#4276 = AXIS2_PLACEMENT_3D('',#4277,#4278,#4279);
#4277 = CARTESIAN_POINT('',(0.77,-0.4,3.E-02));
#4278 = DIRECTION('',(0.,1.,0.));
#4279 = DIRECTION('',(1.,0.,0.));
#4280 = ADVANCED_FACE('',(#4281),#4299,.T.);
#4281 = FACE_BOUND('',#4282,.T.);
#4282 = EDGE_LOOP('',(#4283,#4284,#4285,#4293));
#4283 = ORIENTED_EDGE('',*,*,#3536,.F.);
#4284 = ORIENTED_EDGE('',*,*,#4270,.T.);
#4285 = ORIENTED_EDGE('',*,*,#4286,.T.);
#4286 = EDGE_CURVE('',#4262,#4287,#4289,.T.);
#4287 = VERTEX_POINT('',#4288);
#4288 = CARTESIAN_POINT('',(0.8,0.4,0.47));
#4289 = LINE('',#4290,#4291);
#4290 = CARTESIAN_POINT('',(0.8,0.4,0.));
#4291 = VECTOR('',#4292,1.);
#4292 = DIRECTION('',(0.,0.,1.));
#4293 = ORIENTED_EDGE('',*,*,#4294,.F.);
#4294 = EDGE_CURVE('',#3528,#4287,#4295,.T.);
#4295 = LINE('',#4296,#4297);
#4296 = CARTESIAN_POINT('',(0.8,-0.4,0.47));
#4297 = VECTOR('',#4298,1.);
#4298 = DIRECTION('',(0.,1.,0.));
#4299 = PLANE('',#4300);
#4300 = AXIS2_PLACEMENT_3D('',#4301,#4302,#4303);
#4301 = CARTESIAN_POINT('',(0.8,-0.4,0.));
#4302 = DIRECTION('',(1.,0.,0.));
#4303 = DIRECTION('',(0.,0.,1.));
#4304 = ADVANCED_FACE('',(#4305),#4324,.T.);
#4305 = FACE_BOUND('',#4306,.T.);
#4306 = EDGE_LOOP('',(#4307,#4308,#4317,#4323));
#4307 = ORIENTED_EDGE('',*,*,#4294,.T.);
#4308 = ORIENTED_EDGE('',*,*,#4309,.T.);
#4309 = EDGE_CURVE('',#4287,#4310,#4312,.T.);
#4310 = VERTEX_POINT('',#4311);
#4311 = CARTESIAN_POINT('',(0.77,0.4,0.5));
#4312 = CIRCLE('',#4313,3.E-02);
#4313 = AXIS2_PLACEMENT_3D('',#4314,#4315,#4316);
#4314 = CARTESIAN_POINT('',(0.77,0.4,0.47));
#4315 = DIRECTION('',(0.,-1.,0.));
#4316 = DIRECTION('',(0.,0.,1.));
#4317 = ORIENTED_EDGE('',*,*,#4318,.F.);
#4318 = EDGE_CURVE('',#3520,#4310,#4319,.T.);
#4319 = LINE('',#4320,#4321);
#4320 = CARTESIAN_POINT('',(0.77,-0.4,0.5));
#4321 = VECTOR('',#4322,1.);
#4322 = DIRECTION('',(0.,1.,0.));
#4323 = ORIENTED_EDGE('',*,*,#3527,.F.);
#4324 = CYLINDRICAL_SURFACE('',#4325,3.E-02);
#4325 = AXIS2_PLACEMENT_3D('',#4326,#4327,#4328);
#4326 = CARTESIAN_POINT('',(0.77,-0.4,0.47));
#4327 = DIRECTION('',(0.,1.,0.));
#4328 = DIRECTION('',(1.,0.,0.));
#4329 = ADVANCED_FACE('',(#4330),#4371,.T.);
#4330 = FACE_BOUND('',#4331,.T.);
#4331 = EDGE_LOOP('',(#4332,#4340,#4348,#4354,#4355,#4363,#4369,#4370));
#4332 = ORIENTED_EDGE('',*,*,#4333,.F.);
#4333 = EDGE_CURVE('',#4334,#4310,#4336,.T.);
#4334 = VERTEX_POINT('',#4335);
#4335 = CARTESIAN_POINT('',(0.725,0.4,0.5));
#4336 = LINE('',#4337,#4338);
#4337 = CARTESIAN_POINT('',(0.5,0.4,0.5));
#4338 = VECTOR('',#4339,1.);
#4339 = DIRECTION('',(1.,0.,0.));
#4340 = ORIENTED_EDGE('',*,*,#4341,.F.);
#4341 = EDGE_CURVE('',#4342,#4334,#4344,.T.);
#4342 = VERTEX_POINT('',#4343);
#4343 = CARTESIAN_POINT('',(0.725,0.3,0.5));
#4344 = LINE('',#4345,#4346);
#4345 = CARTESIAN_POINT('',(0.725,-5.E-02,0.5));
#4346 = VECTOR('',#4347,1.);
#4347 = DIRECTION('',(0.,1.,0.));
#4348 = ORIENTED_EDGE('',*,*,#4349,.F.);
#4349 = EDGE_CURVE('',#3625,#4342,#4350,.T.);
#4350 = LINE('',#4351,#4352);
#4351 = CARTESIAN_POINT('',(-0.1125,0.3,0.5));
#4352 = VECTOR('',#4353,1.);
#4353 = DIRECTION('',(1.,0.,0.));
#4354 = ORIENTED_EDGE('',*,*,#3624,.F.);
#4355 = ORIENTED_EDGE('',*,*,#4356,.F.);
#4356 = EDGE_CURVE('',#4357,#3616,#4359,.T.);
#4357 = VERTEX_POINT('',#4358);
#4358 = CARTESIAN_POINT('',(0.725,-0.3,0.5));
#4359 = LINE('',#4360,#4361);
#4360 = CARTESIAN_POINT('',(0.6125,-0.3,0.5));
#4361 = VECTOR('',#4362,1.);
#4362 = DIRECTION('',(-1.,0.,0.));
#4363 = ORIENTED_EDGE('',*,*,#4364,.F.);
#4364 = EDGE_CURVE('',#3512,#4357,#4365,.T.);
#4365 = LINE('',#4366,#4367);
#4366 = CARTESIAN_POINT('',(0.725,-0.45,0.5));
#4367 = VECTOR('',#4368,1.);
#4368 = DIRECTION('',(0.,1.,0.));
#4369 = ORIENTED_EDGE('',*,*,#3519,.T.);
#4370 = ORIENTED_EDGE('',*,*,#4318,.T.);
#4371 = PLANE('',#4372);
#4372 = AXIS2_PLACEMENT_3D('',#4373,#4374,#4375);
#4373 = CARTESIAN_POINT('',(0.5,-0.4,0.5));
#4374 = DIRECTION('',(0.,0.,1.));
#4375 = DIRECTION('',(1.,0.,-0.));
#4376 = ADVANCED_FACE('',(#4377),#4388,.F.);
#4377 = FACE_BOUND('',#4378,.F.);
#4378 = EDGE_LOOP('',(#4379,#4385,#4386,#4387));
#4379 = ORIENTED_EDGE('',*,*,#4380,.F.);
#4380 = EDGE_CURVE('',#4357,#3560,#4381,.T.);
#4381 = LINE('',#4382,#4383);
#4382 = CARTESIAN_POINT('',(0.725,-0.3,0.75));
#4383 = VECTOR('',#4384,1.);
#4384 = DIRECTION('',(-0.,-0.,-1.));
#4385 = ORIENTED_EDGE('',*,*,#4364,.F.);
#4386 = ORIENTED_EDGE('',*,*,#3511,.T.);
#4387 = ORIENTED_EDGE('',*,*,#3569,.F.);
#4388 = PLANE('',#4389);
#4389 = AXIS2_PLACEMENT_3D('',#4390,#4391,#4392);
#4390 = CARTESIAN_POINT('',(0.725,-0.5,0.75));
#4391 = DIRECTION('',(1.,0.,0.));
#4392 = DIRECTION('',(-0.,1.,0.));
#4393 = ADVANCED_FACE('',(#4394),#4400,.F.);
#4394 = FACE_BOUND('',#4395,.F.);
#4395 = EDGE_LOOP('',(#4396,#4397,#4398,#4399));
#4396 = ORIENTED_EDGE('',*,*,#4356,.F.);
#4397 = ORIENTED_EDGE('',*,*,#4380,.T.);
#4398 = ORIENTED_EDGE('',*,*,#3559,.F.);
#4399 = ORIENTED_EDGE('',*,*,#3615,.T.);
#4400 = PLANE('',#4401);
#4401 = AXIS2_PLACEMENT_3D('',#4402,#4403,#4404);
#4402 = CARTESIAN_POINT('',(0.725,-0.3,0.75));
#4403 = DIRECTION('',(0.,1.,0.));
#4404 = DIRECTION('',(-1.,0.,0.));
#4405 = ADVANCED_FACE('',(#4406),#4422,.F.);
#4406 = FACE_BOUND('',#4407,.F.);
#4407 = EDGE_LOOP('',(#4408,#4409,#4415,#4416));
#4408 = ORIENTED_EDGE('',*,*,#4341,.F.);
#4409 = ORIENTED_EDGE('',*,*,#4410,.T.);
#4410 = EDGE_CURVE('',#4342,#3593,#4411,.T.);
#4411 = LINE('',#4412,#4413);
#4412 = CARTESIAN_POINT('',(0.725,0.3,0.75));
#4413 = VECTOR('',#4414,1.);
#4414 = DIRECTION('',(-0.,-0.,-1.));
#4415 = ORIENTED_EDGE('',*,*,#3600,.F.);
#4416 = ORIENTED_EDGE('',*,*,#4417,.F.);
#4417 = EDGE_CURVE('',#4334,#3584,#4418,.T.);
#4418 = LINE('',#4419,#4420);
#4419 = CARTESIAN_POINT('',(0.725,0.4,0.375));
#4420 = VECTOR('',#4421,1.);
#4421 = DIRECTION('',(0.,0.,-1.));
#4422 = PLANE('',#4423);
#4423 = AXIS2_PLACEMENT_3D('',#4424,#4425,#4426);
#4424 = CARTESIAN_POINT('',(0.725,0.3,0.75));
#4425 = DIRECTION('',(1.,0.,0.));
#4426 = DIRECTION('',(-0.,1.,0.));
#4427 = ADVANCED_FACE('',(#4428),#4434,.F.);
#4428 = FACE_BOUND('',#4429,.F.);
#4429 = EDGE_LOOP('',(#4430,#4431,#4432,#4433));
#4430 = ORIENTED_EDGE('',*,*,#4410,.F.);
#4431 = ORIENTED_EDGE('',*,*,#4349,.F.);
#4432 = ORIENTED_EDGE('',*,*,#3632,.F.);
#4433 = ORIENTED_EDGE('',*,*,#3592,.F.);
#4434 = PLANE('',#4435);
#4435 = AXIS2_PLACEMENT_3D('',#4436,#4437,#4438);
#4436 = CARTESIAN_POINT('',(-0.725,0.3,0.75));
#4437 = DIRECTION('',(0.,-1.,0.));
#4438 = DIRECTION('',(1.,0.,0.));
#4439 = ADVANCED_FACE('',(#4440),#4452,.T.);
#4440 = FACE_BOUND('',#4441,.T.);
#4441 = EDGE_LOOP('',(#4442,#4443,#4444,#4445,#4446,#4447,#4448,#4449,
    #4450,#4451));
#4442 = ORIENTED_EDGE('',*,*,#3820,.F.);
#4443 = ORIENTED_EDGE('',*,*,#3891,.F.);
#4444 = ORIENTED_EDGE('',*,*,#3927,.T.);
#4445 = ORIENTED_EDGE('',*,*,#3951,.T.);
#4446 = ORIENTED_EDGE('',*,*,#3775,.T.);
#4447 = ORIENTED_EDGE('',*,*,#3736,.F.);
#4448 = ORIENTED_EDGE('',*,*,#3663,.F.);
#4449 = ORIENTED_EDGE('',*,*,#3655,.F.);
#4450 = ORIENTED_EDGE('',*,*,#3647,.T.);
#4451 = ORIENTED_EDGE('',*,*,#4022,.F.);
#4452 = PLANE('',#4453);
#4453 = AXIS2_PLACEMENT_3D('',#4454,#4455,#4456);
#4454 = CARTESIAN_POINT('',(-0.8,0.4,0.));
#4455 = DIRECTION('',(0.,1.,0.));
#4456 = DIRECTION('',(0.,-0.,1.));
#4457 = ADVANCED_FACE('',(#4458),#4470,.T.);
#4458 = FACE_BOUND('',#4459,.T.);
#4459 = EDGE_LOOP('',(#4460,#4461,#4462,#4463,#4464,#4465,#4466,#4467,
    #4468,#4469));
#4460 = ORIENTED_EDGE('',*,*,#4231,.F.);
#4461 = ORIENTED_EDGE('',*,*,#4054,.F.);
#4462 = ORIENTED_EDGE('',*,*,#3688,.T.);
#4463 = ORIENTED_EDGE('',*,*,#3680,.T.);
#4464 = ORIENTED_EDGE('',*,*,#3672,.F.);
#4465 = ORIENTED_EDGE('',*,*,#4417,.F.);
#4466 = ORIENTED_EDGE('',*,*,#4333,.T.);
#4467 = ORIENTED_EDGE('',*,*,#4309,.F.);
#4468 = ORIENTED_EDGE('',*,*,#4286,.F.);
#4469 = ORIENTED_EDGE('',*,*,#4261,.T.);
#4470 = PLANE('',#4471);
#4471 = AXIS2_PLACEMENT_3D('',#4472,#4473,#4474);
#4472 = CARTESIAN_POINT('',(0.5,0.4,0.));
#4473 = DIRECTION('',(0.,1.,0.));
#4474 = DIRECTION('',(0.,-0.,1.));
#4475 = ADVANCED_FACE('',(#4476),#4481,.T.);
#4476 = FACE_BOUND('',#4477,.T.);
#4477 = EDGE_LOOP('',(#4478,#4479,#4480));
#4478 = ORIENTED_EDGE('',*,*,#4200,.T.);
#4479 = ORIENTED_EDGE('',*,*,#4176,.T.);
#4480 = ORIENTED_EDGE('',*,*,#4217,.T.);
#4481 = PLANE('',#4482);
#4482 = AXIS2_PLACEMENT_3D('',#4483,#4484,#4485);
#4483 = CARTESIAN_POINT('',(9.237604307034E-02,0.,1.5E-02));
#4484 = DIRECTION('',(-0.,-0.,-1.));
#4485 = DIRECTION('',(-1.,0.,0.));
#4486 = ( GEOMETRIC_REPRESENTATION_CONTEXT(3) 
GLOBAL_UNCERTAINTY_ASSIGNED_CONTEXT((#4490)) 
GLOBAL_UNIT_ASSIGNED_CONTEXT((#4487,#4488,#4489)) REPRESENTATION_CONTEXT
('Context #1','3D Context with UNIT and UNCERTAINTY') );
#4487 = ( LENGTH_UNIT() NAMED_UNIT(*) SI_UNIT(.MILLI.,.METRE.) );
#4488 = ( NAMED_UNIT(*) PLANE_ANGLE_UNIT() SI_UNIT($,.RADIAN.) );
#4489 = ( NAMED_UNIT(*) SI_UNIT($,.STERADIAN.) SOLID_ANGLE_UNIT() );
#4490 = UNCERTAINTY_MEASURE_WITH_UNIT(LENGTH_MEASURE(1.E-07),#4487,
  'distance_accuracy_value','confusion accuracy');
#4491 = CONTEXT_DEPENDENT_SHAPE_REPRESENTATION(#4492,#4494);
#4492 = ( REPRESENTATION_RELATIONSHIP('','',#2962,#10) 
REPRESENTATION_RELATIONSHIP_WITH_TRANSFORMATION(#4493) 
SHAPE_REPRESENTATION_RELATIONSHIP() );
#4493 = ITEM_DEFINED_TRANSFORMATION('','',#11,#23);
#4494 = PRODUCT_DEFINITION_SHAPE('Placement','Placement of an item',
  #4495);
#4495 = NEXT_ASSEMBLY_USAGE_OCCURRENCE('3','LED8','',#5,#2957,$);
#4496 = PRODUCT_RELATED_PRODUCT_CATEGORY('part',$,(#2959));
#4497 = CONTEXT_DEPENDENT_SHAPE_REPRESENTATION(#4498,#4500);
#4498 = ( REPRESENTATION_RELATIONSHIP('','',#152,#10) 
REPRESENTATION_RELATIONSHIP_WITH_TRANSFORMATION(#4499) 
SHAPE_REPRESENTATION_RELATIONSHIP() );
#4499 = ITEM_DEFINED_TRANSFORMATION('','',#11,#27);
#4500 = PRODUCT_DEFINITION_SHAPE('Placement','Placement of an item',
  #4501);
#4501 = NEXT_ASSEMBLY_USAGE_OCCURRENCE('4','Q6','',#5,#147,$);
#4502 = CONTEXT_DEPENDENT_SHAPE_REPRESENTATION(#4503,#4505);
#4503 = ( REPRESENTATION_RELATIONSHIP('','',#2153,#10) 
REPRESENTATION_RELATIONSHIP_WITH_TRANSFORMATION(#4504) 
SHAPE_REPRESENTATION_RELATIONSHIP() );
#4504 = ITEM_DEFINED_TRANSFORMATION('','',#11,#31);
#4505 = PRODUCT_DEFINITION_SHAPE('Placement','Placement of an item',
  #4506);
#4506 = NEXT_ASSEMBLY_USAGE_OCCURRENCE('5','R6','',#5,#2148,$);
#4507 = CONTEXT_DEPENDENT_SHAPE_REPRESENTATION(#4508,#4510);
#4508 = ( REPRESENTATION_RELATIONSHIP('','',#152,#10) 
REPRESENTATION_RELATIONSHIP_WITH_TRANSFORMATION(#4509) 
SHAPE_REPRESENTATION_RELATIONSHIP() );
#4509 = ITEM_DEFINED_TRANSFORMATION('','',#11,#35);
#4510 = PRODUCT_DEFINITION_SHAPE('Placement','Placement of an item',
  #4511);
#4511 = NEXT_ASSEMBLY_USAGE_OCCURRENCE('6','Q3','',#5,#147,$);
#4512 = CONTEXT_DEPENDENT_SHAPE_REPRESENTATION(#4513,#4515);
#4513 = ( REPRESENTATION_RELATIONSHIP('','',#2962,#10) 
REPRESENTATION_RELATIONSHIP_WITH_TRANSFORMATION(#4514) 
SHAPE_REPRESENTATION_RELATIONSHIP() );
#4514 = ITEM_DEFINED_TRANSFORMATION('','',#11,#39);
#4515 = PRODUCT_DEFINITION_SHAPE('Placement','Placement of an item',
  #4516);
#4516 = NEXT_ASSEMBLY_USAGE_OCCURRENCE('7','LED4','',#5,#2957,$);
#4517 = CONTEXT_DEPENDENT_SHAPE_REPRESENTATION(#4518,#4520);
#4518 = ( REPRESENTATION_RELATIONSHIP('','',#2153,#10) 
REPRESENTATION_RELATIONSHIP_WITH_TRANSFORMATION(#4519) 
SHAPE_REPRESENTATION_RELATIONSHIP() );
#4519 = ITEM_DEFINED_TRANSFORMATION('','',#11,#43);
#4520 = PRODUCT_DEFINITION_SHAPE('Placement','Placement of an item',
  #4521);
#4521 = NEXT_ASSEMBLY_USAGE_OCCURRENCE('8','R4','',#5,#2148,$);
#4522 = CONTEXT_DEPENDENT_SHAPE_REPRESENTATION(#4523,#4525);
#4523 = ( REPRESENTATION_RELATIONSHIP('','',#2962,#10) 
REPRESENTATION_RELATIONSHIP_WITH_TRANSFORMATION(#4524) 
SHAPE_REPRESENTATION_RELATIONSHIP() );
#4524 = ITEM_DEFINED_TRANSFORMATION('','',#11,#47);
#4525 = PRODUCT_DEFINITION_SHAPE('Placement','Placement of an item',
  #4526);
#4526 = NEXT_ASSEMBLY_USAGE_OCCURRENCE('9','LED6','',#5,#2957,$);
#4527 = CONTEXT_DEPENDENT_SHAPE_REPRESENTATION(#4528,#4530);
#4528 = ( REPRESENTATION_RELATIONSHIP('','',#2153,#10) 
REPRESENTATION_RELATIONSHIP_WITH_TRANSFORMATION(#4529) 
SHAPE_REPRESENTATION_RELATIONSHIP() );
#4529 = ITEM_DEFINED_TRANSFORMATION('','',#11,#51);
#4530 = PRODUCT_DEFINITION_SHAPE('Placement','Placement of an item',
  #4531);
#4531 = NEXT_ASSEMBLY_USAGE_OCCURRENCE('10','R3','',#5,#2148,$);
#4532 = CONTEXT_DEPENDENT_SHAPE_REPRESENTATION(#4533,#4535);
#4533 = ( REPRESENTATION_RELATIONSHIP('','',#152,#10) 
REPRESENTATION_RELATIONSHIP_WITH_TRANSFORMATION(#4534) 
SHAPE_REPRESENTATION_RELATIONSHIP() );
#4534 = ITEM_DEFINED_TRANSFORMATION('','',#11,#55);
#4535 = PRODUCT_DEFINITION_SHAPE('Placement','Placement of an item',
  #4536);
#4536 = NEXT_ASSEMBLY_USAGE_OCCURRENCE('11','Q8','',#5,#147,$);
#4537 = CONTEXT_DEPENDENT_SHAPE_REPRESENTATION(#4538,#4540);
#4538 = ( REPRESENTATION_RELATIONSHIP('','',#2153,#10) 
REPRESENTATION_RELATIONSHIP_WITH_TRANSFORMATION(#4539) 
SHAPE_REPRESENTATION_RELATIONSHIP() );
#4539 = ITEM_DEFINED_TRANSFORMATION('','',#11,#59);
#4540 = PRODUCT_DEFINITION_SHAPE('Placement','Placement of an item',
  #4541);
#4541 = NEXT_ASSEMBLY_USAGE_OCCURRENCE('12','R2','',#5,#2148,$);
#4542 = CONTEXT_DEPENDENT_SHAPE_REPRESENTATION(#4543,#4545);
#4543 = ( REPRESENTATION_RELATIONSHIP('','',#2153,#10) 
REPRESENTATION_RELATIONSHIP_WITH_TRANSFORMATION(#4544) 
SHAPE_REPRESENTATION_RELATIONSHIP() );
#4544 = ITEM_DEFINED_TRANSFORMATION('','',#11,#63);
#4545 = PRODUCT_DEFINITION_SHAPE('Placement','Placement of an item',
  #4546);
#4546 = NEXT_ASSEMBLY_USAGE_OCCURRENCE('13','R1','',#5,#2148,$);
#4547 = CONTEXT_DEPENDENT_SHAPE_REPRESENTATION(#4548,#4550);
#4548 = ( REPRESENTATION_RELATIONSHIP('','',#152,#10) 
REPRESENTATION_RELATIONSHIP_WITH_TRANSFORMATION(#4549) 
SHAPE_REPRESENTATION_RELATIONSHIP() );
#4549 = ITEM_DEFINED_TRANSFORMATION('','',#11,#67);
#4550 = PRODUCT_DEFINITION_SHAPE('Placement','Placement of an item',
  #4551);
#4551 = NEXT_ASSEMBLY_USAGE_OCCURRENCE('14','Q7','',#5,#147,$);
#4552 = CONTEXT_DEPENDENT_SHAPE_REPRESENTATION(#4553,#4555);
#4553 = ( REPRESENTATION_RELATIONSHIP('','',#152,#10) 
REPRESENTATION_RELATIONSHIP_WITH_TRANSFORMATION(#4554) 
SHAPE_REPRESENTATION_RELATIONSHIP() );
#4554 = ITEM_DEFINED_TRANSFORMATION('','',#11,#71);
#4555 = PRODUCT_DEFINITION_SHAPE('Placement','Placement of an item',
  #4556);
#4556 = NEXT_ASSEMBLY_USAGE_OCCURRENCE('15','Q5','',#5,#147,$);
#4557 = CONTEXT_DEPENDENT_SHAPE_REPRESENTATION(#4558,#4560);
#4558 = ( REPRESENTATION_RELATIONSHIP('','',#152,#10) 
REPRESENTATION_RELATIONSHIP_WITH_TRANSFORMATION(#4559) 
SHAPE_REPRESENTATION_RELATIONSHIP() );
#4559 = ITEM_DEFINED_TRANSFORMATION('','',#11,#75);
#4560 = PRODUCT_DEFINITION_SHAPE('Placement','Placement of an item',
  #4561);
#4561 = NEXT_ASSEMBLY_USAGE_OCCURRENCE('16','Q2','',#5,#147,$);
#4562 = CONTEXT_DEPENDENT_SHAPE_REPRESENTATION(#4563,#4565);
#4563 = ( REPRESENTATION_RELATIONSHIP('','',#2962,#10) 
REPRESENTATION_RELATIONSHIP_WITH_TRANSFORMATION(#4564) 
SHAPE_REPRESENTATION_RELATIONSHIP() );
#4564 = ITEM_DEFINED_TRANSFORMATION('','',#11,#79);
#4565 = PRODUCT_DEFINITION_SHAPE('Placement','Placement of an item',
  #4566);
#4566 = NEXT_ASSEMBLY_USAGE_OCCURRENCE('17','LED1','',#5,#2957,$);
#4567 = CONTEXT_DEPENDENT_SHAPE_REPRESENTATION(#4568,#4570);
#4568 = ( REPRESENTATION_RELATIONSHIP('','',#2962,#10) 
REPRESENTATION_RELATIONSHIP_WITH_TRANSFORMATION(#4569) 
SHAPE_REPRESENTATION_RELATIONSHIP() );
#4569 = ITEM_DEFINED_TRANSFORMATION('','',#11,#83);
#4570 = PRODUCT_DEFINITION_SHAPE('Placement','Placement of an item',
  #4571);
#4571 = NEXT_ASSEMBLY_USAGE_OCCURRENCE('18','LED7','',#5,#2957,$);
#4572 = CONTEXT_DEPENDENT_SHAPE_REPRESENTATION(#4573,#4575);
#4573 = ( REPRESENTATION_RELATIONSHIP('','',#2153,#10) 
REPRESENTATION_RELATIONSHIP_WITH_TRANSFORMATION(#4574) 
SHAPE_REPRESENTATION_RELATIONSHIP() );
#4574 = ITEM_DEFINED_TRANSFORMATION('','',#11,#87);
#4575 = PRODUCT_DEFINITION_SHAPE('Placement','Placement of an item',
  #4576);
#4576 = NEXT_ASSEMBLY_USAGE_OCCURRENCE('19','R8','',#5,#2148,$);
#4577 = CONTEXT_DEPENDENT_SHAPE_REPRESENTATION(#4578,#4580);
#4578 = ( REPRESENTATION_RELATIONSHIP('','',#152,#10) 
REPRESENTATION_RELATIONSHIP_WITH_TRANSFORMATION(#4579) 
SHAPE_REPRESENTATION_RELATIONSHIP() );
#4579 = ITEM_DEFINED_TRANSFORMATION('','',#11,#91);
#4580 = PRODUCT_DEFINITION_SHAPE('Placement','Placement of an item',
  #4581);
#4581 = NEXT_ASSEMBLY_USAGE_OCCURRENCE('20','Q4','',#5,#147,$);
#4582 = SHAPE_DEFINITION_REPRESENTATION(#4583,#4589);
#4583 = PRODUCT_DEFINITION_SHAPE('','',#4584);
#4584 = PRODUCT_DEFINITION('design','',#4585,#4588);
#4585 = PRODUCT_DEFINITION_FORMATION('','',#4586);
#4586 = PRODUCT('PinHeader_1x08_P2.54mm_Vertical',
  'PinHeader_1x08_P2.54mm_Vertical','',(#4587));
#4587 = PRODUCT_CONTEXT('',#2,'mechanical');
#4588 = PRODUCT_DEFINITION_CONTEXT('part definition',#2,'design');
#4589 = ADVANCED_BREP_SHAPE_REPRESENTATION('',(#11,#4590),#10066);
#4590 = MANIFOLD_SOLID_BREP('',#4591);
#4591 = CLOSED_SHELL('',(#4592,#4632,#4663,#4694,#5351,#6008,#6025,#6042
    ,#6059,#6076,#6093,#6110,#6127,#6144,#6161,#6178,#6195,#6212,#6229,
    #6246,#6263,#6280,#6297,#6314,#6331,#6348,#6365,#6382,#6399,#6416,
    #6433,#6450,#6467,#6484,#6501,#6518,#6535,#6552,#6569,#6586,#6603,
    #6620,#6637,#6654,#6671,#6688,#6705,#6722,#6739,#6756,#6773,#6790,
    #6802,#6833,#6857,#6881,#6898,#6929,#6953,#6977,#6994,#7025,#7049,
    #7073,#7090,#7121,#7145,#7169,#7186,#7217,#7241,#7265,#7282,#7313,
    #7337,#7361,#7378,#7409,#7433,#7457,#7474,#7505,#7529,#7553,#7570,
    #7601,#7625,#7649,#7666,#7697,#7721,#7745,#7762,#7793,#7817,#7841,
    #7858,#7889,#7913,#7937,#7954,#7985,#8009,#8033,#8050,#8081,#8105,
    #8129,#8146,#8177,#8201,#8225,#8242,#8273,#8297,#8321,#8338,#8369,
    #8393,#8417,#8434,#8465,#8489,#8513,#8530,#8561,#8585,#8609,#8626,
    #8657,#8681,#8705,#8722,#8753,#8777,#8801,#8818,#8849,#8873,#8897,
    #8914,#8945,#8969,#8993,#9010,#9041,#9065,#9089,#9106,#9137,#9161,
    #9185,#9202,#9233,#9257,#9281,#9298,#9329,#9353,#9377,#9394,#9425,
    #9449,#9473,#9490,#9521,#9545,#9569,#9586,#9617,#9641,#9665,#9682,
    #9713,#9737,#9761,#9778,#9809,#9833,#9857,#9874,#9886,#9898,#9910,
    #9922,#9934,#9946,#9958,#9970,#9982,#9994,#10006,#10018,#10030,
    #10042,#10054));
#4592 = ADVANCED_FACE('',(#4593),#4627,.F.);
#4593 = FACE_BOUND('',#4594,.F.);
#4594 = EDGE_LOOP('',(#4595,#4605,#4613,#4621));
#4595 = ORIENTED_EDGE('',*,*,#4596,.T.);
#4596 = EDGE_CURVE('',#4597,#4599,#4601,.T.);
#4597 = VERTEX_POINT('',#4598);
#4598 = CARTESIAN_POINT('',(-1.016,1.27,0.));
#4599 = VERTEX_POINT('',#4600);
#4600 = CARTESIAN_POINT('',(-1.016,1.27,2.54));
#4601 = LINE('',#4602,#4603);
#4602 = CARTESIAN_POINT('',(-1.016,1.27,0.));
#4603 = VECTOR('',#4604,1.);
#4604 = DIRECTION('',(0.,0.,1.));
#4605 = ORIENTED_EDGE('',*,*,#4606,.T.);
#4606 = EDGE_CURVE('',#4599,#4607,#4609,.T.);
#4607 = VERTEX_POINT('',#4608);
#4608 = CARTESIAN_POINT('',(-1.27,1.016,2.54));
#4609 = LINE('',#4610,#4611);
#4610 = CARTESIAN_POINT('',(-1.016,1.27,2.54));
#4611 = VECTOR('',#4612,1.);
#4612 = DIRECTION('',(-0.707106781187,-0.707106781187,0.));
#4613 = ORIENTED_EDGE('',*,*,#4614,.F.);
#4614 = EDGE_CURVE('',#4615,#4607,#4617,.T.);
#4615 = VERTEX_POINT('',#4616);
#4616 = CARTESIAN_POINT('',(-1.27,1.016,0.));
#4617 = LINE('',#4618,#4619);
#4618 = CARTESIAN_POINT('',(-1.27,1.016,0.));
#4619 = VECTOR('',#4620,1.);
#4620 = DIRECTION('',(0.,0.,1.));
#4621 = ORIENTED_EDGE('',*,*,#4622,.F.);
#4622 = EDGE_CURVE('',#4597,#4615,#4623,.T.);
#4623 = LINE('',#4624,#4625);
#4624 = CARTESIAN_POINT('',(-1.016,1.27,0.));
#4625 = VECTOR('',#4626,1.);
#4626 = DIRECTION('',(-0.707106781187,-0.707106781187,0.));
#4627 = PLANE('',#4628);
#4628 = AXIS2_PLACEMENT_3D('',#4629,#4630,#4631);
#4629 = CARTESIAN_POINT('',(-1.016,1.27,0.));
#4630 = DIRECTION('',(0.707106781187,-0.707106781187,0.));
#4631 = DIRECTION('',(-0.707106781187,-0.707106781187,0.));
#4632 = ADVANCED_FACE('',(#4633),#4658,.F.);
#4633 = FACE_BOUND('',#4634,.F.);
#4634 = EDGE_LOOP('',(#4635,#4645,#4651,#4652));
#4635 = ORIENTED_EDGE('',*,*,#4636,.T.);
#4636 = EDGE_CURVE('',#4637,#4639,#4641,.T.);
#4637 = VERTEX_POINT('',#4638);
#4638 = CARTESIAN_POINT('',(1.016,1.27,0.));
#4639 = VERTEX_POINT('',#4640);
#4640 = CARTESIAN_POINT('',(1.016,1.27,2.54));
#4641 = LINE('',#4642,#4643);
#4642 = CARTESIAN_POINT('',(1.016,1.27,0.));
#4643 = VECTOR('',#4644,1.);
#4644 = DIRECTION('',(0.,0.,1.));
#4645 = ORIENTED_EDGE('',*,*,#4646,.T.);
#4646 = EDGE_CURVE('',#4639,#4599,#4647,.T.);
#4647 = LINE('',#4648,#4649);
#4648 = CARTESIAN_POINT('',(1.016,1.27,2.54));
#4649 = VECTOR('',#4650,1.);
#4650 = DIRECTION('',(-1.,0.,0.));
#4651 = ORIENTED_EDGE('',*,*,#4596,.F.);
#4652 = ORIENTED_EDGE('',*,*,#4653,.F.);
#4653 = EDGE_CURVE('',#4637,#4597,#4654,.T.);
#4654 = LINE('',#4655,#4656);
#4655 = CARTESIAN_POINT('',(1.016,1.27,0.));
#4656 = VECTOR('',#4657,1.);
#4657 = DIRECTION('',(-1.,0.,0.));
#4658 = PLANE('',#4659);
#4659 = AXIS2_PLACEMENT_3D('',#4660,#4661,#4662);
#4660 = CARTESIAN_POINT('',(1.016,1.27,0.));
#4661 = DIRECTION('',(0.,-1.,0.));
#4662 = DIRECTION('',(-1.,0.,0.));
#4663 = ADVANCED_FACE('',(#4664),#4689,.F.);
#4664 = FACE_BOUND('',#4665,.F.);
#4665 = EDGE_LOOP('',(#4666,#4667,#4675,#4683));
#4666 = ORIENTED_EDGE('',*,*,#4614,.T.);
#4667 = ORIENTED_EDGE('',*,*,#4668,.T.);
#4668 = EDGE_CURVE('',#4607,#4669,#4671,.T.);
#4669 = VERTEX_POINT('',#4670);
#4670 = CARTESIAN_POINT('',(-1.27,-1.016,2.54));
#4671 = LINE('',#4672,#4673);
#4672 = CARTESIAN_POINT('',(-1.27,1.016,2.54));
#4673 = VECTOR('',#4674,1.);
#4674 = DIRECTION('',(0.,-1.,0.));
#4675 = ORIENTED_EDGE('',*,*,#4676,.F.);
#4676 = EDGE_CURVE('',#4677,#4669,#4679,.T.);
#4677 = VERTEX_POINT('',#4678);
#4678 = CARTESIAN_POINT('',(-1.27,-1.016,0.));
#4679 = LINE('',#4680,#4681);
#4680 = CARTESIAN_POINT('',(-1.27,-1.016,0.));
#4681 = VECTOR('',#4682,1.);
#4682 = DIRECTION('',(0.,0.,1.));
#4683 = ORIENTED_EDGE('',*,*,#4684,.F.);
#4684 = EDGE_CURVE('',#4615,#4677,#4685,.T.);
#4685 = LINE('',#4686,#4687);
#4686 = CARTESIAN_POINT('',(-1.27,1.016,0.));
#4687 = VECTOR('',#4688,1.);
#4688 = DIRECTION('',(0.,-1.,0.));
#4689 = PLANE('',#4690);
#4690 = AXIS2_PLACEMENT_3D('',#4691,#4692,#4693);
#4691 = CARTESIAN_POINT('',(-1.27,1.016,0.));
#4692 = DIRECTION('',(1.,0.,0.));
#4693 = DIRECTION('',(0.,-1.,0.));
#4694 = ADVANCED_FACE('',(#4695,#5074,#5108,#5142,#5176,#5210,#5244,
    #5278,#5312),#5346,.F.);
#4695 = FACE_BOUND('',#4696,.F.);
#4696 = EDGE_LOOP('',(#4697,#4698,#4699,#4707,#4715,#4723,#4731,#4739,
    #4747,#4755,#4763,#4771,#4779,#4787,#4795,#4803,#4811,#4819,#4827,
    #4835,#4843,#4851,#4859,#4867,#4875,#4883,#4891,#4899,#4907,#4915,
    #4923,#4931,#4939,#4947,#4955,#4963,#4971,#4979,#4987,#4995,#5003,
    #5011,#5019,#5027,#5035,#5043,#5051,#5059,#5067,#5073));
#4697 = ORIENTED_EDGE('',*,*,#4622,.T.);
#4698 = ORIENTED_EDGE('',*,*,#4684,.T.);
#4699 = ORIENTED_EDGE('',*,*,#4700,.T.);
#4700 = EDGE_CURVE('',#4677,#4701,#4703,.T.);
#4701 = VERTEX_POINT('',#4702);
#4702 = CARTESIAN_POINT('',(-1.016,-1.27,0.));
#4703 = LINE('',#4704,#4705);
#4704 = CARTESIAN_POINT('',(-1.27,-1.016,0.));
#4705 = VECTOR('',#4706,1.);
#4706 = DIRECTION('',(0.707106781187,-0.707106781187,0.));
#4707 = ORIENTED_EDGE('',*,*,#4708,.T.);
#4708 = EDGE_CURVE('',#4701,#4709,#4711,.T.);
#4709 = VERTEX_POINT('',#4710);
#4710 = CARTESIAN_POINT('',(-1.27,-1.524,0.));
#4711 = LINE('',#4712,#4713);
#4712 = CARTESIAN_POINT('',(-1.016,-1.27,0.));
#4713 = VECTOR('',#4714,1.);
#4714 = DIRECTION('',(-0.707106781187,-0.707106781187,0.));
#4715 = ORIENTED_EDGE('',*,*,#4716,.T.);
#4716 = EDGE_CURVE('',#4709,#4717,#4719,.T.);
#4717 = VERTEX_POINT('',#4718);
#4718 = CARTESIAN_POINT('',(-1.27,-3.556,0.));
#4719 = LINE('',#4720,#4721);
#4720 = CARTESIAN_POINT('',(-1.27,-1.524,0.));
#4721 = VECTOR('',#4722,1.);
#4722 = DIRECTION('',(0.,-1.,0.));
#4723 = ORIENTED_EDGE('',*,*,#4724,.T.);
#4724 = EDGE_CURVE('',#4717,#4725,#4727,.T.);
#4725 = VERTEX_POINT('',#4726);
#4726 = CARTESIAN_POINT('',(-1.016,-3.81,0.));
#4727 = LINE('',#4728,#4729);
#4728 = CARTESIAN_POINT('',(-1.27,-3.556,0.));
#4729 = VECTOR('',#4730,1.);
#4730 = DIRECTION('',(0.707106781187,-0.707106781187,0.));
#4731 = ORIENTED_EDGE('',*,*,#4732,.T.);
#4732 = EDGE_CURVE('',#4725,#4733,#4735,.T.);
#4733 = VERTEX_POINT('',#4734);
#4734 = CARTESIAN_POINT('',(-1.27,-4.064,0.));
#4735 = LINE('',#4736,#4737);
#4736 = CARTESIAN_POINT('',(-1.016,-3.81,0.));
#4737 = VECTOR('',#4738,1.);
#4738 = DIRECTION('',(-0.707106781187,-0.707106781187,0.));
#4739 = ORIENTED_EDGE('',*,*,#4740,.T.);
#4740 = EDGE_CURVE('',#4733,#4741,#4743,.T.);
#4741 = VERTEX_POINT('',#4742);
#4742 = CARTESIAN_POINT('',(-1.27,-6.096,0.));
#4743 = LINE('',#4744,#4745);
#4744 = CARTESIAN_POINT('',(-1.27,-4.064,0.));
#4745 = VECTOR('',#4746,1.);
#4746 = DIRECTION('',(0.,-1.,0.));
#4747 = ORIENTED_EDGE('',*,*,#4748,.T.);
#4748 = EDGE_CURVE('',#4741,#4749,#4751,.T.);
#4749 = VERTEX_POINT('',#4750);
#4750 = CARTESIAN_POINT('',(-1.016,-6.35,0.));
#4751 = LINE('',#4752,#4753);
#4752 = CARTESIAN_POINT('',(-1.27,-6.096,0.));
#4753 = VECTOR('',#4754,1.);
#4754 = DIRECTION('',(0.707106781187,-0.707106781187,0.));
#4755 = ORIENTED_EDGE('',*,*,#4756,.T.);
#4756 = EDGE_CURVE('',#4749,#4757,#4759,.T.);
#4757 = VERTEX_POINT('',#4758);
#4758 = CARTESIAN_POINT('',(-1.27,-6.604,0.));
#4759 = LINE('',#4760,#4761);
#4760 = CARTESIAN_POINT('',(-1.016,-6.35,0.));
#4761 = VECTOR('',#4762,1.);
#4762 = DIRECTION('',(-0.707106781187,-0.707106781187,0.));
#4763 = ORIENTED_EDGE('',*,*,#4764,.T.);
#4764 = EDGE_CURVE('',#4757,#4765,#4767,.T.);
#4765 = VERTEX_POINT('',#4766);
#4766 = CARTESIAN_POINT('',(-1.27,-8.636,0.));
#4767 = LINE('',#4768,#4769);
#4768 = CARTESIAN_POINT('',(-1.27,-6.604,0.));
#4769 = VECTOR('',#4770,1.);
#4770 = DIRECTION('',(0.,-1.,0.));
#4771 = ORIENTED_EDGE('',*,*,#4772,.T.);
#4772 = EDGE_CURVE('',#4765,#4773,#4775,.T.);
#4773 = VERTEX_POINT('',#4774);
#4774 = CARTESIAN_POINT('',(-1.016,-8.89,0.));
#4775 = LINE('',#4776,#4777);
#4776 = CARTESIAN_POINT('',(-1.27,-8.636,0.));
#4777 = VECTOR('',#4778,1.);
#4778 = DIRECTION('',(0.707106781187,-0.707106781187,0.));
#4779 = ORIENTED_EDGE('',*,*,#4780,.T.);
#4780 = EDGE_CURVE('',#4773,#4781,#4783,.T.);
#4781 = VERTEX_POINT('',#4782);
#4782 = CARTESIAN_POINT('',(-1.27,-9.144,0.));
#4783 = LINE('',#4784,#4785);
#4784 = CARTESIAN_POINT('',(-1.016,-8.89,0.));
#4785 = VECTOR('',#4786,1.);
#4786 = DIRECTION('',(-0.707106781187,-0.707106781187,0.));
#4787 = ORIENTED_EDGE('',*,*,#4788,.T.);
#4788 = EDGE_CURVE('',#4781,#4789,#4791,.T.);
#4789 = VERTEX_POINT('',#4790);
#4790 = CARTESIAN_POINT('',(-1.27,-11.176,0.));
#4791 = LINE('',#4792,#4793);
#4792 = CARTESIAN_POINT('',(-1.27,-9.144,0.));
#4793 = VECTOR('',#4794,1.);
#4794 = DIRECTION('',(0.,-1.,0.));
#4795 = ORIENTED_EDGE('',*,*,#4796,.T.);
#4796 = EDGE_CURVE('',#4789,#4797,#4799,.T.);
#4797 = VERTEX_POINT('',#4798);
#4798 = CARTESIAN_POINT('',(-1.016,-11.43,0.));
#4799 = LINE('',#4800,#4801);
#4800 = CARTESIAN_POINT('',(-1.27,-11.176,0.));
#4801 = VECTOR('',#4802,1.);
#4802 = DIRECTION('',(0.707106781187,-0.707106781187,0.));
#4803 = ORIENTED_EDGE('',*,*,#4804,.T.);
#4804 = EDGE_CURVE('',#4797,#4805,#4807,.T.);
#4805 = VERTEX_POINT('',#4806);
#4806 = CARTESIAN_POINT('',(-1.27,-11.684,0.));
#4807 = LINE('',#4808,#4809);
#4808 = CARTESIAN_POINT('',(-1.016,-11.43,0.));
#4809 = VECTOR('',#4810,1.);
#4810 = DIRECTION('',(-0.707106781187,-0.707106781187,0.));
#4811 = ORIENTED_EDGE('',*,*,#4812,.T.);
#4812 = EDGE_CURVE('',#4805,#4813,#4815,.T.);
#4813 = VERTEX_POINT('',#4814);
#4814 = CARTESIAN_POINT('',(-1.27,-13.716,0.));
#4815 = LINE('',#4816,#4817);
#4816 = CARTESIAN_POINT('',(-1.27,-11.684,0.));
#4817 = VECTOR('',#4818,1.);
#4818 = DIRECTION('',(0.,-1.,0.));
#4819 = ORIENTED_EDGE('',*,*,#4820,.T.);
#4820 = EDGE_CURVE('',#4813,#4821,#4823,.T.);
#4821 = VERTEX_POINT('',#4822);
#4822 = CARTESIAN_POINT('',(-1.016,-13.97,0.));
#4823 = LINE('',#4824,#4825);
#4824 = CARTESIAN_POINT('',(-1.27,-13.716,0.));
#4825 = VECTOR('',#4826,1.);
#4826 = DIRECTION('',(0.707106781187,-0.707106781187,0.));
#4827 = ORIENTED_EDGE('',*,*,#4828,.T.);
#4828 = EDGE_CURVE('',#4821,#4829,#4831,.T.);
#4829 = VERTEX_POINT('',#4830);
#4830 = CARTESIAN_POINT('',(-1.27,-14.224,0.));
#4831 = LINE('',#4832,#4833);
#4832 = CARTESIAN_POINT('',(-1.016,-13.97,0.));
#4833 = VECTOR('',#4834,1.);
#4834 = DIRECTION('',(-0.707106781187,-0.707106781187,0.));
#4835 = ORIENTED_EDGE('',*,*,#4836,.T.);
#4836 = EDGE_CURVE('',#4829,#4837,#4839,.T.);
#4837 = VERTEX_POINT('',#4838);
#4838 = CARTESIAN_POINT('',(-1.27,-16.256,0.));
#4839 = LINE('',#4840,#4841);
#4840 = CARTESIAN_POINT('',(-1.27,-14.224,0.));
#4841 = VECTOR('',#4842,1.);
#4842 = DIRECTION('',(0.,-1.,0.));
#4843 = ORIENTED_EDGE('',*,*,#4844,.T.);
#4844 = EDGE_CURVE('',#4837,#4845,#4847,.T.);
#4845 = VERTEX_POINT('',#4846);
#4846 = CARTESIAN_POINT('',(-1.016,-16.51,0.));
#4847 = LINE('',#4848,#4849);
#4848 = CARTESIAN_POINT('',(-1.27,-16.256,0.));
#4849 = VECTOR('',#4850,1.);
#4850 = DIRECTION('',(0.707106781187,-0.707106781187,0.));
#4851 = ORIENTED_EDGE('',*,*,#4852,.T.);
#4852 = EDGE_CURVE('',#4845,#4853,#4855,.T.);
#4853 = VERTEX_POINT('',#4854);
#4854 = CARTESIAN_POINT('',(-1.27,-16.764,0.));
#4855 = LINE('',#4856,#4857);
#4856 = CARTESIAN_POINT('',(-1.016,-16.51,0.));
#4857 = VECTOR('',#4858,1.);
#4858 = DIRECTION('',(-0.707106781187,-0.707106781187,0.));
#4859 = ORIENTED_EDGE('',*,*,#4860,.T.);
#4860 = EDGE_CURVE('',#4853,#4861,#4863,.T.);
#4861 = VERTEX_POINT('',#4862);
#4862 = CARTESIAN_POINT('',(-1.27,-18.796,0.));
#4863 = LINE('',#4864,#4865);
#4864 = CARTESIAN_POINT('',(-1.27,-16.764,0.));
#4865 = VECTOR('',#4866,1.);
#4866 = DIRECTION('',(0.,-1.,0.));
#4867 = ORIENTED_EDGE('',*,*,#4868,.T.);
#4868 = EDGE_CURVE('',#4861,#4869,#4871,.T.);
#4869 = VERTEX_POINT('',#4870);
#4870 = CARTESIAN_POINT('',(-1.016,-19.05,0.));
#4871 = LINE('',#4872,#4873);
#4872 = CARTESIAN_POINT('',(-1.27,-18.796,0.));
#4873 = VECTOR('',#4874,1.);
#4874 = DIRECTION('',(0.707106781187,-0.707106781187,0.));
#4875 = ORIENTED_EDGE('',*,*,#4876,.T.);
#4876 = EDGE_CURVE('',#4869,#4877,#4879,.T.);
#4877 = VERTEX_POINT('',#4878);
#4878 = CARTESIAN_POINT('',(1.016,-19.05,0.));
#4879 = LINE('',#4880,#4881);
#4880 = CARTESIAN_POINT('',(-1.016,-19.05,0.));
#4881 = VECTOR('',#4882,1.);
#4882 = DIRECTION('',(1.,0.,0.));
#4883 = ORIENTED_EDGE('',*,*,#4884,.T.);
#4884 = EDGE_CURVE('',#4877,#4885,#4887,.T.);
#4885 = VERTEX_POINT('',#4886);
#4886 = CARTESIAN_POINT('',(1.27,-18.796,0.));
#4887 = LINE('',#4888,#4889);
#4888 = CARTESIAN_POINT('',(1.016,-19.05,0.));
#4889 = VECTOR('',#4890,1.);
#4890 = DIRECTION('',(0.707106781187,0.707106781187,0.));
#4891 = ORIENTED_EDGE('',*,*,#4892,.T.);
#4892 = EDGE_CURVE('',#4885,#4893,#4895,.T.);
#4893 = VERTEX_POINT('',#4894);
#4894 = CARTESIAN_POINT('',(1.27,-16.764,0.));
#4895 = LINE('',#4896,#4897);
#4896 = CARTESIAN_POINT('',(1.27,-18.796,0.));
#4897 = VECTOR('',#4898,1.);
#4898 = DIRECTION('',(0.,1.,0.));
#4899 = ORIENTED_EDGE('',*,*,#4900,.T.);
#4900 = EDGE_CURVE('',#4893,#4901,#4903,.T.);
#4901 = VERTEX_POINT('',#4902);
#4902 = CARTESIAN_POINT('',(1.016,-16.51,0.));
#4903 = LINE('',#4904,#4905);
#4904 = CARTESIAN_POINT('',(1.27,-16.764,0.));
#4905 = VECTOR('',#4906,1.);
#4906 = DIRECTION('',(-0.707106781187,0.707106781187,0.));
#4907 = ORIENTED_EDGE('',*,*,#4908,.T.);
#4908 = EDGE_CURVE('',#4901,#4909,#4911,.T.);
#4909 = VERTEX_POINT('',#4910);
#4910 = CARTESIAN_POINT('',(1.27,-16.256,0.));
#4911 = LINE('',#4912,#4913);
#4912 = CARTESIAN_POINT('',(1.016,-16.51,0.));
#4913 = VECTOR('',#4914,1.);
#4914 = DIRECTION('',(0.707106781187,0.707106781187,0.));
#4915 = ORIENTED_EDGE('',*,*,#4916,.T.);
#4916 = EDGE_CURVE('',#4909,#4917,#4919,.T.);
#4917 = VERTEX_POINT('',#4918);
#4918 = CARTESIAN_POINT('',(1.27,-14.224,0.));
#4919 = LINE('',#4920,#4921);
#4920 = CARTESIAN_POINT('',(1.27,-16.256,0.));
#4921 = VECTOR('',#4922,1.);
#4922 = DIRECTION('',(0.,1.,0.));
#4923 = ORIENTED_EDGE('',*,*,#4924,.T.);
#4924 = EDGE_CURVE('',#4917,#4925,#4927,.T.);
#4925 = VERTEX_POINT('',#4926);
#4926 = CARTESIAN_POINT('',(1.016,-13.97,0.));
#4927 = LINE('',#4928,#4929);
#4928 = CARTESIAN_POINT('',(1.27,-14.224,0.));
#4929 = VECTOR('',#4930,1.);
#4930 = DIRECTION('',(-0.707106781187,0.707106781187,0.));
#4931 = ORIENTED_EDGE('',*,*,#4932,.T.);
#4932 = EDGE_CURVE('',#4925,#4933,#4935,.T.);
#4933 = VERTEX_POINT('',#4934);
#4934 = CARTESIAN_POINT('',(1.27,-13.716,0.));
#4935 = LINE('',#4936,#4937);
#4936 = CARTESIAN_POINT('',(1.016,-13.97,0.));
#4937 = VECTOR('',#4938,1.);
#4938 = DIRECTION('',(0.707106781187,0.707106781187,0.));
#4939 = ORIENTED_EDGE('',*,*,#4940,.T.);
#4940 = EDGE_CURVE('',#4933,#4941,#4943,.T.);
#4941 = VERTEX_POINT('',#4942);
#4942 = CARTESIAN_POINT('',(1.27,-11.684,0.));
#4943 = LINE('',#4944,#4945);
#4944 = CARTESIAN_POINT('',(1.27,-13.716,0.));
#4945 = VECTOR('',#4946,1.);
#4946 = DIRECTION('',(0.,1.,0.));
#4947 = ORIENTED_EDGE('',*,*,#4948,.T.);
#4948 = EDGE_CURVE('',#4941,#4949,#4951,.T.);
#4949 = VERTEX_POINT('',#4950);
#4950 = CARTESIAN_POINT('',(1.016,-11.43,0.));
#4951 = LINE('',#4952,#4953);
#4952 = CARTESIAN_POINT('',(1.27,-11.684,0.));
#4953 = VECTOR('',#4954,1.);
#4954 = DIRECTION('',(-0.707106781187,0.707106781187,0.));
#4955 = ORIENTED_EDGE('',*,*,#4956,.T.);
#4956 = EDGE_CURVE('',#4949,#4957,#4959,.T.);
#4957 = VERTEX_POINT('',#4958);
#4958 = CARTESIAN_POINT('',(1.27,-11.176,0.));
#4959 = LINE('',#4960,#4961);
#4960 = CARTESIAN_POINT('',(1.016,-11.43,0.));
#4961 = VECTOR('',#4962,1.);
#4962 = DIRECTION('',(0.707106781187,0.707106781187,0.));
#4963 = ORIENTED_EDGE('',*,*,#4964,.T.);
#4964 = EDGE_CURVE('',#4957,#4965,#4967,.T.);
#4965 = VERTEX_POINT('',#4966);
#4966 = CARTESIAN_POINT('',(1.27,-9.144,0.));
#4967 = LINE('',#4968,#4969);
#4968 = CARTESIAN_POINT('',(1.27,-11.176,0.));
#4969 = VECTOR('',#4970,1.);
#4970 = DIRECTION('',(0.,1.,0.));
#4971 = ORIENTED_EDGE('',*,*,#4972,.T.);
#4972 = EDGE_CURVE('',#4965,#4973,#4975,.T.);
#4973 = VERTEX_POINT('',#4974);
#4974 = CARTESIAN_POINT('',(1.016,-8.89,0.));
#4975 = LINE('',#4976,#4977);
#4976 = CARTESIAN_POINT('',(1.27,-9.144,0.));
#4977 = VECTOR('',#4978,1.);
#4978 = DIRECTION('',(-0.707106781187,0.707106781187,0.));
#4979 = ORIENTED_EDGE('',*,*,#4980,.T.);
#4980 = EDGE_CURVE('',#4973,#4981,#4983,.T.);
#4981 = VERTEX_POINT('',#4982);
#4982 = CARTESIAN_POINT('',(1.27,-8.636,0.));
#4983 = LINE('',#4984,#4985);
#4984 = CARTESIAN_POINT('',(1.016,-8.89,0.));
#4985 = VECTOR('',#4986,1.);
#4986 = DIRECTION('',(0.707106781187,0.707106781187,0.));
#4987 = ORIENTED_EDGE('',*,*,#4988,.T.);
#4988 = EDGE_CURVE('',#4981,#4989,#4991,.T.);
#4989 = VERTEX_POINT('',#4990);
#4990 = CARTESIAN_POINT('',(1.27,-6.604,0.));
#4991 = LINE('',#4992,#4993);
#4992 = CARTESIAN_POINT('',(1.27,-8.636,0.));
#4993 = VECTOR('',#4994,1.);
#4994 = DIRECTION('',(0.,1.,0.));
#4995 = ORIENTED_EDGE('',*,*,#4996,.T.);
#4996 = EDGE_CURVE('',#4989,#4997,#4999,.T.);
#4997 = VERTEX_POINT('',#4998);
#4998 = CARTESIAN_POINT('',(1.016,-6.35,0.));
#4999 = LINE('',#5000,#5001);
#5000 = CARTESIAN_POINT('',(1.27,-6.604,0.));
#5001 = VECTOR('',#5002,1.);
#5002 = DIRECTION('',(-0.707106781187,0.707106781187,0.));
#5003 = ORIENTED_EDGE('',*,*,#5004,.T.);
#5004 = EDGE_CURVE('',#4997,#5005,#5007,.T.);
#5005 = VERTEX_POINT('',#5006);
#5006 = CARTESIAN_POINT('',(1.27,-6.096,0.));
#5007 = LINE('',#5008,#5009);
#5008 = CARTESIAN_POINT('',(1.016,-6.35,0.));
#5009 = VECTOR('',#5010,1.);
#5010 = DIRECTION('',(0.707106781187,0.707106781187,0.));
#5011 = ORIENTED_EDGE('',*,*,#5012,.T.);
#5012 = EDGE_CURVE('',#5005,#5013,#5015,.T.);
#5013 = VERTEX_POINT('',#5014);
#5014 = CARTESIAN_POINT('',(1.27,-4.064,0.));
#5015 = LINE('',#5016,#5017);
#5016 = CARTESIAN_POINT('',(1.27,-6.096,0.));
#5017 = VECTOR('',#5018,1.);
#5018 = DIRECTION('',(0.,1.,0.));
#5019 = ORIENTED_EDGE('',*,*,#5020,.T.);
#5020 = EDGE_CURVE('',#5013,#5021,#5023,.T.);
#5021 = VERTEX_POINT('',#5022);
#5022 = CARTESIAN_POINT('',(1.016,-3.81,0.));
#5023 = LINE('',#5024,#5025);
#5024 = CARTESIAN_POINT('',(1.27,-4.064,0.));
#5025 = VECTOR('',#5026,1.);
#5026 = DIRECTION('',(-0.707106781187,0.707106781187,0.));
#5027 = ORIENTED_EDGE('',*,*,#5028,.T.);
#5028 = EDGE_CURVE('',#5021,#5029,#5031,.T.);
#5029 = VERTEX_POINT('',#5030);
#5030 = CARTESIAN_POINT('',(1.27,-3.556,0.));
#5031 = LINE('',#5032,#5033);
#5032 = CARTESIAN_POINT('',(1.016,-3.81,0.));
#5033 = VECTOR('',#5034,1.);
#5034 = DIRECTION('',(0.707106781187,0.707106781187,0.));
#5035 = ORIENTED_EDGE('',*,*,#5036,.T.);
#5036 = EDGE_CURVE('',#5029,#5037,#5039,.T.);
#5037 = VERTEX_POINT('',#5038);
#5038 = CARTESIAN_POINT('',(1.27,-1.524,0.));
#5039 = LINE('',#5040,#5041);
#5040 = CARTESIAN_POINT('',(1.27,-3.556,0.));
#5041 = VECTOR('',#5042,1.);
#5042 = DIRECTION('',(0.,1.,0.));
#5043 = ORIENTED_EDGE('',*,*,#5044,.T.);
#5044 = EDGE_CURVE('',#5037,#5045,#5047,.T.);
#5045 = VERTEX_POINT('',#5046);
#5046 = CARTESIAN_POINT('',(1.016,-1.27,0.));
#5047 = LINE('',#5048,#5049);
#5048 = CARTESIAN_POINT('',(1.27,-1.524,0.));
#5049 = VECTOR('',#5050,1.);
#5050 = DIRECTION('',(-0.707106781187,0.707106781187,0.));
#5051 = ORIENTED_EDGE('',*,*,#5052,.T.);
#5052 = EDGE_CURVE('',#5045,#5053,#5055,.T.);
#5053 = VERTEX_POINT('',#5054);
#5054 = CARTESIAN_POINT('',(1.27,-1.016,0.));
#5055 = LINE('',#5056,#5057);
#5056 = CARTESIAN_POINT('',(1.016,-1.27,0.));
#5057 = VECTOR('',#5058,1.);
#5058 = DIRECTION('',(0.707106781187,0.707106781187,0.));
#5059 = ORIENTED_EDGE('',*,*,#5060,.T.);
#5060 = EDGE_CURVE('',#5053,#5061,#5063,.T.);
#5061 = VERTEX_POINT('',#5062);
#5062 = CARTESIAN_POINT('',(1.27,1.016,0.));
#5063 = LINE('',#5064,#5065);
#5064 = CARTESIAN_POINT('',(1.27,-1.016,0.));
#5065 = VECTOR('',#5066,1.);
#5066 = DIRECTION('',(0.,1.,0.));
#5067 = ORIENTED_EDGE('',*,*,#5068,.T.);
#5068 = EDGE_CURVE('',#5061,#4637,#5069,.T.);
#5069 = LINE('',#5070,#5071);
#5070 = CARTESIAN_POINT('',(1.27,1.016,0.));
#5071 = VECTOR('',#5072,1.);
#5072 = DIRECTION('',(-0.707106781187,0.707106781187,0.));
#5073 = ORIENTED_EDGE('',*,*,#4653,.T.);
#5074 = FACE_BOUND('',#5075,.F.);
#5075 = EDGE_LOOP('',(#5076,#5086,#5094,#5102));
#5076 = ORIENTED_EDGE('',*,*,#5077,.T.);
#5077 = EDGE_CURVE('',#5078,#5080,#5082,.T.);
#5078 = VERTEX_POINT('',#5079);
#5079 = CARTESIAN_POINT('',(0.32,-18.1,0.));
#5080 = VERTEX_POINT('',#5081);
#5081 = CARTESIAN_POINT('',(-0.32,-18.1,0.));
#5082 = LINE('',#5083,#5084);
#5083 = CARTESIAN_POINT('',(-0.16,-18.1,0.));
#5084 = VECTOR('',#5085,1.);
#5085 = DIRECTION('',(-1.,0.,0.));
#5086 = ORIENTED_EDGE('',*,*,#5087,.T.);
#5087 = EDGE_CURVE('',#5080,#5088,#5090,.T.);
#5088 = VERTEX_POINT('',#5089);
#5089 = CARTESIAN_POINT('',(-0.32,-17.46,0.));
#5090 = LINE('',#5091,#5092);
#5091 = CARTESIAN_POINT('',(-0.32,-13.495,0.));
#5092 = VECTOR('',#5093,1.);
#5093 = DIRECTION('',(0.,1.,0.));
#5094 = ORIENTED_EDGE('',*,*,#5095,.F.);
#5095 = EDGE_CURVE('',#5096,#5088,#5098,.T.);
#5096 = VERTEX_POINT('',#5097);
#5097 = CARTESIAN_POINT('',(0.32,-17.46,0.));
#5098 = LINE('',#5099,#5100);
#5099 = CARTESIAN_POINT('',(-0.16,-17.46,0.));
#5100 = VECTOR('',#5101,1.);
#5101 = DIRECTION('',(-1.,0.,0.));
#5102 = ORIENTED_EDGE('',*,*,#5103,.F.);
#5103 = EDGE_CURVE('',#5078,#5096,#5104,.T.);
#5104 = LINE('',#5105,#5106);
#5105 = CARTESIAN_POINT('',(0.32,-13.495,0.));
#5106 = VECTOR('',#5107,1.);
#5107 = DIRECTION('',(0.,1.,0.));
#5108 = FACE_BOUND('',#5109,.F.);
#5109 = EDGE_LOOP('',(#5110,#5120,#5128,#5136));
#5110 = ORIENTED_EDGE('',*,*,#5111,.F.);
#5111 = EDGE_CURVE('',#5112,#5114,#5116,.T.);
#5112 = VERTEX_POINT('',#5113);
#5113 = CARTESIAN_POINT('',(0.32,-14.92,0.));
#5114 = VERTEX_POINT('',#5115);
#5115 = CARTESIAN_POINT('',(-0.32,-14.92,0.));
#5116 = LINE('',#5117,#5118);
#5117 = CARTESIAN_POINT('',(-0.16,-14.92,0.));
#5118 = VECTOR('',#5119,1.);
#5119 = DIRECTION('',(-1.,0.,0.));
#5120 = ORIENTED_EDGE('',*,*,#5121,.F.);
#5121 = EDGE_CURVE('',#5122,#5112,#5124,.T.);
#5122 = VERTEX_POINT('',#5123);
#5123 = CARTESIAN_POINT('',(0.32,-15.56,0.));
#5124 = LINE('',#5125,#5126);
#5125 = CARTESIAN_POINT('',(0.32,-12.225,0.));
#5126 = VECTOR('',#5127,1.);
#5127 = DIRECTION('',(0.,1.,0.));
#5128 = ORIENTED_EDGE('',*,*,#5129,.T.);
#5129 = EDGE_CURVE('',#5122,#5130,#5132,.T.);
#5130 = VERTEX_POINT('',#5131);
#5131 = CARTESIAN_POINT('',(-0.32,-15.56,0.));
#5132 = LINE('',#5133,#5134);
#5133 = CARTESIAN_POINT('',(-0.16,-15.56,0.));
#5134 = VECTOR('',#5135,1.);
#5135 = DIRECTION('',(-1.,0.,0.));
#5136 = ORIENTED_EDGE('',*,*,#5137,.T.);
#5137 = EDGE_CURVE('',#5130,#5114,#5138,.T.);
#5138 = LINE('',#5139,#5140);
#5139 = CARTESIAN_POINT('',(-0.32,-12.225,0.));
#5140 = VECTOR('',#5141,1.);
#5141 = DIRECTION('',(0.,1.,0.));
#5142 = FACE_BOUND('',#5143,.F.);
#5143 = EDGE_LOOP('',(#5144,#5154,#5162,#5170));
#5144 = ORIENTED_EDGE('',*,*,#5145,.F.);
#5145 = EDGE_CURVE('',#5146,#5148,#5150,.T.);
#5146 = VERTEX_POINT('',#5147);
#5147 = CARTESIAN_POINT('',(0.32,-7.94,0.));
#5148 = VERTEX_POINT('',#5149);
#5149 = CARTESIAN_POINT('',(0.32,-7.3,0.));
#5150 = LINE('',#5151,#5152);
#5151 = CARTESIAN_POINT('',(0.32,-8.415,0.));
#5152 = VECTOR('',#5153,1.);
#5153 = DIRECTION('',(0.,1.,0.));
#5154 = ORIENTED_EDGE('',*,*,#5155,.T.);
#5155 = EDGE_CURVE('',#5146,#5156,#5158,.T.);
#5156 = VERTEX_POINT('',#5157);
#5157 = CARTESIAN_POINT('',(-0.32,-7.94,0.));
#5158 = LINE('',#5159,#5160);
#5159 = CARTESIAN_POINT('',(-0.16,-7.94,0.));
#5160 = VECTOR('',#5161,1.);
#5161 = DIRECTION('',(-1.,0.,0.));
#5162 = ORIENTED_EDGE('',*,*,#5163,.T.);
#5163 = EDGE_CURVE('',#5156,#5164,#5166,.T.);
#5164 = VERTEX_POINT('',#5165);
#5165 = CARTESIAN_POINT('',(-0.32,-7.3,0.));
#5166 = LINE('',#5167,#5168);
#5167 = CARTESIAN_POINT('',(-0.32,-8.415,0.));
#5168 = VECTOR('',#5169,1.);
#5169 = DIRECTION('',(0.,1.,0.));
#5170 = ORIENTED_EDGE('',*,*,#5171,.F.);
#5171 = EDGE_CURVE('',#5148,#5164,#5172,.T.);
#5172 = LINE('',#5173,#5174);
#5173 = CARTESIAN_POINT('',(-0.16,-7.3,0.));
#5174 = VECTOR('',#5175,1.);
#5175 = DIRECTION('',(-1.,0.,0.));
#5176 = FACE_BOUND('',#5177,.F.);
#5177 = EDGE_LOOP('',(#5178,#5188,#5196,#5204));
#5178 = ORIENTED_EDGE('',*,*,#5179,.F.);
#5179 = EDGE_CURVE('',#5180,#5182,#5184,.T.);
#5180 = VERTEX_POINT('',#5181);
#5181 = CARTESIAN_POINT('',(0.32,-12.38,0.));
#5182 = VERTEX_POINT('',#5183);
#5183 = CARTESIAN_POINT('',(-0.32,-12.38,0.));
#5184 = LINE('',#5185,#5186);
#5185 = CARTESIAN_POINT('',(-0.16,-12.38,0.));
#5186 = VECTOR('',#5187,1.);
#5187 = DIRECTION('',(-1.,0.,0.));
#5188 = ORIENTED_EDGE('',*,*,#5189,.F.);
#5189 = EDGE_CURVE('',#5190,#5180,#5192,.T.);
#5190 = VERTEX_POINT('',#5191);
#5191 = CARTESIAN_POINT('',(0.32,-13.02,0.));
#5192 = LINE('',#5193,#5194);
#5193 = CARTESIAN_POINT('',(0.32,-10.955,0.));
#5194 = VECTOR('',#5195,1.);
#5195 = DIRECTION('',(0.,1.,0.));
#5196 = ORIENTED_EDGE('',*,*,#5197,.T.);
#5197 = EDGE_CURVE('',#5190,#5198,#5200,.T.);
#5198 = VERTEX_POINT('',#5199);
#5199 = CARTESIAN_POINT('',(-0.32,-13.02,0.));
#5200 = LINE('',#5201,#5202);
#5201 = CARTESIAN_POINT('',(-0.16,-13.02,0.));
#5202 = VECTOR('',#5203,1.);
#5203 = DIRECTION('',(-1.,0.,0.));
#5204 = ORIENTED_EDGE('',*,*,#5205,.T.);
#5205 = EDGE_CURVE('',#5198,#5182,#5206,.T.);
#5206 = LINE('',#5207,#5208);
#5207 = CARTESIAN_POINT('',(-0.32,-10.955,0.));
#5208 = VECTOR('',#5209,1.);
#5209 = DIRECTION('',(0.,1.,0.));
#5210 = FACE_BOUND('',#5211,.F.);
#5211 = EDGE_LOOP('',(#5212,#5222,#5230,#5238));
#5212 = ORIENTED_EDGE('',*,*,#5213,.F.);
#5213 = EDGE_CURVE('',#5214,#5216,#5218,.T.);
#5214 = VERTEX_POINT('',#5215);
#5215 = CARTESIAN_POINT('',(0.32,-10.48,0.));
#5216 = VERTEX_POINT('',#5217);
#5217 = CARTESIAN_POINT('',(0.32,-9.84,0.));
#5218 = LINE('',#5219,#5220);
#5219 = CARTESIAN_POINT('',(0.32,-9.685,0.));
#5220 = VECTOR('',#5221,1.);
#5221 = DIRECTION('',(0.,1.,0.));
#5222 = ORIENTED_EDGE('',*,*,#5223,.T.);
#5223 = EDGE_CURVE('',#5214,#5224,#5226,.T.);
#5224 = VERTEX_POINT('',#5225);
#5225 = CARTESIAN_POINT('',(-0.32,-10.48,0.));
#5226 = LINE('',#5227,#5228);
#5227 = CARTESIAN_POINT('',(-0.16,-10.48,0.));
#5228 = VECTOR('',#5229,1.);
#5229 = DIRECTION('',(-1.,0.,0.));
#5230 = ORIENTED_EDGE('',*,*,#5231,.T.);
#5231 = EDGE_CURVE('',#5224,#5232,#5234,.T.);
#5232 = VERTEX_POINT('',#5233);
#5233 = CARTESIAN_POINT('',(-0.32,-9.84,0.));
#5234 = LINE('',#5235,#5236);
#5235 = CARTESIAN_POINT('',(-0.32,-9.685,0.));
#5236 = VECTOR('',#5237,1.);
#5237 = DIRECTION('',(0.,1.,0.));
#5238 = ORIENTED_EDGE('',*,*,#5239,.F.);
#5239 = EDGE_CURVE('',#5216,#5232,#5240,.T.);
#5240 = LINE('',#5241,#5242);
#5241 = CARTESIAN_POINT('',(-0.16,-9.84,0.));
#5242 = VECTOR('',#5243,1.);
#5243 = DIRECTION('',(-1.,0.,0.));
#5244 = FACE_BOUND('',#5245,.F.);
#5245 = EDGE_LOOP('',(#5246,#5256,#5264,#5272));
#5246 = ORIENTED_EDGE('',*,*,#5247,.F.);
#5247 = EDGE_CURVE('',#5248,#5250,#5252,.T.);
#5248 = VERTEX_POINT('',#5249);
#5249 = CARTESIAN_POINT('',(0.32,-2.22,0.));
#5250 = VERTEX_POINT('',#5251);
#5251 = CARTESIAN_POINT('',(-0.32,-2.22,0.));
#5252 = LINE('',#5253,#5254);
#5253 = CARTESIAN_POINT('',(-0.16,-2.22,0.));
#5254 = VECTOR('',#5255,1.);
#5255 = DIRECTION('',(-1.,0.,0.));
#5256 = ORIENTED_EDGE('',*,*,#5257,.F.);
#5257 = EDGE_CURVE('',#5258,#5248,#5260,.T.);
#5258 = VERTEX_POINT('',#5259);
#5259 = CARTESIAN_POINT('',(0.32,-2.86,0.));
#5260 = LINE('',#5261,#5262);
#5261 = CARTESIAN_POINT('',(0.32,-5.875,0.));
#5262 = VECTOR('',#5263,1.);
#5263 = DIRECTION('',(0.,1.,0.));
#5264 = ORIENTED_EDGE('',*,*,#5265,.T.);
#5265 = EDGE_CURVE('',#5258,#5266,#5268,.T.);
#5266 = VERTEX_POINT('',#5267);
#5267 = CARTESIAN_POINT('',(-0.32,-2.86,0.));
#5268 = LINE('',#5269,#5270);
#5269 = CARTESIAN_POINT('',(-0.16,-2.86,0.));
#5270 = VECTOR('',#5271,1.);
#5271 = DIRECTION('',(-1.,0.,0.));
#5272 = ORIENTED_EDGE('',*,*,#5273,.T.);
#5273 = EDGE_CURVE('',#5266,#5250,#5274,.T.);
#5274 = LINE('',#5275,#5276);
#5275 = CARTESIAN_POINT('',(-0.32,-5.875,0.));
#5276 = VECTOR('',#5277,1.);
#5277 = DIRECTION('',(0.,1.,0.));
#5278 = FACE_BOUND('',#5279,.F.);
#5279 = EDGE_LOOP('',(#5280,#5290,#5298,#5306));
#5280 = ORIENTED_EDGE('',*,*,#5281,.T.);
#5281 = EDGE_CURVE('',#5282,#5284,#5286,.T.);
#5282 = VERTEX_POINT('',#5283);
#5283 = CARTESIAN_POINT('',(0.32,-5.4,0.));
#5284 = VERTEX_POINT('',#5285);
#5285 = CARTESIAN_POINT('',(-0.32,-5.4,0.));
#5286 = LINE('',#5287,#5288);
#5287 = CARTESIAN_POINT('',(-0.16,-5.4,0.));
#5288 = VECTOR('',#5289,1.);
#5289 = DIRECTION('',(-1.,0.,0.));
#5290 = ORIENTED_EDGE('',*,*,#5291,.T.);
#5291 = EDGE_CURVE('',#5284,#5292,#5294,.T.);
#5292 = VERTEX_POINT('',#5293);
#5293 = CARTESIAN_POINT('',(-0.32,-4.76,0.));
#5294 = LINE('',#5295,#5296);
#5295 = CARTESIAN_POINT('',(-0.32,-7.145,0.));
#5296 = VECTOR('',#5297,1.);
#5297 = DIRECTION('',(0.,1.,0.));
#5298 = ORIENTED_EDGE('',*,*,#5299,.F.);
#5299 = EDGE_CURVE('',#5300,#5292,#5302,.T.);
#5300 = VERTEX_POINT('',#5301);
#5301 = CARTESIAN_POINT('',(0.32,-4.76,0.));
#5302 = LINE('',#5303,#5304);
#5303 = CARTESIAN_POINT('',(-0.16,-4.76,0.));
#5304 = VECTOR('',#5305,1.);
#5305 = DIRECTION('',(-1.,0.,0.));
#5306 = ORIENTED_EDGE('',*,*,#5307,.F.);
#5307 = EDGE_CURVE('',#5282,#5300,#5308,.T.);
#5308 = LINE('',#5309,#5310);
#5309 = CARTESIAN_POINT('',(0.32,-7.145,0.));
#5310 = VECTOR('',#5311,1.);
#5311 = DIRECTION('',(0.,1.,0.));
#5312 = FACE_BOUND('',#5313,.F.);
#5313 = EDGE_LOOP('',(#5314,#5324,#5332,#5340));
#5314 = ORIENTED_EDGE('',*,*,#5315,.F.);
#5315 = EDGE_CURVE('',#5316,#5318,#5320,.T.);
#5316 = VERTEX_POINT('',#5317);
#5317 = CARTESIAN_POINT('',(0.32,-0.32,0.));
#5318 = VERTEX_POINT('',#5319);
#5319 = CARTESIAN_POINT('',(0.32,0.32,0.));
#5320 = LINE('',#5321,#5322);
#5321 = CARTESIAN_POINT('',(0.32,-4.605,0.));
#5322 = VECTOR('',#5323,1.);
#5323 = DIRECTION('',(0.,1.,0.));
#5324 = ORIENTED_EDGE('',*,*,#5325,.T.);
#5325 = EDGE_CURVE('',#5316,#5326,#5328,.T.);
#5326 = VERTEX_POINT('',#5327);
#5327 = CARTESIAN_POINT('',(-0.32,-0.32,0.));
#5328 = LINE('',#5329,#5330);
#5329 = CARTESIAN_POINT('',(-0.16,-0.32,0.));
#5330 = VECTOR('',#5331,1.);
#5331 = DIRECTION('',(-1.,0.,0.));
#5332 = ORIENTED_EDGE('',*,*,#5333,.T.);
#5333 = EDGE_CURVE('',#5326,#5334,#5336,.T.);
#5334 = VERTEX_POINT('',#5335);
#5335 = CARTESIAN_POINT('',(-0.32,0.32,0.));
#5336 = LINE('',#5337,#5338);
#5337 = CARTESIAN_POINT('',(-0.32,-4.605,0.));
#5338 = VECTOR('',#5339,1.);
#5339 = DIRECTION('',(0.,1.,0.));
#5340 = ORIENTED_EDGE('',*,*,#5341,.F.);
#5341 = EDGE_CURVE('',#5318,#5334,#5342,.T.);
#5342 = LINE('',#5343,#5344);
#5343 = CARTESIAN_POINT('',(-0.16,0.32,0.));
#5344 = VECTOR('',#5345,1.);
#5345 = DIRECTION('',(-1.,0.,0.));
#5346 = PLANE('',#5347);
#5347 = AXIS2_PLACEMENT_3D('',#5348,#5349,#5350);
#5348 = CARTESIAN_POINT('',(-1.38573690222E-17,-8.89,0.));
#5349 = DIRECTION('',(0.,0.,1.));
#5350 = DIRECTION('',(1.,0.,-0.));
#5351 = ADVANCED_FACE('',(#5352,#5731,#5765,#5799,#5833,#5867,#5901,
    #5935,#5969),#6003,.T.);
#5352 = FACE_BOUND('',#5353,.T.);
#5353 = EDGE_LOOP('',(#5354,#5355,#5356,#5364,#5372,#5380,#5388,#5396,
    #5404,#5412,#5420,#5428,#5436,#5444,#5452,#5460,#5468,#5476,#5484,
    #5492,#5500,#5508,#5516,#5524,#5532,#5540,#5548,#5556,#5564,#5572,
    #5580,#5588,#5596,#5604,#5612,#5620,#5628,#5636,#5644,#5652,#5660,
    #5668,#5676,#5684,#5692,#5700,#5708,#5716,#5724,#5730));
#5354 = ORIENTED_EDGE('',*,*,#4606,.T.);
#5355 = ORIENTED_EDGE('',*,*,#4668,.T.);
#5356 = ORIENTED_EDGE('',*,*,#5357,.T.);
#5357 = EDGE_CURVE('',#4669,#5358,#5360,.T.);
#5358 = VERTEX_POINT('',#5359);
#5359 = CARTESIAN_POINT('',(-1.016,-1.27,2.54));
#5360 = LINE('',#5361,#5362);
#5361 = CARTESIAN_POINT('',(-1.27,-1.016,2.54));
#5362 = VECTOR('',#5363,1.);
#5363 = DIRECTION('',(0.707106781187,-0.707106781187,0.));
#5364 = ORIENTED_EDGE('',*,*,#5365,.T.);
#5365 = EDGE_CURVE('',#5358,#5366,#5368,.T.);
#5366 = VERTEX_POINT('',#5367);
#5367 = CARTESIAN_POINT('',(-1.27,-1.524,2.54));
#5368 = LINE('',#5369,#5370);
#5369 = CARTESIAN_POINT('',(-1.016,-1.27,2.54));
#5370 = VECTOR('',#5371,1.);
#5371 = DIRECTION('',(-0.707106781187,-0.707106781187,0.));
#5372 = ORIENTED_EDGE('',*,*,#5373,.T.);
#5373 = EDGE_CURVE('',#5366,#5374,#5376,.T.);
#5374 = VERTEX_POINT('',#5375);
#5375 = CARTESIAN_POINT('',(-1.27,-3.556,2.54));
#5376 = LINE('',#5377,#5378);
#5377 = CARTESIAN_POINT('',(-1.27,-1.524,2.54));
#5378 = VECTOR('',#5379,1.);
#5379 = DIRECTION('',(0.,-1.,0.));
#5380 = ORIENTED_EDGE('',*,*,#5381,.T.);
#5381 = EDGE_CURVE('',#5374,#5382,#5384,.T.);
#5382 = VERTEX_POINT('',#5383);
#5383 = CARTESIAN_POINT('',(-1.016,-3.81,2.54));
#5384 = LINE('',#5385,#5386);
#5385 = CARTESIAN_POINT('',(-1.27,-3.556,2.54));
#5386 = VECTOR('',#5387,1.);
#5387 = DIRECTION('',(0.707106781187,-0.707106781187,0.));
#5388 = ORIENTED_EDGE('',*,*,#5389,.T.);
#5389 = EDGE_CURVE('',#5382,#5390,#5392,.T.);
#5390 = VERTEX_POINT('',#5391);
#5391 = CARTESIAN_POINT('',(-1.27,-4.064,2.54));
#5392 = LINE('',#5393,#5394);
#5393 = CARTESIAN_POINT('',(-1.016,-3.81,2.54));
#5394 = VECTOR('',#5395,1.);
#5395 = DIRECTION('',(-0.707106781187,-0.707106781187,0.));
#5396 = ORIENTED_EDGE('',*,*,#5397,.T.);
#5397 = EDGE_CURVE('',#5390,#5398,#5400,.T.);
#5398 = VERTEX_POINT('',#5399);
#5399 = CARTESIAN_POINT('',(-1.27,-6.096,2.54));
#5400 = LINE('',#5401,#5402);
#5401 = CARTESIAN_POINT('',(-1.27,-4.064,2.54));
#5402 = VECTOR('',#5403,1.);
#5403 = DIRECTION('',(0.,-1.,0.));
#5404 = ORIENTED_EDGE('',*,*,#5405,.T.);
#5405 = EDGE_CURVE('',#5398,#5406,#5408,.T.);
#5406 = VERTEX_POINT('',#5407);
#5407 = CARTESIAN_POINT('',(-1.016,-6.35,2.54));
#5408 = LINE('',#5409,#5410);
#5409 = CARTESIAN_POINT('',(-1.27,-6.096,2.54));
#5410 = VECTOR('',#5411,1.);
#5411 = DIRECTION('',(0.707106781187,-0.707106781187,0.));
#5412 = ORIENTED_EDGE('',*,*,#5413,.T.);
#5413 = EDGE_CURVE('',#5406,#5414,#5416,.T.);
#5414 = VERTEX_POINT('',#5415);
#5415 = CARTESIAN_POINT('',(-1.27,-6.604,2.54));
#5416 = LINE('',#5417,#5418);
#5417 = CARTESIAN_POINT('',(-1.016,-6.35,2.54));
#5418 = VECTOR('',#5419,1.);
#5419 = DIRECTION('',(-0.707106781187,-0.707106781187,0.));
#5420 = ORIENTED_EDGE('',*,*,#5421,.T.);
#5421 = EDGE_CURVE('',#5414,#5422,#5424,.T.);
#5422 = VERTEX_POINT('',#5423);
#5423 = CARTESIAN_POINT('',(-1.27,-8.636,2.54));
#5424 = LINE('',#5425,#5426);
#5425 = CARTESIAN_POINT('',(-1.27,-6.604,2.54));
#5426 = VECTOR('',#5427,1.);
#5427 = DIRECTION('',(0.,-1.,0.));
#5428 = ORIENTED_EDGE('',*,*,#5429,.T.);
#5429 = EDGE_CURVE('',#5422,#5430,#5432,.T.);
#5430 = VERTEX_POINT('',#5431);
#5431 = CARTESIAN_POINT('',(-1.016,-8.89,2.54));
#5432 = LINE('',#5433,#5434);
#5433 = CARTESIAN_POINT('',(-1.27,-8.636,2.54));
#5434 = VECTOR('',#5435,1.);
#5435 = DIRECTION('',(0.707106781187,-0.707106781187,0.));
#5436 = ORIENTED_EDGE('',*,*,#5437,.T.);
#5437 = EDGE_CURVE('',#5430,#5438,#5440,.T.);
#5438 = VERTEX_POINT('',#5439);
#5439 = CARTESIAN_POINT('',(-1.27,-9.144,2.54));
#5440 = LINE('',#5441,#5442);
#5441 = CARTESIAN_POINT('',(-1.016,-8.89,2.54));
#5442 = VECTOR('',#5443,1.);
#5443 = DIRECTION('',(-0.707106781187,-0.707106781187,0.));
#5444 = ORIENTED_EDGE('',*,*,#5445,.T.);
#5445 = EDGE_CURVE('',#5438,#5446,#5448,.T.);
#5446 = VERTEX_POINT('',#5447);
#5447 = CARTESIAN_POINT('',(-1.27,-11.176,2.54));
#5448 = LINE('',#5449,#5450);
#5449 = CARTESIAN_POINT('',(-1.27,-9.144,2.54));
#5450 = VECTOR('',#5451,1.);
#5451 = DIRECTION('',(0.,-1.,0.));
#5452 = ORIENTED_EDGE('',*,*,#5453,.T.);
#5453 = EDGE_CURVE('',#5446,#5454,#5456,.T.);
#5454 = VERTEX_POINT('',#5455);
#5455 = CARTESIAN_POINT('',(-1.016,-11.43,2.54));
#5456 = LINE('',#5457,#5458);
#5457 = CARTESIAN_POINT('',(-1.27,-11.176,2.54));
#5458 = VECTOR('',#5459,1.);
#5459 = DIRECTION('',(0.707106781187,-0.707106781187,0.));
#5460 = ORIENTED_EDGE('',*,*,#5461,.T.);
#5461 = EDGE_CURVE('',#5454,#5462,#5464,.T.);
#5462 = VERTEX_POINT('',#5463);
#5463 = CARTESIAN_POINT('',(-1.27,-11.684,2.54));
#5464 = LINE('',#5465,#5466);
#5465 = CARTESIAN_POINT('',(-1.016,-11.43,2.54));
#5466 = VECTOR('',#5467,1.);
#5467 = DIRECTION('',(-0.707106781187,-0.707106781187,0.));
#5468 = ORIENTED_EDGE('',*,*,#5469,.T.);
#5469 = EDGE_CURVE('',#5462,#5470,#5472,.T.);
#5470 = VERTEX_POINT('',#5471);
#5471 = CARTESIAN_POINT('',(-1.27,-13.716,2.54));
#5472 = LINE('',#5473,#5474);
#5473 = CARTESIAN_POINT('',(-1.27,-11.684,2.54));
#5474 = VECTOR('',#5475,1.);
#5475 = DIRECTION('',(0.,-1.,0.));
#5476 = ORIENTED_EDGE('',*,*,#5477,.T.);
#5477 = EDGE_CURVE('',#5470,#5478,#5480,.T.);
#5478 = VERTEX_POINT('',#5479);
#5479 = CARTESIAN_POINT('',(-1.016,-13.97,2.54));
#5480 = LINE('',#5481,#5482);
#5481 = CARTESIAN_POINT('',(-1.27,-13.716,2.54));
#5482 = VECTOR('',#5483,1.);
#5483 = DIRECTION('',(0.707106781187,-0.707106781187,0.));
#5484 = ORIENTED_EDGE('',*,*,#5485,.T.);
#5485 = EDGE_CURVE('',#5478,#5486,#5488,.T.);
#5486 = VERTEX_POINT('',#5487);
#5487 = CARTESIAN_POINT('',(-1.27,-14.224,2.54));
#5488 = LINE('',#5489,#5490);
#5489 = CARTESIAN_POINT('',(-1.016,-13.97,2.54));
#5490 = VECTOR('',#5491,1.);
#5491 = DIRECTION('',(-0.707106781187,-0.707106781187,0.));
#5492 = ORIENTED_EDGE('',*,*,#5493,.T.);
#5493 = EDGE_CURVE('',#5486,#5494,#5496,.T.);
#5494 = VERTEX_POINT('',#5495);
#5495 = CARTESIAN_POINT('',(-1.27,-16.256,2.54));
#5496 = LINE('',#5497,#5498);
#5497 = CARTESIAN_POINT('',(-1.27,-14.224,2.54));
#5498 = VECTOR('',#5499,1.);
#5499 = DIRECTION('',(0.,-1.,0.));
#5500 = ORIENTED_EDGE('',*,*,#5501,.T.);
#5501 = EDGE_CURVE('',#5494,#5502,#5504,.T.);
#5502 = VERTEX_POINT('',#5503);
#5503 = CARTESIAN_POINT('',(-1.016,-16.51,2.54));
#5504 = LINE('',#5505,#5506);
#5505 = CARTESIAN_POINT('',(-1.27,-16.256,2.54));
#5506 = VECTOR('',#5507,1.);
#5507 = DIRECTION('',(0.707106781187,-0.707106781187,0.));
#5508 = ORIENTED_EDGE('',*,*,#5509,.T.);
#5509 = EDGE_CURVE('',#5502,#5510,#5512,.T.);
#5510 = VERTEX_POINT('',#5511);
#5511 = CARTESIAN_POINT('',(-1.27,-16.764,2.54));
#5512 = LINE('',#5513,#5514);
#5513 = CARTESIAN_POINT('',(-1.016,-16.51,2.54));
#5514 = VECTOR('',#5515,1.);
#5515 = DIRECTION('',(-0.707106781187,-0.707106781187,0.));
#5516 = ORIENTED_EDGE('',*,*,#5517,.T.);
#5517 = EDGE_CURVE('',#5510,#5518,#5520,.T.);
#5518 = VERTEX_POINT('',#5519);
#5519 = CARTESIAN_POINT('',(-1.27,-18.796,2.54));
#5520 = LINE('',#5521,#5522);
#5521 = CARTESIAN_POINT('',(-1.27,-16.764,2.54));
#5522 = VECTOR('',#5523,1.);
#5523 = DIRECTION('',(0.,-1.,0.));
#5524 = ORIENTED_EDGE('',*,*,#5525,.T.);
#5525 = EDGE_CURVE('',#5518,#5526,#5528,.T.);
#5526 = VERTEX_POINT('',#5527);
#5527 = CARTESIAN_POINT('',(-1.016,-19.05,2.54));
#5528 = LINE('',#5529,#5530);
#5529 = CARTESIAN_POINT('',(-1.27,-18.796,2.54));
#5530 = VECTOR('',#5531,1.);
#5531 = DIRECTION('',(0.707106781187,-0.707106781187,0.));
#5532 = ORIENTED_EDGE('',*,*,#5533,.T.);
#5533 = EDGE_CURVE('',#5526,#5534,#5536,.T.);
#5534 = VERTEX_POINT('',#5535);
#5535 = CARTESIAN_POINT('',(1.016,-19.05,2.54));
#5536 = LINE('',#5537,#5538);
#5537 = CARTESIAN_POINT('',(-1.016,-19.05,2.54));
#5538 = VECTOR('',#5539,1.);
#5539 = DIRECTION('',(1.,0.,0.));
#5540 = ORIENTED_EDGE('',*,*,#5541,.T.);
#5541 = EDGE_CURVE('',#5534,#5542,#5544,.T.);
#5542 = VERTEX_POINT('',#5543);
#5543 = CARTESIAN_POINT('',(1.27,-18.796,2.54));
#5544 = LINE('',#5545,#5546);
#5545 = CARTESIAN_POINT('',(1.016,-19.05,2.54));
#5546 = VECTOR('',#5547,1.);
#5547 = DIRECTION('',(0.707106781187,0.707106781187,0.));
#5548 = ORIENTED_EDGE('',*,*,#5549,.T.);
#5549 = EDGE_CURVE('',#5542,#5550,#5552,.T.);
#5550 = VERTEX_POINT('',#5551);
#5551 = CARTESIAN_POINT('',(1.27,-16.764,2.54));
#5552 = LINE('',#5553,#5554);
#5553 = CARTESIAN_POINT('',(1.27,-18.796,2.54));
#5554 = VECTOR('',#5555,1.);
#5555 = DIRECTION('',(0.,1.,0.));
#5556 = ORIENTED_EDGE('',*,*,#5557,.T.);
#5557 = EDGE_CURVE('',#5550,#5558,#5560,.T.);
#5558 = VERTEX_POINT('',#5559);
#5559 = CARTESIAN_POINT('',(1.016,-16.51,2.54));
#5560 = LINE('',#5561,#5562);
#5561 = CARTESIAN_POINT('',(1.27,-16.764,2.54));
#5562 = VECTOR('',#5563,1.);
#5563 = DIRECTION('',(-0.707106781187,0.707106781187,0.));
#5564 = ORIENTED_EDGE('',*,*,#5565,.T.);
#5565 = EDGE_CURVE('',#5558,#5566,#5568,.T.);
#5566 = VERTEX_POINT('',#5567);
#5567 = CARTESIAN_POINT('',(1.27,-16.256,2.54));
#5568 = LINE('',#5569,#5570);
#5569 = CARTESIAN_POINT('',(1.016,-16.51,2.54));
#5570 = VECTOR('',#5571,1.);
#5571 = DIRECTION('',(0.707106781187,0.707106781187,0.));
#5572 = ORIENTED_EDGE('',*,*,#5573,.T.);
#5573 = EDGE_CURVE('',#5566,#5574,#5576,.T.);
#5574 = VERTEX_POINT('',#5575);
#5575 = CARTESIAN_POINT('',(1.27,-14.224,2.54));
#5576 = LINE('',#5577,#5578);
#5577 = CARTESIAN_POINT('',(1.27,-16.256,2.54));
#5578 = VECTOR('',#5579,1.);
#5579 = DIRECTION('',(0.,1.,0.));
#5580 = ORIENTED_EDGE('',*,*,#5581,.T.);
#5581 = EDGE_CURVE('',#5574,#5582,#5584,.T.);
#5582 = VERTEX_POINT('',#5583);
#5583 = CARTESIAN_POINT('',(1.016,-13.97,2.54));
#5584 = LINE('',#5585,#5586);
#5585 = CARTESIAN_POINT('',(1.27,-14.224,2.54));
#5586 = VECTOR('',#5587,1.);
#5587 = DIRECTION('',(-0.707106781187,0.707106781187,0.));
#5588 = ORIENTED_EDGE('',*,*,#5589,.T.);
#5589 = EDGE_CURVE('',#5582,#5590,#5592,.T.);
#5590 = VERTEX_POINT('',#5591);
#5591 = CARTESIAN_POINT('',(1.27,-13.716,2.54));
#5592 = LINE('',#5593,#5594);
#5593 = CARTESIAN_POINT('',(1.016,-13.97,2.54));
#5594 = VECTOR('',#5595,1.);
#5595 = DIRECTION('',(0.707106781187,0.707106781187,0.));
#5596 = ORIENTED_EDGE('',*,*,#5597,.T.);
#5597 = EDGE_CURVE('',#5590,#5598,#5600,.T.);
#5598 = VERTEX_POINT('',#5599);
#5599 = CARTESIAN_POINT('',(1.27,-11.684,2.54));
#5600 = LINE('',#5601,#5602);
#5601 = CARTESIAN_POINT('',(1.27,-13.716,2.54));
#5602 = VECTOR('',#5603,1.);
#5603 = DIRECTION('',(0.,1.,0.));
#5604 = ORIENTED_EDGE('',*,*,#5605,.T.);
#5605 = EDGE_CURVE('',#5598,#5606,#5608,.T.);
#5606 = VERTEX_POINT('',#5607);
#5607 = CARTESIAN_POINT('',(1.016,-11.43,2.54));
#5608 = LINE('',#5609,#5610);
#5609 = CARTESIAN_POINT('',(1.27,-11.684,2.54));
#5610 = VECTOR('',#5611,1.);
#5611 = DIRECTION('',(-0.707106781187,0.707106781187,0.));
#5612 = ORIENTED_EDGE('',*,*,#5613,.T.);
#5613 = EDGE_CURVE('',#5606,#5614,#5616,.T.);
#5614 = VERTEX_POINT('',#5615);
#5615 = CARTESIAN_POINT('',(1.27,-11.176,2.54));
#5616 = LINE('',#5617,#5618);
#5617 = CARTESIAN_POINT('',(1.016,-11.43,2.54));
#5618 = VECTOR('',#5619,1.);
#5619 = DIRECTION('',(0.707106781187,0.707106781187,0.));
#5620 = ORIENTED_EDGE('',*,*,#5621,.T.);
#5621 = EDGE_CURVE('',#5614,#5622,#5624,.T.);
#5622 = VERTEX_POINT('',#5623);
#5623 = CARTESIAN_POINT('',(1.27,-9.144,2.54));
#5624 = LINE('',#5625,#5626);
#5625 = CARTESIAN_POINT('',(1.27,-11.176,2.54));
#5626 = VECTOR('',#5627,1.);
#5627 = DIRECTION('',(0.,1.,0.));
#5628 = ORIENTED_EDGE('',*,*,#5629,.T.);
#5629 = EDGE_CURVE('',#5622,#5630,#5632,.T.);
#5630 = VERTEX_POINT('',#5631);
#5631 = CARTESIAN_POINT('',(1.016,-8.89,2.54));
#5632 = LINE('',#5633,#5634);
#5633 = CARTESIAN_POINT('',(1.27,-9.144,2.54));
#5634 = VECTOR('',#5635,1.);
#5635 = DIRECTION('',(-0.707106781187,0.707106781187,0.));
#5636 = ORIENTED_EDGE('',*,*,#5637,.T.);
#5637 = EDGE_CURVE('',#5630,#5638,#5640,.T.);
#5638 = VERTEX_POINT('',#5639);
#5639 = CARTESIAN_POINT('',(1.27,-8.636,2.54));
#5640 = LINE('',#5641,#5642);
#5641 = CARTESIAN_POINT('',(1.016,-8.89,2.54));
#5642 = VECTOR('',#5643,1.);
#5643 = DIRECTION('',(0.707106781187,0.707106781187,0.));
#5644 = ORIENTED_EDGE('',*,*,#5645,.T.);
#5645 = EDGE_CURVE('',#5638,#5646,#5648,.T.);
#5646 = VERTEX_POINT('',#5647);
#5647 = CARTESIAN_POINT('',(1.27,-6.604,2.54));
#5648 = LINE('',#5649,#5650);
#5649 = CARTESIAN_POINT('',(1.27,-8.636,2.54));
#5650 = VECTOR('',#5651,1.);
#5651 = DIRECTION('',(0.,1.,0.));
#5652 = ORIENTED_EDGE('',*,*,#5653,.T.);
#5653 = EDGE_CURVE('',#5646,#5654,#5656,.T.);
#5654 = VERTEX_POINT('',#5655);
#5655 = CARTESIAN_POINT('',(1.016,-6.35,2.54));
#5656 = LINE('',#5657,#5658);
#5657 = CARTESIAN_POINT('',(1.27,-6.604,2.54));
#5658 = VECTOR('',#5659,1.);
#5659 = DIRECTION('',(-0.707106781187,0.707106781187,0.));
#5660 = ORIENTED_EDGE('',*,*,#5661,.T.);
#5661 = EDGE_CURVE('',#5654,#5662,#5664,.T.);
#5662 = VERTEX_POINT('',#5663);
#5663 = CARTESIAN_POINT('',(1.27,-6.096,2.54));
#5664 = LINE('',#5665,#5666);
#5665 = CARTESIAN_POINT('',(1.016,-6.35,2.54));
#5666 = VECTOR('',#5667,1.);
#5667 = DIRECTION('',(0.707106781187,0.707106781187,0.));
#5668 = ORIENTED_EDGE('',*,*,#5669,.T.);
#5669 = EDGE_CURVE('',#5662,#5670,#5672,.T.);
#5670 = VERTEX_POINT('',#5671);
#5671 = CARTESIAN_POINT('',(1.27,-4.064,2.54));
#5672 = LINE('',#5673,#5674);
#5673 = CARTESIAN_POINT('',(1.27,-6.096,2.54));
#5674 = VECTOR('',#5675,1.);
#5675 = DIRECTION('',(0.,1.,0.));
#5676 = ORIENTED_EDGE('',*,*,#5677,.T.);
#5677 = EDGE_CURVE('',#5670,#5678,#5680,.T.);
#5678 = VERTEX_POINT('',#5679);
#5679 = CARTESIAN_POINT('',(1.016,-3.81,2.54));
#5680 = LINE('',#5681,#5682);
#5681 = CARTESIAN_POINT('',(1.27,-4.064,2.54));
#5682 = VECTOR('',#5683,1.);
#5683 = DIRECTION('',(-0.707106781187,0.707106781187,0.));
#5684 = ORIENTED_EDGE('',*,*,#5685,.T.);
#5685 = EDGE_CURVE('',#5678,#5686,#5688,.T.);
#5686 = VERTEX_POINT('',#5687);
#5687 = CARTESIAN_POINT('',(1.27,-3.556,2.54));
#5688 = LINE('',#5689,#5690);
#5689 = CARTESIAN_POINT('',(1.016,-3.81,2.54));
#5690 = VECTOR('',#5691,1.);
#5691 = DIRECTION('',(0.707106781187,0.707106781187,0.));
#5692 = ORIENTED_EDGE('',*,*,#5693,.T.);
#5693 = EDGE_CURVE('',#5686,#5694,#5696,.T.);
#5694 = VERTEX_POINT('',#5695);
#5695 = CARTESIAN_POINT('',(1.27,-1.524,2.54));
#5696 = LINE('',#5697,#5698);
#5697 = CARTESIAN_POINT('',(1.27,-3.556,2.54));
#5698 = VECTOR('',#5699,1.);
#5699 = DIRECTION('',(0.,1.,0.));
#5700 = ORIENTED_EDGE('',*,*,#5701,.T.);
#5701 = EDGE_CURVE('',#5694,#5702,#5704,.T.);
#5702 = VERTEX_POINT('',#5703);
#5703 = CARTESIAN_POINT('',(1.016,-1.27,2.54));
#5704 = LINE('',#5705,#5706);
#5705 = CARTESIAN_POINT('',(1.27,-1.524,2.54));
#5706 = VECTOR('',#5707,1.);
#5707 = DIRECTION('',(-0.707106781187,0.707106781187,0.));
#5708 = ORIENTED_EDGE('',*,*,#5709,.T.);
#5709 = EDGE_CURVE('',#5702,#5710,#5712,.T.);
#5710 = VERTEX_POINT('',#5711);
#5711 = CARTESIAN_POINT('',(1.27,-1.016,2.54));
#5712 = LINE('',#5713,#5714);
#5713 = CARTESIAN_POINT('',(1.016,-1.27,2.54));
#5714 = VECTOR('',#5715,1.);
#5715 = DIRECTION('',(0.707106781187,0.707106781187,0.));
#5716 = ORIENTED_EDGE('',*,*,#5717,.T.);
#5717 = EDGE_CURVE('',#5710,#5718,#5720,.T.);
#5718 = VERTEX_POINT('',#5719);
#5719 = CARTESIAN_POINT('',(1.27,1.016,2.54));
#5720 = LINE('',#5721,#5722);
#5721 = CARTESIAN_POINT('',(1.27,-1.016,2.54));
#5722 = VECTOR('',#5723,1.);
#5723 = DIRECTION('',(0.,1.,0.));
#5724 = ORIENTED_EDGE('',*,*,#5725,.T.);
#5725 = EDGE_CURVE('',#5718,#4639,#5726,.T.);
#5726 = LINE('',#5727,#5728);
#5727 = CARTESIAN_POINT('',(1.27,1.016,2.54));
#5728 = VECTOR('',#5729,1.);
#5729 = DIRECTION('',(-0.707106781187,0.707106781187,0.));
#5730 = ORIENTED_EDGE('',*,*,#4646,.T.);
#5731 = FACE_BOUND('',#5732,.T.);
#5732 = EDGE_LOOP('',(#5733,#5743,#5751,#5759));
#5733 = ORIENTED_EDGE('',*,*,#5734,.T.);
#5734 = EDGE_CURVE('',#5735,#5737,#5739,.T.);
#5735 = VERTEX_POINT('',#5736);
#5736 = CARTESIAN_POINT('',(0.32,-18.1,2.54));
#5737 = VERTEX_POINT('',#5738);
#5738 = CARTESIAN_POINT('',(-0.32,-18.1,2.54));
#5739 = LINE('',#5740,#5741);
#5740 = CARTESIAN_POINT('',(-0.16,-18.1,2.54));
#5741 = VECTOR('',#5742,1.);
#5742 = DIRECTION('',(-1.,0.,0.));
#5743 = ORIENTED_EDGE('',*,*,#5744,.T.);
#5744 = EDGE_CURVE('',#5737,#5745,#5747,.T.);
#5745 = VERTEX_POINT('',#5746);
#5746 = CARTESIAN_POINT('',(-0.32,-17.46,2.54));
#5747 = LINE('',#5748,#5749);
#5748 = CARTESIAN_POINT('',(-0.32,-13.495,2.54));
#5749 = VECTOR('',#5750,1.);
#5750 = DIRECTION('',(0.,1.,0.));
#5751 = ORIENTED_EDGE('',*,*,#5752,.F.);
#5752 = EDGE_CURVE('',#5753,#5745,#5755,.T.);
#5753 = VERTEX_POINT('',#5754);
#5754 = CARTESIAN_POINT('',(0.32,-17.46,2.54));
#5755 = LINE('',#5756,#5757);
#5756 = CARTESIAN_POINT('',(-0.16,-17.46,2.54));
#5757 = VECTOR('',#5758,1.);
#5758 = DIRECTION('',(-1.,0.,0.));
#5759 = ORIENTED_EDGE('',*,*,#5760,.F.);
#5760 = EDGE_CURVE('',#5735,#5753,#5761,.T.);
#5761 = LINE('',#5762,#5763);
#5762 = CARTESIAN_POINT('',(0.32,-13.495,2.54));
#5763 = VECTOR('',#5764,1.);
#5764 = DIRECTION('',(0.,1.,0.));
#5765 = FACE_BOUND('',#5766,.T.);
#5766 = EDGE_LOOP('',(#5767,#5777,#5785,#5793));
#5767 = ORIENTED_EDGE('',*,*,#5768,.F.);
#5768 = EDGE_CURVE('',#5769,#5771,#5773,.T.);
#5769 = VERTEX_POINT('',#5770);
#5770 = CARTESIAN_POINT('',(0.32,-14.92,2.54));
#5771 = VERTEX_POINT('',#5772);
#5772 = CARTESIAN_POINT('',(-0.32,-14.92,2.54));
#5773 = LINE('',#5774,#5775);
#5774 = CARTESIAN_POINT('',(-0.16,-14.92,2.54));
#5775 = VECTOR('',#5776,1.);
#5776 = DIRECTION('',(-1.,0.,0.));
#5777 = ORIENTED_EDGE('',*,*,#5778,.F.);
#5778 = EDGE_CURVE('',#5779,#5769,#5781,.T.);
#5779 = VERTEX_POINT('',#5780);
#5780 = CARTESIAN_POINT('',(0.32,-15.56,2.54));
#5781 = LINE('',#5782,#5783);
#5782 = CARTESIAN_POINT('',(0.32,-12.225,2.54));
#5783 = VECTOR('',#5784,1.);
#5784 = DIRECTION('',(0.,1.,0.));
#5785 = ORIENTED_EDGE('',*,*,#5786,.T.);
#5786 = EDGE_CURVE('',#5779,#5787,#5789,.T.);
#5787 = VERTEX_POINT('',#5788);
#5788 = CARTESIAN_POINT('',(-0.32,-15.56,2.54));
#5789 = LINE('',#5790,#5791);
#5790 = CARTESIAN_POINT('',(-0.16,-15.56,2.54));
#5791 = VECTOR('',#5792,1.);
#5792 = DIRECTION('',(-1.,0.,0.));
#5793 = ORIENTED_EDGE('',*,*,#5794,.T.);
#5794 = EDGE_CURVE('',#5787,#5771,#5795,.T.);
#5795 = LINE('',#5796,#5797);
#5796 = CARTESIAN_POINT('',(-0.32,-12.225,2.54));
#5797 = VECTOR('',#5798,1.);
#5798 = DIRECTION('',(0.,1.,0.));
#5799 = FACE_BOUND('',#5800,.T.);
#5800 = EDGE_LOOP('',(#5801,#5811,#5819,#5827));
#5801 = ORIENTED_EDGE('',*,*,#5802,.F.);
#5802 = EDGE_CURVE('',#5803,#5805,#5807,.T.);
#5803 = VERTEX_POINT('',#5804);
#5804 = CARTESIAN_POINT('',(0.32,-7.94,2.54));
#5805 = VERTEX_POINT('',#5806);
#5806 = CARTESIAN_POINT('',(0.32,-7.3,2.54));
#5807 = LINE('',#5808,#5809);
#5808 = CARTESIAN_POINT('',(0.32,-8.415,2.54));
#5809 = VECTOR('',#5810,1.);
#5810 = DIRECTION('',(0.,1.,0.));
#5811 = ORIENTED_EDGE('',*,*,#5812,.T.);
#5812 = EDGE_CURVE('',#5803,#5813,#5815,.T.);
#5813 = VERTEX_POINT('',#5814);
#5814 = CARTESIAN_POINT('',(-0.32,-7.94,2.54));
#5815 = LINE('',#5816,#5817);
#5816 = CARTESIAN_POINT('',(-0.16,-7.94,2.54));
#5817 = VECTOR('',#5818,1.);
#5818 = DIRECTION('',(-1.,0.,0.));
#5819 = ORIENTED_EDGE('',*,*,#5820,.T.);
#5820 = EDGE_CURVE('',#5813,#5821,#5823,.T.);
#5821 = VERTEX_POINT('',#5822);
#5822 = CARTESIAN_POINT('',(-0.32,-7.3,2.54));
#5823 = LINE('',#5824,#5825);
#5824 = CARTESIAN_POINT('',(-0.32,-8.415,2.54));
#5825 = VECTOR('',#5826,1.);
#5826 = DIRECTION('',(0.,1.,0.));
#5827 = ORIENTED_EDGE('',*,*,#5828,.F.);
#5828 = EDGE_CURVE('',#5805,#5821,#5829,.T.);
#5829 = LINE('',#5830,#5831);
#5830 = CARTESIAN_POINT('',(-0.16,-7.3,2.54));
#5831 = VECTOR('',#5832,1.);
#5832 = DIRECTION('',(-1.,0.,0.));
#5833 = FACE_BOUND('',#5834,.T.);
#5834 = EDGE_LOOP('',(#5835,#5845,#5853,#5861));
#5835 = ORIENTED_EDGE('',*,*,#5836,.F.);
#5836 = EDGE_CURVE('',#5837,#5839,#5841,.T.);
#5837 = VERTEX_POINT('',#5838);
#5838 = CARTESIAN_POINT('',(0.32,-12.38,2.54));
#5839 = VERTEX_POINT('',#5840);
#5840 = CARTESIAN_POINT('',(-0.32,-12.38,2.54));
#5841 = LINE('',#5842,#5843);
#5842 = CARTESIAN_POINT('',(-0.16,-12.38,2.54));
#5843 = VECTOR('',#5844,1.);
#5844 = DIRECTION('',(-1.,0.,0.));
#5845 = ORIENTED_EDGE('',*,*,#5846,.F.);
#5846 = EDGE_CURVE('',#5847,#5837,#5849,.T.);
#5847 = VERTEX_POINT('',#5848);
#5848 = CARTESIAN_POINT('',(0.32,-13.02,2.54));
#5849 = LINE('',#5850,#5851);
#5850 = CARTESIAN_POINT('',(0.32,-10.955,2.54));
#5851 = VECTOR('',#5852,1.);
#5852 = DIRECTION('',(0.,1.,0.));
#5853 = ORIENTED_EDGE('',*,*,#5854,.T.);
#5854 = EDGE_CURVE('',#5847,#5855,#5857,.T.);
#5855 = VERTEX_POINT('',#5856);
#5856 = CARTESIAN_POINT('',(-0.32,-13.02,2.54));
#5857 = LINE('',#5858,#5859);
#5858 = CARTESIAN_POINT('',(-0.16,-13.02,2.54));
#5859 = VECTOR('',#5860,1.);
#5860 = DIRECTION('',(-1.,0.,0.));
#5861 = ORIENTED_EDGE('',*,*,#5862,.T.);
#5862 = EDGE_CURVE('',#5855,#5839,#5863,.T.);
#5863 = LINE('',#5864,#5865);
#5864 = CARTESIAN_POINT('',(-0.32,-10.955,2.54));
#5865 = VECTOR('',#5866,1.);
#5866 = DIRECTION('',(0.,1.,0.));
#5867 = FACE_BOUND('',#5868,.T.);
#5868 = EDGE_LOOP('',(#5869,#5879,#5887,#5895));
#5869 = ORIENTED_EDGE('',*,*,#5870,.F.);
#5870 = EDGE_CURVE('',#5871,#5873,#5875,.T.);
#5871 = VERTEX_POINT('',#5872);
#5872 = CARTESIAN_POINT('',(0.32,-10.48,2.54));
#5873 = VERTEX_POINT('',#5874);
#5874 = CARTESIAN_POINT('',(0.32,-9.84,2.54));
#5875 = LINE('',#5876,#5877);
#5876 = CARTESIAN_POINT('',(0.32,-9.685,2.54));
#5877 = VECTOR('',#5878,1.);
#5878 = DIRECTION('',(0.,1.,0.));
#5879 = ORIENTED_EDGE('',*,*,#5880,.T.);
#5880 = EDGE_CURVE('',#5871,#5881,#5883,.T.);
#5881 = VERTEX_POINT('',#5882);
#5882 = CARTESIAN_POINT('',(-0.32,-10.48,2.54));
#5883 = LINE('',#5884,#5885);
#5884 = CARTESIAN_POINT('',(-0.16,-10.48,2.54));
#5885 = VECTOR('',#5886,1.);
#5886 = DIRECTION('',(-1.,0.,0.));
#5887 = ORIENTED_EDGE('',*,*,#5888,.T.);
#5888 = EDGE_CURVE('',#5881,#5889,#5891,.T.);
#5889 = VERTEX_POINT('',#5890);
#5890 = CARTESIAN_POINT('',(-0.32,-9.84,2.54));
#5891 = LINE('',#5892,#5893);
#5892 = CARTESIAN_POINT('',(-0.32,-9.685,2.54));
#5893 = VECTOR('',#5894,1.);
#5894 = DIRECTION('',(0.,1.,0.));
#5895 = ORIENTED_EDGE('',*,*,#5896,.F.);
#5896 = EDGE_CURVE('',#5873,#5889,#5897,.T.);
#5897 = LINE('',#5898,#5899);
#5898 = CARTESIAN_POINT('',(-0.16,-9.84,2.54));
#5899 = VECTOR('',#5900,1.);
#5900 = DIRECTION('',(-1.,0.,0.));
#5901 = FACE_BOUND('',#5902,.T.);
#5902 = EDGE_LOOP('',(#5903,#5913,#5921,#5929));
#5903 = ORIENTED_EDGE('',*,*,#5904,.F.);
#5904 = EDGE_CURVE('',#5905,#5907,#5909,.T.);
#5905 = VERTEX_POINT('',#5906);
#5906 = CARTESIAN_POINT('',(0.32,-2.22,2.54));
#5907 = VERTEX_POINT('',#5908);
#5908 = CARTESIAN_POINT('',(-0.32,-2.22,2.54));
#5909 = LINE('',#5910,#5911);
#5910 = CARTESIAN_POINT('',(-0.16,-2.22,2.54));
#5911 = VECTOR('',#5912,1.);
#5912 = DIRECTION('',(-1.,0.,0.));
#5913 = ORIENTED_EDGE('',*,*,#5914,.F.);
#5914 = EDGE_CURVE('',#5915,#5905,#5917,.T.);
#5915 = VERTEX_POINT('',#5916);
#5916 = CARTESIAN_POINT('',(0.32,-2.86,2.54));
#5917 = LINE('',#5918,#5919);
#5918 = CARTESIAN_POINT('',(0.32,-5.875,2.54));
#5919 = VECTOR('',#5920,1.);
#5920 = DIRECTION('',(0.,1.,0.));
#5921 = ORIENTED_EDGE('',*,*,#5922,.T.);
#5922 = EDGE_CURVE('',#5915,#5923,#5925,.T.);
#5923 = VERTEX_POINT('',#5924);
#5924 = CARTESIAN_POINT('',(-0.32,-2.86,2.54));
#5925 = LINE('',#5926,#5927);
#5926 = CARTESIAN_POINT('',(-0.16,-2.86,2.54));
#5927 = VECTOR('',#5928,1.);
#5928 = DIRECTION('',(-1.,0.,0.));
#5929 = ORIENTED_EDGE('',*,*,#5930,.T.);
#5930 = EDGE_CURVE('',#5923,#5907,#5931,.T.);
#5931 = LINE('',#5932,#5933);
#5932 = CARTESIAN_POINT('',(-0.32,-5.875,2.54));
#5933 = VECTOR('',#5934,1.);
#5934 = DIRECTION('',(0.,1.,0.));
#5935 = FACE_BOUND('',#5936,.T.);
#5936 = EDGE_LOOP('',(#5937,#5947,#5955,#5963));
#5937 = ORIENTED_EDGE('',*,*,#5938,.T.);
#5938 = EDGE_CURVE('',#5939,#5941,#5943,.T.);
#5939 = VERTEX_POINT('',#5940);
#5940 = CARTESIAN_POINT('',(0.32,-5.4,2.54));
#5941 = VERTEX_POINT('',#5942);
#5942 = CARTESIAN_POINT('',(-0.32,-5.4,2.54));
#5943 = LINE('',#5944,#5945);
#5944 = CARTESIAN_POINT('',(-0.16,-5.4,2.54));
#5945 = VECTOR('',#5946,1.);
#5946 = DIRECTION('',(-1.,0.,0.));
#5947 = ORIENTED_EDGE('',*,*,#5948,.T.);
#5948 = EDGE_CURVE('',#5941,#5949,#5951,.T.);
#5949 = VERTEX_POINT('',#5950);
#5950 = CARTESIAN_POINT('',(-0.32,-4.76,2.54));
#5951 = LINE('',#5952,#5953);
#5952 = CARTESIAN_POINT('',(-0.32,-7.145,2.54));
#5953 = VECTOR('',#5954,1.);
#5954 = DIRECTION('',(0.,1.,0.));
#5955 = ORIENTED_EDGE('',*,*,#5956,.F.);
#5956 = EDGE_CURVE('',#5957,#5949,#5959,.T.);
#5957 = VERTEX_POINT('',#5958);
#5958 = CARTESIAN_POINT('',(0.32,-4.76,2.54));
#5959 = LINE('',#5960,#5961);
#5960 = CARTESIAN_POINT('',(-0.16,-4.76,2.54));
#5961 = VECTOR('',#5962,1.);
#5962 = DIRECTION('',(-1.,0.,0.));
#5963 = ORIENTED_EDGE('',*,*,#5964,.F.);
#5964 = EDGE_CURVE('',#5939,#5957,#5965,.T.);
#5965 = LINE('',#5966,#5967);
#5966 = CARTESIAN_POINT('',(0.32,-7.145,2.54));
#5967 = VECTOR('',#5968,1.);
#5968 = DIRECTION('',(0.,1.,0.));
#5969 = FACE_BOUND('',#5970,.T.);
#5970 = EDGE_LOOP('',(#5971,#5981,#5989,#5997));
#5971 = ORIENTED_EDGE('',*,*,#5972,.F.);
#5972 = EDGE_CURVE('',#5973,#5975,#5977,.T.);
#5973 = VERTEX_POINT('',#5974);
#5974 = CARTESIAN_POINT('',(0.32,-0.32,2.54));
#5975 = VERTEX_POINT('',#5976);
#5976 = CARTESIAN_POINT('',(0.32,0.32,2.54));
#5977 = LINE('',#5978,#5979);
#5978 = CARTESIAN_POINT('',(0.32,-4.605,2.54));
#5979 = VECTOR('',#5980,1.);
#5980 = DIRECTION('',(0.,1.,0.));
#5981 = ORIENTED_EDGE('',*,*,#5982,.T.);
#5982 = EDGE_CURVE('',#5973,#5983,#5985,.T.);
#5983 = VERTEX_POINT('',#5984);
#5984 = CARTESIAN_POINT('',(-0.32,-0.32,2.54));
#5985 = LINE('',#5986,#5987);
#5986 = CARTESIAN_POINT('',(-0.16,-0.32,2.54));
#5987 = VECTOR('',#5988,1.);
#5988 = DIRECTION('',(-1.,0.,0.));
#5989 = ORIENTED_EDGE('',*,*,#5990,.T.);
#5990 = EDGE_CURVE('',#5983,#5991,#5993,.T.);
#5991 = VERTEX_POINT('',#5992);
#5992 = CARTESIAN_POINT('',(-0.32,0.32,2.54));
#5993 = LINE('',#5994,#5995);
#5994 = CARTESIAN_POINT('',(-0.32,-4.605,2.54));
#5995 = VECTOR('',#5996,1.);
#5996 = DIRECTION('',(0.,1.,0.));
#5997 = ORIENTED_EDGE('',*,*,#5998,.F.);
#5998 = EDGE_CURVE('',#5975,#5991,#5999,.T.);
#5999 = LINE('',#6000,#6001);
#6000 = CARTESIAN_POINT('',(-0.16,0.32,2.54));
#6001 = VECTOR('',#6002,1.);
#6002 = DIRECTION('',(-1.,0.,0.));
#6003 = PLANE('',#6004);
#6004 = AXIS2_PLACEMENT_3D('',#6005,#6006,#6007);
#6005 = CARTESIAN_POINT('',(-1.38573690222E-17,-8.89,2.54));
#6006 = DIRECTION('',(0.,0.,1.));
#6007 = DIRECTION('',(1.,0.,-0.));
#6008 = ADVANCED_FACE('',(#6009),#6020,.F.);
#6009 = FACE_BOUND('',#6010,.F.);
#6010 = EDGE_LOOP('',(#6011,#6017,#6018,#6019));
#6011 = ORIENTED_EDGE('',*,*,#6012,.T.);
#6012 = EDGE_CURVE('',#5061,#5718,#6013,.T.);
#6013 = LINE('',#6014,#6015);
#6014 = CARTESIAN_POINT('',(1.27,1.016,0.));
#6015 = VECTOR('',#6016,1.);
#6016 = DIRECTION('',(0.,0.,1.));
#6017 = ORIENTED_EDGE('',*,*,#5725,.T.);
#6018 = ORIENTED_EDGE('',*,*,#4636,.F.);
#6019 = ORIENTED_EDGE('',*,*,#5068,.F.);
#6020 = PLANE('',#6021);
#6021 = AXIS2_PLACEMENT_3D('',#6022,#6023,#6024);
#6022 = CARTESIAN_POINT('',(1.27,1.016,0.));
#6023 = DIRECTION('',(-0.707106781187,-0.707106781187,0.));
#6024 = DIRECTION('',(-0.707106781187,0.707106781187,0.));
#6025 = ADVANCED_FACE('',(#6026),#6037,.F.);
#6026 = FACE_BOUND('',#6027,.F.);
#6027 = EDGE_LOOP('',(#6028,#6029,#6030,#6036));
#6028 = ORIENTED_EDGE('',*,*,#4676,.T.);
#6029 = ORIENTED_EDGE('',*,*,#5357,.T.);
#6030 = ORIENTED_EDGE('',*,*,#6031,.F.);
#6031 = EDGE_CURVE('',#4701,#5358,#6032,.T.);
#6032 = LINE('',#6033,#6034);
#6033 = CARTESIAN_POINT('',(-1.016,-1.27,0.));
#6034 = VECTOR('',#6035,1.);
#6035 = DIRECTION('',(0.,0.,1.));
#6036 = ORIENTED_EDGE('',*,*,#4700,.F.);
#6037 = PLANE('',#6038);
#6038 = AXIS2_PLACEMENT_3D('',#6039,#6040,#6041);
#6039 = CARTESIAN_POINT('',(-1.27,-1.016,0.));
#6040 = DIRECTION('',(0.707106781187,0.707106781187,0.));
#6041 = DIRECTION('',(0.707106781187,-0.707106781187,0.));
#6042 = ADVANCED_FACE('',(#6043),#6054,.F.);
#6043 = FACE_BOUND('',#6044,.F.);
#6044 = EDGE_LOOP('',(#6045,#6051,#6052,#6053));
#6045 = ORIENTED_EDGE('',*,*,#6046,.T.);
#6046 = EDGE_CURVE('',#5053,#5710,#6047,.T.);
#6047 = LINE('',#6048,#6049);
#6048 = CARTESIAN_POINT('',(1.27,-1.016,0.));
#6049 = VECTOR('',#6050,1.);
#6050 = DIRECTION('',(0.,0.,1.));
#6051 = ORIENTED_EDGE('',*,*,#5717,.T.);
#6052 = ORIENTED_EDGE('',*,*,#6012,.F.);
#6053 = ORIENTED_EDGE('',*,*,#5060,.F.);
#6054 = PLANE('',#6055);
#6055 = AXIS2_PLACEMENT_3D('',#6056,#6057,#6058);
#6056 = CARTESIAN_POINT('',(1.27,-1.016,0.));
#6057 = DIRECTION('',(-1.,0.,0.));
#6058 = DIRECTION('',(0.,1.,0.));
#6059 = ADVANCED_FACE('',(#6060),#6071,.F.);
#6060 = FACE_BOUND('',#6061,.F.);
#6061 = EDGE_LOOP('',(#6062,#6063,#6064,#6070));
#6062 = ORIENTED_EDGE('',*,*,#6031,.T.);
#6063 = ORIENTED_EDGE('',*,*,#5365,.T.);
#6064 = ORIENTED_EDGE('',*,*,#6065,.F.);
#6065 = EDGE_CURVE('',#4709,#5366,#6066,.T.);
#6066 = LINE('',#6067,#6068);
#6067 = CARTESIAN_POINT('',(-1.27,-1.524,0.));
#6068 = VECTOR('',#6069,1.);
#6069 = DIRECTION('',(0.,0.,1.));
#6070 = ORIENTED_EDGE('',*,*,#4708,.F.);
#6071 = PLANE('',#6072);
#6072 = AXIS2_PLACEMENT_3D('',#6073,#6074,#6075);
#6073 = CARTESIAN_POINT('',(-1.016,-1.27,0.));
#6074 = DIRECTION('',(0.707106781187,-0.707106781187,0.));
#6075 = DIRECTION('',(-0.707106781187,-0.707106781187,0.));
#6076 = ADVANCED_FACE('',(#6077),#6088,.F.);
#6077 = FACE_BOUND('',#6078,.F.);
#6078 = EDGE_LOOP('',(#6079,#6085,#6086,#6087));
#6079 = ORIENTED_EDGE('',*,*,#6080,.T.);
#6080 = EDGE_CURVE('',#5045,#5702,#6081,.T.);
#6081 = LINE('',#6082,#6083);
#6082 = CARTESIAN_POINT('',(1.016,-1.27,0.));
#6083 = VECTOR('',#6084,1.);
#6084 = DIRECTION('',(0.,0.,1.));
#6085 = ORIENTED_EDGE('',*,*,#5709,.T.);
#6086 = ORIENTED_EDGE('',*,*,#6046,.F.);
#6087 = ORIENTED_EDGE('',*,*,#5052,.F.);
#6088 = PLANE('',#6089);
#6089 = AXIS2_PLACEMENT_3D('',#6090,#6091,#6092);
#6090 = CARTESIAN_POINT('',(1.016,-1.27,0.));
#6091 = DIRECTION('',(-0.707106781187,0.707106781187,0.));
#6092 = DIRECTION('',(0.707106781187,0.707106781187,0.));
#6093 = ADVANCED_FACE('',(#6094),#6105,.F.);
#6094 = FACE_BOUND('',#6095,.F.);
#6095 = EDGE_LOOP('',(#6096,#6097,#6098,#6104));
#6096 = ORIENTED_EDGE('',*,*,#6065,.T.);
#6097 = ORIENTED_EDGE('',*,*,#5373,.T.);
#6098 = ORIENTED_EDGE('',*,*,#6099,.F.);
#6099 = EDGE_CURVE('',#4717,#5374,#6100,.T.);
#6100 = LINE('',#6101,#6102);
#6101 = CARTESIAN_POINT('',(-1.27,-3.556,0.));
#6102 = VECTOR('',#6103,1.);
#6103 = DIRECTION('',(0.,0.,1.));
#6104 = ORIENTED_EDGE('',*,*,#4716,.F.);
#6105 = PLANE('',#6106);
#6106 = AXIS2_PLACEMENT_3D('',#6107,#6108,#6109);
#6107 = CARTESIAN_POINT('',(-1.27,-1.524,0.));
#6108 = DIRECTION('',(1.,0.,0.));
#6109 = DIRECTION('',(0.,-1.,0.));
#6110 = ADVANCED_FACE('',(#6111),#6122,.F.);
#6111 = FACE_BOUND('',#6112,.F.);
#6112 = EDGE_LOOP('',(#6113,#6119,#6120,#6121));
#6113 = ORIENTED_EDGE('',*,*,#6114,.T.);
#6114 = EDGE_CURVE('',#5037,#5694,#6115,.T.);
#6115 = LINE('',#6116,#6117);
#6116 = CARTESIAN_POINT('',(1.27,-1.524,0.));
#6117 = VECTOR('',#6118,1.);
#6118 = DIRECTION('',(0.,0.,1.));
#6119 = ORIENTED_EDGE('',*,*,#5701,.T.);
#6120 = ORIENTED_EDGE('',*,*,#6080,.F.);
#6121 = ORIENTED_EDGE('',*,*,#5044,.F.);
#6122 = PLANE('',#6123);
#6123 = AXIS2_PLACEMENT_3D('',#6124,#6125,#6126);
#6124 = CARTESIAN_POINT('',(1.27,-1.524,0.));
#6125 = DIRECTION('',(-0.707106781187,-0.707106781187,0.));
#6126 = DIRECTION('',(-0.707106781187,0.707106781187,0.));
#6127 = ADVANCED_FACE('',(#6128),#6139,.F.);
#6128 = FACE_BOUND('',#6129,.F.);
#6129 = EDGE_LOOP('',(#6130,#6131,#6132,#6138));
#6130 = ORIENTED_EDGE('',*,*,#6099,.T.);
#6131 = ORIENTED_EDGE('',*,*,#5381,.T.);
#6132 = ORIENTED_EDGE('',*,*,#6133,.F.);
#6133 = EDGE_CURVE('',#4725,#5382,#6134,.T.);
#6134 = LINE('',#6135,#6136);
#6135 = CARTESIAN_POINT('',(-1.016,-3.81,0.));
#6136 = VECTOR('',#6137,1.);
#6137 = DIRECTION('',(0.,0.,1.));
#6138 = ORIENTED_EDGE('',*,*,#4724,.F.);
#6139 = PLANE('',#6140);
#6140 = AXIS2_PLACEMENT_3D('',#6141,#6142,#6143);
#6141 = CARTESIAN_POINT('',(-1.27,-3.556,0.));
#6142 = DIRECTION('',(0.707106781187,0.707106781187,0.));
#6143 = DIRECTION('',(0.707106781187,-0.707106781187,0.));
#6144 = ADVANCED_FACE('',(#6145),#6156,.F.);
#6145 = FACE_BOUND('',#6146,.F.);
#6146 = EDGE_LOOP('',(#6147,#6153,#6154,#6155));
#6147 = ORIENTED_EDGE('',*,*,#6148,.T.);
#6148 = EDGE_CURVE('',#5029,#5686,#6149,.T.);
#6149 = LINE('',#6150,#6151);
#6150 = CARTESIAN_POINT('',(1.27,-3.556,0.));
#6151 = VECTOR('',#6152,1.);
#6152 = DIRECTION('',(0.,0.,1.));
#6153 = ORIENTED_EDGE('',*,*,#5693,.T.);
#6154 = ORIENTED_EDGE('',*,*,#6114,.F.);
#6155 = ORIENTED_EDGE('',*,*,#5036,.F.);
#6156 = PLANE('',#6157);
#6157 = AXIS2_PLACEMENT_3D('',#6158,#6159,#6160);
#6158 = CARTESIAN_POINT('',(1.27,-3.556,0.));
#6159 = DIRECTION('',(-1.,0.,0.));
#6160 = DIRECTION('',(0.,1.,0.));
#6161 = ADVANCED_FACE('',(#6162),#6173,.F.);
#6162 = FACE_BOUND('',#6163,.F.);
#6163 = EDGE_LOOP('',(#6164,#6165,#6166,#6172));
#6164 = ORIENTED_EDGE('',*,*,#6133,.T.);
#6165 = ORIENTED_EDGE('',*,*,#5389,.T.);
#6166 = ORIENTED_EDGE('',*,*,#6167,.F.);
#6167 = EDGE_CURVE('',#4733,#5390,#6168,.T.);
#6168 = LINE('',#6169,#6170);
#6169 = CARTESIAN_POINT('',(-1.27,-4.064,0.));
#6170 = VECTOR('',#6171,1.);
#6171 = DIRECTION('',(0.,0.,1.));
#6172 = ORIENTED_EDGE('',*,*,#4732,.F.);
#6173 = PLANE('',#6174);
#6174 = AXIS2_PLACEMENT_3D('',#6175,#6176,#6177);
#6175 = CARTESIAN_POINT('',(-1.016,-3.81,0.));
#6176 = DIRECTION('',(0.707106781187,-0.707106781187,0.));
#6177 = DIRECTION('',(-0.707106781187,-0.707106781187,0.));
#6178 = ADVANCED_FACE('',(#6179),#6190,.F.);
#6179 = FACE_BOUND('',#6180,.F.);
#6180 = EDGE_LOOP('',(#6181,#6187,#6188,#6189));
#6181 = ORIENTED_EDGE('',*,*,#6182,.T.);
#6182 = EDGE_CURVE('',#5021,#5678,#6183,.T.);
#6183 = LINE('',#6184,#6185);
#6184 = CARTESIAN_POINT('',(1.016,-3.81,0.));
#6185 = VECTOR('',#6186,1.);
#6186 = DIRECTION('',(0.,0.,1.));
#6187 = ORIENTED_EDGE('',*,*,#5685,.T.);
#6188 = ORIENTED_EDGE('',*,*,#6148,.F.);
#6189 = ORIENTED_EDGE('',*,*,#5028,.F.);
#6190 = PLANE('',#6191);
#6191 = AXIS2_PLACEMENT_3D('',#6192,#6193,#6194);
#6192 = CARTESIAN_POINT('',(1.016,-3.81,0.));
#6193 = DIRECTION('',(-0.707106781187,0.707106781187,0.));
#6194 = DIRECTION('',(0.707106781187,0.707106781187,0.));
#6195 = ADVANCED_FACE('',(#6196),#6207,.F.);
#6196 = FACE_BOUND('',#6197,.F.);
#6197 = EDGE_LOOP('',(#6198,#6199,#6200,#6206));
#6198 = ORIENTED_EDGE('',*,*,#6167,.T.);
#6199 = ORIENTED_EDGE('',*,*,#5397,.T.);
#6200 = ORIENTED_EDGE('',*,*,#6201,.F.);
#6201 = EDGE_CURVE('',#4741,#5398,#6202,.T.);
#6202 = LINE('',#6203,#6204);
#6203 = CARTESIAN_POINT('',(-1.27,-6.096,0.));
#6204 = VECTOR('',#6205,1.);
#6205 = DIRECTION('',(0.,0.,1.));
#6206 = ORIENTED_EDGE('',*,*,#4740,.F.);
#6207 = PLANE('',#6208);
#6208 = AXIS2_PLACEMENT_3D('',#6209,#6210,#6211);
#6209 = CARTESIAN_POINT('',(-1.27,-4.064,0.));
#6210 = DIRECTION('',(1.,0.,0.));
#6211 = DIRECTION('',(0.,-1.,0.));
#6212 = ADVANCED_FACE('',(#6213),#6224,.F.);
#6213 = FACE_BOUND('',#6214,.F.);
#6214 = EDGE_LOOP('',(#6215,#6221,#6222,#6223));
#6215 = ORIENTED_EDGE('',*,*,#6216,.T.);
#6216 = EDGE_CURVE('',#5013,#5670,#6217,.T.);
#6217 = LINE('',#6218,#6219);
#6218 = CARTESIAN_POINT('',(1.27,-4.064,0.));
#6219 = VECTOR('',#6220,1.);
#6220 = DIRECTION('',(0.,0.,1.));
#6221 = ORIENTED_EDGE('',*,*,#5677,.T.);
#6222 = ORIENTED_EDGE('',*,*,#6182,.F.);
#6223 = ORIENTED_EDGE('',*,*,#5020,.F.);
#6224 = PLANE('',#6225);
#6225 = AXIS2_PLACEMENT_3D('',#6226,#6227,#6228);
#6226 = CARTESIAN_POINT('',(1.27,-4.064,0.));
#6227 = DIRECTION('',(-0.707106781187,-0.707106781187,0.));
#6228 = DIRECTION('',(-0.707106781187,0.707106781187,0.));
#6229 = ADVANCED_FACE('',(#6230),#6241,.F.);
#6230 = FACE_BOUND('',#6231,.F.);
#6231 = EDGE_LOOP('',(#6232,#6233,#6234,#6240));
#6232 = ORIENTED_EDGE('',*,*,#6201,.T.);
#6233 = ORIENTED_EDGE('',*,*,#5405,.T.);
#6234 = ORIENTED_EDGE('',*,*,#6235,.F.);
#6235 = EDGE_CURVE('',#4749,#5406,#6236,.T.);
#6236 = LINE('',#6237,#6238);
#6237 = CARTESIAN_POINT('',(-1.016,-6.35,0.));
#6238 = VECTOR('',#6239,1.);
#6239 = DIRECTION('',(0.,0.,1.));
#6240 = ORIENTED_EDGE('',*,*,#4748,.F.);
#6241 = PLANE('',#6242);
#6242 = AXIS2_PLACEMENT_3D('',#6243,#6244,#6245);
#6243 = CARTESIAN_POINT('',(-1.27,-6.096,0.));
#6244 = DIRECTION('',(0.707106781187,0.707106781187,0.));
#6245 = DIRECTION('',(0.707106781187,-0.707106781187,0.));
#6246 = ADVANCED_FACE('',(#6247),#6258,.F.);
#6247 = FACE_BOUND('',#6248,.F.);
#6248 = EDGE_LOOP('',(#6249,#6255,#6256,#6257));
#6249 = ORIENTED_EDGE('',*,*,#6250,.T.);
#6250 = EDGE_CURVE('',#5005,#5662,#6251,.T.);
#6251 = LINE('',#6252,#6253);
#6252 = CARTESIAN_POINT('',(1.27,-6.096,0.));
#6253 = VECTOR('',#6254,1.);
#6254 = DIRECTION('',(0.,0.,1.));
#6255 = ORIENTED_EDGE('',*,*,#5669,.T.);
#6256 = ORIENTED_EDGE('',*,*,#6216,.F.);
#6257 = ORIENTED_EDGE('',*,*,#5012,.F.);
#6258 = PLANE('',#6259);
#6259 = AXIS2_PLACEMENT_3D('',#6260,#6261,#6262);
#6260 = CARTESIAN_POINT('',(1.27,-6.096,0.));
#6261 = DIRECTION('',(-1.,0.,0.));
#6262 = DIRECTION('',(0.,1.,0.));
#6263 = ADVANCED_FACE('',(#6264),#6275,.F.);
#6264 = FACE_BOUND('',#6265,.F.);
#6265 = EDGE_LOOP('',(#6266,#6267,#6268,#6274));
#6266 = ORIENTED_EDGE('',*,*,#6235,.T.);
#6267 = ORIENTED_EDGE('',*,*,#5413,.T.);
#6268 = ORIENTED_EDGE('',*,*,#6269,.F.);
#6269 = EDGE_CURVE('',#4757,#5414,#6270,.T.);
#6270 = LINE('',#6271,#6272);
#6271 = CARTESIAN_POINT('',(-1.27,-6.604,0.));
#6272 = VECTOR('',#6273,1.);
#6273 = DIRECTION('',(0.,0.,1.));
#6274 = ORIENTED_EDGE('',*,*,#4756,.F.);
#6275 = PLANE('',#6276);
#6276 = AXIS2_PLACEMENT_3D('',#6277,#6278,#6279);
#6277 = CARTESIAN_POINT('',(-1.016,-6.35,0.));
#6278 = DIRECTION('',(0.707106781187,-0.707106781187,0.));
#6279 = DIRECTION('',(-0.707106781187,-0.707106781187,0.));
#6280 = ADVANCED_FACE('',(#6281),#6292,.F.);
#6281 = FACE_BOUND('',#6282,.F.);
#6282 = EDGE_LOOP('',(#6283,#6289,#6290,#6291));
#6283 = ORIENTED_EDGE('',*,*,#6284,.T.);
#6284 = EDGE_CURVE('',#4997,#5654,#6285,.T.);
#6285 = LINE('',#6286,#6287);
#6286 = CARTESIAN_POINT('',(1.016,-6.35,0.));
#6287 = VECTOR('',#6288,1.);
#6288 = DIRECTION('',(0.,0.,1.));
#6289 = ORIENTED_EDGE('',*,*,#5661,.T.);
#6290 = ORIENTED_EDGE('',*,*,#6250,.F.);
#6291 = ORIENTED_EDGE('',*,*,#5004,.F.);
#6292 = PLANE('',#6293);
#6293 = AXIS2_PLACEMENT_3D('',#6294,#6295,#6296);
#6294 = CARTESIAN_POINT('',(1.016,-6.35,0.));
#6295 = DIRECTION('',(-0.707106781187,0.707106781187,0.));
#6296 = DIRECTION('',(0.707106781187,0.707106781187,0.));
#6297 = ADVANCED_FACE('',(#6298),#6309,.F.);
#6298 = FACE_BOUND('',#6299,.F.);
#6299 = EDGE_LOOP('',(#6300,#6301,#6302,#6308));
#6300 = ORIENTED_EDGE('',*,*,#6269,.T.);
#6301 = ORIENTED_EDGE('',*,*,#5421,.T.);
#6302 = ORIENTED_EDGE('',*,*,#6303,.F.);
#6303 = EDGE_CURVE('',#4765,#5422,#6304,.T.);
#6304 = LINE('',#6305,#6306);
#6305 = CARTESIAN_POINT('',(-1.27,-8.636,0.));
#6306 = VECTOR('',#6307,1.);
#6307 = DIRECTION('',(0.,0.,1.));
#6308 = ORIENTED_EDGE('',*,*,#4764,.F.);
#6309 = PLANE('',#6310);
#6310 = AXIS2_PLACEMENT_3D('',#6311,#6312,#6313);
#6311 = CARTESIAN_POINT('',(-1.27,-6.604,0.));
#6312 = DIRECTION('',(1.,0.,0.));
#6313 = DIRECTION('',(0.,-1.,0.));
#6314 = ADVANCED_FACE('',(#6315),#6326,.F.);
#6315 = FACE_BOUND('',#6316,.F.);
#6316 = EDGE_LOOP('',(#6317,#6323,#6324,#6325));
#6317 = ORIENTED_EDGE('',*,*,#6318,.T.);
#6318 = EDGE_CURVE('',#4989,#5646,#6319,.T.);
#6319 = LINE('',#6320,#6321);
#6320 = CARTESIAN_POINT('',(1.27,-6.604,0.));
#6321 = VECTOR('',#6322,1.);
#6322 = DIRECTION('',(0.,0.,1.));
#6323 = ORIENTED_EDGE('',*,*,#5653,.T.);
#6324 = ORIENTED_EDGE('',*,*,#6284,.F.);
#6325 = ORIENTED_EDGE('',*,*,#4996,.F.);
#6326 = PLANE('',#6327);
#6327 = AXIS2_PLACEMENT_3D('',#6328,#6329,#6330);
#6328 = CARTESIAN_POINT('',(1.27,-6.604,0.));
#6329 = DIRECTION('',(-0.707106781187,-0.707106781187,0.));
#6330 = DIRECTION('',(-0.707106781187,0.707106781187,0.));
#6331 = ADVANCED_FACE('',(#6332),#6343,.F.);
#6332 = FACE_BOUND('',#6333,.F.);
#6333 = EDGE_LOOP('',(#6334,#6335,#6336,#6342));
#6334 = ORIENTED_EDGE('',*,*,#6303,.T.);
#6335 = ORIENTED_EDGE('',*,*,#5429,.T.);
#6336 = ORIENTED_EDGE('',*,*,#6337,.F.);
#6337 = EDGE_CURVE('',#4773,#5430,#6338,.T.);
#6338 = LINE('',#6339,#6340);
#6339 = CARTESIAN_POINT('',(-1.016,-8.89,0.));
#6340 = VECTOR('',#6341,1.);
#6341 = DIRECTION('',(0.,0.,1.));
#6342 = ORIENTED_EDGE('',*,*,#4772,.F.);
#6343 = PLANE('',#6344);
#6344 = AXIS2_PLACEMENT_3D('',#6345,#6346,#6347);
#6345 = CARTESIAN_POINT('',(-1.27,-8.636,0.));
#6346 = DIRECTION('',(0.707106781187,0.707106781187,0.));
#6347 = DIRECTION('',(0.707106781187,-0.707106781187,0.));
#6348 = ADVANCED_FACE('',(#6349),#6360,.F.);
#6349 = FACE_BOUND('',#6350,.F.);
#6350 = EDGE_LOOP('',(#6351,#6357,#6358,#6359));
#6351 = ORIENTED_EDGE('',*,*,#6352,.T.);
#6352 = EDGE_CURVE('',#4981,#5638,#6353,.T.);
#6353 = LINE('',#6354,#6355);
#6354 = CARTESIAN_POINT('',(1.27,-8.636,0.));
#6355 = VECTOR('',#6356,1.);
#6356 = DIRECTION('',(0.,0.,1.));
#6357 = ORIENTED_EDGE('',*,*,#5645,.T.);
#6358 = ORIENTED_EDGE('',*,*,#6318,.F.);
#6359 = ORIENTED_EDGE('',*,*,#4988,.F.);
#6360 = PLANE('',#6361);
#6361 = AXIS2_PLACEMENT_3D('',#6362,#6363,#6364);
#6362 = CARTESIAN_POINT('',(1.27,-8.636,0.));
#6363 = DIRECTION('',(-1.,0.,0.));
#6364 = DIRECTION('',(0.,1.,0.));
#6365 = ADVANCED_FACE('',(#6366),#6377,.F.);
#6366 = FACE_BOUND('',#6367,.F.);
#6367 = EDGE_LOOP('',(#6368,#6369,#6370,#6376));
#6368 = ORIENTED_EDGE('',*,*,#6337,.T.);
#6369 = ORIENTED_EDGE('',*,*,#5437,.T.);
#6370 = ORIENTED_EDGE('',*,*,#6371,.F.);
#6371 = EDGE_CURVE('',#4781,#5438,#6372,.T.);
#6372 = LINE('',#6373,#6374);
#6373 = CARTESIAN_POINT('',(-1.27,-9.144,0.));
#6374 = VECTOR('',#6375,1.);
#6375 = DIRECTION('',(0.,0.,1.));
#6376 = ORIENTED_EDGE('',*,*,#4780,.F.);
#6377 = PLANE('',#6378);
#6378 = AXIS2_PLACEMENT_3D('',#6379,#6380,#6381);
#6379 = CARTESIAN_POINT('',(-1.016,-8.89,0.));
#6380 = DIRECTION('',(0.707106781187,-0.707106781187,0.));
#6381 = DIRECTION('',(-0.707106781187,-0.707106781187,0.));
#6382 = ADVANCED_FACE('',(#6383),#6394,.F.);
#6383 = FACE_BOUND('',#6384,.F.);
#6384 = EDGE_LOOP('',(#6385,#6391,#6392,#6393));
#6385 = ORIENTED_EDGE('',*,*,#6386,.T.);
#6386 = EDGE_CURVE('',#4973,#5630,#6387,.T.);
#6387 = LINE('',#6388,#6389);
#6388 = CARTESIAN_POINT('',(1.016,-8.89,0.));
#6389 = VECTOR('',#6390,1.);
#6390 = DIRECTION('',(0.,0.,1.));
#6391 = ORIENTED_EDGE('',*,*,#5637,.T.);
#6392 = ORIENTED_EDGE('',*,*,#6352,.F.);
#6393 = ORIENTED_EDGE('',*,*,#4980,.F.);
#6394 = PLANE('',#6395);
#6395 = AXIS2_PLACEMENT_3D('',#6396,#6397,#6398);
#6396 = CARTESIAN_POINT('',(1.016,-8.89,0.));
#6397 = DIRECTION('',(-0.707106781187,0.707106781187,0.));
#6398 = DIRECTION('',(0.707106781187,0.707106781187,0.));
#6399 = ADVANCED_FACE('',(#6400),#6411,.F.);
#6400 = FACE_BOUND('',#6401,.F.);
#6401 = EDGE_LOOP('',(#6402,#6403,#6404,#6410));
#6402 = ORIENTED_EDGE('',*,*,#6371,.T.);
#6403 = ORIENTED_EDGE('',*,*,#5445,.T.);
#6404 = ORIENTED_EDGE('',*,*,#6405,.F.);
#6405 = EDGE_CURVE('',#4789,#5446,#6406,.T.);
#6406 = LINE('',#6407,#6408);
#6407 = CARTESIAN_POINT('',(-1.27,-11.176,0.));
#6408 = VECTOR('',#6409,1.);
#6409 = DIRECTION('',(0.,0.,1.));
#6410 = ORIENTED_EDGE('',*,*,#4788,.F.);
#6411 = PLANE('',#6412);
#6412 = AXIS2_PLACEMENT_3D('',#6413,#6414,#6415);
#6413 = CARTESIAN_POINT('',(-1.27,-9.144,0.));
#6414 = DIRECTION('',(1.,0.,0.));
#6415 = DIRECTION('',(0.,-1.,0.));
#6416 = ADVANCED_FACE('',(#6417),#6428,.F.);
#6417 = FACE_BOUND('',#6418,.F.);
#6418 = EDGE_LOOP('',(#6419,#6425,#6426,#6427));
#6419 = ORIENTED_EDGE('',*,*,#6420,.T.);
#6420 = EDGE_CURVE('',#4965,#5622,#6421,.T.);
#6421 = LINE('',#6422,#6423);
#6422 = CARTESIAN_POINT('',(1.27,-9.144,0.));
#6423 = VECTOR('',#6424,1.);
#6424 = DIRECTION('',(0.,0.,1.));
#6425 = ORIENTED_EDGE('',*,*,#5629,.T.);
#6426 = ORIENTED_EDGE('',*,*,#6386,.F.);
#6427 = ORIENTED_EDGE('',*,*,#4972,.F.);
#6428 = PLANE('',#6429);
#6429 = AXIS2_PLACEMENT_3D('',#6430,#6431,#6432);
#6430 = CARTESIAN_POINT('',(1.27,-9.144,0.));
#6431 = DIRECTION('',(-0.707106781187,-0.707106781187,0.));
#6432 = DIRECTION('',(-0.707106781187,0.707106781187,0.));
#6433 = ADVANCED_FACE('',(#6434),#6445,.F.);
#6434 = FACE_BOUND('',#6435,.F.);
#6435 = EDGE_LOOP('',(#6436,#6437,#6438,#6444));
#6436 = ORIENTED_EDGE('',*,*,#6405,.T.);
#6437 = ORIENTED_EDGE('',*,*,#5453,.T.);
#6438 = ORIENTED_EDGE('',*,*,#6439,.F.);
#6439 = EDGE_CURVE('',#4797,#5454,#6440,.T.);
#6440 = LINE('',#6441,#6442);
#6441 = CARTESIAN_POINT('',(-1.016,-11.43,0.));
#6442 = VECTOR('',#6443,1.);
#6443 = DIRECTION('',(0.,0.,1.));
#6444 = ORIENTED_EDGE('',*,*,#4796,.F.);
#6445 = PLANE('',#6446);
#6446 = AXIS2_PLACEMENT_3D('',#6447,#6448,#6449);
#6447 = CARTESIAN_POINT('',(-1.27,-11.176,0.));
#6448 = DIRECTION('',(0.707106781187,0.707106781187,0.));
#6449 = DIRECTION('',(0.707106781187,-0.707106781187,0.));
#6450 = ADVANCED_FACE('',(#6451),#6462,.F.);
#6451 = FACE_BOUND('',#6452,.F.);
#6452 = EDGE_LOOP('',(#6453,#6459,#6460,#6461));
#6453 = ORIENTED_EDGE('',*,*,#6454,.T.);
#6454 = EDGE_CURVE('',#4957,#5614,#6455,.T.);
#6455 = LINE('',#6456,#6457);
#6456 = CARTESIAN_POINT('',(1.27,-11.176,0.));
#6457 = VECTOR('',#6458,1.);
#6458 = DIRECTION('',(0.,0.,1.));
#6459 = ORIENTED_EDGE('',*,*,#5621,.T.);
#6460 = ORIENTED_EDGE('',*,*,#6420,.F.);
#6461 = ORIENTED_EDGE('',*,*,#4964,.F.);
#6462 = PLANE('',#6463);
#6463 = AXIS2_PLACEMENT_3D('',#6464,#6465,#6466);
#6464 = CARTESIAN_POINT('',(1.27,-11.176,0.));
#6465 = DIRECTION('',(-1.,0.,0.));
#6466 = DIRECTION('',(0.,1.,0.));
#6467 = ADVANCED_FACE('',(#6468),#6479,.F.);
#6468 = FACE_BOUND('',#6469,.F.);
#6469 = EDGE_LOOP('',(#6470,#6471,#6472,#6478));
#6470 = ORIENTED_EDGE('',*,*,#6439,.T.);
#6471 = ORIENTED_EDGE('',*,*,#5461,.T.);
#6472 = ORIENTED_EDGE('',*,*,#6473,.F.);
#6473 = EDGE_CURVE('',#4805,#5462,#6474,.T.);
#6474 = LINE('',#6475,#6476);
#6475 = CARTESIAN_POINT('',(-1.27,-11.684,0.));
#6476 = VECTOR('',#6477,1.);
#6477 = DIRECTION('',(0.,0.,1.));
#6478 = ORIENTED_EDGE('',*,*,#4804,.F.);
#6479 = PLANE('',#6480);
#6480 = AXIS2_PLACEMENT_3D('',#6481,#6482,#6483);
#6481 = CARTESIAN_POINT('',(-1.016,-11.43,0.));
#6482 = DIRECTION('',(0.707106781187,-0.707106781187,0.));
#6483 = DIRECTION('',(-0.707106781187,-0.707106781187,0.));
#6484 = ADVANCED_FACE('',(#6485),#6496,.F.);
#6485 = FACE_BOUND('',#6486,.F.);
#6486 = EDGE_LOOP('',(#6487,#6493,#6494,#6495));
#6487 = ORIENTED_EDGE('',*,*,#6488,.T.);
#6488 = EDGE_CURVE('',#4949,#5606,#6489,.T.);
#6489 = LINE('',#6490,#6491);
#6490 = CARTESIAN_POINT('',(1.016,-11.43,0.));
#6491 = VECTOR('',#6492,1.);
#6492 = DIRECTION('',(0.,0.,1.));
#6493 = ORIENTED_EDGE('',*,*,#5613,.T.);
#6494 = ORIENTED_EDGE('',*,*,#6454,.F.);
#6495 = ORIENTED_EDGE('',*,*,#4956,.F.);
#6496 = PLANE('',#6497);
#6497 = AXIS2_PLACEMENT_3D('',#6498,#6499,#6500);
#6498 = CARTESIAN_POINT('',(1.016,-11.43,0.));
#6499 = DIRECTION('',(-0.707106781187,0.707106781187,0.));
#6500 = DIRECTION('',(0.707106781187,0.707106781187,0.));
#6501 = ADVANCED_FACE('',(#6502),#6513,.F.);
#6502 = FACE_BOUND('',#6503,.F.);
#6503 = EDGE_LOOP('',(#6504,#6505,#6506,#6512));
#6504 = ORIENTED_EDGE('',*,*,#6473,.T.);
#6505 = ORIENTED_EDGE('',*,*,#5469,.T.);
#6506 = ORIENTED_EDGE('',*,*,#6507,.F.);
#6507 = EDGE_CURVE('',#4813,#5470,#6508,.T.);
#6508 = LINE('',#6509,#6510);
#6509 = CARTESIAN_POINT('',(-1.27,-13.716,0.));
#6510 = VECTOR('',#6511,1.);
#6511 = DIRECTION('',(0.,0.,1.));
#6512 = ORIENTED_EDGE('',*,*,#4812,.F.);
#6513 = PLANE('',#6514);
#6514 = AXIS2_PLACEMENT_3D('',#6515,#6516,#6517);
#6515 = CARTESIAN_POINT('',(-1.27,-11.684,0.));
#6516 = DIRECTION('',(1.,0.,0.));
#6517 = DIRECTION('',(0.,-1.,0.));
#6518 = ADVANCED_FACE('',(#6519),#6530,.F.);
#6519 = FACE_BOUND('',#6520,.F.);
#6520 = EDGE_LOOP('',(#6521,#6527,#6528,#6529));
#6521 = ORIENTED_EDGE('',*,*,#6522,.T.);
#6522 = EDGE_CURVE('',#4941,#5598,#6523,.T.);
#6523 = LINE('',#6524,#6525);
#6524 = CARTESIAN_POINT('',(1.27,-11.684,0.));
#6525 = VECTOR('',#6526,1.);
#6526 = DIRECTION('',(0.,0.,1.));
#6527 = ORIENTED_EDGE('',*,*,#5605,.T.);
#6528 = ORIENTED_EDGE('',*,*,#6488,.F.);
#6529 = ORIENTED_EDGE('',*,*,#4948,.F.);
#6530 = PLANE('',#6531);
#6531 = AXIS2_PLACEMENT_3D('',#6532,#6533,#6534);
#6532 = CARTESIAN_POINT('',(1.27,-11.684,0.));
#6533 = DIRECTION('',(-0.707106781187,-0.707106781187,0.));
#6534 = DIRECTION('',(-0.707106781187,0.707106781187,0.));
#6535 = ADVANCED_FACE('',(#6536),#6547,.F.);
#6536 = FACE_BOUND('',#6537,.F.);
#6537 = EDGE_LOOP('',(#6538,#6539,#6540,#6546));
#6538 = ORIENTED_EDGE('',*,*,#6507,.T.);
#6539 = ORIENTED_EDGE('',*,*,#5477,.T.);
#6540 = ORIENTED_EDGE('',*,*,#6541,.F.);
#6541 = EDGE_CURVE('',#4821,#5478,#6542,.T.);
#6542 = LINE('',#6543,#6544);
#6543 = CARTESIAN_POINT('',(-1.016,-13.97,0.));
#6544 = VECTOR('',#6545,1.);
#6545 = DIRECTION('',(0.,0.,1.));
#6546 = ORIENTED_EDGE('',*,*,#4820,.F.);
#6547 = PLANE('',#6548);
#6548 = AXIS2_PLACEMENT_3D('',#6549,#6550,#6551);
#6549 = CARTESIAN_POINT('',(-1.27,-13.716,0.));
#6550 = DIRECTION('',(0.707106781187,0.707106781187,0.));
#6551 = DIRECTION('',(0.707106781187,-0.707106781187,0.));
#6552 = ADVANCED_FACE('',(#6553),#6564,.F.);
#6553 = FACE_BOUND('',#6554,.F.);
#6554 = EDGE_LOOP('',(#6555,#6561,#6562,#6563));
#6555 = ORIENTED_EDGE('',*,*,#6556,.T.);
#6556 = EDGE_CURVE('',#4933,#5590,#6557,.T.);
#6557 = LINE('',#6558,#6559);
#6558 = CARTESIAN_POINT('',(1.27,-13.716,0.));
#6559 = VECTOR('',#6560,1.);
#6560 = DIRECTION('',(0.,0.,1.));
#6561 = ORIENTED_EDGE('',*,*,#5597,.T.);
#6562 = ORIENTED_EDGE('',*,*,#6522,.F.);
#6563 = ORIENTED_EDGE('',*,*,#4940,.F.);
#6564 = PLANE('',#6565);
#6565 = AXIS2_PLACEMENT_3D('',#6566,#6567,#6568);
#6566 = CARTESIAN_POINT('',(1.27,-13.716,0.));
#6567 = DIRECTION('',(-1.,0.,0.));
#6568 = DIRECTION('',(0.,1.,0.));
#6569 = ADVANCED_FACE('',(#6570),#6581,.F.);
#6570 = FACE_BOUND('',#6571,.F.);
#6571 = EDGE_LOOP('',(#6572,#6573,#6574,#6580));
#6572 = ORIENTED_EDGE('',*,*,#6541,.T.);
#6573 = ORIENTED_EDGE('',*,*,#5485,.T.);
#6574 = ORIENTED_EDGE('',*,*,#6575,.F.);
#6575 = EDGE_CURVE('',#4829,#5486,#6576,.T.);
#6576 = LINE('',#6577,#6578);
#6577 = CARTESIAN_POINT('',(-1.27,-14.224,0.));
#6578 = VECTOR('',#6579,1.);
#6579 = DIRECTION('',(0.,0.,1.));
#6580 = ORIENTED_EDGE('',*,*,#4828,.F.);
#6581 = PLANE('',#6582);
#6582 = AXIS2_PLACEMENT_3D('',#6583,#6584,#6585);
#6583 = CARTESIAN_POINT('',(-1.016,-13.97,0.));
#6584 = DIRECTION('',(0.707106781187,-0.707106781187,0.));
#6585 = DIRECTION('',(-0.707106781187,-0.707106781187,0.));
#6586 = ADVANCED_FACE('',(#6587),#6598,.F.);
#6587 = FACE_BOUND('',#6588,.F.);
#6588 = EDGE_LOOP('',(#6589,#6595,#6596,#6597));
#6589 = ORIENTED_EDGE('',*,*,#6590,.T.);
#6590 = EDGE_CURVE('',#4925,#5582,#6591,.T.);
#6591 = LINE('',#6592,#6593);
#6592 = CARTESIAN_POINT('',(1.016,-13.97,0.));
#6593 = VECTOR('',#6594,1.);
#6594 = DIRECTION('',(0.,0.,1.));
#6595 = ORIENTED_EDGE('',*,*,#5589,.T.);
#6596 = ORIENTED_EDGE('',*,*,#6556,.F.);
#6597 = ORIENTED_EDGE('',*,*,#4932,.F.);
#6598 = PLANE('',#6599);
#6599 = AXIS2_PLACEMENT_3D('',#6600,#6601,#6602);
#6600 = CARTESIAN_POINT('',(1.016,-13.97,0.));
#6601 = DIRECTION('',(-0.707106781187,0.707106781187,0.));
#6602 = DIRECTION('',(0.707106781187,0.707106781187,0.));
#6603 = ADVANCED_FACE('',(#6604),#6615,.F.);
#6604 = FACE_BOUND('',#6605,.F.);
#6605 = EDGE_LOOP('',(#6606,#6607,#6608,#6614));
#6606 = ORIENTED_EDGE('',*,*,#6575,.T.);
#6607 = ORIENTED_EDGE('',*,*,#5493,.T.);
#6608 = ORIENTED_EDGE('',*,*,#6609,.F.);
#6609 = EDGE_CURVE('',#4837,#5494,#6610,.T.);
#6610 = LINE('',#6611,#6612);
#6611 = CARTESIAN_POINT('',(-1.27,-16.256,0.));
#6612 = VECTOR('',#6613,1.);
#6613 = DIRECTION('',(0.,0.,1.));
#6614 = ORIENTED_EDGE('',*,*,#4836,.F.);
#6615 = PLANE('',#6616);
#6616 = AXIS2_PLACEMENT_3D('',#6617,#6618,#6619);
#6617 = CARTESIAN_POINT('',(-1.27,-14.224,0.));
#6618 = DIRECTION('',(1.,0.,0.));
#6619 = DIRECTION('',(0.,-1.,0.));
#6620 = ADVANCED_FACE('',(#6621),#6632,.F.);
#6621 = FACE_BOUND('',#6622,.F.);
#6622 = EDGE_LOOP('',(#6623,#6629,#6630,#6631));
#6623 = ORIENTED_EDGE('',*,*,#6624,.T.);
#6624 = EDGE_CURVE('',#4917,#5574,#6625,.T.);
#6625 = LINE('',#6626,#6627);
#6626 = CARTESIAN_POINT('',(1.27,-14.224,0.));
#6627 = VECTOR('',#6628,1.);
#6628 = DIRECTION('',(0.,0.,1.));
#6629 = ORIENTED_EDGE('',*,*,#5581,.T.);
#6630 = ORIENTED_EDGE('',*,*,#6590,.F.);
#6631 = ORIENTED_EDGE('',*,*,#4924,.F.);
#6632 = PLANE('',#6633);
#6633 = AXIS2_PLACEMENT_3D('',#6634,#6635,#6636);
#6634 = CARTESIAN_POINT('',(1.27,-14.224,0.));
#6635 = DIRECTION('',(-0.707106781187,-0.707106781187,0.));
#6636 = DIRECTION('',(-0.707106781187,0.707106781187,0.));
#6637 = ADVANCED_FACE('',(#6638),#6649,.F.);
#6638 = FACE_BOUND('',#6639,.F.);
#6639 = EDGE_LOOP('',(#6640,#6641,#6642,#6648));
#6640 = ORIENTED_EDGE('',*,*,#6609,.T.);
#6641 = ORIENTED_EDGE('',*,*,#5501,.T.);
#6642 = ORIENTED_EDGE('',*,*,#6643,.F.);
#6643 = EDGE_CURVE('',#4845,#5502,#6644,.T.);
#6644 = LINE('',#6645,#6646);
#6645 = CARTESIAN_POINT('',(-1.016,-16.51,0.));
#6646 = VECTOR('',#6647,1.);
#6647 = DIRECTION('',(0.,0.,1.));
#6648 = ORIENTED_EDGE('',*,*,#4844,.F.);
#6649 = PLANE('',#6650);
#6650 = AXIS2_PLACEMENT_3D('',#6651,#6652,#6653);
#6651 = CARTESIAN_POINT('',(-1.27,-16.256,0.));
#6652 = DIRECTION('',(0.707106781187,0.707106781187,0.));
#6653 = DIRECTION('',(0.707106781187,-0.707106781187,0.));
#6654 = ADVANCED_FACE('',(#6655),#6666,.F.);
#6655 = FACE_BOUND('',#6656,.F.);
#6656 = EDGE_LOOP('',(#6657,#6663,#6664,#6665));
#6657 = ORIENTED_EDGE('',*,*,#6658,.T.);
#6658 = EDGE_CURVE('',#4909,#5566,#6659,.T.);
#6659 = LINE('',#6660,#6661);
#6660 = CARTESIAN_POINT('',(1.27,-16.256,0.));
#6661 = VECTOR('',#6662,1.);
#6662 = DIRECTION('',(0.,0.,1.));
#6663 = ORIENTED_EDGE('',*,*,#5573,.T.);
#6664 = ORIENTED_EDGE('',*,*,#6624,.F.);
#6665 = ORIENTED_EDGE('',*,*,#4916,.F.);
#6666 = PLANE('',#6667);
#6667 = AXIS2_PLACEMENT_3D('',#6668,#6669,#6670);
#6668 = CARTESIAN_POINT('',(1.27,-16.256,0.));
#6669 = DIRECTION('',(-1.,0.,0.));
#6670 = DIRECTION('',(0.,1.,0.));
#6671 = ADVANCED_FACE('',(#6672),#6683,.F.);
#6672 = FACE_BOUND('',#6673,.F.);
#6673 = EDGE_LOOP('',(#6674,#6675,#6676,#6682));
#6674 = ORIENTED_EDGE('',*,*,#6643,.T.);
#6675 = ORIENTED_EDGE('',*,*,#5509,.T.);
#6676 = ORIENTED_EDGE('',*,*,#6677,.F.);
#6677 = EDGE_CURVE('',#4853,#5510,#6678,.T.);
#6678 = LINE('',#6679,#6680);
#6679 = CARTESIAN_POINT('',(-1.27,-16.764,0.));
#6680 = VECTOR('',#6681,1.);
#6681 = DIRECTION('',(0.,0.,1.));
#6682 = ORIENTED_EDGE('',*,*,#4852,.F.);
#6683 = PLANE('',#6684);
#6684 = AXIS2_PLACEMENT_3D('',#6685,#6686,#6687);
#6685 = CARTESIAN_POINT('',(-1.016,-16.51,0.));
#6686 = DIRECTION('',(0.707106781187,-0.707106781187,0.));
#6687 = DIRECTION('',(-0.707106781187,-0.707106781187,0.));
#6688 = ADVANCED_FACE('',(#6689),#6700,.F.);
#6689 = FACE_BOUND('',#6690,.F.);
#6690 = EDGE_LOOP('',(#6691,#6697,#6698,#6699));
#6691 = ORIENTED_EDGE('',*,*,#6692,.T.);
#6692 = EDGE_CURVE('',#4901,#5558,#6693,.T.);
#6693 = LINE('',#6694,#6695);
#6694 = CARTESIAN_POINT('',(1.016,-16.51,0.));
#6695 = VECTOR('',#6696,1.);
#6696 = DIRECTION('',(0.,0.,1.));
#6697 = ORIENTED_EDGE('',*,*,#5565,.T.);
#6698 = ORIENTED_EDGE('',*,*,#6658,.F.);
#6699 = ORIENTED_EDGE('',*,*,#4908,.F.);
#6700 = PLANE('',#6701);
#6701 = AXIS2_PLACEMENT_3D('',#6702,#6703,#6704);
#6702 = CARTESIAN_POINT('',(1.016,-16.51,0.));
#6703 = DIRECTION('',(-0.707106781187,0.707106781187,0.));
#6704 = DIRECTION('',(0.707106781187,0.707106781187,0.));
#6705 = ADVANCED_FACE('',(#6706),#6717,.F.);
#6706 = FACE_BOUND('',#6707,.F.);
#6707 = EDGE_LOOP('',(#6708,#6709,#6710,#6716));
#6708 = ORIENTED_EDGE('',*,*,#6677,.T.);
#6709 = ORIENTED_EDGE('',*,*,#5517,.T.);
#6710 = ORIENTED_EDGE('',*,*,#6711,.F.);
#6711 = EDGE_CURVE('',#4861,#5518,#6712,.T.);
#6712 = LINE('',#6713,#6714);
#6713 = CARTESIAN_POINT('',(-1.27,-18.796,0.));
#6714 = VECTOR('',#6715,1.);
#6715 = DIRECTION('',(0.,0.,1.));
#6716 = ORIENTED_EDGE('',*,*,#4860,.F.);
#6717 = PLANE('',#6718);
#6718 = AXIS2_PLACEMENT_3D('',#6719,#6720,#6721);
#6719 = CARTESIAN_POINT('',(-1.27,-16.764,0.));
#6720 = DIRECTION('',(1.,0.,0.));
#6721 = DIRECTION('',(0.,-1.,0.));
#6722 = ADVANCED_FACE('',(#6723),#6734,.F.);
#6723 = FACE_BOUND('',#6724,.F.);
#6724 = EDGE_LOOP('',(#6725,#6731,#6732,#6733));
#6725 = ORIENTED_EDGE('',*,*,#6726,.T.);
#6726 = EDGE_CURVE('',#4893,#5550,#6727,.T.);
#6727 = LINE('',#6728,#6729);
#6728 = CARTESIAN_POINT('',(1.27,-16.764,0.));
#6729 = VECTOR('',#6730,1.);
#6730 = DIRECTION('',(0.,0.,1.));
#6731 = ORIENTED_EDGE('',*,*,#5557,.T.);
#6732 = ORIENTED_EDGE('',*,*,#6692,.F.);
#6733 = ORIENTED_EDGE('',*,*,#4900,.F.);
#6734 = PLANE('',#6735);
#6735 = AXIS2_PLACEMENT_3D('',#6736,#6737,#6738);
#6736 = CARTESIAN_POINT('',(1.27,-16.764,0.));
#6737 = DIRECTION('',(-0.707106781187,-0.707106781187,0.));
#6738 = DIRECTION('',(-0.707106781187,0.707106781187,0.));
#6739 = ADVANCED_FACE('',(#6740),#6751,.F.);
#6740 = FACE_BOUND('',#6741,.F.);
#6741 = EDGE_LOOP('',(#6742,#6743,#6744,#6750));
#6742 = ORIENTED_EDGE('',*,*,#6711,.T.);
#6743 = ORIENTED_EDGE('',*,*,#5525,.T.);
#6744 = ORIENTED_EDGE('',*,*,#6745,.F.);
#6745 = EDGE_CURVE('',#4869,#5526,#6746,.T.);
#6746 = LINE('',#6747,#6748);
#6747 = CARTESIAN_POINT('',(-1.016,-19.05,0.));
#6748 = VECTOR('',#6749,1.);
#6749 = DIRECTION('',(0.,0.,1.));
#6750 = ORIENTED_EDGE('',*,*,#4868,.F.);
#6751 = PLANE('',#6752);
#6752 = AXIS2_PLACEMENT_3D('',#6753,#6754,#6755);
#6753 = CARTESIAN_POINT('',(-1.27,-18.796,0.));
#6754 = DIRECTION('',(0.707106781187,0.707106781187,0.));
#6755 = DIRECTION('',(0.707106781187,-0.707106781187,0.));
#6756 = ADVANCED_FACE('',(#6757),#6768,.F.);
#6757 = FACE_BOUND('',#6758,.F.);
#6758 = EDGE_LOOP('',(#6759,#6765,#6766,#6767));
#6759 = ORIENTED_EDGE('',*,*,#6760,.T.);
#6760 = EDGE_CURVE('',#4885,#5542,#6761,.T.);
#6761 = LINE('',#6762,#6763);
#6762 = CARTESIAN_POINT('',(1.27,-18.796,0.));
#6763 = VECTOR('',#6764,1.);
#6764 = DIRECTION('',(0.,0.,1.));
#6765 = ORIENTED_EDGE('',*,*,#5549,.T.);
#6766 = ORIENTED_EDGE('',*,*,#6726,.F.);
#6767 = ORIENTED_EDGE('',*,*,#4892,.F.);
#6768 = PLANE('',#6769);
#6769 = AXIS2_PLACEMENT_3D('',#6770,#6771,#6772);
#6770 = CARTESIAN_POINT('',(1.27,-18.796,0.));
#6771 = DIRECTION('',(-1.,0.,0.));
#6772 = DIRECTION('',(0.,1.,0.));
#6773 = ADVANCED_FACE('',(#6774),#6785,.F.);
#6774 = FACE_BOUND('',#6775,.F.);
#6775 = EDGE_LOOP('',(#6776,#6777,#6778,#6784));
#6776 = ORIENTED_EDGE('',*,*,#6745,.T.);
#6777 = ORIENTED_EDGE('',*,*,#5533,.T.);
#6778 = ORIENTED_EDGE('',*,*,#6779,.F.);
#6779 = EDGE_CURVE('',#4877,#5534,#6780,.T.);
#6780 = LINE('',#6781,#6782);
#6781 = CARTESIAN_POINT('',(1.016,-19.05,0.));
#6782 = VECTOR('',#6783,1.);
#6783 = DIRECTION('',(0.,0.,1.));
#6784 = ORIENTED_EDGE('',*,*,#4876,.F.);
#6785 = PLANE('',#6786);
#6786 = AXIS2_PLACEMENT_3D('',#6787,#6788,#6789);
#6787 = CARTESIAN_POINT('',(-1.016,-19.05,0.));
#6788 = DIRECTION('',(0.,1.,0.));
#6789 = DIRECTION('',(1.,0.,0.));
#6790 = ADVANCED_FACE('',(#6791),#6797,.F.);
#6791 = FACE_BOUND('',#6792,.F.);
#6792 = EDGE_LOOP('',(#6793,#6794,#6795,#6796));
#6793 = ORIENTED_EDGE('',*,*,#6779,.T.);
#6794 = ORIENTED_EDGE('',*,*,#5541,.T.);
#6795 = ORIENTED_EDGE('',*,*,#6760,.F.);
#6796 = ORIENTED_EDGE('',*,*,#4884,.F.);
#6797 = PLANE('',#6798);
#6798 = AXIS2_PLACEMENT_3D('',#6799,#6800,#6801);
#6799 = CARTESIAN_POINT('',(1.016,-19.05,0.));
#6800 = DIRECTION('',(-0.707106781187,0.707106781187,0.));
#6801 = DIRECTION('',(0.707106781187,0.707106781187,0.));
#6802 = ADVANCED_FACE('',(#6803),#6828,.F.);
#6803 = FACE_BOUND('',#6804,.F.);
#6804 = EDGE_LOOP('',(#6805,#6813,#6821,#6827));
#6805 = ORIENTED_EDGE('',*,*,#6806,.F.);
#6806 = EDGE_CURVE('',#6807,#5078,#6809,.T.);
#6807 = VERTEX_POINT('',#6808);
#6808 = CARTESIAN_POINT('',(0.32,-18.1,-2.84));
#6809 = LINE('',#6810,#6811);
#6810 = CARTESIAN_POINT('',(0.32,-18.1,-3.));
#6811 = VECTOR('',#6812,1.);
#6812 = DIRECTION('',(0.,0.,1.));
#6813 = ORIENTED_EDGE('',*,*,#6814,.F.);
#6814 = EDGE_CURVE('',#6815,#6807,#6817,.T.);
#6815 = VERTEX_POINT('',#6816);
#6816 = CARTESIAN_POINT('',(-0.32,-18.1,-2.84));
#6817 = LINE('',#6818,#6819);
#6818 = CARTESIAN_POINT('',(-0.32,-18.1,-2.84));
#6819 = VECTOR('',#6820,1.);
#6820 = DIRECTION('',(1.,0.,0.));
#6821 = ORIENTED_EDGE('',*,*,#6822,.T.);
#6822 = EDGE_CURVE('',#6815,#5080,#6823,.T.);
#6823 = LINE('',#6824,#6825);
#6824 = CARTESIAN_POINT('',(-0.32,-18.1,-3.));
#6825 = VECTOR('',#6826,1.);
#6826 = DIRECTION('',(0.,0.,1.));
#6827 = ORIENTED_EDGE('',*,*,#5077,.F.);
#6828 = PLANE('',#6829);
#6829 = AXIS2_PLACEMENT_3D('',#6830,#6831,#6832);
#6830 = CARTESIAN_POINT('',(-0.32,-18.1,-3.));
#6831 = DIRECTION('',(0.,1.,0.));
#6832 = DIRECTION('',(0.,-0.,1.));
#6833 = ADVANCED_FACE('',(#6834),#6852,.T.);
#6834 = FACE_BOUND('',#6835,.T.);
#6835 = EDGE_LOOP('',(#6836,#6837,#6845,#6851));
#6836 = ORIENTED_EDGE('',*,*,#6806,.F.);
#6837 = ORIENTED_EDGE('',*,*,#6838,.T.);
#6838 = EDGE_CURVE('',#6807,#6839,#6841,.T.);
#6839 = VERTEX_POINT('',#6840);
#6840 = CARTESIAN_POINT('',(0.32,-17.46,-2.84));
#6841 = LINE('',#6842,#6843);
#6842 = CARTESIAN_POINT('',(0.32,-18.1,-2.84));
#6843 = VECTOR('',#6844,1.);
#6844 = DIRECTION('',(0.,1.,0.));
#6845 = ORIENTED_EDGE('',*,*,#6846,.T.);
#6846 = EDGE_CURVE('',#6839,#5096,#6847,.T.);
#6847 = LINE('',#6848,#6849);
#6848 = CARTESIAN_POINT('',(0.32,-17.46,-3.));
#6849 = VECTOR('',#6850,1.);
#6850 = DIRECTION('',(0.,0.,1.));
#6851 = ORIENTED_EDGE('',*,*,#5103,.F.);
#6852 = PLANE('',#6853);
#6853 = AXIS2_PLACEMENT_3D('',#6854,#6855,#6856);
#6854 = CARTESIAN_POINT('',(0.32,-18.1,-3.));
#6855 = DIRECTION('',(1.,0.,0.));
#6856 = DIRECTION('',(0.,0.,1.));
#6857 = ADVANCED_FACE('',(#6858),#6876,.T.);
#6858 = FACE_BOUND('',#6859,.T.);
#6859 = EDGE_LOOP('',(#6860,#6861,#6869,#6875));
#6860 = ORIENTED_EDGE('',*,*,#6846,.F.);
#6861 = ORIENTED_EDGE('',*,*,#6862,.F.);
#6862 = EDGE_CURVE('',#6863,#6839,#6865,.T.);
#6863 = VERTEX_POINT('',#6864);
#6864 = CARTESIAN_POINT('',(-0.32,-17.46,-2.84));
#6865 = LINE('',#6866,#6867);
#6866 = CARTESIAN_POINT('',(-0.32,-17.46,-2.84));
#6867 = VECTOR('',#6868,1.);
#6868 = DIRECTION('',(1.,0.,0.));
#6869 = ORIENTED_EDGE('',*,*,#6870,.T.);
#6870 = EDGE_CURVE('',#6863,#5088,#6871,.T.);
#6871 = LINE('',#6872,#6873);
#6872 = CARTESIAN_POINT('',(-0.32,-17.46,-3.));
#6873 = VECTOR('',#6874,1.);
#6874 = DIRECTION('',(0.,0.,1.));
#6875 = ORIENTED_EDGE('',*,*,#5095,.F.);
#6876 = PLANE('',#6877);
#6877 = AXIS2_PLACEMENT_3D('',#6878,#6879,#6880);
#6878 = CARTESIAN_POINT('',(-0.32,-17.46,-3.));
#6879 = DIRECTION('',(0.,1.,0.));
#6880 = DIRECTION('',(0.,-0.,1.));
#6881 = ADVANCED_FACE('',(#6882),#6893,.F.);
#6882 = FACE_BOUND('',#6883,.F.);
#6883 = EDGE_LOOP('',(#6884,#6885,#6891,#6892));
#6884 = ORIENTED_EDGE('',*,*,#6822,.F.);
#6885 = ORIENTED_EDGE('',*,*,#6886,.T.);
#6886 = EDGE_CURVE('',#6815,#6863,#6887,.T.);
#6887 = LINE('',#6888,#6889);
#6888 = CARTESIAN_POINT('',(-0.32,-18.1,-2.84));
#6889 = VECTOR('',#6890,1.);
#6890 = DIRECTION('',(0.,1.,0.));
#6891 = ORIENTED_EDGE('',*,*,#6870,.T.);
#6892 = ORIENTED_EDGE('',*,*,#5087,.F.);
#6893 = PLANE('',#6894);
#6894 = AXIS2_PLACEMENT_3D('',#6895,#6896,#6897);
#6895 = CARTESIAN_POINT('',(-0.32,-18.1,-3.));
#6896 = DIRECTION('',(1.,0.,0.));
#6897 = DIRECTION('',(0.,0.,1.));
#6898 = ADVANCED_FACE('',(#6899),#6924,.T.);
#6899 = FACE_BOUND('',#6900,.T.);
#6900 = EDGE_LOOP('',(#6901,#6909,#6917,#6923));
#6901 = ORIENTED_EDGE('',*,*,#6902,.F.);
#6902 = EDGE_CURVE('',#6903,#5112,#6905,.T.);
#6903 = VERTEX_POINT('',#6904);
#6904 = CARTESIAN_POINT('',(0.32,-14.92,-2.84));
#6905 = LINE('',#6906,#6907);
#6906 = CARTESIAN_POINT('',(0.32,-14.92,-3.));
#6907 = VECTOR('',#6908,1.);
#6908 = DIRECTION('',(0.,0.,1.));
#6909 = ORIENTED_EDGE('',*,*,#6910,.F.);
#6910 = EDGE_CURVE('',#6911,#6903,#6913,.T.);
#6911 = VERTEX_POINT('',#6912);
#6912 = CARTESIAN_POINT('',(-0.32,-14.92,-2.84));
#6913 = LINE('',#6914,#6915);
#6914 = CARTESIAN_POINT('',(-0.32,-14.92,-2.84));
#6915 = VECTOR('',#6916,1.);
#6916 = DIRECTION('',(1.,0.,0.));
#6917 = ORIENTED_EDGE('',*,*,#6918,.T.);
#6918 = EDGE_CURVE('',#6911,#5114,#6919,.T.);
#6919 = LINE('',#6920,#6921);
#6920 = CARTESIAN_POINT('',(-0.32,-14.92,-3.));
#6921 = VECTOR('',#6922,1.);
#6922 = DIRECTION('',(0.,0.,1.));
#6923 = ORIENTED_EDGE('',*,*,#5111,.F.);
#6924 = PLANE('',#6925);
#6925 = AXIS2_PLACEMENT_3D('',#6926,#6927,#6928);
#6926 = CARTESIAN_POINT('',(-0.32,-14.92,-3.));
#6927 = DIRECTION('',(0.,1.,0.));
#6928 = DIRECTION('',(0.,-0.,1.));
#6929 = ADVANCED_FACE('',(#6930),#6948,.F.);
#6930 = FACE_BOUND('',#6931,.F.);
#6931 = EDGE_LOOP('',(#6932,#6940,#6946,#6947));
#6932 = ORIENTED_EDGE('',*,*,#6933,.F.);
#6933 = EDGE_CURVE('',#6934,#5130,#6936,.T.);
#6934 = VERTEX_POINT('',#6935);
#6935 = CARTESIAN_POINT('',(-0.32,-15.56,-2.84));
#6936 = LINE('',#6937,#6938);
#6937 = CARTESIAN_POINT('',(-0.32,-15.56,-3.));
#6938 = VECTOR('',#6939,1.);
#6939 = DIRECTION('',(0.,0.,1.));
#6940 = ORIENTED_EDGE('',*,*,#6941,.T.);
#6941 = EDGE_CURVE('',#6934,#6911,#6942,.T.);
#6942 = LINE('',#6943,#6944);
#6943 = CARTESIAN_POINT('',(-0.32,-15.56,-2.84));
#6944 = VECTOR('',#6945,1.);
#6945 = DIRECTION('',(0.,1.,0.));
#6946 = ORIENTED_EDGE('',*,*,#6918,.T.);
#6947 = ORIENTED_EDGE('',*,*,#5137,.F.);
#6948 = PLANE('',#6949);
#6949 = AXIS2_PLACEMENT_3D('',#6950,#6951,#6952);
#6950 = CARTESIAN_POINT('',(-0.32,-15.56,-3.));
#6951 = DIRECTION('',(1.,0.,0.));
#6952 = DIRECTION('',(0.,0.,1.));
#6953 = ADVANCED_FACE('',(#6954),#6972,.F.);
#6954 = FACE_BOUND('',#6955,.F.);
#6955 = EDGE_LOOP('',(#6956,#6964,#6970,#6971));
#6956 = ORIENTED_EDGE('',*,*,#6957,.F.);
#6957 = EDGE_CURVE('',#6958,#5122,#6960,.T.);
#6958 = VERTEX_POINT('',#6959);
#6959 = CARTESIAN_POINT('',(0.32,-15.56,-2.84));
#6960 = LINE('',#6961,#6962);
#6961 = CARTESIAN_POINT('',(0.32,-15.56,-3.));
#6962 = VECTOR('',#6963,1.);
#6963 = DIRECTION('',(0.,0.,1.));
#6964 = ORIENTED_EDGE('',*,*,#6965,.F.);
#6965 = EDGE_CURVE('',#6934,#6958,#6966,.T.);
#6966 = LINE('',#6967,#6968);
#6967 = CARTESIAN_POINT('',(-0.32,-15.56,-2.84));
#6968 = VECTOR('',#6969,1.);
#6969 = DIRECTION('',(1.,0.,0.));
#6970 = ORIENTED_EDGE('',*,*,#6933,.T.);
#6971 = ORIENTED_EDGE('',*,*,#5129,.F.);
#6972 = PLANE('',#6973);
#6973 = AXIS2_PLACEMENT_3D('',#6974,#6975,#6976);
#6974 = CARTESIAN_POINT('',(-0.32,-15.56,-3.));
#6975 = DIRECTION('',(0.,1.,0.));
#6976 = DIRECTION('',(0.,-0.,1.));
#6977 = ADVANCED_FACE('',(#6978),#6989,.T.);
#6978 = FACE_BOUND('',#6979,.T.);
#6979 = EDGE_LOOP('',(#6980,#6981,#6987,#6988));
#6980 = ORIENTED_EDGE('',*,*,#6957,.F.);
#6981 = ORIENTED_EDGE('',*,*,#6982,.T.);
#6982 = EDGE_CURVE('',#6958,#6903,#6983,.T.);
#6983 = LINE('',#6984,#6985);
#6984 = CARTESIAN_POINT('',(0.32,-15.56,-2.84));
#6985 = VECTOR('',#6986,1.);
#6986 = DIRECTION('',(0.,1.,0.));
#6987 = ORIENTED_EDGE('',*,*,#6902,.T.);
#6988 = ORIENTED_EDGE('',*,*,#5121,.F.);
#6989 = PLANE('',#6990);
#6990 = AXIS2_PLACEMENT_3D('',#6991,#6992,#6993);
#6991 = CARTESIAN_POINT('',(0.32,-15.56,-3.));
#6992 = DIRECTION('',(1.,0.,0.));
#6993 = DIRECTION('',(0.,0.,1.));
#6994 = ADVANCED_FACE('',(#6995),#7020,.T.);
#6995 = FACE_BOUND('',#6996,.T.);
#6996 = EDGE_LOOP('',(#6997,#7005,#7013,#7019));
#6997 = ORIENTED_EDGE('',*,*,#6998,.F.);
#6998 = EDGE_CURVE('',#6999,#5146,#7001,.T.);
#6999 = VERTEX_POINT('',#7000);
#7000 = CARTESIAN_POINT('',(0.32,-7.94,-2.84));
#7001 = LINE('',#7002,#7003);
#7002 = CARTESIAN_POINT('',(0.32,-7.94,-3.));
#7003 = VECTOR('',#7004,1.);
#7004 = DIRECTION('',(0.,0.,1.));
#7005 = ORIENTED_EDGE('',*,*,#7006,.T.);
#7006 = EDGE_CURVE('',#6999,#7007,#7009,.T.);
#7007 = VERTEX_POINT('',#7008);
#7008 = CARTESIAN_POINT('',(0.32,-7.3,-2.84));
#7009 = LINE('',#7010,#7011);
#7010 = CARTESIAN_POINT('',(0.32,-7.94,-2.84));
#7011 = VECTOR('',#7012,1.);
#7012 = DIRECTION('',(0.,1.,0.));
#7013 = ORIENTED_EDGE('',*,*,#7014,.T.);
#7014 = EDGE_CURVE('',#7007,#5148,#7015,.T.);
#7015 = LINE('',#7016,#7017);
#7016 = CARTESIAN_POINT('',(0.32,-7.3,-3.));
#7017 = VECTOR('',#7018,1.);
#7018 = DIRECTION('',(0.,0.,1.));
#7019 = ORIENTED_EDGE('',*,*,#5145,.F.);
#7020 = PLANE('',#7021);
#7021 = AXIS2_PLACEMENT_3D('',#7022,#7023,#7024);
#7022 = CARTESIAN_POINT('',(0.32,-7.94,-3.));
#7023 = DIRECTION('',(1.,0.,0.));
#7024 = DIRECTION('',(0.,0.,1.));
#7025 = ADVANCED_FACE('',(#7026),#7044,.T.);
#7026 = FACE_BOUND('',#7027,.T.);
#7027 = EDGE_LOOP('',(#7028,#7029,#7037,#7043));
#7028 = ORIENTED_EDGE('',*,*,#7014,.F.);
#7029 = ORIENTED_EDGE('',*,*,#7030,.F.);
#7030 = EDGE_CURVE('',#7031,#7007,#7033,.T.);
#7031 = VERTEX_POINT('',#7032);
#7032 = CARTESIAN_POINT('',(-0.32,-7.3,-2.84));
#7033 = LINE('',#7034,#7035);
#7034 = CARTESIAN_POINT('',(-0.32,-7.3,-2.84));
#7035 = VECTOR('',#7036,1.);
#7036 = DIRECTION('',(1.,0.,0.));
#7037 = ORIENTED_EDGE('',*,*,#7038,.T.);
#7038 = EDGE_CURVE('',#7031,#5164,#7039,.T.);
#7039 = LINE('',#7040,#7041);
#7040 = CARTESIAN_POINT('',(-0.32,-7.3,-3.));
#7041 = VECTOR('',#7042,1.);
#7042 = DIRECTION('',(0.,0.,1.));
#7043 = ORIENTED_EDGE('',*,*,#5171,.F.);
#7044 = PLANE('',#7045);
#7045 = AXIS2_PLACEMENT_3D('',#7046,#7047,#7048);
#7046 = CARTESIAN_POINT('',(-0.32,-7.3,-3.));
#7047 = DIRECTION('',(0.,1.,0.));
#7048 = DIRECTION('',(0.,-0.,1.));
#7049 = ADVANCED_FACE('',(#7050),#7068,.F.);
#7050 = FACE_BOUND('',#7051,.F.);
#7051 = EDGE_LOOP('',(#7052,#7060,#7066,#7067));
#7052 = ORIENTED_EDGE('',*,*,#7053,.F.);
#7053 = EDGE_CURVE('',#7054,#5156,#7056,.T.);
#7054 = VERTEX_POINT('',#7055);
#7055 = CARTESIAN_POINT('',(-0.32,-7.94,-2.84));
#7056 = LINE('',#7057,#7058);
#7057 = CARTESIAN_POINT('',(-0.32,-7.94,-3.));
#7058 = VECTOR('',#7059,1.);
#7059 = DIRECTION('',(0.,0.,1.));
#7060 = ORIENTED_EDGE('',*,*,#7061,.T.);
#7061 = EDGE_CURVE('',#7054,#7031,#7062,.T.);
#7062 = LINE('',#7063,#7064);
#7063 = CARTESIAN_POINT('',(-0.32,-7.94,-2.84));
#7064 = VECTOR('',#7065,1.);
#7065 = DIRECTION('',(0.,1.,0.));
#7066 = ORIENTED_EDGE('',*,*,#7038,.T.);
#7067 = ORIENTED_EDGE('',*,*,#5163,.F.);
#7068 = PLANE('',#7069);
#7069 = AXIS2_PLACEMENT_3D('',#7070,#7071,#7072);
#7070 = CARTESIAN_POINT('',(-0.32,-7.94,-3.));
#7071 = DIRECTION('',(1.,0.,0.));
#7072 = DIRECTION('',(0.,0.,1.));
#7073 = ADVANCED_FACE('',(#7074),#7085,.F.);
#7074 = FACE_BOUND('',#7075,.F.);
#7075 = EDGE_LOOP('',(#7076,#7077,#7083,#7084));
#7076 = ORIENTED_EDGE('',*,*,#6998,.F.);
#7077 = ORIENTED_EDGE('',*,*,#7078,.F.);
#7078 = EDGE_CURVE('',#7054,#6999,#7079,.T.);
#7079 = LINE('',#7080,#7081);
#7080 = CARTESIAN_POINT('',(-0.32,-7.94,-2.84));
#7081 = VECTOR('',#7082,1.);
#7082 = DIRECTION('',(1.,0.,0.));
#7083 = ORIENTED_EDGE('',*,*,#7053,.T.);
#7084 = ORIENTED_EDGE('',*,*,#5155,.F.);
#7085 = PLANE('',#7086);
#7086 = AXIS2_PLACEMENT_3D('',#7087,#7088,#7089);
#7087 = CARTESIAN_POINT('',(-0.32,-7.94,-3.));
#7088 = DIRECTION('',(0.,1.,0.));
#7089 = DIRECTION('',(0.,-0.,1.));
#7090 = ADVANCED_FACE('',(#7091),#7116,.T.);
#7091 = FACE_BOUND('',#7092,.T.);
#7092 = EDGE_LOOP('',(#7093,#7101,#7109,#7115));
#7093 = ORIENTED_EDGE('',*,*,#7094,.F.);
#7094 = EDGE_CURVE('',#7095,#5180,#7097,.T.);
#7095 = VERTEX_POINT('',#7096);
#7096 = CARTESIAN_POINT('',(0.32,-12.38,-2.84));
#7097 = LINE('',#7098,#7099);
#7098 = CARTESIAN_POINT('',(0.32,-12.38,-3.));
#7099 = VECTOR('',#7100,1.);
#7100 = DIRECTION('',(0.,0.,1.));
#7101 = ORIENTED_EDGE('',*,*,#7102,.F.);
#7102 = EDGE_CURVE('',#7103,#7095,#7105,.T.);
#7103 = VERTEX_POINT('',#7104);
#7104 = CARTESIAN_POINT('',(-0.32,-12.38,-2.84));
#7105 = LINE('',#7106,#7107);
#7106 = CARTESIAN_POINT('',(-0.32,-12.38,-2.84));
#7107 = VECTOR('',#7108,1.);
#7108 = DIRECTION('',(1.,0.,0.));
#7109 = ORIENTED_EDGE('',*,*,#7110,.T.);
#7110 = EDGE_CURVE('',#7103,#5182,#7111,.T.);
#7111 = LINE('',#7112,#7113);
#7112 = CARTESIAN_POINT('',(-0.32,-12.38,-3.));
#7113 = VECTOR('',#7114,1.);
#7114 = DIRECTION('',(0.,0.,1.));
#7115 = ORIENTED_EDGE('',*,*,#5179,.F.);
#7116 = PLANE('',#7117);
#7117 = AXIS2_PLACEMENT_3D('',#7118,#7119,#7120);
#7118 = CARTESIAN_POINT('',(-0.32,-12.38,-3.));
#7119 = DIRECTION('',(0.,1.,0.));
#7120 = DIRECTION('',(0.,-0.,1.));
#7121 = ADVANCED_FACE('',(#7122),#7140,.F.);
#7122 = FACE_BOUND('',#7123,.F.);
#7123 = EDGE_LOOP('',(#7124,#7132,#7138,#7139));
#7124 = ORIENTED_EDGE('',*,*,#7125,.F.);
#7125 = EDGE_CURVE('',#7126,#5198,#7128,.T.);
#7126 = VERTEX_POINT('',#7127);
#7127 = CARTESIAN_POINT('',(-0.32,-13.02,-2.84));
#7128 = LINE('',#7129,#7130);
#7129 = CARTESIAN_POINT('',(-0.32,-13.02,-3.));
#7130 = VECTOR('',#7131,1.);
#7131 = DIRECTION('',(0.,0.,1.));
#7132 = ORIENTED_EDGE('',*,*,#7133,.T.);
#7133 = EDGE_CURVE('',#7126,#7103,#7134,.T.);
#7134 = LINE('',#7135,#7136);
#7135 = CARTESIAN_POINT('',(-0.32,-13.02,-2.84));
#7136 = VECTOR('',#7137,1.);
#7137 = DIRECTION('',(0.,1.,0.));
#7138 = ORIENTED_EDGE('',*,*,#7110,.T.);
#7139 = ORIENTED_EDGE('',*,*,#5205,.F.);
#7140 = PLANE('',#7141);
#7141 = AXIS2_PLACEMENT_3D('',#7142,#7143,#7144);
#7142 = CARTESIAN_POINT('',(-0.32,-13.02,-3.));
#7143 = DIRECTION('',(1.,0.,0.));
#7144 = DIRECTION('',(0.,0.,1.));
#7145 = ADVANCED_FACE('',(#7146),#7164,.F.);
#7146 = FACE_BOUND('',#7147,.F.);
#7147 = EDGE_LOOP('',(#7148,#7156,#7162,#7163));
#7148 = ORIENTED_EDGE('',*,*,#7149,.F.);
#7149 = EDGE_CURVE('',#7150,#5190,#7152,.T.);
#7150 = VERTEX_POINT('',#7151);
#7151 = CARTESIAN_POINT('',(0.32,-13.02,-2.84));
#7152 = LINE('',#7153,#7154);
#7153 = CARTESIAN_POINT('',(0.32,-13.02,-3.));
#7154 = VECTOR('',#7155,1.);
#7155 = DIRECTION('',(0.,0.,1.));
#7156 = ORIENTED_EDGE('',*,*,#7157,.F.);
#7157 = EDGE_CURVE('',#7126,#7150,#7158,.T.);
#7158 = LINE('',#7159,#7160);
#7159 = CARTESIAN_POINT('',(-0.32,-13.02,-2.84));
#7160 = VECTOR('',#7161,1.);
#7161 = DIRECTION('',(1.,0.,0.));
#7162 = ORIENTED_EDGE('',*,*,#7125,.T.);
#7163 = ORIENTED_EDGE('',*,*,#5197,.F.);
#7164 = PLANE('',#7165);
#7165 = AXIS2_PLACEMENT_3D('',#7166,#7167,#7168);
#7166 = CARTESIAN_POINT('',(-0.32,-13.02,-3.));
#7167 = DIRECTION('',(0.,1.,0.));
#7168 = DIRECTION('',(0.,-0.,1.));
#7169 = ADVANCED_FACE('',(#7170),#7181,.T.);
#7170 = FACE_BOUND('',#7171,.T.);
#7171 = EDGE_LOOP('',(#7172,#7173,#7179,#7180));
#7172 = ORIENTED_EDGE('',*,*,#7149,.F.);
#7173 = ORIENTED_EDGE('',*,*,#7174,.T.);
#7174 = EDGE_CURVE('',#7150,#7095,#7175,.T.);
#7175 = LINE('',#7176,#7177);
#7176 = CARTESIAN_POINT('',(0.32,-13.02,-2.84));
#7177 = VECTOR('',#7178,1.);
#7178 = DIRECTION('',(0.,1.,0.));
#7179 = ORIENTED_EDGE('',*,*,#7094,.T.);
#7180 = ORIENTED_EDGE('',*,*,#5189,.F.);
#7181 = PLANE('',#7182);
#7182 = AXIS2_PLACEMENT_3D('',#7183,#7184,#7185);
#7183 = CARTESIAN_POINT('',(0.32,-13.02,-3.));
#7184 = DIRECTION('',(1.,0.,0.));
#7185 = DIRECTION('',(0.,0.,1.));
#7186 = ADVANCED_FACE('',(#7187),#7212,.T.);
#7187 = FACE_BOUND('',#7188,.T.);
#7188 = EDGE_LOOP('',(#7189,#7197,#7205,#7211));
#7189 = ORIENTED_EDGE('',*,*,#7190,.F.);
#7190 = EDGE_CURVE('',#7191,#5214,#7193,.T.);
#7191 = VERTEX_POINT('',#7192);
#7192 = CARTESIAN_POINT('',(0.32,-10.48,-2.84));
#7193 = LINE('',#7194,#7195);
#7194 = CARTESIAN_POINT('',(0.32,-10.48,-3.));
#7195 = VECTOR('',#7196,1.);
#7196 = DIRECTION('',(0.,0.,1.));
#7197 = ORIENTED_EDGE('',*,*,#7198,.T.);
#7198 = EDGE_CURVE('',#7191,#7199,#7201,.T.);
#7199 = VERTEX_POINT('',#7200);
#7200 = CARTESIAN_POINT('',(0.32,-9.84,-2.84));
#7201 = LINE('',#7202,#7203);
#7202 = CARTESIAN_POINT('',(0.32,-10.48,-2.84));
#7203 = VECTOR('',#7204,1.);
#7204 = DIRECTION('',(0.,1.,0.));
#7205 = ORIENTED_EDGE('',*,*,#7206,.T.);
#7206 = EDGE_CURVE('',#7199,#5216,#7207,.T.);
#7207 = LINE('',#7208,#7209);
#7208 = CARTESIAN_POINT('',(0.32,-9.84,-3.));
#7209 = VECTOR('',#7210,1.);
#7210 = DIRECTION('',(0.,0.,1.));
#7211 = ORIENTED_EDGE('',*,*,#5213,.F.);
#7212 = PLANE('',#7213);
#7213 = AXIS2_PLACEMENT_3D('',#7214,#7215,#7216);
#7214 = CARTESIAN_POINT('',(0.32,-10.48,-3.));
#7215 = DIRECTION('',(1.,0.,0.));
#7216 = DIRECTION('',(0.,0.,1.));
#7217 = ADVANCED_FACE('',(#7218),#7236,.T.);
#7218 = FACE_BOUND('',#7219,.T.);
#7219 = EDGE_LOOP('',(#7220,#7221,#7229,#7235));
#7220 = ORIENTED_EDGE('',*,*,#7206,.F.);
#7221 = ORIENTED_EDGE('',*,*,#7222,.F.);
#7222 = EDGE_CURVE('',#7223,#7199,#7225,.T.);
#7223 = VERTEX_POINT('',#7224);
#7224 = CARTESIAN_POINT('',(-0.32,-9.84,-2.84));
#7225 = LINE('',#7226,#7227);
#7226 = CARTESIAN_POINT('',(-0.32,-9.84,-2.84));
#7227 = VECTOR('',#7228,1.);
#7228 = DIRECTION('',(1.,0.,0.));
#7229 = ORIENTED_EDGE('',*,*,#7230,.T.);
#7230 = EDGE_CURVE('',#7223,#5232,#7231,.T.);
#7231 = LINE('',#7232,#7233);
#7232 = CARTESIAN_POINT('',(-0.32,-9.84,-3.));
#7233 = VECTOR('',#7234,1.);
#7234 = DIRECTION('',(0.,0.,1.));
#7235 = ORIENTED_EDGE('',*,*,#5239,.F.);
#7236 = PLANE('',#7237);
#7237 = AXIS2_PLACEMENT_3D('',#7238,#7239,#7240);
#7238 = CARTESIAN_POINT('',(-0.32,-9.84,-3.));
#7239 = DIRECTION('',(0.,1.,0.));
#7240 = DIRECTION('',(0.,-0.,1.));
#7241 = ADVANCED_FACE('',(#7242),#7260,.F.);
#7242 = FACE_BOUND('',#7243,.F.);
#7243 = EDGE_LOOP('',(#7244,#7252,#7258,#7259));
#7244 = ORIENTED_EDGE('',*,*,#7245,.F.);
#7245 = EDGE_CURVE('',#7246,#5224,#7248,.T.);
#7246 = VERTEX_POINT('',#7247);
#7247 = CARTESIAN_POINT('',(-0.32,-10.48,-2.84));
#7248 = LINE('',#7249,#7250);
#7249 = CARTESIAN_POINT('',(-0.32,-10.48,-3.));
#7250 = VECTOR('',#7251,1.);
#7251 = DIRECTION('',(0.,0.,1.));
#7252 = ORIENTED_EDGE('',*,*,#7253,.T.);
#7253 = EDGE_CURVE('',#7246,#7223,#7254,.T.);
#7254 = LINE('',#7255,#7256);
#7255 = CARTESIAN_POINT('',(-0.32,-10.48,-2.84));
#7256 = VECTOR('',#7257,1.);
#7257 = DIRECTION('',(0.,1.,0.));
#7258 = ORIENTED_EDGE('',*,*,#7230,.T.);
#7259 = ORIENTED_EDGE('',*,*,#5231,.F.);
#7260 = PLANE('',#7261);
#7261 = AXIS2_PLACEMENT_3D('',#7262,#7263,#7264);
#7262 = CARTESIAN_POINT('',(-0.32,-10.48,-3.));
#7263 = DIRECTION('',(1.,0.,0.));
#7264 = DIRECTION('',(0.,0.,1.));
#7265 = ADVANCED_FACE('',(#7266),#7277,.F.);
#7266 = FACE_BOUND('',#7267,.F.);
#7267 = EDGE_LOOP('',(#7268,#7269,#7275,#7276));
#7268 = ORIENTED_EDGE('',*,*,#7190,.F.);
#7269 = ORIENTED_EDGE('',*,*,#7270,.F.);
#7270 = EDGE_CURVE('',#7246,#7191,#7271,.T.);
#7271 = LINE('',#7272,#7273);
#7272 = CARTESIAN_POINT('',(-0.32,-10.48,-2.84));
#7273 = VECTOR('',#7274,1.);
#7274 = DIRECTION('',(1.,0.,0.));
#7275 = ORIENTED_EDGE('',*,*,#7245,.T.);
#7276 = ORIENTED_EDGE('',*,*,#5223,.F.);
#7277 = PLANE('',#7278);
#7278 = AXIS2_PLACEMENT_3D('',#7279,#7280,#7281);
#7279 = CARTESIAN_POINT('',(-0.32,-10.48,-3.));
#7280 = DIRECTION('',(0.,1.,0.));
#7281 = DIRECTION('',(0.,-0.,1.));
#7282 = ADVANCED_FACE('',(#7283),#7308,.T.);
#7283 = FACE_BOUND('',#7284,.T.);
#7284 = EDGE_LOOP('',(#7285,#7293,#7301,#7307));
#7285 = ORIENTED_EDGE('',*,*,#7286,.F.);
#7286 = EDGE_CURVE('',#7287,#5248,#7289,.T.);
#7287 = VERTEX_POINT('',#7288);
#7288 = CARTESIAN_POINT('',(0.32,-2.22,-2.84));
#7289 = LINE('',#7290,#7291);
#7290 = CARTESIAN_POINT('',(0.32,-2.22,-3.));
#7291 = VECTOR('',#7292,1.);
#7292 = DIRECTION('',(0.,0.,1.));
#7293 = ORIENTED_EDGE('',*,*,#7294,.F.);
#7294 = EDGE_CURVE('',#7295,#7287,#7297,.T.);
#7295 = VERTEX_POINT('',#7296);
#7296 = CARTESIAN_POINT('',(-0.32,-2.22,-2.84));
#7297 = LINE('',#7298,#7299);
#7298 = CARTESIAN_POINT('',(-0.32,-2.22,-2.84));
#7299 = VECTOR('',#7300,1.);
#7300 = DIRECTION('',(1.,0.,0.));
#7301 = ORIENTED_EDGE('',*,*,#7302,.T.);
#7302 = EDGE_CURVE('',#7295,#5250,#7303,.T.);
#7303 = LINE('',#7304,#7305);
#7304 = CARTESIAN_POINT('',(-0.32,-2.22,-3.));
#7305 = VECTOR('',#7306,1.);
#7306 = DIRECTION('',(0.,0.,1.));
#7307 = ORIENTED_EDGE('',*,*,#5247,.F.);
#7308 = PLANE('',#7309);
#7309 = AXIS2_PLACEMENT_3D('',#7310,#7311,#7312);
#7310 = CARTESIAN_POINT('',(-0.32,-2.22,-3.));
#7311 = DIRECTION('',(0.,1.,0.));
#7312 = DIRECTION('',(0.,-0.,1.));
#7313 = ADVANCED_FACE('',(#7314),#7332,.F.);
#7314 = FACE_BOUND('',#7315,.F.);
#7315 = EDGE_LOOP('',(#7316,#7324,#7330,#7331));
#7316 = ORIENTED_EDGE('',*,*,#7317,.F.);
#7317 = EDGE_CURVE('',#7318,#5266,#7320,.T.);
#7318 = VERTEX_POINT('',#7319);
#7319 = CARTESIAN_POINT('',(-0.32,-2.86,-2.84));
#7320 = LINE('',#7321,#7322);
#7321 = CARTESIAN_POINT('',(-0.32,-2.86,-3.));
#7322 = VECTOR('',#7323,1.);
#7323 = DIRECTION('',(0.,0.,1.));
#7324 = ORIENTED_EDGE('',*,*,#7325,.T.);
#7325 = EDGE_CURVE('',#7318,#7295,#7326,.T.);
#7326 = LINE('',#7327,#7328);
#7327 = CARTESIAN_POINT('',(-0.32,-2.86,-2.84));
#7328 = VECTOR('',#7329,1.);
#7329 = DIRECTION('',(0.,1.,0.));
#7330 = ORIENTED_EDGE('',*,*,#7302,.T.);
#7331 = ORIENTED_EDGE('',*,*,#5273,.F.);
#7332 = PLANE('',#7333);
#7333 = AXIS2_PLACEMENT_3D('',#7334,#7335,#7336);
#7334 = CARTESIAN_POINT('',(-0.32,-2.86,-3.));
#7335 = DIRECTION('',(1.,0.,0.));
#7336 = DIRECTION('',(0.,0.,1.));
#7337 = ADVANCED_FACE('',(#7338),#7356,.F.);
#7338 = FACE_BOUND('',#7339,.F.);
#7339 = EDGE_LOOP('',(#7340,#7348,#7354,#7355));
#7340 = ORIENTED_EDGE('',*,*,#7341,.F.);
#7341 = EDGE_CURVE('',#7342,#5258,#7344,.T.);
#7342 = VERTEX_POINT('',#7343);
#7343 = CARTESIAN_POINT('',(0.32,-2.86,-2.84));
#7344 = LINE('',#7345,#7346);
#7345 = CARTESIAN_POINT('',(0.32,-2.86,-3.));
#7346 = VECTOR('',#7347,1.);
#7347 = DIRECTION('',(0.,0.,1.));
#7348 = ORIENTED_EDGE('',*,*,#7349,.F.);
#7349 = EDGE_CURVE('',#7318,#7342,#7350,.T.);
#7350 = LINE('',#7351,#7352);
#7351 = CARTESIAN_POINT('',(-0.32,-2.86,-2.84));
#7352 = VECTOR('',#7353,1.);
#7353 = DIRECTION('',(1.,0.,0.));
#7354 = ORIENTED_EDGE('',*,*,#7317,.T.);
#7355 = ORIENTED_EDGE('',*,*,#5265,.F.);
#7356 = PLANE('',#7357);
#7357 = AXIS2_PLACEMENT_3D('',#7358,#7359,#7360);
#7358 = CARTESIAN_POINT('',(-0.32,-2.86,-3.));
#7359 = DIRECTION('',(0.,1.,0.));
#7360 = DIRECTION('',(0.,-0.,1.));
#7361 = ADVANCED_FACE('',(#7362),#7373,.T.);
#7362 = FACE_BOUND('',#7363,.T.);
#7363 = EDGE_LOOP('',(#7364,#7365,#7371,#7372));
#7364 = ORIENTED_EDGE('',*,*,#7341,.F.);
#7365 = ORIENTED_EDGE('',*,*,#7366,.T.);
#7366 = EDGE_CURVE('',#7342,#7287,#7367,.T.);
#7367 = LINE('',#7368,#7369);
#7368 = CARTESIAN_POINT('',(0.32,-2.86,-2.84));
#7369 = VECTOR('',#7370,1.);
#7370 = DIRECTION('',(0.,1.,0.));
#7371 = ORIENTED_EDGE('',*,*,#7286,.T.);
#7372 = ORIENTED_EDGE('',*,*,#5257,.F.);
#7373 = PLANE('',#7374);
#7374 = AXIS2_PLACEMENT_3D('',#7375,#7376,#7377);
#7375 = CARTESIAN_POINT('',(0.32,-2.86,-3.));
#7376 = DIRECTION('',(1.,0.,0.));
#7377 = DIRECTION('',(0.,0.,1.));
#7378 = ADVANCED_FACE('',(#7379),#7404,.F.);
#7379 = FACE_BOUND('',#7380,.F.);
#7380 = EDGE_LOOP('',(#7381,#7389,#7397,#7403));
#7381 = ORIENTED_EDGE('',*,*,#7382,.F.);
#7382 = EDGE_CURVE('',#7383,#5282,#7385,.T.);
#7383 = VERTEX_POINT('',#7384);
#7384 = CARTESIAN_POINT('',(0.32,-5.4,-2.84));
#7385 = LINE('',#7386,#7387);
#7386 = CARTESIAN_POINT('',(0.32,-5.4,-3.));
#7387 = VECTOR('',#7388,1.);
#7388 = DIRECTION('',(0.,0.,1.));
#7389 = ORIENTED_EDGE('',*,*,#7390,.F.);
#7390 = EDGE_CURVE('',#7391,#7383,#7393,.T.);
#7391 = VERTEX_POINT('',#7392);
#7392 = CARTESIAN_POINT('',(-0.32,-5.4,-2.84));
#7393 = LINE('',#7394,#7395);
#7394 = CARTESIAN_POINT('',(-0.32,-5.4,-2.84));
#7395 = VECTOR('',#7396,1.);
#7396 = DIRECTION('',(1.,0.,0.));
#7397 = ORIENTED_EDGE('',*,*,#7398,.T.);
#7398 = EDGE_CURVE('',#7391,#5284,#7399,.T.);
#7399 = LINE('',#7400,#7401);
#7400 = CARTESIAN_POINT('',(-0.32,-5.4,-3.));
#7401 = VECTOR('',#7402,1.);
#7402 = DIRECTION('',(0.,0.,1.));
#7403 = ORIENTED_EDGE('',*,*,#5281,.F.);
#7404 = PLANE('',#7405);
#7405 = AXIS2_PLACEMENT_3D('',#7406,#7407,#7408);
#7406 = CARTESIAN_POINT('',(-0.32,-5.4,-3.));
#7407 = DIRECTION('',(0.,1.,0.));
#7408 = DIRECTION('',(0.,-0.,1.));
#7409 = ADVANCED_FACE('',(#7410),#7428,.T.);
#7410 = FACE_BOUND('',#7411,.T.);
#7411 = EDGE_LOOP('',(#7412,#7413,#7421,#7427));
#7412 = ORIENTED_EDGE('',*,*,#7382,.F.);
#7413 = ORIENTED_EDGE('',*,*,#7414,.T.);
#7414 = EDGE_CURVE('',#7383,#7415,#7417,.T.);
#7415 = VERTEX_POINT('',#7416);
#7416 = CARTESIAN_POINT('',(0.32,-4.76,-2.84));
#7417 = LINE('',#7418,#7419);
#7418 = CARTESIAN_POINT('',(0.32,-5.4,-2.84));
#7419 = VECTOR('',#7420,1.);
#7420 = DIRECTION('',(0.,1.,0.));
#7421 = ORIENTED_EDGE('',*,*,#7422,.T.);
#7422 = EDGE_CURVE('',#7415,#5300,#7423,.T.);
#7423 = LINE('',#7424,#7425);
#7424 = CARTESIAN_POINT('',(0.32,-4.76,-3.));
#7425 = VECTOR('',#7426,1.);
#7426 = DIRECTION('',(0.,0.,1.));
#7427 = ORIENTED_EDGE('',*,*,#5307,.F.);
#7428 = PLANE('',#7429);
#7429 = AXIS2_PLACEMENT_3D('',#7430,#7431,#7432);
#7430 = CARTESIAN_POINT('',(0.32,-5.4,-3.));
#7431 = DIRECTION('',(1.,0.,0.));
#7432 = DIRECTION('',(0.,0.,1.));
#7433 = ADVANCED_FACE('',(#7434),#7452,.T.);
#7434 = FACE_BOUND('',#7435,.T.);
#7435 = EDGE_LOOP('',(#7436,#7437,#7445,#7451));
#7436 = ORIENTED_EDGE('',*,*,#7422,.F.);
#7437 = ORIENTED_EDGE('',*,*,#7438,.F.);
#7438 = EDGE_CURVE('',#7439,#7415,#7441,.T.);
#7439 = VERTEX_POINT('',#7440);
#7440 = CARTESIAN_POINT('',(-0.32,-4.76,-2.84));
#7441 = LINE('',#7442,#7443);
#7442 = CARTESIAN_POINT('',(-0.32,-4.76,-2.84));
#7443 = VECTOR('',#7444,1.);
#7444 = DIRECTION('',(1.,0.,0.));
#7445 = ORIENTED_EDGE('',*,*,#7446,.T.);
#7446 = EDGE_CURVE('',#7439,#5292,#7447,.T.);
#7447 = LINE('',#7448,#7449);
#7448 = CARTESIAN_POINT('',(-0.32,-4.76,-3.));
#7449 = VECTOR('',#7450,1.);
#7450 = DIRECTION('',(0.,0.,1.));
#7451 = ORIENTED_EDGE('',*,*,#5299,.F.);
#7452 = PLANE('',#7453);
#7453 = AXIS2_PLACEMENT_3D('',#7454,#7455,#7456);
#7454 = CARTESIAN_POINT('',(-0.32,-4.76,-3.));
#7455 = DIRECTION('',(0.,1.,0.));
#7456 = DIRECTION('',(0.,-0.,1.));
#7457 = ADVANCED_FACE('',(#7458),#7469,.F.);
#7458 = FACE_BOUND('',#7459,.F.);
#7459 = EDGE_LOOP('',(#7460,#7461,#7467,#7468));
#7460 = ORIENTED_EDGE('',*,*,#7398,.F.);
#7461 = ORIENTED_EDGE('',*,*,#7462,.T.);
#7462 = EDGE_CURVE('',#7391,#7439,#7463,.T.);
#7463 = LINE('',#7464,#7465);
#7464 = CARTESIAN_POINT('',(-0.32,-5.4,-2.84));
#7465 = VECTOR('',#7466,1.);
#7466 = DIRECTION('',(0.,1.,0.));
#7467 = ORIENTED_EDGE('',*,*,#7446,.T.);
#7468 = ORIENTED_EDGE('',*,*,#5291,.F.);
#7469 = PLANE('',#7470);
#7470 = AXIS2_PLACEMENT_3D('',#7471,#7472,#7473);
#7471 = CARTESIAN_POINT('',(-0.32,-5.4,-3.));
#7472 = DIRECTION('',(1.,0.,0.));
#7473 = DIRECTION('',(0.,0.,1.));
#7474 = ADVANCED_FACE('',(#7475),#7500,.T.);
#7475 = FACE_BOUND('',#7476,.T.);
#7476 = EDGE_LOOP('',(#7477,#7485,#7493,#7499));
#7477 = ORIENTED_EDGE('',*,*,#7478,.F.);
#7478 = EDGE_CURVE('',#7479,#5316,#7481,.T.);
#7479 = VERTEX_POINT('',#7480);
#7480 = CARTESIAN_POINT('',(0.32,-0.32,-2.84));
#7481 = LINE('',#7482,#7483);
#7482 = CARTESIAN_POINT('',(0.32,-0.32,-3.));
#7483 = VECTOR('',#7484,1.);
#7484 = DIRECTION('',(0.,0.,1.));
#7485 = ORIENTED_EDGE('',*,*,#7486,.T.);
#7486 = EDGE_CURVE('',#7479,#7487,#7489,.T.);
#7487 = VERTEX_POINT('',#7488);
#7488 = CARTESIAN_POINT('',(0.32,0.32,-2.84));
#7489 = LINE('',#7490,#7491);
#7490 = CARTESIAN_POINT('',(0.32,-0.32,-2.84));
#7491 = VECTOR('',#7492,1.);
#7492 = DIRECTION('',(0.,1.,0.));
#7493 = ORIENTED_EDGE('',*,*,#7494,.T.);
#7494 = EDGE_CURVE('',#7487,#5318,#7495,.T.);
#7495 = LINE('',#7496,#7497);
#7496 = CARTESIAN_POINT('',(0.32,0.32,-3.));
#7497 = VECTOR('',#7498,1.);
#7498 = DIRECTION('',(0.,0.,1.));
#7499 = ORIENTED_EDGE('',*,*,#5315,.F.);
#7500 = PLANE('',#7501);
#7501 = AXIS2_PLACEMENT_3D('',#7502,#7503,#7504);
#7502 = CARTESIAN_POINT('',(0.32,-0.32,-3.));
#7503 = DIRECTION('',(1.,0.,0.));
#7504 = DIRECTION('',(0.,0.,1.));
#7505 = ADVANCED_FACE('',(#7506),#7524,.T.);
#7506 = FACE_BOUND('',#7507,.T.);
#7507 = EDGE_LOOP('',(#7508,#7509,#7517,#7523));
#7508 = ORIENTED_EDGE('',*,*,#7494,.F.);
#7509 = ORIENTED_EDGE('',*,*,#7510,.F.);
#7510 = EDGE_CURVE('',#7511,#7487,#7513,.T.);
#7511 = VERTEX_POINT('',#7512);
#7512 = CARTESIAN_POINT('',(-0.32,0.32,-2.84));
#7513 = LINE('',#7514,#7515);
#7514 = CARTESIAN_POINT('',(-0.32,0.32,-2.84));
#7515 = VECTOR('',#7516,1.);
#7516 = DIRECTION('',(1.,0.,0.));
#7517 = ORIENTED_EDGE('',*,*,#7518,.T.);
#7518 = EDGE_CURVE('',#7511,#5334,#7519,.T.);
#7519 = LINE('',#7520,#7521);
#7520 = CARTESIAN_POINT('',(-0.32,0.32,-3.));
#7521 = VECTOR('',#7522,1.);
#7522 = DIRECTION('',(0.,0.,1.));
#7523 = ORIENTED_EDGE('',*,*,#5341,.F.);
#7524 = PLANE('',#7525);
#7525 = AXIS2_PLACEMENT_3D('',#7526,#7527,#7528);
#7526 = CARTESIAN_POINT('',(-0.32,0.32,-3.));
#7527 = DIRECTION('',(0.,1.,0.));
#7528 = DIRECTION('',(0.,-0.,1.));
#7529 = ADVANCED_FACE('',(#7530),#7548,.F.);
#7530 = FACE_BOUND('',#7531,.F.);
#7531 = EDGE_LOOP('',(#7532,#7540,#7546,#7547));
#7532 = ORIENTED_EDGE('',*,*,#7533,.F.);
#7533 = EDGE_CURVE('',#7534,#5326,#7536,.T.);
#7534 = VERTEX_POINT('',#7535);
#7535 = CARTESIAN_POINT('',(-0.32,-0.32,-2.84));
#7536 = LINE('',#7537,#7538);
#7537 = CARTESIAN_POINT('',(-0.32,-0.32,-3.));
#7538 = VECTOR('',#7539,1.);
#7539 = DIRECTION('',(0.,0.,1.));
#7540 = ORIENTED_EDGE('',*,*,#7541,.T.);
#7541 = EDGE_CURVE('',#7534,#7511,#7542,.T.);
#7542 = LINE('',#7543,#7544);
#7543 = CARTESIAN_POINT('',(-0.32,-0.32,-2.84));
#7544 = VECTOR('',#7545,1.);
#7545 = DIRECTION('',(0.,1.,0.));
#7546 = ORIENTED_EDGE('',*,*,#7518,.T.);
#7547 = ORIENTED_EDGE('',*,*,#5333,.F.);
#7548 = PLANE('',#7549);
#7549 = AXIS2_PLACEMENT_3D('',#7550,#7551,#7552);
#7550 = CARTESIAN_POINT('',(-0.32,-0.32,-3.));
#7551 = DIRECTION('',(1.,0.,0.));
#7552 = DIRECTION('',(0.,0.,1.));
#7553 = ADVANCED_FACE('',(#7554),#7565,.F.);
#7554 = FACE_BOUND('',#7555,.F.);
#7555 = EDGE_LOOP('',(#7556,#7557,#7563,#7564));
#7556 = ORIENTED_EDGE('',*,*,#7478,.F.);
#7557 = ORIENTED_EDGE('',*,*,#7558,.F.);
#7558 = EDGE_CURVE('',#7534,#7479,#7559,.T.);
#7559 = LINE('',#7560,#7561);
#7560 = CARTESIAN_POINT('',(-0.32,-0.32,-2.84));
#7561 = VECTOR('',#7562,1.);
#7562 = DIRECTION('',(1.,0.,0.));
#7563 = ORIENTED_EDGE('',*,*,#7533,.T.);
#7564 = ORIENTED_EDGE('',*,*,#5325,.F.);
#7565 = PLANE('',#7566);
#7566 = AXIS2_PLACEMENT_3D('',#7567,#7568,#7569);
#7567 = CARTESIAN_POINT('',(-0.32,-0.32,-3.));
#7568 = DIRECTION('',(0.,1.,0.));
#7569 = DIRECTION('',(0.,-0.,1.));
#7570 = ADVANCED_FACE('',(#7571),#7596,.F.);
#7571 = FACE_BOUND('',#7572,.F.);
#7572 = EDGE_LOOP('',(#7573,#7581,#7582,#7590));
#7573 = ORIENTED_EDGE('',*,*,#7574,.F.);
#7574 = EDGE_CURVE('',#5735,#7575,#7577,.T.);
#7575 = VERTEX_POINT('',#7576);
#7576 = CARTESIAN_POINT('',(0.32,-18.1,8.38));
#7577 = LINE('',#7578,#7579);
#7578 = CARTESIAN_POINT('',(0.32,-18.1,-3.));
#7579 = VECTOR('',#7580,1.);
#7580 = DIRECTION('',(0.,0.,1.));
#7581 = ORIENTED_EDGE('',*,*,#5734,.T.);
#7582 = ORIENTED_EDGE('',*,*,#7583,.T.);
#7583 = EDGE_CURVE('',#5737,#7584,#7586,.T.);
#7584 = VERTEX_POINT('',#7585);
#7585 = CARTESIAN_POINT('',(-0.32,-18.1,8.38));
#7586 = LINE('',#7587,#7588);
#7587 = CARTESIAN_POINT('',(-0.32,-18.1,-3.));
#7588 = VECTOR('',#7589,1.);
#7589 = DIRECTION('',(0.,0.,1.));
#7590 = ORIENTED_EDGE('',*,*,#7591,.T.);
#7591 = EDGE_CURVE('',#7584,#7575,#7592,.T.);
#7592 = LINE('',#7593,#7594);
#7593 = CARTESIAN_POINT('',(-0.32,-18.1,8.38));
#7594 = VECTOR('',#7595,1.);
#7595 = DIRECTION('',(1.,0.,0.));
#7596 = PLANE('',#7597);
#7597 = AXIS2_PLACEMENT_3D('',#7598,#7599,#7600);
#7598 = CARTESIAN_POINT('',(-0.32,-18.1,-3.));
#7599 = DIRECTION('',(0.,1.,0.));
#7600 = DIRECTION('',(0.,-0.,1.));
#7601 = ADVANCED_FACE('',(#7602),#7620,.T.);
#7602 = FACE_BOUND('',#7603,.T.);
#7603 = EDGE_LOOP('',(#7604,#7605,#7606,#7614));
#7604 = ORIENTED_EDGE('',*,*,#7574,.F.);
#7605 = ORIENTED_EDGE('',*,*,#5760,.T.);
#7606 = ORIENTED_EDGE('',*,*,#7607,.T.);
#7607 = EDGE_CURVE('',#5753,#7608,#7610,.T.);
#7608 = VERTEX_POINT('',#7609);
#7609 = CARTESIAN_POINT('',(0.32,-17.46,8.38));
#7610 = LINE('',#7611,#7612);
#7611 = CARTESIAN_POINT('',(0.32,-17.46,-3.));
#7612 = VECTOR('',#7613,1.);
#7613 = DIRECTION('',(0.,0.,1.));
#7614 = ORIENTED_EDGE('',*,*,#7615,.F.);
#7615 = EDGE_CURVE('',#7575,#7608,#7616,.T.);
#7616 = LINE('',#7617,#7618);
#7617 = CARTESIAN_POINT('',(0.32,-18.1,8.38));
#7618 = VECTOR('',#7619,1.);
#7619 = DIRECTION('',(0.,1.,0.));
#7620 = PLANE('',#7621);
#7621 = AXIS2_PLACEMENT_3D('',#7622,#7623,#7624);
#7622 = CARTESIAN_POINT('',(0.32,-18.1,-3.));
#7623 = DIRECTION('',(1.,0.,0.));
#7624 = DIRECTION('',(0.,0.,1.));
#7625 = ADVANCED_FACE('',(#7626),#7644,.T.);
#7626 = FACE_BOUND('',#7627,.T.);
#7627 = EDGE_LOOP('',(#7628,#7629,#7630,#7638));
#7628 = ORIENTED_EDGE('',*,*,#7607,.F.);
#7629 = ORIENTED_EDGE('',*,*,#5752,.T.);
#7630 = ORIENTED_EDGE('',*,*,#7631,.T.);
#7631 = EDGE_CURVE('',#5745,#7632,#7634,.T.);
#7632 = VERTEX_POINT('',#7633);
#7633 = CARTESIAN_POINT('',(-0.32,-17.46,8.38));
#7634 = LINE('',#7635,#7636);
#7635 = CARTESIAN_POINT('',(-0.32,-17.46,-3.));
#7636 = VECTOR('',#7637,1.);
#7637 = DIRECTION('',(0.,0.,1.));
#7638 = ORIENTED_EDGE('',*,*,#7639,.T.);
#7639 = EDGE_CURVE('',#7632,#7608,#7640,.T.);
#7640 = LINE('',#7641,#7642);
#7641 = CARTESIAN_POINT('',(-0.32,-17.46,8.38));
#7642 = VECTOR('',#7643,1.);
#7643 = DIRECTION('',(1.,0.,0.));
#7644 = PLANE('',#7645);
#7645 = AXIS2_PLACEMENT_3D('',#7646,#7647,#7648);
#7646 = CARTESIAN_POINT('',(-0.32,-17.46,-3.));
#7647 = DIRECTION('',(0.,1.,0.));
#7648 = DIRECTION('',(0.,-0.,1.));
#7649 = ADVANCED_FACE('',(#7650),#7661,.F.);
#7650 = FACE_BOUND('',#7651,.F.);
#7651 = EDGE_LOOP('',(#7652,#7653,#7654,#7655));
#7652 = ORIENTED_EDGE('',*,*,#7583,.F.);
#7653 = ORIENTED_EDGE('',*,*,#5744,.T.);
#7654 = ORIENTED_EDGE('',*,*,#7631,.T.);
#7655 = ORIENTED_EDGE('',*,*,#7656,.F.);
#7656 = EDGE_CURVE('',#7584,#7632,#7657,.T.);
#7657 = LINE('',#7658,#7659);
#7658 = CARTESIAN_POINT('',(-0.32,-18.1,8.38));
#7659 = VECTOR('',#7660,1.);
#7660 = DIRECTION('',(0.,1.,0.));
#7661 = PLANE('',#7662);
#7662 = AXIS2_PLACEMENT_3D('',#7663,#7664,#7665);
#7663 = CARTESIAN_POINT('',(-0.32,-18.1,-3.));
#7664 = DIRECTION('',(1.,0.,0.));
#7665 = DIRECTION('',(0.,0.,1.));
#7666 = ADVANCED_FACE('',(#7667),#7692,.T.);
#7667 = FACE_BOUND('',#7668,.T.);
#7668 = EDGE_LOOP('',(#7669,#7677,#7678,#7686));
#7669 = ORIENTED_EDGE('',*,*,#7670,.F.);
#7670 = EDGE_CURVE('',#5769,#7671,#7673,.T.);
#7671 = VERTEX_POINT('',#7672);
#7672 = CARTESIAN_POINT('',(0.32,-14.92,8.38));
#7673 = LINE('',#7674,#7675);
#7674 = CARTESIAN_POINT('',(0.32,-14.92,-3.));
#7675 = VECTOR('',#7676,1.);
#7676 = DIRECTION('',(0.,0.,1.));
#7677 = ORIENTED_EDGE('',*,*,#5768,.T.);
#7678 = ORIENTED_EDGE('',*,*,#7679,.T.);
#7679 = EDGE_CURVE('',#5771,#7680,#7682,.T.);
#7680 = VERTEX_POINT('',#7681);
#7681 = CARTESIAN_POINT('',(-0.32,-14.92,8.38));
#7682 = LINE('',#7683,#7684);
#7683 = CARTESIAN_POINT('',(-0.32,-14.92,-3.));
#7684 = VECTOR('',#7685,1.);
#7685 = DIRECTION('',(0.,0.,1.));
#7686 = ORIENTED_EDGE('',*,*,#7687,.T.);
#7687 = EDGE_CURVE('',#7680,#7671,#7688,.T.);
#7688 = LINE('',#7689,#7690);
#7689 = CARTESIAN_POINT('',(-0.32,-14.92,8.38));
#7690 = VECTOR('',#7691,1.);
#7691 = DIRECTION('',(1.,0.,0.));
#7692 = PLANE('',#7693);
#7693 = AXIS2_PLACEMENT_3D('',#7694,#7695,#7696);
#7694 = CARTESIAN_POINT('',(-0.32,-14.92,-3.));
#7695 = DIRECTION('',(0.,1.,0.));
#7696 = DIRECTION('',(0.,-0.,1.));
#7697 = ADVANCED_FACE('',(#7698),#7716,.F.);
#7698 = FACE_BOUND('',#7699,.F.);
#7699 = EDGE_LOOP('',(#7700,#7708,#7709,#7710));
#7700 = ORIENTED_EDGE('',*,*,#7701,.F.);
#7701 = EDGE_CURVE('',#5787,#7702,#7704,.T.);
#7702 = VERTEX_POINT('',#7703);
#7703 = CARTESIAN_POINT('',(-0.32,-15.56,8.38));
#7704 = LINE('',#7705,#7706);
#7705 = CARTESIAN_POINT('',(-0.32,-15.56,-3.));
#7706 = VECTOR('',#7707,1.);
#7707 = DIRECTION('',(0.,0.,1.));
#7708 = ORIENTED_EDGE('',*,*,#5794,.T.);
#7709 = ORIENTED_EDGE('',*,*,#7679,.T.);
#7710 = ORIENTED_EDGE('',*,*,#7711,.F.);
#7711 = EDGE_CURVE('',#7702,#7680,#7712,.T.);
#7712 = LINE('',#7713,#7714);
#7713 = CARTESIAN_POINT('',(-0.32,-15.56,8.38));
#7714 = VECTOR('',#7715,1.);
#7715 = DIRECTION('',(0.,1.,0.));
#7716 = PLANE('',#7717);
#7717 = AXIS2_PLACEMENT_3D('',#7718,#7719,#7720);
#7718 = CARTESIAN_POINT('',(-0.32,-15.56,-3.));
#7719 = DIRECTION('',(1.,0.,0.));
#7720 = DIRECTION('',(0.,0.,1.));
#7721 = ADVANCED_FACE('',(#7722),#7740,.F.);
#7722 = FACE_BOUND('',#7723,.F.);
#7723 = EDGE_LOOP('',(#7724,#7732,#7733,#7734));
#7724 = ORIENTED_EDGE('',*,*,#7725,.F.);
#7725 = EDGE_CURVE('',#5779,#7726,#7728,.T.);
#7726 = VERTEX_POINT('',#7727);
#7727 = CARTESIAN_POINT('',(0.32,-15.56,8.38));
#7728 = LINE('',#7729,#7730);
#7729 = CARTESIAN_POINT('',(0.32,-15.56,-3.));
#7730 = VECTOR('',#7731,1.);
#7731 = DIRECTION('',(0.,0.,1.));
#7732 = ORIENTED_EDGE('',*,*,#5786,.T.);
#7733 = ORIENTED_EDGE('',*,*,#7701,.T.);
#7734 = ORIENTED_EDGE('',*,*,#7735,.T.);
#7735 = EDGE_CURVE('',#7702,#7726,#7736,.T.);
#7736 = LINE('',#7737,#7738);
#7737 = CARTESIAN_POINT('',(-0.32,-15.56,8.38));
#7738 = VECTOR('',#7739,1.);
#7739 = DIRECTION('',(1.,0.,0.));
#7740 = PLANE('',#7741);
#7741 = AXIS2_PLACEMENT_3D('',#7742,#7743,#7744);
#7742 = CARTESIAN_POINT('',(-0.32,-15.56,-3.));
#7743 = DIRECTION('',(0.,1.,0.));
#7744 = DIRECTION('',(0.,-0.,1.));
#7745 = ADVANCED_FACE('',(#7746),#7757,.T.);
#7746 = FACE_BOUND('',#7747,.T.);
#7747 = EDGE_LOOP('',(#7748,#7749,#7750,#7751));
#7748 = ORIENTED_EDGE('',*,*,#7725,.F.);
#7749 = ORIENTED_EDGE('',*,*,#5778,.T.);
#7750 = ORIENTED_EDGE('',*,*,#7670,.T.);
#7751 = ORIENTED_EDGE('',*,*,#7752,.F.);
#7752 = EDGE_CURVE('',#7726,#7671,#7753,.T.);
#7753 = LINE('',#7754,#7755);
#7754 = CARTESIAN_POINT('',(0.32,-15.56,8.38));
#7755 = VECTOR('',#7756,1.);
#7756 = DIRECTION('',(0.,1.,0.));
#7757 = PLANE('',#7758);
#7758 = AXIS2_PLACEMENT_3D('',#7759,#7760,#7761);
#7759 = CARTESIAN_POINT('',(0.32,-15.56,-3.));
#7760 = DIRECTION('',(1.,0.,0.));
#7761 = DIRECTION('',(0.,0.,1.));
#7762 = ADVANCED_FACE('',(#7763),#7788,.T.);
#7763 = FACE_BOUND('',#7764,.T.);
#7764 = EDGE_LOOP('',(#7765,#7773,#7774,#7782));
#7765 = ORIENTED_EDGE('',*,*,#7766,.F.);
#7766 = EDGE_CURVE('',#5803,#7767,#7769,.T.);
#7767 = VERTEX_POINT('',#7768);
#7768 = CARTESIAN_POINT('',(0.32,-7.94,8.38));
#7769 = LINE('',#7770,#7771);
#7770 = CARTESIAN_POINT('',(0.32,-7.94,-3.));
#7771 = VECTOR('',#7772,1.);
#7772 = DIRECTION('',(0.,0.,1.));
#7773 = ORIENTED_EDGE('',*,*,#5802,.T.);
#7774 = ORIENTED_EDGE('',*,*,#7775,.T.);
#7775 = EDGE_CURVE('',#5805,#7776,#7778,.T.);
#7776 = VERTEX_POINT('',#7777);
#7777 = CARTESIAN_POINT('',(0.32,-7.3,8.38));
#7778 = LINE('',#7779,#7780);
#7779 = CARTESIAN_POINT('',(0.32,-7.3,-3.));
#7780 = VECTOR('',#7781,1.);
#7781 = DIRECTION('',(0.,0.,1.));
#7782 = ORIENTED_EDGE('',*,*,#7783,.F.);
#7783 = EDGE_CURVE('',#7767,#7776,#7784,.T.);
#7784 = LINE('',#7785,#7786);
#7785 = CARTESIAN_POINT('',(0.32,-7.94,8.38));
#7786 = VECTOR('',#7787,1.);
#7787 = DIRECTION('',(0.,1.,0.));
#7788 = PLANE('',#7789);
#7789 = AXIS2_PLACEMENT_3D('',#7790,#7791,#7792);
#7790 = CARTESIAN_POINT('',(0.32,-7.94,-3.));
#7791 = DIRECTION('',(1.,0.,0.));
#7792 = DIRECTION('',(0.,0.,1.));
#7793 = ADVANCED_FACE('',(#7794),#7812,.T.);
#7794 = FACE_BOUND('',#7795,.T.);
#7795 = EDGE_LOOP('',(#7796,#7797,#7798,#7806));
#7796 = ORIENTED_EDGE('',*,*,#7775,.F.);
#7797 = ORIENTED_EDGE('',*,*,#5828,.T.);
#7798 = ORIENTED_EDGE('',*,*,#7799,.T.);
#7799 = EDGE_CURVE('',#5821,#7800,#7802,.T.);
#7800 = VERTEX_POINT('',#7801);
#7801 = CARTESIAN_POINT('',(-0.32,-7.3,8.38));
#7802 = LINE('',#7803,#7804);
#7803 = CARTESIAN_POINT('',(-0.32,-7.3,-3.));
#7804 = VECTOR('',#7805,1.);
#7805 = DIRECTION('',(0.,0.,1.));
#7806 = ORIENTED_EDGE('',*,*,#7807,.T.);
#7807 = EDGE_CURVE('',#7800,#7776,#7808,.T.);
#7808 = LINE('',#7809,#7810);
#7809 = CARTESIAN_POINT('',(-0.32,-7.3,8.38));
#7810 = VECTOR('',#7811,1.);
#7811 = DIRECTION('',(1.,0.,0.));
#7812 = PLANE('',#7813);
#7813 = AXIS2_PLACEMENT_3D('',#7814,#7815,#7816);
#7814 = CARTESIAN_POINT('',(-0.32,-7.3,-3.));
#7815 = DIRECTION('',(0.,1.,0.));
#7816 = DIRECTION('',(0.,-0.,1.));
#7817 = ADVANCED_FACE('',(#7818),#7836,.F.);
#7818 = FACE_BOUND('',#7819,.F.);
#7819 = EDGE_LOOP('',(#7820,#7828,#7829,#7830));
#7820 = ORIENTED_EDGE('',*,*,#7821,.F.);
#7821 = EDGE_CURVE('',#5813,#7822,#7824,.T.);
#7822 = VERTEX_POINT('',#7823);
#7823 = CARTESIAN_POINT('',(-0.32,-7.94,8.38));
#7824 = LINE('',#7825,#7826);
#7825 = CARTESIAN_POINT('',(-0.32,-7.94,-3.));
#7826 = VECTOR('',#7827,1.);
#7827 = DIRECTION('',(0.,0.,1.));
#7828 = ORIENTED_EDGE('',*,*,#5820,.T.);
#7829 = ORIENTED_EDGE('',*,*,#7799,.T.);
#7830 = ORIENTED_EDGE('',*,*,#7831,.F.);
#7831 = EDGE_CURVE('',#7822,#7800,#7832,.T.);
#7832 = LINE('',#7833,#7834);
#7833 = CARTESIAN_POINT('',(-0.32,-7.94,8.38));
#7834 = VECTOR('',#7835,1.);
#7835 = DIRECTION('',(0.,1.,0.));
#7836 = PLANE('',#7837);
#7837 = AXIS2_PLACEMENT_3D('',#7838,#7839,#7840);
#7838 = CARTESIAN_POINT('',(-0.32,-7.94,-3.));
#7839 = DIRECTION('',(1.,0.,0.));
#7840 = DIRECTION('',(0.,0.,1.));
#7841 = ADVANCED_FACE('',(#7842),#7853,.F.);
#7842 = FACE_BOUND('',#7843,.F.);
#7843 = EDGE_LOOP('',(#7844,#7845,#7846,#7847));
#7844 = ORIENTED_EDGE('',*,*,#7766,.F.);
#7845 = ORIENTED_EDGE('',*,*,#5812,.T.);
#7846 = ORIENTED_EDGE('',*,*,#7821,.T.);
#7847 = ORIENTED_EDGE('',*,*,#7848,.T.);
#7848 = EDGE_CURVE('',#7822,#7767,#7849,.T.);
#7849 = LINE('',#7850,#7851);
#7850 = CARTESIAN_POINT('',(-0.32,-7.94,8.38));
#7851 = VECTOR('',#7852,1.);
#7852 = DIRECTION('',(1.,0.,0.));
#7853 = PLANE('',#7854);
#7854 = AXIS2_PLACEMENT_3D('',#7855,#7856,#7857);
#7855 = CARTESIAN_POINT('',(-0.32,-7.94,-3.));
#7856 = DIRECTION('',(0.,1.,0.));
#7857 = DIRECTION('',(0.,-0.,1.));
#7858 = ADVANCED_FACE('',(#7859),#7884,.T.);
#7859 = FACE_BOUND('',#7860,.T.);
#7860 = EDGE_LOOP('',(#7861,#7869,#7870,#7878));
#7861 = ORIENTED_EDGE('',*,*,#7862,.F.);
#7862 = EDGE_CURVE('',#5837,#7863,#7865,.T.);
#7863 = VERTEX_POINT('',#7864);
#7864 = CARTESIAN_POINT('',(0.32,-12.38,8.38));
#7865 = LINE('',#7866,#7867);
#7866 = CARTESIAN_POINT('',(0.32,-12.38,-3.));
#7867 = VECTOR('',#7868,1.);
#7868 = DIRECTION('',(0.,0.,1.));
#7869 = ORIENTED_EDGE('',*,*,#5836,.T.);
#7870 = ORIENTED_EDGE('',*,*,#7871,.T.);
#7871 = EDGE_CURVE('',#5839,#7872,#7874,.T.);
#7872 = VERTEX_POINT('',#7873);
#7873 = CARTESIAN_POINT('',(-0.32,-12.38,8.38));
#7874 = LINE('',#7875,#7876);
#7875 = CARTESIAN_POINT('',(-0.32,-12.38,-3.));
#7876 = VECTOR('',#7877,1.);
#7877 = DIRECTION('',(0.,0.,1.));
#7878 = ORIENTED_EDGE('',*,*,#7879,.T.);
#7879 = EDGE_CURVE('',#7872,#7863,#7880,.T.);
#7880 = LINE('',#7881,#7882);
#7881 = CARTESIAN_POINT('',(-0.32,-12.38,8.38));
#7882 = VECTOR('',#7883,1.);
#7883 = DIRECTION('',(1.,0.,0.));
#7884 = PLANE('',#7885);
#7885 = AXIS2_PLACEMENT_3D('',#7886,#7887,#7888);
#7886 = CARTESIAN_POINT('',(-0.32,-12.38,-3.));
#7887 = DIRECTION('',(0.,1.,0.));
#7888 = DIRECTION('',(0.,-0.,1.));
#7889 = ADVANCED_FACE('',(#7890),#7908,.F.);
#7890 = FACE_BOUND('',#7891,.F.);
#7891 = EDGE_LOOP('',(#7892,#7900,#7901,#7902));
#7892 = ORIENTED_EDGE('',*,*,#7893,.F.);
#7893 = EDGE_CURVE('',#5855,#7894,#7896,.T.);
#7894 = VERTEX_POINT('',#7895);
#7895 = CARTESIAN_POINT('',(-0.32,-13.02,8.38));
#7896 = LINE('',#7897,#7898);
#7897 = CARTESIAN_POINT('',(-0.32,-13.02,-3.));
#7898 = VECTOR('',#7899,1.);
#7899 = DIRECTION('',(0.,0.,1.));
#7900 = ORIENTED_EDGE('',*,*,#5862,.T.);
#7901 = ORIENTED_EDGE('',*,*,#7871,.T.);
#7902 = ORIENTED_EDGE('',*,*,#7903,.F.);
#7903 = EDGE_CURVE('',#7894,#7872,#7904,.T.);
#7904 = LINE('',#7905,#7906);
#7905 = CARTESIAN_POINT('',(-0.32,-13.02,8.38));
#7906 = VECTOR('',#7907,1.);
#7907 = DIRECTION('',(0.,1.,0.));
#7908 = PLANE('',#7909);
#7909 = AXIS2_PLACEMENT_3D('',#7910,#7911,#7912);
#7910 = CARTESIAN_POINT('',(-0.32,-13.02,-3.));
#7911 = DIRECTION('',(1.,0.,0.));
#7912 = DIRECTION('',(0.,0.,1.));
#7913 = ADVANCED_FACE('',(#7914),#7932,.F.);
#7914 = FACE_BOUND('',#7915,.F.);
#7915 = EDGE_LOOP('',(#7916,#7924,#7925,#7926));
#7916 = ORIENTED_EDGE('',*,*,#7917,.F.);
#7917 = EDGE_CURVE('',#5847,#7918,#7920,.T.);
#7918 = VERTEX_POINT('',#7919);
#7919 = CARTESIAN_POINT('',(0.32,-13.02,8.38));
#7920 = LINE('',#7921,#7922);
#7921 = CARTESIAN_POINT('',(0.32,-13.02,-3.));
#7922 = VECTOR('',#7923,1.);
#7923 = DIRECTION('',(0.,0.,1.));
#7924 = ORIENTED_EDGE('',*,*,#5854,.T.);
#7925 = ORIENTED_EDGE('',*,*,#7893,.T.);
#7926 = ORIENTED_EDGE('',*,*,#7927,.T.);
#7927 = EDGE_CURVE('',#7894,#7918,#7928,.T.);
#7928 = LINE('',#7929,#7930);
#7929 = CARTESIAN_POINT('',(-0.32,-13.02,8.38));
#7930 = VECTOR('',#7931,1.);
#7931 = DIRECTION('',(1.,0.,0.));
#7932 = PLANE('',#7933);
#7933 = AXIS2_PLACEMENT_3D('',#7934,#7935,#7936);
#7934 = CARTESIAN_POINT('',(-0.32,-13.02,-3.));
#7935 = DIRECTION('',(0.,1.,0.));
#7936 = DIRECTION('',(0.,-0.,1.));
#7937 = ADVANCED_FACE('',(#7938),#7949,.T.);
#7938 = FACE_BOUND('',#7939,.T.);
#7939 = EDGE_LOOP('',(#7940,#7941,#7942,#7943));
#7940 = ORIENTED_EDGE('',*,*,#7917,.F.);
#7941 = ORIENTED_EDGE('',*,*,#5846,.T.);
#7942 = ORIENTED_EDGE('',*,*,#7862,.T.);
#7943 = ORIENTED_EDGE('',*,*,#7944,.F.);
#7944 = EDGE_CURVE('',#7918,#7863,#7945,.T.);
#7945 = LINE('',#7946,#7947);
#7946 = CARTESIAN_POINT('',(0.32,-13.02,8.38));
#7947 = VECTOR('',#7948,1.);
#7948 = DIRECTION('',(0.,1.,0.));
#7949 = PLANE('',#7950);
#7950 = AXIS2_PLACEMENT_3D('',#7951,#7952,#7953);
#7951 = CARTESIAN_POINT('',(0.32,-13.02,-3.));
#7952 = DIRECTION('',(1.,0.,0.));
#7953 = DIRECTION('',(0.,0.,1.));
#7954 = ADVANCED_FACE('',(#7955),#7980,.T.);
#7955 = FACE_BOUND('',#7956,.T.);
#7956 = EDGE_LOOP('',(#7957,#7965,#7966,#7974));
#7957 = ORIENTED_EDGE('',*,*,#7958,.F.);
#7958 = EDGE_CURVE('',#5871,#7959,#7961,.T.);
#7959 = VERTEX_POINT('',#7960);
#7960 = CARTESIAN_POINT('',(0.32,-10.48,8.38));
#7961 = LINE('',#7962,#7963);
#7962 = CARTESIAN_POINT('',(0.32,-10.48,-3.));
#7963 = VECTOR('',#7964,1.);
#7964 = DIRECTION('',(0.,0.,1.));
#7965 = ORIENTED_EDGE('',*,*,#5870,.T.);
#7966 = ORIENTED_EDGE('',*,*,#7967,.T.);
#7967 = EDGE_CURVE('',#5873,#7968,#7970,.T.);
#7968 = VERTEX_POINT('',#7969);
#7969 = CARTESIAN_POINT('',(0.32,-9.84,8.38));
#7970 = LINE('',#7971,#7972);
#7971 = CARTESIAN_POINT('',(0.32,-9.84,-3.));
#7972 = VECTOR('',#7973,1.);
#7973 = DIRECTION('',(0.,0.,1.));
#7974 = ORIENTED_EDGE('',*,*,#7975,.F.);
#7975 = EDGE_CURVE('',#7959,#7968,#7976,.T.);
#7976 = LINE('',#7977,#7978);
#7977 = CARTESIAN_POINT('',(0.32,-10.48,8.38));
#7978 = VECTOR('',#7979,1.);
#7979 = DIRECTION('',(0.,1.,0.));
#7980 = PLANE('',#7981);
#7981 = AXIS2_PLACEMENT_3D('',#7982,#7983,#7984);
#7982 = CARTESIAN_POINT('',(0.32,-10.48,-3.));
#7983 = DIRECTION('',(1.,0.,0.));
#7984 = DIRECTION('',(0.,0.,1.));
#7985 = ADVANCED_FACE('',(#7986),#8004,.T.);
#7986 = FACE_BOUND('',#7987,.T.);
#7987 = EDGE_LOOP('',(#7988,#7989,#7990,#7998));
#7988 = ORIENTED_EDGE('',*,*,#7967,.F.);
#7989 = ORIENTED_EDGE('',*,*,#5896,.T.);
#7990 = ORIENTED_EDGE('',*,*,#7991,.T.);
#7991 = EDGE_CURVE('',#5889,#7992,#7994,.T.);
#7992 = VERTEX_POINT('',#7993);
#7993 = CARTESIAN_POINT('',(-0.32,-9.84,8.38));
#7994 = LINE('',#7995,#7996);
#7995 = CARTESIAN_POINT('',(-0.32,-9.84,-3.));
#7996 = VECTOR('',#7997,1.);
#7997 = DIRECTION('',(0.,0.,1.));
#7998 = ORIENTED_EDGE('',*,*,#7999,.T.);
#7999 = EDGE_CURVE('',#7992,#7968,#8000,.T.);
#8000 = LINE('',#8001,#8002);
#8001 = CARTESIAN_POINT('',(-0.32,-9.84,8.38));
#8002 = VECTOR('',#8003,1.);
#8003 = DIRECTION('',(1.,0.,0.));
#8004 = PLANE('',#8005);
#8005 = AXIS2_PLACEMENT_3D('',#8006,#8007,#8008);
#8006 = CARTESIAN_POINT('',(-0.32,-9.84,-3.));
#8007 = DIRECTION('',(0.,1.,0.));
#8008 = DIRECTION('',(0.,-0.,1.));
#8009 = ADVANCED_FACE('',(#8010),#8028,.F.);
#8010 = FACE_BOUND('',#8011,.F.);
#8011 = EDGE_LOOP('',(#8012,#8020,#8021,#8022));
#8012 = ORIENTED_EDGE('',*,*,#8013,.F.);
#8013 = EDGE_CURVE('',#5881,#8014,#8016,.T.);
#8014 = VERTEX_POINT('',#8015);
#8015 = CARTESIAN_POINT('',(-0.32,-10.48,8.38));
#8016 = LINE('',#8017,#8018);
#8017 = CARTESIAN_POINT('',(-0.32,-10.48,-3.));
#8018 = VECTOR('',#8019,1.);
#8019 = DIRECTION('',(0.,0.,1.));
#8020 = ORIENTED_EDGE('',*,*,#5888,.T.);
#8021 = ORIENTED_EDGE('',*,*,#7991,.T.);
#8022 = ORIENTED_EDGE('',*,*,#8023,.F.);
#8023 = EDGE_CURVE('',#8014,#7992,#8024,.T.);
#8024 = LINE('',#8025,#8026);
#8025 = CARTESIAN_POINT('',(-0.32,-10.48,8.38));
#8026 = VECTOR('',#8027,1.);
#8027 = DIRECTION('',(0.,1.,0.));
#8028 = PLANE('',#8029);
#8029 = AXIS2_PLACEMENT_3D('',#8030,#8031,#8032);
#8030 = CARTESIAN_POINT('',(-0.32,-10.48,-3.));
#8031 = DIRECTION('',(1.,0.,0.));
#8032 = DIRECTION('',(0.,0.,1.));
#8033 = ADVANCED_FACE('',(#8034),#8045,.F.);
#8034 = FACE_BOUND('',#8035,.F.);
#8035 = EDGE_LOOP('',(#8036,#8037,#8038,#8039));
#8036 = ORIENTED_EDGE('',*,*,#7958,.F.);
#8037 = ORIENTED_EDGE('',*,*,#5880,.T.);
#8038 = ORIENTED_EDGE('',*,*,#8013,.T.);
#8039 = ORIENTED_EDGE('',*,*,#8040,.T.);
#8040 = EDGE_CURVE('',#8014,#7959,#8041,.T.);
#8041 = LINE('',#8042,#8043);
#8042 = CARTESIAN_POINT('',(-0.32,-10.48,8.38));
#8043 = VECTOR('',#8044,1.);
#8044 = DIRECTION('',(1.,0.,0.));
#8045 = PLANE('',#8046);
#8046 = AXIS2_PLACEMENT_3D('',#8047,#8048,#8049);
#8047 = CARTESIAN_POINT('',(-0.32,-10.48,-3.));
#8048 = DIRECTION('',(0.,1.,0.));
#8049 = DIRECTION('',(0.,-0.,1.));
#8050 = ADVANCED_FACE('',(#8051),#8076,.T.);
#8051 = FACE_BOUND('',#8052,.T.);
#8052 = EDGE_LOOP('',(#8053,#8061,#8062,#8070));
#8053 = ORIENTED_EDGE('',*,*,#8054,.F.);
#8054 = EDGE_CURVE('',#5905,#8055,#8057,.T.);
#8055 = VERTEX_POINT('',#8056);
#8056 = CARTESIAN_POINT('',(0.32,-2.22,8.38));
#8057 = LINE('',#8058,#8059);
#8058 = CARTESIAN_POINT('',(0.32,-2.22,-3.));
#8059 = VECTOR('',#8060,1.);
#8060 = DIRECTION('',(0.,0.,1.));
#8061 = ORIENTED_EDGE('',*,*,#5904,.T.);
#8062 = ORIENTED_EDGE('',*,*,#8063,.T.);
#8063 = EDGE_CURVE('',#5907,#8064,#8066,.T.);
#8064 = VERTEX_POINT('',#8065);
#8065 = CARTESIAN_POINT('',(-0.32,-2.22,8.38));
#8066 = LINE('',#8067,#8068);
#8067 = CARTESIAN_POINT('',(-0.32,-2.22,-3.));
#8068 = VECTOR('',#8069,1.);
#8069 = DIRECTION('',(0.,0.,1.));
#8070 = ORIENTED_EDGE('',*,*,#8071,.T.);
#8071 = EDGE_CURVE('',#8064,#8055,#8072,.T.);
#8072 = LINE('',#8073,#8074);
#8073 = CARTESIAN_POINT('',(-0.32,-2.22,8.38));
#8074 = VECTOR('',#8075,1.);
#8075 = DIRECTION('',(1.,0.,0.));
#8076 = PLANE('',#8077);
#8077 = AXIS2_PLACEMENT_3D('',#8078,#8079,#8080);
#8078 = CARTESIAN_POINT('',(-0.32,-2.22,-3.));
#8079 = DIRECTION('',(0.,1.,0.));
#8080 = DIRECTION('',(0.,-0.,1.));
#8081 = ADVANCED_FACE('',(#8082),#8100,.F.);
#8082 = FACE_BOUND('',#8083,.F.);
#8083 = EDGE_LOOP('',(#8084,#8092,#8093,#8094));
#8084 = ORIENTED_EDGE('',*,*,#8085,.F.);
#8085 = EDGE_CURVE('',#5923,#8086,#8088,.T.);
#8086 = VERTEX_POINT('',#8087);
#8087 = CARTESIAN_POINT('',(-0.32,-2.86,8.38));
#8088 = LINE('',#8089,#8090);
#8089 = CARTESIAN_POINT('',(-0.32,-2.86,-3.));
#8090 = VECTOR('',#8091,1.);
#8091 = DIRECTION('',(0.,0.,1.));
#8092 = ORIENTED_EDGE('',*,*,#5930,.T.);
#8093 = ORIENTED_EDGE('',*,*,#8063,.T.);
#8094 = ORIENTED_EDGE('',*,*,#8095,.F.);
#8095 = EDGE_CURVE('',#8086,#8064,#8096,.T.);
#8096 = LINE('',#8097,#8098);
#8097 = CARTESIAN_POINT('',(-0.32,-2.86,8.38));
#8098 = VECTOR('',#8099,1.);
#8099 = DIRECTION('',(0.,1.,0.));
#8100 = PLANE('',#8101);
#8101 = AXIS2_PLACEMENT_3D('',#8102,#8103,#8104);
#8102 = CARTESIAN_POINT('',(-0.32,-2.86,-3.));
#8103 = DIRECTION('',(1.,0.,0.));
#8104 = DIRECTION('',(0.,0.,1.));
#8105 = ADVANCED_FACE('',(#8106),#8124,.F.);
#8106 = FACE_BOUND('',#8107,.F.);
#8107 = EDGE_LOOP('',(#8108,#8116,#8117,#8118));
#8108 = ORIENTED_EDGE('',*,*,#8109,.F.);
#8109 = EDGE_CURVE('',#5915,#8110,#8112,.T.);
#8110 = VERTEX_POINT('',#8111);
#8111 = CARTESIAN_POINT('',(0.32,-2.86,8.38));
#8112 = LINE('',#8113,#8114);
#8113 = CARTESIAN_POINT('',(0.32,-2.86,-3.));
#8114 = VECTOR('',#8115,1.);
#8115 = DIRECTION('',(0.,0.,1.));
#8116 = ORIENTED_EDGE('',*,*,#5922,.T.);
#8117 = ORIENTED_EDGE('',*,*,#8085,.T.);
#8118 = ORIENTED_EDGE('',*,*,#8119,.T.);
#8119 = EDGE_CURVE('',#8086,#8110,#8120,.T.);
#8120 = LINE('',#8121,#8122);
#8121 = CARTESIAN_POINT('',(-0.32,-2.86,8.38));
#8122 = VECTOR('',#8123,1.);
#8123 = DIRECTION('',(1.,0.,0.));
#8124 = PLANE('',#8125);
#8125 = AXIS2_PLACEMENT_3D('',#8126,#8127,#8128);
#8126 = CARTESIAN_POINT('',(-0.32,-2.86,-3.));
#8127 = DIRECTION('',(0.,1.,0.));
#8128 = DIRECTION('',(0.,-0.,1.));
#8129 = ADVANCED_FACE('',(#8130),#8141,.T.);
#8130 = FACE_BOUND('',#8131,.T.);
#8131 = EDGE_LOOP('',(#8132,#8133,#8134,#8135));
#8132 = ORIENTED_EDGE('',*,*,#8109,.F.);
#8133 = ORIENTED_EDGE('',*,*,#5914,.T.);
#8134 = ORIENTED_EDGE('',*,*,#8054,.T.);
#8135 = ORIENTED_EDGE('',*,*,#8136,.F.);
#8136 = EDGE_CURVE('',#8110,#8055,#8137,.T.);
#8137 = LINE('',#8138,#8139);
#8138 = CARTESIAN_POINT('',(0.32,-2.86,8.38));
#8139 = VECTOR('',#8140,1.);
#8140 = DIRECTION('',(0.,1.,0.));
#8141 = PLANE('',#8142);
#8142 = AXIS2_PLACEMENT_3D('',#8143,#8144,#8145);
#8143 = CARTESIAN_POINT('',(0.32,-2.86,-3.));
#8144 = DIRECTION('',(1.,0.,0.));
#8145 = DIRECTION('',(0.,0.,1.));
#8146 = ADVANCED_FACE('',(#8147),#8172,.F.);
#8147 = FACE_BOUND('',#8148,.F.);
#8148 = EDGE_LOOP('',(#8149,#8157,#8158,#8166));
#8149 = ORIENTED_EDGE('',*,*,#8150,.F.);
#8150 = EDGE_CURVE('',#5939,#8151,#8153,.T.);
#8151 = VERTEX_POINT('',#8152);
#8152 = CARTESIAN_POINT('',(0.32,-5.4,8.38));
#8153 = LINE('',#8154,#8155);
#8154 = CARTESIAN_POINT('',(0.32,-5.4,-3.));
#8155 = VECTOR('',#8156,1.);
#8156 = DIRECTION('',(0.,0.,1.));
#8157 = ORIENTED_EDGE('',*,*,#5938,.T.);
#8158 = ORIENTED_EDGE('',*,*,#8159,.T.);
#8159 = EDGE_CURVE('',#5941,#8160,#8162,.T.);
#8160 = VERTEX_POINT('',#8161);
#8161 = CARTESIAN_POINT('',(-0.32,-5.4,8.38));
#8162 = LINE('',#8163,#8164);
#8163 = CARTESIAN_POINT('',(-0.32,-5.4,-3.));
#8164 = VECTOR('',#8165,1.);
#8165 = DIRECTION('',(0.,0.,1.));
#8166 = ORIENTED_EDGE('',*,*,#8167,.T.);
#8167 = EDGE_CURVE('',#8160,#8151,#8168,.T.);
#8168 = LINE('',#8169,#8170);
#8169 = CARTESIAN_POINT('',(-0.32,-5.4,8.38));
#8170 = VECTOR('',#8171,1.);
#8171 = DIRECTION('',(1.,0.,0.));
#8172 = PLANE('',#8173);
#8173 = AXIS2_PLACEMENT_3D('',#8174,#8175,#8176);
#8174 = CARTESIAN_POINT('',(-0.32,-5.4,-3.));
#8175 = DIRECTION('',(0.,1.,0.));
#8176 = DIRECTION('',(0.,-0.,1.));
#8177 = ADVANCED_FACE('',(#8178),#8196,.T.);
#8178 = FACE_BOUND('',#8179,.T.);
#8179 = EDGE_LOOP('',(#8180,#8181,#8182,#8190));
#8180 = ORIENTED_EDGE('',*,*,#8150,.F.);
#8181 = ORIENTED_EDGE('',*,*,#5964,.T.);
#8182 = ORIENTED_EDGE('',*,*,#8183,.T.);
#8183 = EDGE_CURVE('',#5957,#8184,#8186,.T.);
#8184 = VERTEX_POINT('',#8185);
#8185 = CARTESIAN_POINT('',(0.32,-4.76,8.38));
#8186 = LINE('',#8187,#8188);
#8187 = CARTESIAN_POINT('',(0.32,-4.76,-3.));
#8188 = VECTOR('',#8189,1.);
#8189 = DIRECTION('',(0.,0.,1.));
#8190 = ORIENTED_EDGE('',*,*,#8191,.F.);
#8191 = EDGE_CURVE('',#8151,#8184,#8192,.T.);
#8192 = LINE('',#8193,#8194);
#8193 = CARTESIAN_POINT('',(0.32,-5.4,8.38));
#8194 = VECTOR('',#8195,1.);
#8195 = DIRECTION('',(0.,1.,0.));
#8196 = PLANE('',#8197);
#8197 = AXIS2_PLACEMENT_3D('',#8198,#8199,#8200);
#8198 = CARTESIAN_POINT('',(0.32,-5.4,-3.));
#8199 = DIRECTION('',(1.,0.,0.));
#8200 = DIRECTION('',(0.,0.,1.));
#8201 = ADVANCED_FACE('',(#8202),#8220,.T.);
#8202 = FACE_BOUND('',#8203,.T.);
#8203 = EDGE_LOOP('',(#8204,#8205,#8206,#8214));
#8204 = ORIENTED_EDGE('',*,*,#8183,.F.);
#8205 = ORIENTED_EDGE('',*,*,#5956,.T.);
#8206 = ORIENTED_EDGE('',*,*,#8207,.T.);
#8207 = EDGE_CURVE('',#5949,#8208,#8210,.T.);
#8208 = VERTEX_POINT('',#8209);
#8209 = CARTESIAN_POINT('',(-0.32,-4.76,8.38));
#8210 = LINE('',#8211,#8212);
#8211 = CARTESIAN_POINT('',(-0.32,-4.76,-3.));
#8212 = VECTOR('',#8213,1.);
#8213 = DIRECTION('',(0.,0.,1.));
#8214 = ORIENTED_EDGE('',*,*,#8215,.T.);
#8215 = EDGE_CURVE('',#8208,#8184,#8216,.T.);
#8216 = LINE('',#8217,#8218);
#8217 = CARTESIAN_POINT('',(-0.32,-4.76,8.38));
#8218 = VECTOR('',#8219,1.);
#8219 = DIRECTION('',(1.,0.,0.));
#8220 = PLANE('',#8221);
#8221 = AXIS2_PLACEMENT_3D('',#8222,#8223,#8224);
#8222 = CARTESIAN_POINT('',(-0.32,-4.76,-3.));
#8223 = DIRECTION('',(0.,1.,0.));
#8224 = DIRECTION('',(0.,-0.,1.));
#8225 = ADVANCED_FACE('',(#8226),#8237,.F.);
#8226 = FACE_BOUND('',#8227,.F.);
#8227 = EDGE_LOOP('',(#8228,#8229,#8230,#8231));
#8228 = ORIENTED_EDGE('',*,*,#8159,.F.);
#8229 = ORIENTED_EDGE('',*,*,#5948,.T.);
#8230 = ORIENTED_EDGE('',*,*,#8207,.T.);
#8231 = ORIENTED_EDGE('',*,*,#8232,.F.);
#8232 = EDGE_CURVE('',#8160,#8208,#8233,.T.);
#8233 = LINE('',#8234,#8235);
#8234 = CARTESIAN_POINT('',(-0.32,-5.4,8.38));
#8235 = VECTOR('',#8236,1.);
#8236 = DIRECTION('',(0.,1.,0.));
#8237 = PLANE('',#8238);
#8238 = AXIS2_PLACEMENT_3D('',#8239,#8240,#8241);
#8239 = CARTESIAN_POINT('',(-0.32,-5.4,-3.));
#8240 = DIRECTION('',(1.,0.,0.));
#8241 = DIRECTION('',(0.,0.,1.));
#8242 = ADVANCED_FACE('',(#8243),#8268,.T.);
#8243 = FACE_BOUND('',#8244,.T.);
#8244 = EDGE_LOOP('',(#8245,#8253,#8254,#8262));
#8245 = ORIENTED_EDGE('',*,*,#8246,.F.);
#8246 = EDGE_CURVE('',#5973,#8247,#8249,.T.);
#8247 = VERTEX_POINT('',#8248);
#8248 = CARTESIAN_POINT('',(0.32,-0.32,8.38));
#8249 = LINE('',#8250,#8251);
#8250 = CARTESIAN_POINT('',(0.32,-0.32,-3.));
#8251 = VECTOR('',#8252,1.);
#8252 = DIRECTION('',(0.,0.,1.));
#8253 = ORIENTED_EDGE('',*,*,#5972,.T.);
#8254 = ORIENTED_EDGE('',*,*,#8255,.T.);
#8255 = EDGE_CURVE('',#5975,#8256,#8258,.T.);
#8256 = VERTEX_POINT('',#8257);
#8257 = CARTESIAN_POINT('',(0.32,0.32,8.38));
#8258 = LINE('',#8259,#8260);
#8259 = CARTESIAN_POINT('',(0.32,0.32,-3.));
#8260 = VECTOR('',#8261,1.);
#8261 = DIRECTION('',(0.,0.,1.));
#8262 = ORIENTED_EDGE('',*,*,#8263,.F.);
#8263 = EDGE_CURVE('',#8247,#8256,#8264,.T.);
#8264 = LINE('',#8265,#8266);
#8265 = CARTESIAN_POINT('',(0.32,-0.32,8.38));
#8266 = VECTOR('',#8267,1.);
#8267 = DIRECTION('',(0.,1.,0.));
#8268 = PLANE('',#8269);
#8269 = AXIS2_PLACEMENT_3D('',#8270,#8271,#8272);
#8270 = CARTESIAN_POINT('',(0.32,-0.32,-3.));
#8271 = DIRECTION('',(1.,0.,0.));
#8272 = DIRECTION('',(0.,0.,1.));
#8273 = ADVANCED_FACE('',(#8274),#8292,.T.);
#8274 = FACE_BOUND('',#8275,.T.);
#8275 = EDGE_LOOP('',(#8276,#8277,#8278,#8286));
#8276 = ORIENTED_EDGE('',*,*,#8255,.F.);
#8277 = ORIENTED_EDGE('',*,*,#5998,.T.);
#8278 = ORIENTED_EDGE('',*,*,#8279,.T.);
#8279 = EDGE_CURVE('',#5991,#8280,#8282,.T.);
#8280 = VERTEX_POINT('',#8281);
#8281 = CARTESIAN_POINT('',(-0.32,0.32,8.38));
#8282 = LINE('',#8283,#8284);
#8283 = CARTESIAN_POINT('',(-0.32,0.32,-3.));
#8284 = VECTOR('',#8285,1.);
#8285 = DIRECTION('',(0.,0.,1.));
#8286 = ORIENTED_EDGE('',*,*,#8287,.T.);
#8287 = EDGE_CURVE('',#8280,#8256,#8288,.T.);
#8288 = LINE('',#8289,#8290);
#8289 = CARTESIAN_POINT('',(-0.32,0.32,8.38));
#8290 = VECTOR('',#8291,1.);
#8291 = DIRECTION('',(1.,0.,0.));
#8292 = PLANE('',#8293);
#8293 = AXIS2_PLACEMENT_3D('',#8294,#8295,#8296);
#8294 = CARTESIAN_POINT('',(-0.32,0.32,-3.));
#8295 = DIRECTION('',(0.,1.,0.));
#8296 = DIRECTION('',(0.,-0.,1.));
#8297 = ADVANCED_FACE('',(#8298),#8316,.F.);
#8298 = FACE_BOUND('',#8299,.F.);
#8299 = EDGE_LOOP('',(#8300,#8308,#8309,#8310));
#8300 = ORIENTED_EDGE('',*,*,#8301,.F.);
#8301 = EDGE_CURVE('',#5983,#8302,#8304,.T.);
#8302 = VERTEX_POINT('',#8303);
#8303 = CARTESIAN_POINT('',(-0.32,-0.32,8.38));
#8304 = LINE('',#8305,#8306);
#8305 = CARTESIAN_POINT('',(-0.32,-0.32,-3.));
#8306 = VECTOR('',#8307,1.);
#8307 = DIRECTION('',(0.,0.,1.));
#8308 = ORIENTED_EDGE('',*,*,#5990,.T.);
#8309 = ORIENTED_EDGE('',*,*,#8279,.T.);
#8310 = ORIENTED_EDGE('',*,*,#8311,.F.);
#8311 = EDGE_CURVE('',#8302,#8280,#8312,.T.);
#8312 = LINE('',#8313,#8314);
#8313 = CARTESIAN_POINT('',(-0.32,-0.32,8.38));
#8314 = VECTOR('',#8315,1.);
#8315 = DIRECTION('',(0.,1.,0.));
#8316 = PLANE('',#8317);
#8317 = AXIS2_PLACEMENT_3D('',#8318,#8319,#8320);
#8318 = CARTESIAN_POINT('',(-0.32,-0.32,-3.));
#8319 = DIRECTION('',(1.,0.,0.));
#8320 = DIRECTION('',(0.,0.,1.));
#8321 = ADVANCED_FACE('',(#8322),#8333,.F.);
#8322 = FACE_BOUND('',#8323,.F.);
#8323 = EDGE_LOOP('',(#8324,#8325,#8326,#8327));
#8324 = ORIENTED_EDGE('',*,*,#8246,.F.);
#8325 = ORIENTED_EDGE('',*,*,#5982,.T.);
#8326 = ORIENTED_EDGE('',*,*,#8301,.T.);
#8327 = ORIENTED_EDGE('',*,*,#8328,.T.);
#8328 = EDGE_CURVE('',#8302,#8247,#8329,.T.);
#8329 = LINE('',#8330,#8331);
#8330 = CARTESIAN_POINT('',(-0.32,-0.32,8.38));
#8331 = VECTOR('',#8332,1.);
#8332 = DIRECTION('',(1.,0.,0.));
#8333 = PLANE('',#8334);
#8334 = AXIS2_PLACEMENT_3D('',#8335,#8336,#8337);
#8335 = CARTESIAN_POINT('',(-0.32,-0.32,-3.));
#8336 = DIRECTION('',(0.,1.,0.));
#8337 = DIRECTION('',(0.,-0.,1.));
#8338 = ADVANCED_FACE('',(#8339),#8364,.T.);
#8339 = FACE_BOUND('',#8340,.F.);
#8340 = EDGE_LOOP('',(#8341,#8349,#8350,#8358));
#8341 = ORIENTED_EDGE('',*,*,#8342,.F.);
#8342 = EDGE_CURVE('',#6815,#8343,#8345,.T.);
#8343 = VERTEX_POINT('',#8344);
#8344 = CARTESIAN_POINT('',(-0.16,-17.94,-3.));
#8345 = LINE('',#8346,#8347);
#8346 = CARTESIAN_POINT('',(-0.266666666667,-18.04666666666,
    -2.893333333333));
#8347 = VECTOR('',#8348,1.);
#8348 = DIRECTION('',(0.57735026919,0.57735026919,-0.57735026919));
#8349 = ORIENTED_EDGE('',*,*,#6814,.T.);
#8350 = ORIENTED_EDGE('',*,*,#8351,.T.);
#8351 = EDGE_CURVE('',#6807,#8352,#8354,.T.);
#8352 = VERTEX_POINT('',#8353);
#8353 = CARTESIAN_POINT('',(0.16,-17.94,-3.));
#8354 = LINE('',#8355,#8356);
#8355 = CARTESIAN_POINT('',(0.16,-17.94,-3.));
#8356 = VECTOR('',#8357,1.);
#8357 = DIRECTION('',(-0.57735026919,0.57735026919,-0.57735026919));
#8358 = ORIENTED_EDGE('',*,*,#8359,.F.);
#8359 = EDGE_CURVE('',#8343,#8352,#8360,.T.);
#8360 = LINE('',#8361,#8362);
#8361 = CARTESIAN_POINT('',(-0.32,-17.94,-3.));
#8362 = VECTOR('',#8363,1.);
#8363 = DIRECTION('',(1.,0.,0.));
#8364 = PLANE('',#8365);
#8365 = AXIS2_PLACEMENT_3D('',#8366,#8367,#8368);
#8366 = CARTESIAN_POINT('',(-0.32,-18.02,-2.92));
#8367 = DIRECTION('',(1.735167508357E-18,-0.707106781187,-0.707106781187
    ));
#8368 = DIRECTION('',(-1.,-1.226948711654E-18,-1.226948711654E-18));
#8369 = ADVANCED_FACE('',(#8370),#8388,.F.);
#8370 = FACE_BOUND('',#8371,.F.);
#8371 = EDGE_LOOP('',(#8372,#8373,#8374,#8382));
#8372 = ORIENTED_EDGE('',*,*,#8351,.F.);
#8373 = ORIENTED_EDGE('',*,*,#6838,.T.);
#8374 = ORIENTED_EDGE('',*,*,#8375,.T.);
#8375 = EDGE_CURVE('',#6839,#8376,#8378,.T.);
#8376 = VERTEX_POINT('',#8377);
#8377 = CARTESIAN_POINT('',(0.16,-17.62,-3.));
#8378 = LINE('',#8379,#8380);
#8379 = CARTESIAN_POINT('',(5.333333333333E-02,-17.72666666666,
    -3.106666666667));
#8380 = VECTOR('',#8381,1.);
#8381 = DIRECTION('',(-0.57735026919,-0.57735026919,-0.57735026919));
#8382 = ORIENTED_EDGE('',*,*,#8383,.F.);
#8383 = EDGE_CURVE('',#8352,#8376,#8384,.T.);
#8384 = LINE('',#8385,#8386);
#8385 = CARTESIAN_POINT('',(0.16,-18.1,-3.));
#8386 = VECTOR('',#8387,1.);
#8387 = DIRECTION('',(0.,1.,0.));
#8388 = PLANE('',#8389);
#8389 = AXIS2_PLACEMENT_3D('',#8390,#8391,#8392);
#8390 = CARTESIAN_POINT('',(0.24,-18.1,-2.92));
#8391 = DIRECTION('',(-0.707106781187,1.735167508357E-18,0.707106781187)
  );
#8392 = DIRECTION('',(1.226948711654E-18,1.,-1.226948711654E-18));
#8393 = ADVANCED_FACE('',(#8394),#8412,.F.);
#8394 = FACE_BOUND('',#8395,.T.);
#8395 = EDGE_LOOP('',(#8396,#8404,#8405,#8406));
#8396 = ORIENTED_EDGE('',*,*,#8397,.F.);
#8397 = EDGE_CURVE('',#6863,#8398,#8400,.T.);
#8398 = VERTEX_POINT('',#8399);
#8399 = CARTESIAN_POINT('',(-0.16,-17.62,-3.));
#8400 = LINE('',#8401,#8402);
#8401 = CARTESIAN_POINT('',(-0.16,-17.62,-3.));
#8402 = VECTOR('',#8403,1.);
#8403 = DIRECTION('',(0.57735026919,-0.57735026919,-0.57735026919));
#8404 = ORIENTED_EDGE('',*,*,#6862,.T.);
#8405 = ORIENTED_EDGE('',*,*,#8375,.T.);
#8406 = ORIENTED_EDGE('',*,*,#8407,.F.);
#8407 = EDGE_CURVE('',#8398,#8376,#8408,.T.);
#8408 = LINE('',#8409,#8410);
#8409 = CARTESIAN_POINT('',(-0.32,-17.62,-3.));
#8410 = VECTOR('',#8411,1.);
#8411 = DIRECTION('',(1.,0.,0.));
#8412 = PLANE('',#8413);
#8413 = AXIS2_PLACEMENT_3D('',#8414,#8415,#8416);
#8414 = CARTESIAN_POINT('',(-0.32,-17.54,-2.92));
#8415 = DIRECTION('',(-1.735167508357E-18,-0.707106781187,0.707106781187
    ));
#8416 = DIRECTION('',(-1.,1.226948711654E-18,-1.226948711654E-18));
#8417 = ADVANCED_FACE('',(#8418),#8429,.T.);
#8418 = FACE_BOUND('',#8419,.T.);
#8419 = EDGE_LOOP('',(#8420,#8421,#8422,#8423));
#8420 = ORIENTED_EDGE('',*,*,#8342,.F.);
#8421 = ORIENTED_EDGE('',*,*,#6886,.T.);
#8422 = ORIENTED_EDGE('',*,*,#8397,.T.);
#8423 = ORIENTED_EDGE('',*,*,#8424,.F.);
#8424 = EDGE_CURVE('',#8343,#8398,#8425,.T.);
#8425 = LINE('',#8426,#8427);
#8426 = CARTESIAN_POINT('',(-0.16,-18.1,-3.));
#8427 = VECTOR('',#8428,1.);
#8428 = DIRECTION('',(0.,1.,0.));
#8429 = PLANE('',#8430);
#8430 = AXIS2_PLACEMENT_3D('',#8431,#8432,#8433);
#8431 = CARTESIAN_POINT('',(-0.24,-18.1,-2.92));
#8432 = DIRECTION('',(-0.707106781187,-1.735167508357E-18,
    -0.707106781187));
#8433 = DIRECTION('',(-1.226948711654E-18,1.,-1.226948711654E-18));
#8434 = ADVANCED_FACE('',(#8435),#8460,.F.);
#8435 = FACE_BOUND('',#8436,.T.);
#8436 = EDGE_LOOP('',(#8437,#8445,#8446,#8454));
#8437 = ORIENTED_EDGE('',*,*,#8438,.F.);
#8438 = EDGE_CURVE('',#6911,#8439,#8441,.T.);
#8439 = VERTEX_POINT('',#8440);
#8440 = CARTESIAN_POINT('',(-0.16,-15.08,-3.));
#8441 = LINE('',#8442,#8443);
#8442 = CARTESIAN_POINT('',(-0.16,-15.08,-3.));
#8443 = VECTOR('',#8444,1.);
#8444 = DIRECTION('',(0.57735026919,-0.57735026919,-0.57735026919));
#8445 = ORIENTED_EDGE('',*,*,#6910,.T.);
#8446 = ORIENTED_EDGE('',*,*,#8447,.T.);
#8447 = EDGE_CURVE('',#6903,#8448,#8450,.T.);
#8448 = VERTEX_POINT('',#8449);
#8449 = CARTESIAN_POINT('',(0.16,-15.08,-3.));
#8450 = LINE('',#8451,#8452);
#8451 = CARTESIAN_POINT('',(5.333333333333E-02,-15.18666666666,
    -3.106666666667));
#8452 = VECTOR('',#8453,1.);
#8453 = DIRECTION('',(-0.57735026919,-0.57735026919,-0.57735026919));
#8454 = ORIENTED_EDGE('',*,*,#8455,.F.);
#8455 = EDGE_CURVE('',#8439,#8448,#8456,.T.);
#8456 = LINE('',#8457,#8458);
#8457 = CARTESIAN_POINT('',(-0.32,-15.08,-3.));
#8458 = VECTOR('',#8459,1.);
#8459 = DIRECTION('',(1.,0.,0.));
#8460 = PLANE('',#8461);
#8461 = AXIS2_PLACEMENT_3D('',#8462,#8463,#8464);
#8462 = CARTESIAN_POINT('',(-0.32,-15.,-2.92));
#8463 = DIRECTION('',(-1.735167508357E-18,-0.707106781187,0.707106781187
    ));
#8464 = DIRECTION('',(-1.,1.226948711654E-18,-1.226948711654E-18));
#8465 = ADVANCED_FACE('',(#8466),#8484,.T.);
#8466 = FACE_BOUND('',#8467,.T.);
#8467 = EDGE_LOOP('',(#8468,#8476,#8477,#8478));
#8468 = ORIENTED_EDGE('',*,*,#8469,.F.);
#8469 = EDGE_CURVE('',#6934,#8470,#8472,.T.);
#8470 = VERTEX_POINT('',#8471);
#8471 = CARTESIAN_POINT('',(-0.16,-15.4,-3.));
#8472 = LINE('',#8473,#8474);
#8473 = CARTESIAN_POINT('',(-0.266666666667,-15.50666666666,
    -2.893333333333));
#8474 = VECTOR('',#8475,1.);
#8475 = DIRECTION('',(0.57735026919,0.57735026919,-0.57735026919));
#8476 = ORIENTED_EDGE('',*,*,#6941,.T.);
#8477 = ORIENTED_EDGE('',*,*,#8438,.T.);
#8478 = ORIENTED_EDGE('',*,*,#8479,.F.);
#8479 = EDGE_CURVE('',#8470,#8439,#8480,.T.);
#8480 = LINE('',#8481,#8482);
#8481 = CARTESIAN_POINT('',(-0.16,-15.56,-3.));
#8482 = VECTOR('',#8483,1.);
#8483 = DIRECTION('',(0.,1.,0.));
#8484 = PLANE('',#8485);
#8485 = AXIS2_PLACEMENT_3D('',#8486,#8487,#8488);
#8486 = CARTESIAN_POINT('',(-0.24,-15.56,-2.92));
#8487 = DIRECTION('',(-0.707106781187,-1.735167508357E-18,
    -0.707106781187));
#8488 = DIRECTION('',(-1.226948711654E-18,1.,-1.226948711654E-18));
#8489 = ADVANCED_FACE('',(#8490),#8508,.T.);
#8490 = FACE_BOUND('',#8491,.F.);
#8491 = EDGE_LOOP('',(#8492,#8493,#8494,#8502));
#8492 = ORIENTED_EDGE('',*,*,#8469,.F.);
#8493 = ORIENTED_EDGE('',*,*,#6965,.T.);
#8494 = ORIENTED_EDGE('',*,*,#8495,.T.);
#8495 = EDGE_CURVE('',#6958,#8496,#8498,.T.);
#8496 = VERTEX_POINT('',#8497);
#8497 = CARTESIAN_POINT('',(0.16,-15.4,-3.));
#8498 = LINE('',#8499,#8500);
#8499 = CARTESIAN_POINT('',(0.16,-15.4,-3.));
#8500 = VECTOR('',#8501,1.);
#8501 = DIRECTION('',(-0.57735026919,0.57735026919,-0.57735026919));
#8502 = ORIENTED_EDGE('',*,*,#8503,.F.);
#8503 = EDGE_CURVE('',#8470,#8496,#8504,.T.);
#8504 = LINE('',#8505,#8506);
#8505 = CARTESIAN_POINT('',(-0.32,-15.4,-3.));
#8506 = VECTOR('',#8507,1.);
#8507 = DIRECTION('',(1.,0.,0.));
#8508 = PLANE('',#8509);
#8509 = AXIS2_PLACEMENT_3D('',#8510,#8511,#8512);
#8510 = CARTESIAN_POINT('',(-0.32,-15.48,-2.92));
#8511 = DIRECTION('',(1.735167508357E-18,-0.707106781187,-0.707106781187
    ));
#8512 = DIRECTION('',(-1.,-1.226948711654E-18,-1.226948711654E-18));
#8513 = ADVANCED_FACE('',(#8514),#8525,.F.);
#8514 = FACE_BOUND('',#8515,.F.);
#8515 = EDGE_LOOP('',(#8516,#8517,#8518,#8519));
#8516 = ORIENTED_EDGE('',*,*,#8495,.F.);
#8517 = ORIENTED_EDGE('',*,*,#6982,.T.);
#8518 = ORIENTED_EDGE('',*,*,#8447,.T.);
#8519 = ORIENTED_EDGE('',*,*,#8520,.F.);
#8520 = EDGE_CURVE('',#8496,#8448,#8521,.T.);
#8521 = LINE('',#8522,#8523);
#8522 = CARTESIAN_POINT('',(0.16,-15.56,-3.));
#8523 = VECTOR('',#8524,1.);
#8524 = DIRECTION('',(0.,1.,0.));
#8525 = PLANE('',#8526);
#8526 = AXIS2_PLACEMENT_3D('',#8527,#8528,#8529);
#8527 = CARTESIAN_POINT('',(0.24,-15.56,-2.92));
#8528 = DIRECTION('',(-0.707106781187,1.735167508357E-18,0.707106781187)
  );
#8529 = DIRECTION('',(1.226948711654E-18,1.,-1.226948711654E-18));
#8530 = ADVANCED_FACE('',(#8531),#8556,.F.);
#8531 = FACE_BOUND('',#8532,.F.);
#8532 = EDGE_LOOP('',(#8533,#8541,#8542,#8550));
#8533 = ORIENTED_EDGE('',*,*,#8534,.F.);
#8534 = EDGE_CURVE('',#6999,#8535,#8537,.T.);
#8535 = VERTEX_POINT('',#8536);
#8536 = CARTESIAN_POINT('',(0.16,-7.78,-3.));
#8537 = LINE('',#8538,#8539);
#8538 = CARTESIAN_POINT('',(0.16,-7.78,-3.));
#8539 = VECTOR('',#8540,1.);
#8540 = DIRECTION('',(-0.57735026919,0.57735026919,-0.57735026919));
#8541 = ORIENTED_EDGE('',*,*,#7006,.T.);
#8542 = ORIENTED_EDGE('',*,*,#8543,.T.);
#8543 = EDGE_CURVE('',#7007,#8544,#8546,.T.);
#8544 = VERTEX_POINT('',#8545);
#8545 = CARTESIAN_POINT('',(0.16,-7.46,-3.));
#8546 = LINE('',#8547,#8548);
#8547 = CARTESIAN_POINT('',(5.333333333333E-02,-7.566666666667,
    -3.106666666667));
#8548 = VECTOR('',#8549,1.);
#8549 = DIRECTION('',(-0.57735026919,-0.57735026919,-0.57735026919));
#8550 = ORIENTED_EDGE('',*,*,#8551,.F.);
#8551 = EDGE_CURVE('',#8535,#8544,#8552,.T.);
#8552 = LINE('',#8553,#8554);
#8553 = CARTESIAN_POINT('',(0.16,-7.94,-3.));
#8554 = VECTOR('',#8555,1.);
#8555 = DIRECTION('',(0.,1.,0.));
#8556 = PLANE('',#8557);
#8557 = AXIS2_PLACEMENT_3D('',#8558,#8559,#8560);
#8558 = CARTESIAN_POINT('',(0.24,-7.94,-2.92));
#8559 = DIRECTION('',(-0.707106781187,1.735167508357E-18,0.707106781187)
  );
#8560 = DIRECTION('',(1.226948711654E-18,1.,-1.226948711654E-18));
#8561 = ADVANCED_FACE('',(#8562),#8580,.F.);
#8562 = FACE_BOUND('',#8563,.T.);
#8563 = EDGE_LOOP('',(#8564,#8572,#8573,#8574));
#8564 = ORIENTED_EDGE('',*,*,#8565,.F.);
#8565 = EDGE_CURVE('',#7031,#8566,#8568,.T.);
#8566 = VERTEX_POINT('',#8567);
#8567 = CARTESIAN_POINT('',(-0.16,-7.46,-3.));
#8568 = LINE('',#8569,#8570);
#8569 = CARTESIAN_POINT('',(-0.16,-7.46,-3.));
#8570 = VECTOR('',#8571,1.);
#8571 = DIRECTION('',(0.57735026919,-0.57735026919,-0.57735026919));
#8572 = ORIENTED_EDGE('',*,*,#7030,.T.);
#8573 = ORIENTED_EDGE('',*,*,#8543,.T.);
#8574 = ORIENTED_EDGE('',*,*,#8575,.F.);
#8575 = EDGE_CURVE('',#8566,#8544,#8576,.T.);
#8576 = LINE('',#8577,#8578);
#8577 = CARTESIAN_POINT('',(-0.32,-7.46,-3.));
#8578 = VECTOR('',#8579,1.);
#8579 = DIRECTION('',(1.,0.,0.));
#8580 = PLANE('',#8581);
#8581 = AXIS2_PLACEMENT_3D('',#8582,#8583,#8584);
#8582 = CARTESIAN_POINT('',(-0.32,-7.38,-2.92));
#8583 = DIRECTION('',(-1.735167508357E-18,-0.707106781187,0.707106781187
    ));
#8584 = DIRECTION('',(-1.,1.226948711654E-18,-1.226948711654E-18));
#8585 = ADVANCED_FACE('',(#8586),#8604,.T.);
#8586 = FACE_BOUND('',#8587,.T.);
#8587 = EDGE_LOOP('',(#8588,#8596,#8597,#8598));
#8588 = ORIENTED_EDGE('',*,*,#8589,.F.);
#8589 = EDGE_CURVE('',#7054,#8590,#8592,.T.);
#8590 = VERTEX_POINT('',#8591);
#8591 = CARTESIAN_POINT('',(-0.16,-7.78,-3.));
#8592 = LINE('',#8593,#8594);
#8593 = CARTESIAN_POINT('',(-0.266666666667,-7.886666666667,
    -2.893333333333));
#8594 = VECTOR('',#8595,1.);
#8595 = DIRECTION('',(0.57735026919,0.57735026919,-0.57735026919));
#8596 = ORIENTED_EDGE('',*,*,#7061,.T.);
#8597 = ORIENTED_EDGE('',*,*,#8565,.T.);
#8598 = ORIENTED_EDGE('',*,*,#8599,.F.);
#8599 = EDGE_CURVE('',#8590,#8566,#8600,.T.);
#8600 = LINE('',#8601,#8602);
#8601 = CARTESIAN_POINT('',(-0.16,-7.94,-3.));
#8602 = VECTOR('',#8603,1.);
#8603 = DIRECTION('',(0.,1.,0.));
#8604 = PLANE('',#8605);
#8605 = AXIS2_PLACEMENT_3D('',#8606,#8607,#8608);
#8606 = CARTESIAN_POINT('',(-0.24,-7.94,-2.92));
#8607 = DIRECTION('',(-0.707106781187,-1.735167508357E-18,
    -0.707106781187));
#8608 = DIRECTION('',(-1.226948711654E-18,1.,-1.226948711654E-18));
#8609 = ADVANCED_FACE('',(#8610),#8621,.T.);
#8610 = FACE_BOUND('',#8611,.F.);
#8611 = EDGE_LOOP('',(#8612,#8613,#8614,#8615));
#8612 = ORIENTED_EDGE('',*,*,#8589,.F.);
#8613 = ORIENTED_EDGE('',*,*,#7078,.T.);
#8614 = ORIENTED_EDGE('',*,*,#8534,.T.);
#8615 = ORIENTED_EDGE('',*,*,#8616,.F.);
#8616 = EDGE_CURVE('',#8590,#8535,#8617,.T.);
#8617 = LINE('',#8618,#8619);
#8618 = CARTESIAN_POINT('',(-0.32,-7.78,-3.));
#8619 = VECTOR('',#8620,1.);
#8620 = DIRECTION('',(1.,0.,0.));
#8621 = PLANE('',#8622);
#8622 = AXIS2_PLACEMENT_3D('',#8623,#8624,#8625);
#8623 = CARTESIAN_POINT('',(-0.32,-7.86,-2.92));
#8624 = DIRECTION('',(1.735167508357E-18,-0.707106781187,-0.707106781187
    ));
#8625 = DIRECTION('',(-1.,-1.226948711654E-18,-1.226948711654E-18));
#8626 = ADVANCED_FACE('',(#8627),#8652,.F.);
#8627 = FACE_BOUND('',#8628,.T.);
#8628 = EDGE_LOOP('',(#8629,#8637,#8638,#8646));
#8629 = ORIENTED_EDGE('',*,*,#8630,.F.);
#8630 = EDGE_CURVE('',#7103,#8631,#8633,.T.);
#8631 = VERTEX_POINT('',#8632);
#8632 = CARTESIAN_POINT('',(-0.16,-12.54,-3.));
#8633 = LINE('',#8634,#8635);
#8634 = CARTESIAN_POINT('',(-0.16,-12.54,-3.));
#8635 = VECTOR('',#8636,1.);
#8636 = DIRECTION('',(0.57735026919,-0.57735026919,-0.57735026919));
#8637 = ORIENTED_EDGE('',*,*,#7102,.T.);
#8638 = ORIENTED_EDGE('',*,*,#8639,.T.);
#8639 = EDGE_CURVE('',#7095,#8640,#8642,.T.);
#8640 = VERTEX_POINT('',#8641);
#8641 = CARTESIAN_POINT('',(0.16,-12.54,-3.));
#8642 = LINE('',#8643,#8644);
#8643 = CARTESIAN_POINT('',(5.333333333333E-02,-12.64666666666,
    -3.106666666667));
#8644 = VECTOR('',#8645,1.);
#8645 = DIRECTION('',(-0.57735026919,-0.57735026919,-0.57735026919));
#8646 = ORIENTED_EDGE('',*,*,#8647,.F.);
#8647 = EDGE_CURVE('',#8631,#8640,#8648,.T.);
#8648 = LINE('',#8649,#8650);
#8649 = CARTESIAN_POINT('',(-0.32,-12.54,-3.));
#8650 = VECTOR('',#8651,1.);
#8651 = DIRECTION('',(1.,0.,0.));
#8652 = PLANE('',#8653);
#8653 = AXIS2_PLACEMENT_3D('',#8654,#8655,#8656);
#8654 = CARTESIAN_POINT('',(-0.32,-12.46,-2.92));
#8655 = DIRECTION('',(-1.735167508357E-18,-0.707106781187,0.707106781187
    ));
#8656 = DIRECTION('',(-1.,1.226948711654E-18,-1.226948711654E-18));
#8657 = ADVANCED_FACE('',(#8658),#8676,.T.);
#8658 = FACE_BOUND('',#8659,.T.);
#8659 = EDGE_LOOP('',(#8660,#8668,#8669,#8670));
#8660 = ORIENTED_EDGE('',*,*,#8661,.F.);
#8661 = EDGE_CURVE('',#7126,#8662,#8664,.T.);
#8662 = VERTEX_POINT('',#8663);
#8663 = CARTESIAN_POINT('',(-0.16,-12.86,-3.));
#8664 = LINE('',#8665,#8666);
#8665 = CARTESIAN_POINT('',(-0.266666666667,-12.96666666666,
    -2.893333333333));
#8666 = VECTOR('',#8667,1.);
#8667 = DIRECTION('',(0.57735026919,0.57735026919,-0.57735026919));
#8668 = ORIENTED_EDGE('',*,*,#7133,.T.);
#8669 = ORIENTED_EDGE('',*,*,#8630,.T.);
#8670 = ORIENTED_EDGE('',*,*,#8671,.F.);
#8671 = EDGE_CURVE('',#8662,#8631,#8672,.T.);
#8672 = LINE('',#8673,#8674);
#8673 = CARTESIAN_POINT('',(-0.16,-13.02,-3.));
#8674 = VECTOR('',#8675,1.);
#8675 = DIRECTION('',(0.,1.,0.));
#8676 = PLANE('',#8677);
#8677 = AXIS2_PLACEMENT_3D('',#8678,#8679,#8680);
#8678 = CARTESIAN_POINT('',(-0.24,-13.02,-2.92));
#8679 = DIRECTION('',(-0.707106781187,-1.735167508357E-18,
    -0.707106781187));
#8680 = DIRECTION('',(-1.226948711654E-18,1.,-1.226948711654E-18));
#8681 = ADVANCED_FACE('',(#8682),#8700,.T.);
#8682 = FACE_BOUND('',#8683,.F.);
#8683 = EDGE_LOOP('',(#8684,#8685,#8686,#8694));
#8684 = ORIENTED_EDGE('',*,*,#8661,.F.);
#8685 = ORIENTED_EDGE('',*,*,#7157,.T.);
#8686 = ORIENTED_EDGE('',*,*,#8687,.T.);
#8687 = EDGE_CURVE('',#7150,#8688,#8690,.T.);
#8688 = VERTEX_POINT('',#8689);
#8689 = CARTESIAN_POINT('',(0.16,-12.86,-3.));
#8690 = LINE('',#8691,#8692);
#8691 = CARTESIAN_POINT('',(0.16,-12.86,-3.));
#8692 = VECTOR('',#8693,1.);
#8693 = DIRECTION('',(-0.57735026919,0.57735026919,-0.57735026919));
#8694 = ORIENTED_EDGE('',*,*,#8695,.F.);
#8695 = EDGE_CURVE('',#8662,#8688,#8696,.T.);
#8696 = LINE('',#8697,#8698);
#8697 = CARTESIAN_POINT('',(-0.32,-12.86,-3.));
#8698 = VECTOR('',#8699,1.);
#8699 = DIRECTION('',(1.,0.,0.));
#8700 = PLANE('',#8701);
#8701 = AXIS2_PLACEMENT_3D('',#8702,#8703,#8704);
#8702 = CARTESIAN_POINT('',(-0.32,-12.94,-2.92));
#8703 = DIRECTION('',(1.735167508357E-18,-0.707106781187,-0.707106781187
    ));
#8704 = DIRECTION('',(-1.,-1.226948711654E-18,-1.226948711654E-18));
#8705 = ADVANCED_FACE('',(#8706),#8717,.F.);
#8706 = FACE_BOUND('',#8707,.F.);
#8707 = EDGE_LOOP('',(#8708,#8709,#8710,#8711));
#8708 = ORIENTED_EDGE('',*,*,#8687,.F.);
#8709 = ORIENTED_EDGE('',*,*,#7174,.T.);
#8710 = ORIENTED_EDGE('',*,*,#8639,.T.);
#8711 = ORIENTED_EDGE('',*,*,#8712,.F.);
#8712 = EDGE_CURVE('',#8688,#8640,#8713,.T.);
#8713 = LINE('',#8714,#8715);
#8714 = CARTESIAN_POINT('',(0.16,-13.02,-3.));
#8715 = VECTOR('',#8716,1.);
#8716 = DIRECTION('',(0.,1.,0.));
#8717 = PLANE('',#8718);
#8718 = AXIS2_PLACEMENT_3D('',#8719,#8720,#8721);
#8719 = CARTESIAN_POINT('',(0.24,-13.02,-2.92));
#8720 = DIRECTION('',(-0.707106781187,1.735167508357E-18,0.707106781187)
  );
#8721 = DIRECTION('',(1.226948711654E-18,1.,-1.226948711654E-18));
#8722 = ADVANCED_FACE('',(#8723),#8748,.F.);
#8723 = FACE_BOUND('',#8724,.F.);
#8724 = EDGE_LOOP('',(#8725,#8733,#8734,#8742));
#8725 = ORIENTED_EDGE('',*,*,#8726,.F.);
#8726 = EDGE_CURVE('',#7191,#8727,#8729,.T.);
#8727 = VERTEX_POINT('',#8728);
#8728 = CARTESIAN_POINT('',(0.16,-10.32,-3.));
#8729 = LINE('',#8730,#8731);
#8730 = CARTESIAN_POINT('',(0.16,-10.32,-3.));
#8731 = VECTOR('',#8732,1.);
#8732 = DIRECTION('',(-0.57735026919,0.57735026919,-0.57735026919));
#8733 = ORIENTED_EDGE('',*,*,#7198,.T.);
#8734 = ORIENTED_EDGE('',*,*,#8735,.T.);
#8735 = EDGE_CURVE('',#7199,#8736,#8738,.T.);
#8736 = VERTEX_POINT('',#8737);
#8737 = CARTESIAN_POINT('',(0.16,-10.,-3.));
#8738 = LINE('',#8739,#8740);
#8739 = CARTESIAN_POINT('',(5.333333333333E-02,-10.10666666666,
    -3.106666666667));
#8740 = VECTOR('',#8741,1.);
#8741 = DIRECTION('',(-0.57735026919,-0.57735026919,-0.57735026919));
#8742 = ORIENTED_EDGE('',*,*,#8743,.F.);
#8743 = EDGE_CURVE('',#8727,#8736,#8744,.T.);
#8744 = LINE('',#8745,#8746);
#8745 = CARTESIAN_POINT('',(0.16,-10.48,-3.));
#8746 = VECTOR('',#8747,1.);
#8747 = DIRECTION('',(0.,1.,0.));
#8748 = PLANE('',#8749);
#8749 = AXIS2_PLACEMENT_3D('',#8750,#8751,#8752);
#8750 = CARTESIAN_POINT('',(0.24,-10.48,-2.92));
#8751 = DIRECTION('',(-0.707106781187,1.735167508357E-18,0.707106781187)
  );
#8752 = DIRECTION('',(1.226948711654E-18,1.,-1.226948711654E-18));
#8753 = ADVANCED_FACE('',(#8754),#8772,.F.);
#8754 = FACE_BOUND('',#8755,.T.);
#8755 = EDGE_LOOP('',(#8756,#8764,#8765,#8766));
#8756 = ORIENTED_EDGE('',*,*,#8757,.F.);
#8757 = EDGE_CURVE('',#7223,#8758,#8760,.T.);
#8758 = VERTEX_POINT('',#8759);
#8759 = CARTESIAN_POINT('',(-0.16,-10.,-3.));
#8760 = LINE('',#8761,#8762);
#8761 = CARTESIAN_POINT('',(-0.16,-10.,-3.));
#8762 = VECTOR('',#8763,1.);
#8763 = DIRECTION('',(0.57735026919,-0.57735026919,-0.57735026919));
#8764 = ORIENTED_EDGE('',*,*,#7222,.T.);
#8765 = ORIENTED_EDGE('',*,*,#8735,.T.);
#8766 = ORIENTED_EDGE('',*,*,#8767,.F.);
#8767 = EDGE_CURVE('',#8758,#8736,#8768,.T.);
#8768 = LINE('',#8769,#8770);
#8769 = CARTESIAN_POINT('',(-0.32,-10.,-3.));
#8770 = VECTOR('',#8771,1.);
#8771 = DIRECTION('',(1.,0.,0.));
#8772 = PLANE('',#8773);
#8773 = AXIS2_PLACEMENT_3D('',#8774,#8775,#8776);
#8774 = CARTESIAN_POINT('',(-0.32,-9.92,-2.92));
#8775 = DIRECTION('',(-1.735167508357E-18,-0.707106781187,0.707106781187
    ));
#8776 = DIRECTION('',(-1.,1.226948711654E-18,-1.226948711654E-18));
#8777 = ADVANCED_FACE('',(#8778),#8796,.T.);
#8778 = FACE_BOUND('',#8779,.T.);
#8779 = EDGE_LOOP('',(#8780,#8788,#8789,#8790));
#8780 = ORIENTED_EDGE('',*,*,#8781,.F.);
#8781 = EDGE_CURVE('',#7246,#8782,#8784,.T.);
#8782 = VERTEX_POINT('',#8783);
#8783 = CARTESIAN_POINT('',(-0.16,-10.32,-3.));
#8784 = LINE('',#8785,#8786);
#8785 = CARTESIAN_POINT('',(-0.266666666667,-10.42666666666,
    -2.893333333333));
#8786 = VECTOR('',#8787,1.);
#8787 = DIRECTION('',(0.57735026919,0.57735026919,-0.57735026919));
#8788 = ORIENTED_EDGE('',*,*,#7253,.T.);
#8789 = ORIENTED_EDGE('',*,*,#8757,.T.);
#8790 = ORIENTED_EDGE('',*,*,#8791,.F.);
#8791 = EDGE_CURVE('',#8782,#8758,#8792,.T.);
#8792 = LINE('',#8793,#8794);
#8793 = CARTESIAN_POINT('',(-0.16,-10.48,-3.));
#8794 = VECTOR('',#8795,1.);
#8795 = DIRECTION('',(0.,1.,0.));
#8796 = PLANE('',#8797);
#8797 = AXIS2_PLACEMENT_3D('',#8798,#8799,#8800);
#8798 = CARTESIAN_POINT('',(-0.24,-10.48,-2.92));
#8799 = DIRECTION('',(-0.707106781187,-1.735167508357E-18,
    -0.707106781187));
#8800 = DIRECTION('',(-1.226948711654E-18,1.,-1.226948711654E-18));
#8801 = ADVANCED_FACE('',(#8802),#8813,.T.);
#8802 = FACE_BOUND('',#8803,.F.);
#8803 = EDGE_LOOP('',(#8804,#8805,#8806,#8807));
#8804 = ORIENTED_EDGE('',*,*,#8781,.F.);
#8805 = ORIENTED_EDGE('',*,*,#7270,.T.);
#8806 = ORIENTED_EDGE('',*,*,#8726,.T.);
#8807 = ORIENTED_EDGE('',*,*,#8808,.F.);
#8808 = EDGE_CURVE('',#8782,#8727,#8809,.T.);
#8809 = LINE('',#8810,#8811);
#8810 = CARTESIAN_POINT('',(-0.32,-10.32,-3.));
#8811 = VECTOR('',#8812,1.);
#8812 = DIRECTION('',(1.,0.,0.));
#8813 = PLANE('',#8814);
#8814 = AXIS2_PLACEMENT_3D('',#8815,#8816,#8817);
#8815 = CARTESIAN_POINT('',(-0.32,-10.4,-2.92));
#8816 = DIRECTION('',(1.735167508357E-18,-0.707106781187,-0.707106781187
    ));
#8817 = DIRECTION('',(-1.,-1.226948711654E-18,-1.226948711654E-18));
#8818 = ADVANCED_FACE('',(#8819),#8844,.F.);
#8819 = FACE_BOUND('',#8820,.T.);
#8820 = EDGE_LOOP('',(#8821,#8829,#8830,#8838));
#8821 = ORIENTED_EDGE('',*,*,#8822,.F.);
#8822 = EDGE_CURVE('',#7295,#8823,#8825,.T.);
#8823 = VERTEX_POINT('',#8824);
#8824 = CARTESIAN_POINT('',(-0.16,-2.38,-3.));
#8825 = LINE('',#8826,#8827);
#8826 = CARTESIAN_POINT('',(-0.16,-2.38,-3.));
#8827 = VECTOR('',#8828,1.);
#8828 = DIRECTION('',(0.57735026919,-0.57735026919,-0.57735026919));
#8829 = ORIENTED_EDGE('',*,*,#7294,.T.);
#8830 = ORIENTED_EDGE('',*,*,#8831,.T.);
#8831 = EDGE_CURVE('',#7287,#8832,#8834,.T.);
#8832 = VERTEX_POINT('',#8833);
#8833 = CARTESIAN_POINT('',(0.16,-2.38,-3.));
#8834 = LINE('',#8835,#8836);
#8835 = CARTESIAN_POINT('',(5.333333333333E-02,-2.486666666667,
    -3.106666666667));
#8836 = VECTOR('',#8837,1.);
#8837 = DIRECTION('',(-0.57735026919,-0.57735026919,-0.57735026919));
#8838 = ORIENTED_EDGE('',*,*,#8839,.F.);
#8839 = EDGE_CURVE('',#8823,#8832,#8840,.T.);
#8840 = LINE('',#8841,#8842);
#8841 = CARTESIAN_POINT('',(-0.32,-2.38,-3.));
#8842 = VECTOR('',#8843,1.);
#8843 = DIRECTION('',(1.,0.,0.));
#8844 = PLANE('',#8845);
#8845 = AXIS2_PLACEMENT_3D('',#8846,#8847,#8848);
#8846 = CARTESIAN_POINT('',(-0.32,-2.3,-2.92));
#8847 = DIRECTION('',(-1.735167508357E-18,-0.707106781187,0.707106781187
    ));
#8848 = DIRECTION('',(-1.,1.226948711654E-18,-1.226948711654E-18));
#8849 = ADVANCED_FACE('',(#8850),#8868,.T.);
#8850 = FACE_BOUND('',#8851,.T.);
#8851 = EDGE_LOOP('',(#8852,#8860,#8861,#8862));
#8852 = ORIENTED_EDGE('',*,*,#8853,.F.);
#8853 = EDGE_CURVE('',#7318,#8854,#8856,.T.);
#8854 = VERTEX_POINT('',#8855);
#8855 = CARTESIAN_POINT('',(-0.16,-2.7,-3.));
#8856 = LINE('',#8857,#8858);
#8857 = CARTESIAN_POINT('',(-0.266666666667,-2.806666666667,
    -2.893333333333));
#8858 = VECTOR('',#8859,1.);
#8859 = DIRECTION('',(0.57735026919,0.57735026919,-0.57735026919));
#8860 = ORIENTED_EDGE('',*,*,#7325,.T.);
#8861 = ORIENTED_EDGE('',*,*,#8822,.T.);
#8862 = ORIENTED_EDGE('',*,*,#8863,.F.);
#8863 = EDGE_CURVE('',#8854,#8823,#8864,.T.);
#8864 = LINE('',#8865,#8866);
#8865 = CARTESIAN_POINT('',(-0.16,-2.86,-3.));
#8866 = VECTOR('',#8867,1.);
#8867 = DIRECTION('',(0.,1.,0.));
#8868 = PLANE('',#8869);
#8869 = AXIS2_PLACEMENT_3D('',#8870,#8871,#8872);
#8870 = CARTESIAN_POINT('',(-0.24,-2.86,-2.92));
#8871 = DIRECTION('',(-0.707106781187,-1.735167508357E-18,
    -0.707106781187));
#8872 = DIRECTION('',(-1.226948711654E-18,1.,-1.226948711654E-18));
#8873 = ADVANCED_FACE('',(#8874),#8892,.T.);
#8874 = FACE_BOUND('',#8875,.F.);
#8875 = EDGE_LOOP('',(#8876,#8877,#8878,#8886));
#8876 = ORIENTED_EDGE('',*,*,#8853,.F.);
#8877 = ORIENTED_EDGE('',*,*,#7349,.T.);
#8878 = ORIENTED_EDGE('',*,*,#8879,.T.);
#8879 = EDGE_CURVE('',#7342,#8880,#8882,.T.);
#8880 = VERTEX_POINT('',#8881);
#8881 = CARTESIAN_POINT('',(0.16,-2.7,-3.));
#8882 = LINE('',#8883,#8884);
#8883 = CARTESIAN_POINT('',(0.16,-2.7,-3.));
#8884 = VECTOR('',#8885,1.);
#8885 = DIRECTION('',(-0.57735026919,0.57735026919,-0.57735026919));
#8886 = ORIENTED_EDGE('',*,*,#8887,.F.);
#8887 = EDGE_CURVE('',#8854,#8880,#8888,.T.);
#8888 = LINE('',#8889,#8890);
#8889 = CARTESIAN_POINT('',(-0.32,-2.7,-3.));
#8890 = VECTOR('',#8891,1.);
#8891 = DIRECTION('',(1.,0.,0.));
#8892 = PLANE('',#8893);
#8893 = AXIS2_PLACEMENT_3D('',#8894,#8895,#8896);
#8894 = CARTESIAN_POINT('',(-0.32,-2.78,-2.92));
#8895 = DIRECTION('',(1.735167508357E-18,-0.707106781187,-0.707106781187
    ));
#8896 = DIRECTION('',(-1.,-1.226948711654E-18,-1.226948711654E-18));
#8897 = ADVANCED_FACE('',(#8898),#8909,.F.);
#8898 = FACE_BOUND('',#8899,.F.);
#8899 = EDGE_LOOP('',(#8900,#8901,#8902,#8903));
#8900 = ORIENTED_EDGE('',*,*,#8879,.F.);
#8901 = ORIENTED_EDGE('',*,*,#7366,.T.);
#8902 = ORIENTED_EDGE('',*,*,#8831,.T.);
#8903 = ORIENTED_EDGE('',*,*,#8904,.F.);
#8904 = EDGE_CURVE('',#8880,#8832,#8905,.T.);
#8905 = LINE('',#8906,#8907);
#8906 = CARTESIAN_POINT('',(0.16,-2.86,-3.));
#8907 = VECTOR('',#8908,1.);
#8908 = DIRECTION('',(0.,1.,0.));
#8909 = PLANE('',#8910);
#8910 = AXIS2_PLACEMENT_3D('',#8911,#8912,#8913);
#8911 = CARTESIAN_POINT('',(0.24,-2.86,-2.92));
#8912 = DIRECTION('',(-0.707106781187,1.735167508357E-18,0.707106781187)
  );
#8913 = DIRECTION('',(1.226948711654E-18,1.,-1.226948711654E-18));
#8914 = ADVANCED_FACE('',(#8915),#8940,.T.);
#8915 = FACE_BOUND('',#8916,.F.);
#8916 = EDGE_LOOP('',(#8917,#8925,#8926,#8934));
#8917 = ORIENTED_EDGE('',*,*,#8918,.F.);
#8918 = EDGE_CURVE('',#7391,#8919,#8921,.T.);
#8919 = VERTEX_POINT('',#8920);
#8920 = CARTESIAN_POINT('',(-0.16,-5.24,-3.));
#8921 = LINE('',#8922,#8923);
#8922 = CARTESIAN_POINT('',(-0.266666666667,-5.346666666667,
    -2.893333333333));
#8923 = VECTOR('',#8924,1.);
#8924 = DIRECTION('',(0.57735026919,0.57735026919,-0.57735026919));
#8925 = ORIENTED_EDGE('',*,*,#7390,.T.);
#8926 = ORIENTED_EDGE('',*,*,#8927,.T.);
#8927 = EDGE_CURVE('',#7383,#8928,#8930,.T.);
#8928 = VERTEX_POINT('',#8929);
#8929 = CARTESIAN_POINT('',(0.16,-5.24,-3.));
#8930 = LINE('',#8931,#8932);
#8931 = CARTESIAN_POINT('',(0.16,-5.24,-3.));
#8932 = VECTOR('',#8933,1.);
#8933 = DIRECTION('',(-0.57735026919,0.57735026919,-0.57735026919));
#8934 = ORIENTED_EDGE('',*,*,#8935,.F.);
#8935 = EDGE_CURVE('',#8919,#8928,#8936,.T.);
#8936 = LINE('',#8937,#8938);
#8937 = CARTESIAN_POINT('',(-0.32,-5.24,-3.));
#8938 = VECTOR('',#8939,1.);
#8939 = DIRECTION('',(1.,0.,0.));
#8940 = PLANE('',#8941);
#8941 = AXIS2_PLACEMENT_3D('',#8942,#8943,#8944);
#8942 = CARTESIAN_POINT('',(-0.32,-5.32,-2.92));
#8943 = DIRECTION('',(1.735167508357E-18,-0.707106781187,-0.707106781187
    ));
#8944 = DIRECTION('',(-1.,-1.226948711654E-18,-1.226948711654E-18));
#8945 = ADVANCED_FACE('',(#8946),#8964,.F.);
#8946 = FACE_BOUND('',#8947,.F.);
#8947 = EDGE_LOOP('',(#8948,#8949,#8950,#8958));
#8948 = ORIENTED_EDGE('',*,*,#8927,.F.);
#8949 = ORIENTED_EDGE('',*,*,#7414,.T.);
#8950 = ORIENTED_EDGE('',*,*,#8951,.T.);
#8951 = EDGE_CURVE('',#7415,#8952,#8954,.T.);
#8952 = VERTEX_POINT('',#8953);
#8953 = CARTESIAN_POINT('',(0.16,-4.92,-3.));
#8954 = LINE('',#8955,#8956);
#8955 = CARTESIAN_POINT('',(5.333333333333E-02,-5.026666666667,
    -3.106666666667));
#8956 = VECTOR('',#8957,1.);
#8957 = DIRECTION('',(-0.57735026919,-0.57735026919,-0.57735026919));
#8958 = ORIENTED_EDGE('',*,*,#8959,.F.);
#8959 = EDGE_CURVE('',#8928,#8952,#8960,.T.);
#8960 = LINE('',#8961,#8962);
#8961 = CARTESIAN_POINT('',(0.16,-5.4,-3.));
#8962 = VECTOR('',#8963,1.);
#8963 = DIRECTION('',(0.,1.,0.));
#8964 = PLANE('',#8965);
#8965 = AXIS2_PLACEMENT_3D('',#8966,#8967,#8968);
#8966 = CARTESIAN_POINT('',(0.24,-5.4,-2.92));
#8967 = DIRECTION('',(-0.707106781187,1.735167508357E-18,0.707106781187)
  );
#8968 = DIRECTION('',(1.226948711654E-18,1.,-1.226948711654E-18));
#8969 = ADVANCED_FACE('',(#8970),#8988,.F.);
#8970 = FACE_BOUND('',#8971,.T.);
#8971 = EDGE_LOOP('',(#8972,#8980,#8981,#8982));
#8972 = ORIENTED_EDGE('',*,*,#8973,.F.);
#8973 = EDGE_CURVE('',#7439,#8974,#8976,.T.);
#8974 = VERTEX_POINT('',#8975);
#8975 = CARTESIAN_POINT('',(-0.16,-4.92,-3.));
#8976 = LINE('',#8977,#8978);
#8977 = CARTESIAN_POINT('',(-0.16,-4.92,-3.));
#8978 = VECTOR('',#8979,1.);
#8979 = DIRECTION('',(0.57735026919,-0.57735026919,-0.57735026919));
#8980 = ORIENTED_EDGE('',*,*,#7438,.T.);
#8981 = ORIENTED_EDGE('',*,*,#8951,.T.);
#8982 = ORIENTED_EDGE('',*,*,#8983,.F.);
#8983 = EDGE_CURVE('',#8974,#8952,#8984,.T.);
#8984 = LINE('',#8985,#8986);
#8985 = CARTESIAN_POINT('',(-0.32,-4.92,-3.));
#8986 = VECTOR('',#8987,1.);
#8987 = DIRECTION('',(1.,0.,0.));
#8988 = PLANE('',#8989);
#8989 = AXIS2_PLACEMENT_3D('',#8990,#8991,#8992);
#8990 = CARTESIAN_POINT('',(-0.32,-4.84,-2.92));
#8991 = DIRECTION('',(-1.735167508357E-18,-0.707106781187,0.707106781187
    ));
#8992 = DIRECTION('',(-1.,1.226948711654E-18,-1.226948711654E-18));
#8993 = ADVANCED_FACE('',(#8994),#9005,.T.);
#8994 = FACE_BOUND('',#8995,.T.);
#8995 = EDGE_LOOP('',(#8996,#8997,#8998,#8999));
#8996 = ORIENTED_EDGE('',*,*,#8918,.F.);
#8997 = ORIENTED_EDGE('',*,*,#7462,.T.);
#8998 = ORIENTED_EDGE('',*,*,#8973,.T.);
#8999 = ORIENTED_EDGE('',*,*,#9000,.F.);
#9000 = EDGE_CURVE('',#8919,#8974,#9001,.T.);
#9001 = LINE('',#9002,#9003);
#9002 = CARTESIAN_POINT('',(-0.16,-5.4,-3.));
#9003 = VECTOR('',#9004,1.);
#9004 = DIRECTION('',(0.,1.,0.));
#9005 = PLANE('',#9006);
#9006 = AXIS2_PLACEMENT_3D('',#9007,#9008,#9009);
#9007 = CARTESIAN_POINT('',(-0.24,-5.4,-2.92));
#9008 = DIRECTION('',(-0.707106781187,-1.735167508357E-18,
    -0.707106781187));
#9009 = DIRECTION('',(-1.226948711654E-18,1.,-1.226948711654E-18));
#9010 = ADVANCED_FACE('',(#9011),#9036,.F.);
#9011 = FACE_BOUND('',#9012,.F.);
#9012 = EDGE_LOOP('',(#9013,#9021,#9022,#9030));
#9013 = ORIENTED_EDGE('',*,*,#9014,.F.);
#9014 = EDGE_CURVE('',#7479,#9015,#9017,.T.);
#9015 = VERTEX_POINT('',#9016);
#9016 = CARTESIAN_POINT('',(0.16,-0.16,-3.));
#9017 = LINE('',#9018,#9019);
#9018 = CARTESIAN_POINT('',(0.16,-0.16,-3.));
#9019 = VECTOR('',#9020,1.);
#9020 = DIRECTION('',(-0.57735026919,0.57735026919,-0.57735026919));
#9021 = ORIENTED_EDGE('',*,*,#7486,.T.);
#9022 = ORIENTED_EDGE('',*,*,#9023,.T.);
#9023 = EDGE_CURVE('',#7487,#9024,#9026,.T.);
#9024 = VERTEX_POINT('',#9025);
#9025 = CARTESIAN_POINT('',(0.16,0.16,-3.));
#9026 = LINE('',#9027,#9028);
#9027 = CARTESIAN_POINT('',(5.333333333333E-02,5.333333333333E-02,
    -3.106666666667));
#9028 = VECTOR('',#9029,1.);
#9029 = DIRECTION('',(-0.57735026919,-0.57735026919,-0.57735026919));
#9030 = ORIENTED_EDGE('',*,*,#9031,.F.);
#9031 = EDGE_CURVE('',#9015,#9024,#9032,.T.);
#9032 = LINE('',#9033,#9034);
#9033 = CARTESIAN_POINT('',(0.16,-0.32,-3.));
#9034 = VECTOR('',#9035,1.);
#9035 = DIRECTION('',(0.,1.,0.));
#9036 = PLANE('',#9037);
#9037 = AXIS2_PLACEMENT_3D('',#9038,#9039,#9040);
#9038 = CARTESIAN_POINT('',(0.24,-0.32,-2.92));
#9039 = DIRECTION('',(-0.707106781187,1.735167508357E-18,0.707106781187)
  );
#9040 = DIRECTION('',(1.226948711654E-18,1.,-1.226948711654E-18));
#9041 = ADVANCED_FACE('',(#9042),#9060,.F.);
#9042 = FACE_BOUND('',#9043,.T.);
#9043 = EDGE_LOOP('',(#9044,#9052,#9053,#9054));
#9044 = ORIENTED_EDGE('',*,*,#9045,.F.);
#9045 = EDGE_CURVE('',#7511,#9046,#9048,.T.);
#9046 = VERTEX_POINT('',#9047);
#9047 = CARTESIAN_POINT('',(-0.16,0.16,-3.));
#9048 = LINE('',#9049,#9050);
#9049 = CARTESIAN_POINT('',(-0.16,0.16,-3.));
#9050 = VECTOR('',#9051,1.);
#9051 = DIRECTION('',(0.57735026919,-0.57735026919,-0.57735026919));
#9052 = ORIENTED_EDGE('',*,*,#7510,.T.);
#9053 = ORIENTED_EDGE('',*,*,#9023,.T.);
#9054 = ORIENTED_EDGE('',*,*,#9055,.F.);
#9055 = EDGE_CURVE('',#9046,#9024,#9056,.T.);
#9056 = LINE('',#9057,#9058);
#9057 = CARTESIAN_POINT('',(-0.32,0.16,-3.));
#9058 = VECTOR('',#9059,1.);
#9059 = DIRECTION('',(1.,0.,0.));
#9060 = PLANE('',#9061);
#9061 = AXIS2_PLACEMENT_3D('',#9062,#9063,#9064);
#9062 = CARTESIAN_POINT('',(-0.32,0.24,-2.92));
#9063 = DIRECTION('',(-1.735167508357E-18,-0.707106781187,0.707106781187
    ));
#9064 = DIRECTION('',(-1.,1.226948711654E-18,-1.226948711654E-18));
#9065 = ADVANCED_FACE('',(#9066),#9084,.T.);
#9066 = FACE_BOUND('',#9067,.T.);
#9067 = EDGE_LOOP('',(#9068,#9076,#9077,#9078));
#9068 = ORIENTED_EDGE('',*,*,#9069,.F.);
#9069 = EDGE_CURVE('',#7534,#9070,#9072,.T.);
#9070 = VERTEX_POINT('',#9071);
#9071 = CARTESIAN_POINT('',(-0.16,-0.16,-3.));
#9072 = LINE('',#9073,#9074);
#9073 = CARTESIAN_POINT('',(-0.266666666667,-0.266666666667,
    -2.893333333333));
#9074 = VECTOR('',#9075,1.);
#9075 = DIRECTION('',(0.57735026919,0.57735026919,-0.57735026919));
#9076 = ORIENTED_EDGE('',*,*,#7541,.T.);
#9077 = ORIENTED_EDGE('',*,*,#9045,.T.);
#9078 = ORIENTED_EDGE('',*,*,#9079,.F.);
#9079 = EDGE_CURVE('',#9070,#9046,#9080,.T.);
#9080 = LINE('',#9081,#9082);
#9081 = CARTESIAN_POINT('',(-0.16,-0.32,-3.));
#9082 = VECTOR('',#9083,1.);
#9083 = DIRECTION('',(0.,1.,0.));
#9084 = PLANE('',#9085);
#9085 = AXIS2_PLACEMENT_3D('',#9086,#9087,#9088);
#9086 = CARTESIAN_POINT('',(-0.24,-0.32,-2.92));
#9087 = DIRECTION('',(-0.707106781187,-1.735167508357E-18,
    -0.707106781187));
#9088 = DIRECTION('',(-1.226948711654E-18,1.,-1.226948711654E-18));
#9089 = ADVANCED_FACE('',(#9090),#9101,.T.);
#9090 = FACE_BOUND('',#9091,.F.);
#9091 = EDGE_LOOP('',(#9092,#9093,#9094,#9095));
#9092 = ORIENTED_EDGE('',*,*,#9069,.F.);
#9093 = ORIENTED_EDGE('',*,*,#7558,.T.);
#9094 = ORIENTED_EDGE('',*,*,#9014,.T.);
#9095 = ORIENTED_EDGE('',*,*,#9096,.F.);
#9096 = EDGE_CURVE('',#9070,#9015,#9097,.T.);
#9097 = LINE('',#9098,#9099);
#9098 = CARTESIAN_POINT('',(-0.32,-0.16,-3.));
#9099 = VECTOR('',#9100,1.);
#9100 = DIRECTION('',(1.,0.,0.));
#9101 = PLANE('',#9102);
#9102 = AXIS2_PLACEMENT_3D('',#9103,#9104,#9105);
#9103 = CARTESIAN_POINT('',(-0.32,-0.24,-2.92));
#9104 = DIRECTION('',(1.735167508357E-18,-0.707106781187,-0.707106781187
    ));
#9105 = DIRECTION('',(-1.,-1.226948711654E-18,-1.226948711654E-18));
#9106 = ADVANCED_FACE('',(#9107),#9132,.F.);
#9107 = FACE_BOUND('',#9108,.T.);
#9108 = EDGE_LOOP('',(#9109,#9117,#9118,#9126));
#9109 = ORIENTED_EDGE('',*,*,#9110,.F.);
#9110 = EDGE_CURVE('',#7584,#9111,#9113,.T.);
#9111 = VERTEX_POINT('',#9112);
#9112 = CARTESIAN_POINT('',(-0.16,-17.94,8.54));
#9113 = LINE('',#9114,#9115);
#9114 = CARTESIAN_POINT('',(-0.266666666667,-18.04666666666,
    8.433333333333));
#9115 = VECTOR('',#9116,1.);
#9116 = DIRECTION('',(0.57735026919,0.57735026919,0.57735026919));
#9117 = ORIENTED_EDGE('',*,*,#7591,.T.);
#9118 = ORIENTED_EDGE('',*,*,#9119,.T.);
#9119 = EDGE_CURVE('',#7575,#9120,#9122,.T.);
#9120 = VERTEX_POINT('',#9121);
#9121 = CARTESIAN_POINT('',(0.16,-17.94,8.54));
#9122 = LINE('',#9123,#9124);
#9123 = CARTESIAN_POINT('',(0.16,-17.94,8.54));
#9124 = VECTOR('',#9125,1.);
#9125 = DIRECTION('',(-0.57735026919,0.57735026919,0.57735026919));
#9126 = ORIENTED_EDGE('',*,*,#9127,.F.);
#9127 = EDGE_CURVE('',#9111,#9120,#9128,.T.);
#9128 = LINE('',#9129,#9130);
#9129 = CARTESIAN_POINT('',(-0.32,-17.94,8.54));
#9130 = VECTOR('',#9131,1.);
#9131 = DIRECTION('',(1.,0.,0.));
#9132 = PLANE('',#9133);
#9133 = AXIS2_PLACEMENT_3D('',#9134,#9135,#9136);
#9134 = CARTESIAN_POINT('',(-0.32,-18.02,8.46));
#9135 = DIRECTION('',(-1.735167508357E-18,0.707106781187,-0.707106781187
    ));
#9136 = DIRECTION('',(-1.,-1.226948711654E-18,1.226948711654E-18));
#9137 = ADVANCED_FACE('',(#9138),#9156,.T.);
#9138 = FACE_BOUND('',#9139,.T.);
#9139 = EDGE_LOOP('',(#9140,#9141,#9142,#9150));
#9140 = ORIENTED_EDGE('',*,*,#9119,.F.);
#9141 = ORIENTED_EDGE('',*,*,#7615,.T.);
#9142 = ORIENTED_EDGE('',*,*,#9143,.T.);
#9143 = EDGE_CURVE('',#7608,#9144,#9146,.T.);
#9144 = VERTEX_POINT('',#9145);
#9145 = CARTESIAN_POINT('',(0.16,-17.62,8.54));
#9146 = LINE('',#9147,#9148);
#9147 = CARTESIAN_POINT('',(5.333333333333E-02,-17.72666666666,
    8.646666666667));
#9148 = VECTOR('',#9149,1.);
#9149 = DIRECTION('',(-0.57735026919,-0.57735026919,0.57735026919));
#9150 = ORIENTED_EDGE('',*,*,#9151,.F.);
#9151 = EDGE_CURVE('',#9120,#9144,#9152,.T.);
#9152 = LINE('',#9153,#9154);
#9153 = CARTESIAN_POINT('',(0.16,-18.1,8.54));
#9154 = VECTOR('',#9155,1.);
#9155 = DIRECTION('',(0.,1.,0.));
#9156 = PLANE('',#9157);
#9157 = AXIS2_PLACEMENT_3D('',#9158,#9159,#9160);
#9158 = CARTESIAN_POINT('',(0.24,-18.1,8.46));
#9159 = DIRECTION('',(0.707106781187,-1.735167508357E-18,0.707106781187)
  );
#9160 = DIRECTION('',(1.226948711654E-18,1.,1.226948711654E-18));
#9161 = ADVANCED_FACE('',(#9162),#9180,.T.);
#9162 = FACE_BOUND('',#9163,.F.);
#9163 = EDGE_LOOP('',(#9164,#9172,#9173,#9174));
#9164 = ORIENTED_EDGE('',*,*,#9165,.F.);
#9165 = EDGE_CURVE('',#7632,#9166,#9168,.T.);
#9166 = VERTEX_POINT('',#9167);
#9167 = CARTESIAN_POINT('',(-0.16,-17.62,8.54));
#9168 = LINE('',#9169,#9170);
#9169 = CARTESIAN_POINT('',(-0.16,-17.62,8.54));
#9170 = VECTOR('',#9171,1.);
#9171 = DIRECTION('',(0.57735026919,-0.57735026919,0.57735026919));
#9172 = ORIENTED_EDGE('',*,*,#7639,.T.);
#9173 = ORIENTED_EDGE('',*,*,#9143,.T.);
#9174 = ORIENTED_EDGE('',*,*,#9175,.F.);
#9175 = EDGE_CURVE('',#9166,#9144,#9176,.T.);
#9176 = LINE('',#9177,#9178);
#9177 = CARTESIAN_POINT('',(-0.32,-17.62,8.54));
#9178 = VECTOR('',#9179,1.);
#9179 = DIRECTION('',(1.,0.,0.));
#9180 = PLANE('',#9181);
#9181 = AXIS2_PLACEMENT_3D('',#9182,#9183,#9184);
#9182 = CARTESIAN_POINT('',(-0.32,-17.54,8.46));
#9183 = DIRECTION('',(1.735167508357E-18,0.707106781187,0.707106781187)
  );
#9184 = DIRECTION('',(-1.,1.226948711654E-18,1.226948711654E-18));
#9185 = ADVANCED_FACE('',(#9186),#9197,.F.);
#9186 = FACE_BOUND('',#9187,.F.);
#9187 = EDGE_LOOP('',(#9188,#9189,#9190,#9191));
#9188 = ORIENTED_EDGE('',*,*,#9110,.F.);
#9189 = ORIENTED_EDGE('',*,*,#7656,.T.);
#9190 = ORIENTED_EDGE('',*,*,#9165,.T.);
#9191 = ORIENTED_EDGE('',*,*,#9192,.F.);
#9192 = EDGE_CURVE('',#9111,#9166,#9193,.T.);
#9193 = LINE('',#9194,#9195);
#9194 = CARTESIAN_POINT('',(-0.16,-18.1,8.54));
#9195 = VECTOR('',#9196,1.);
#9196 = DIRECTION('',(0.,1.,0.));
#9197 = PLANE('',#9198);
#9198 = AXIS2_PLACEMENT_3D('',#9199,#9200,#9201);
#9199 = CARTESIAN_POINT('',(-0.24,-18.1,8.46));
#9200 = DIRECTION('',(0.707106781187,1.735167508357E-18,-0.707106781187)
  );
#9201 = DIRECTION('',(-1.226948711654E-18,1.,1.226948711654E-18));
#9202 = ADVANCED_FACE('',(#9203),#9228,.T.);
#9203 = FACE_BOUND('',#9204,.F.);
#9204 = EDGE_LOOP('',(#9205,#9213,#9214,#9222));
#9205 = ORIENTED_EDGE('',*,*,#9206,.F.);
#9206 = EDGE_CURVE('',#7680,#9207,#9209,.T.);
#9207 = VERTEX_POINT('',#9208);
#9208 = CARTESIAN_POINT('',(-0.16,-15.08,8.54));
#9209 = LINE('',#9210,#9211);
#9210 = CARTESIAN_POINT('',(-0.16,-15.08,8.54));
#9211 = VECTOR('',#9212,1.);
#9212 = DIRECTION('',(0.57735026919,-0.57735026919,0.57735026919));
#9213 = ORIENTED_EDGE('',*,*,#7687,.T.);
#9214 = ORIENTED_EDGE('',*,*,#9215,.T.);
#9215 = EDGE_CURVE('',#7671,#9216,#9218,.T.);
#9216 = VERTEX_POINT('',#9217);
#9217 = CARTESIAN_POINT('',(0.16,-15.08,8.54));
#9218 = LINE('',#9219,#9220);
#9219 = CARTESIAN_POINT('',(5.333333333333E-02,-15.18666666666,
    8.646666666667));
#9220 = VECTOR('',#9221,1.);
#9221 = DIRECTION('',(-0.57735026919,-0.57735026919,0.57735026919));
#9222 = ORIENTED_EDGE('',*,*,#9223,.F.);
#9223 = EDGE_CURVE('',#9207,#9216,#9224,.T.);
#9224 = LINE('',#9225,#9226);
#9225 = CARTESIAN_POINT('',(-0.32,-15.08,8.54));
#9226 = VECTOR('',#9227,1.);
#9227 = DIRECTION('',(1.,0.,0.));
#9228 = PLANE('',#9229);
#9229 = AXIS2_PLACEMENT_3D('',#9230,#9231,#9232);
#9230 = CARTESIAN_POINT('',(-0.32,-15.,8.46));
#9231 = DIRECTION('',(1.735167508357E-18,0.707106781187,0.707106781187)
  );
#9232 = DIRECTION('',(-1.,1.226948711654E-18,1.226948711654E-18));
#9233 = ADVANCED_FACE('',(#9234),#9252,.F.);
#9234 = FACE_BOUND('',#9235,.F.);
#9235 = EDGE_LOOP('',(#9236,#9244,#9245,#9246));
#9236 = ORIENTED_EDGE('',*,*,#9237,.F.);
#9237 = EDGE_CURVE('',#7702,#9238,#9240,.T.);
#9238 = VERTEX_POINT('',#9239);
#9239 = CARTESIAN_POINT('',(-0.16,-15.4,8.54));
#9240 = LINE('',#9241,#9242);
#9241 = CARTESIAN_POINT('',(-0.266666666667,-15.50666666666,
    8.433333333333));
#9242 = VECTOR('',#9243,1.);
#9243 = DIRECTION('',(0.57735026919,0.57735026919,0.57735026919));
#9244 = ORIENTED_EDGE('',*,*,#7711,.T.);
#9245 = ORIENTED_EDGE('',*,*,#9206,.T.);
#9246 = ORIENTED_EDGE('',*,*,#9247,.F.);
#9247 = EDGE_CURVE('',#9238,#9207,#9248,.T.);
#9248 = LINE('',#9249,#9250);
#9249 = CARTESIAN_POINT('',(-0.16,-15.56,8.54));
#9250 = VECTOR('',#9251,1.);
#9251 = DIRECTION('',(0.,1.,0.));
#9252 = PLANE('',#9253);
#9253 = AXIS2_PLACEMENT_3D('',#9254,#9255,#9256);
#9254 = CARTESIAN_POINT('',(-0.24,-15.56,8.46));
#9255 = DIRECTION('',(0.707106781187,1.735167508357E-18,-0.707106781187)
  );
#9256 = DIRECTION('',(-1.226948711654E-18,1.,1.226948711654E-18));
#9257 = ADVANCED_FACE('',(#9258),#9276,.F.);
#9258 = FACE_BOUND('',#9259,.T.);
#9259 = EDGE_LOOP('',(#9260,#9261,#9262,#9270));
#9260 = ORIENTED_EDGE('',*,*,#9237,.F.);
#9261 = ORIENTED_EDGE('',*,*,#7735,.T.);
#9262 = ORIENTED_EDGE('',*,*,#9263,.T.);
#9263 = EDGE_CURVE('',#7726,#9264,#9266,.T.);
#9264 = VERTEX_POINT('',#9265);
#9265 = CARTESIAN_POINT('',(0.16,-15.4,8.54));
#9266 = LINE('',#9267,#9268);
#9267 = CARTESIAN_POINT('',(0.16,-15.4,8.54));
#9268 = VECTOR('',#9269,1.);
#9269 = DIRECTION('',(-0.57735026919,0.57735026919,0.57735026919));
#9270 = ORIENTED_EDGE('',*,*,#9271,.F.);
#9271 = EDGE_CURVE('',#9238,#9264,#9272,.T.);
#9272 = LINE('',#9273,#9274);
#9273 = CARTESIAN_POINT('',(-0.32,-15.4,8.54));
#9274 = VECTOR('',#9275,1.);
#9275 = DIRECTION('',(1.,0.,0.));
#9276 = PLANE('',#9277);
#9277 = AXIS2_PLACEMENT_3D('',#9278,#9279,#9280);
#9278 = CARTESIAN_POINT('',(-0.32,-15.48,8.46));
#9279 = DIRECTION('',(-1.735167508357E-18,0.707106781187,-0.707106781187
    ));
#9280 = DIRECTION('',(-1.,-1.226948711654E-18,1.226948711654E-18));
#9281 = ADVANCED_FACE('',(#9282),#9293,.T.);
#9282 = FACE_BOUND('',#9283,.T.);
#9283 = EDGE_LOOP('',(#9284,#9285,#9286,#9287));
#9284 = ORIENTED_EDGE('',*,*,#9263,.F.);
#9285 = ORIENTED_EDGE('',*,*,#7752,.T.);
#9286 = ORIENTED_EDGE('',*,*,#9215,.T.);
#9287 = ORIENTED_EDGE('',*,*,#9288,.F.);
#9288 = EDGE_CURVE('',#9264,#9216,#9289,.T.);
#9289 = LINE('',#9290,#9291);
#9290 = CARTESIAN_POINT('',(0.16,-15.56,8.54));
#9291 = VECTOR('',#9292,1.);
#9292 = DIRECTION('',(0.,1.,0.));
#9293 = PLANE('',#9294);
#9294 = AXIS2_PLACEMENT_3D('',#9295,#9296,#9297);
#9295 = CARTESIAN_POINT('',(0.24,-15.56,8.46));
#9296 = DIRECTION('',(0.707106781187,-1.735167508357E-18,0.707106781187)
  );
#9297 = DIRECTION('',(1.226948711654E-18,1.,1.226948711654E-18));
#9298 = ADVANCED_FACE('',(#9299),#9324,.T.);
#9299 = FACE_BOUND('',#9300,.T.);
#9300 = EDGE_LOOP('',(#9301,#9309,#9310,#9318));
#9301 = ORIENTED_EDGE('',*,*,#9302,.F.);
#9302 = EDGE_CURVE('',#7767,#9303,#9305,.T.);
#9303 = VERTEX_POINT('',#9304);
#9304 = CARTESIAN_POINT('',(0.16,-7.78,8.54));
#9305 = LINE('',#9306,#9307);
#9306 = CARTESIAN_POINT('',(0.16,-7.78,8.54));
#9307 = VECTOR('',#9308,1.);
#9308 = DIRECTION('',(-0.57735026919,0.57735026919,0.57735026919));
#9309 = ORIENTED_EDGE('',*,*,#7783,.T.);
#9310 = ORIENTED_EDGE('',*,*,#9311,.T.);
#9311 = EDGE_CURVE('',#7776,#9312,#9314,.T.);
#9312 = VERTEX_POINT('',#9313);
#9313 = CARTESIAN_POINT('',(0.16,-7.46,8.54));
#9314 = LINE('',#9315,#9316);
#9315 = CARTESIAN_POINT('',(5.333333333333E-02,-7.566666666667,
    8.646666666667));
#9316 = VECTOR('',#9317,1.);
#9317 = DIRECTION('',(-0.57735026919,-0.57735026919,0.57735026919));
#9318 = ORIENTED_EDGE('',*,*,#9319,.F.);
#9319 = EDGE_CURVE('',#9303,#9312,#9320,.T.);
#9320 = LINE('',#9321,#9322);
#9321 = CARTESIAN_POINT('',(0.16,-7.94,8.54));
#9322 = VECTOR('',#9323,1.);
#9323 = DIRECTION('',(0.,1.,0.));
#9324 = PLANE('',#9325);
#9325 = AXIS2_PLACEMENT_3D('',#9326,#9327,#9328);
#9326 = CARTESIAN_POINT('',(0.24,-7.94,8.46));
#9327 = DIRECTION('',(0.707106781187,-1.735167508357E-18,0.707106781187)
  );
#9328 = DIRECTION('',(1.226948711654E-18,1.,1.226948711654E-18));
#9329 = ADVANCED_FACE('',(#9330),#9348,.T.);
#9330 = FACE_BOUND('',#9331,.F.);
#9331 = EDGE_LOOP('',(#9332,#9340,#9341,#9342));
#9332 = ORIENTED_EDGE('',*,*,#9333,.F.);
#9333 = EDGE_CURVE('',#7800,#9334,#9336,.T.);
#9334 = VERTEX_POINT('',#9335);
#9335 = CARTESIAN_POINT('',(-0.16,-7.46,8.54));
#9336 = LINE('',#9337,#9338);
#9337 = CARTESIAN_POINT('',(-0.16,-7.46,8.54));
#9338 = VECTOR('',#9339,1.);
#9339 = DIRECTION('',(0.57735026919,-0.57735026919,0.57735026919));
#9340 = ORIENTED_EDGE('',*,*,#7807,.T.);
#9341 = ORIENTED_EDGE('',*,*,#9311,.T.);
#9342 = ORIENTED_EDGE('',*,*,#9343,.F.);
#9343 = EDGE_CURVE('',#9334,#9312,#9344,.T.);
#9344 = LINE('',#9345,#9346);
#9345 = CARTESIAN_POINT('',(-0.32,-7.46,8.54));
#9346 = VECTOR('',#9347,1.);
#9347 = DIRECTION('',(1.,0.,0.));
#9348 = PLANE('',#9349);
#9349 = AXIS2_PLACEMENT_3D('',#9350,#9351,#9352);
#9350 = CARTESIAN_POINT('',(-0.32,-7.38,8.46));
#9351 = DIRECTION('',(1.735167508357E-18,0.707106781187,0.707106781187)
  );
#9352 = DIRECTION('',(-1.,1.226948711654E-18,1.226948711654E-18));
#9353 = ADVANCED_FACE('',(#9354),#9372,.F.);
#9354 = FACE_BOUND('',#9355,.F.);
#9355 = EDGE_LOOP('',(#9356,#9364,#9365,#9366));
#9356 = ORIENTED_EDGE('',*,*,#9357,.F.);
#9357 = EDGE_CURVE('',#7822,#9358,#9360,.T.);
#9358 = VERTEX_POINT('',#9359);
#9359 = CARTESIAN_POINT('',(-0.16,-7.78,8.54));
#9360 = LINE('',#9361,#9362);
#9361 = CARTESIAN_POINT('',(-0.266666666667,-7.886666666667,
    8.433333333333));
#9362 = VECTOR('',#9363,1.);
#9363 = DIRECTION('',(0.57735026919,0.57735026919,0.57735026919));
#9364 = ORIENTED_EDGE('',*,*,#7831,.T.);
#9365 = ORIENTED_EDGE('',*,*,#9333,.T.);
#9366 = ORIENTED_EDGE('',*,*,#9367,.F.);
#9367 = EDGE_CURVE('',#9358,#9334,#9368,.T.);
#9368 = LINE('',#9369,#9370);
#9369 = CARTESIAN_POINT('',(-0.16,-7.94,8.54));
#9370 = VECTOR('',#9371,1.);
#9371 = DIRECTION('',(0.,1.,0.));
#9372 = PLANE('',#9373);
#9373 = AXIS2_PLACEMENT_3D('',#9374,#9375,#9376);
#9374 = CARTESIAN_POINT('',(-0.24,-7.94,8.46));
#9375 = DIRECTION('',(0.707106781187,1.735167508357E-18,-0.707106781187)
  );
#9376 = DIRECTION('',(-1.226948711654E-18,1.,1.226948711654E-18));
#9377 = ADVANCED_FACE('',(#9378),#9389,.F.);
#9378 = FACE_BOUND('',#9379,.T.);
#9379 = EDGE_LOOP('',(#9380,#9381,#9382,#9383));
#9380 = ORIENTED_EDGE('',*,*,#9357,.F.);
#9381 = ORIENTED_EDGE('',*,*,#7848,.T.);
#9382 = ORIENTED_EDGE('',*,*,#9302,.T.);
#9383 = ORIENTED_EDGE('',*,*,#9384,.F.);
#9384 = EDGE_CURVE('',#9358,#9303,#9385,.T.);
#9385 = LINE('',#9386,#9387);
#9386 = CARTESIAN_POINT('',(-0.32,-7.78,8.54));
#9387 = VECTOR('',#9388,1.);
#9388 = DIRECTION('',(1.,0.,0.));
#9389 = PLANE('',#9390);
#9390 = AXIS2_PLACEMENT_3D('',#9391,#9392,#9393);
#9391 = CARTESIAN_POINT('',(-0.32,-7.86,8.46));
#9392 = DIRECTION('',(-1.735167508357E-18,0.707106781187,-0.707106781187
    ));
#9393 = DIRECTION('',(-1.,-1.226948711654E-18,1.226948711654E-18));
#9394 = ADVANCED_FACE('',(#9395),#9420,.T.);
#9395 = FACE_BOUND('',#9396,.F.);
#9396 = EDGE_LOOP('',(#9397,#9405,#9406,#9414));
#9397 = ORIENTED_EDGE('',*,*,#9398,.F.);
#9398 = EDGE_CURVE('',#7872,#9399,#9401,.T.);
#9399 = VERTEX_POINT('',#9400);
#9400 = CARTESIAN_POINT('',(-0.16,-12.54,8.54));
#9401 = LINE('',#9402,#9403);
#9402 = CARTESIAN_POINT('',(-0.16,-12.54,8.54));
#9403 = VECTOR('',#9404,1.);
#9404 = DIRECTION('',(0.57735026919,-0.57735026919,0.57735026919));
#9405 = ORIENTED_EDGE('',*,*,#7879,.T.);
#9406 = ORIENTED_EDGE('',*,*,#9407,.T.);
#9407 = EDGE_CURVE('',#7863,#9408,#9410,.T.);
#9408 = VERTEX_POINT('',#9409);
#9409 = CARTESIAN_POINT('',(0.16,-12.54,8.54));
#9410 = LINE('',#9411,#9412);
#9411 = CARTESIAN_POINT('',(5.333333333333E-02,-12.64666666666,
    8.646666666667));
#9412 = VECTOR('',#9413,1.);
#9413 = DIRECTION('',(-0.57735026919,-0.57735026919,0.57735026919));
#9414 = ORIENTED_EDGE('',*,*,#9415,.F.);
#9415 = EDGE_CURVE('',#9399,#9408,#9416,.T.);
#9416 = LINE('',#9417,#9418);
#9417 = CARTESIAN_POINT('',(-0.32,-12.54,8.54));
#9418 = VECTOR('',#9419,1.);
#9419 = DIRECTION('',(1.,0.,0.));
#9420 = PLANE('',#9421);
#9421 = AXIS2_PLACEMENT_3D('',#9422,#9423,#9424);
#9422 = CARTESIAN_POINT('',(-0.32,-12.46,8.46));
#9423 = DIRECTION('',(1.735167508357E-18,0.707106781187,0.707106781187)
  );
#9424 = DIRECTION('',(-1.,1.226948711654E-18,1.226948711654E-18));
#9425 = ADVANCED_FACE('',(#9426),#9444,.F.);
#9426 = FACE_BOUND('',#9427,.F.);
#9427 = EDGE_LOOP('',(#9428,#9436,#9437,#9438));
#9428 = ORIENTED_EDGE('',*,*,#9429,.F.);
#9429 = EDGE_CURVE('',#7894,#9430,#9432,.T.);
#9430 = VERTEX_POINT('',#9431);
#9431 = CARTESIAN_POINT('',(-0.16,-12.86,8.54));
#9432 = LINE('',#9433,#9434);
#9433 = CARTESIAN_POINT('',(-0.266666666667,-12.96666666666,
    8.433333333333));
#9434 = VECTOR('',#9435,1.);
#9435 = DIRECTION('',(0.57735026919,0.57735026919,0.57735026919));
#9436 = ORIENTED_EDGE('',*,*,#7903,.T.);
#9437 = ORIENTED_EDGE('',*,*,#9398,.T.);
#9438 = ORIENTED_EDGE('',*,*,#9439,.F.);
#9439 = EDGE_CURVE('',#9430,#9399,#9440,.T.);
#9440 = LINE('',#9441,#9442);
#9441 = CARTESIAN_POINT('',(-0.16,-13.02,8.54));
#9442 = VECTOR('',#9443,1.);
#9443 = DIRECTION('',(0.,1.,0.));
#9444 = PLANE('',#9445);
#9445 = AXIS2_PLACEMENT_3D('',#9446,#9447,#9448);
#9446 = CARTESIAN_POINT('',(-0.24,-13.02,8.46));
#9447 = DIRECTION('',(0.707106781187,1.735167508357E-18,-0.707106781187)
  );
#9448 = DIRECTION('',(-1.226948711654E-18,1.,1.226948711654E-18));
#9449 = ADVANCED_FACE('',(#9450),#9468,.F.);
#9450 = FACE_BOUND('',#9451,.T.);
#9451 = EDGE_LOOP('',(#9452,#9453,#9454,#9462));
#9452 = ORIENTED_EDGE('',*,*,#9429,.F.);
#9453 = ORIENTED_EDGE('',*,*,#7927,.T.);
#9454 = ORIENTED_EDGE('',*,*,#9455,.T.);
#9455 = EDGE_CURVE('',#7918,#9456,#9458,.T.);
#9456 = VERTEX_POINT('',#9457);
#9457 = CARTESIAN_POINT('',(0.16,-12.86,8.54));
#9458 = LINE('',#9459,#9460);
#9459 = CARTESIAN_POINT('',(0.16,-12.86,8.54));
#9460 = VECTOR('',#9461,1.);
#9461 = DIRECTION('',(-0.57735026919,0.57735026919,0.57735026919));
#9462 = ORIENTED_EDGE('',*,*,#9463,.F.);
#9463 = EDGE_CURVE('',#9430,#9456,#9464,.T.);
#9464 = LINE('',#9465,#9466);
#9465 = CARTESIAN_POINT('',(-0.32,-12.86,8.54));
#9466 = VECTOR('',#9467,1.);
#9467 = DIRECTION('',(1.,0.,0.));
#9468 = PLANE('',#9469);
#9469 = AXIS2_PLACEMENT_3D('',#9470,#9471,#9472);
#9470 = CARTESIAN_POINT('',(-0.32,-12.94,8.46));
#9471 = DIRECTION('',(-1.735167508357E-18,0.707106781187,-0.707106781187
    ));
#9472 = DIRECTION('',(-1.,-1.226948711654E-18,1.226948711654E-18));
#9473 = ADVANCED_FACE('',(#9474),#9485,.T.);
#9474 = FACE_BOUND('',#9475,.T.);
#9475 = EDGE_LOOP('',(#9476,#9477,#9478,#9479));
#9476 = ORIENTED_EDGE('',*,*,#9455,.F.);
#9477 = ORIENTED_EDGE('',*,*,#7944,.T.);
#9478 = ORIENTED_EDGE('',*,*,#9407,.T.);
#9479 = ORIENTED_EDGE('',*,*,#9480,.F.);
#9480 = EDGE_CURVE('',#9456,#9408,#9481,.T.);
#9481 = LINE('',#9482,#9483);
#9482 = CARTESIAN_POINT('',(0.16,-13.02,8.54));
#9483 = VECTOR('',#9484,1.);
#9484 = DIRECTION('',(0.,1.,0.));
#9485 = PLANE('',#9486);
#9486 = AXIS2_PLACEMENT_3D('',#9487,#9488,#9489);
#9487 = CARTESIAN_POINT('',(0.24,-13.02,8.46));
#9488 = DIRECTION('',(0.707106781187,-1.735167508357E-18,0.707106781187)
  );
#9489 = DIRECTION('',(1.226948711654E-18,1.,1.226948711654E-18));
#9490 = ADVANCED_FACE('',(#9491),#9516,.T.);
#9491 = FACE_BOUND('',#9492,.T.);
#9492 = EDGE_LOOP('',(#9493,#9501,#9502,#9510));
#9493 = ORIENTED_EDGE('',*,*,#9494,.F.);
#9494 = EDGE_CURVE('',#7959,#9495,#9497,.T.);
#9495 = VERTEX_POINT('',#9496);
#9496 = CARTESIAN_POINT('',(0.16,-10.32,8.54));
#9497 = LINE('',#9498,#9499);
#9498 = CARTESIAN_POINT('',(0.16,-10.32,8.54));
#9499 = VECTOR('',#9500,1.);
#9500 = DIRECTION('',(-0.57735026919,0.57735026919,0.57735026919));
#9501 = ORIENTED_EDGE('',*,*,#7975,.T.);
#9502 = ORIENTED_EDGE('',*,*,#9503,.T.);
#9503 = EDGE_CURVE('',#7968,#9504,#9506,.T.);
#9504 = VERTEX_POINT('',#9505);
#9505 = CARTESIAN_POINT('',(0.16,-10.,8.54));
#9506 = LINE('',#9507,#9508);
#9507 = CARTESIAN_POINT('',(5.333333333333E-02,-10.10666666666,
    8.646666666667));
#9508 = VECTOR('',#9509,1.);
#9509 = DIRECTION('',(-0.57735026919,-0.57735026919,0.57735026919));
#9510 = ORIENTED_EDGE('',*,*,#9511,.F.);
#9511 = EDGE_CURVE('',#9495,#9504,#9512,.T.);
#9512 = LINE('',#9513,#9514);
#9513 = CARTESIAN_POINT('',(0.16,-10.48,8.54));
#9514 = VECTOR('',#9515,1.);
#9515 = DIRECTION('',(0.,1.,0.));
#9516 = PLANE('',#9517);
#9517 = AXIS2_PLACEMENT_3D('',#9518,#9519,#9520);
#9518 = CARTESIAN_POINT('',(0.24,-10.48,8.46));
#9519 = DIRECTION('',(0.707106781187,-1.735167508357E-18,0.707106781187)
  );
#9520 = DIRECTION('',(1.226948711654E-18,1.,1.226948711654E-18));
#9521 = ADVANCED_FACE('',(#9522),#9540,.T.);
#9522 = FACE_BOUND('',#9523,.F.);
#9523 = EDGE_LOOP('',(#9524,#9532,#9533,#9534));
#9524 = ORIENTED_EDGE('',*,*,#9525,.F.);
#9525 = EDGE_CURVE('',#7992,#9526,#9528,.T.);
#9526 = VERTEX_POINT('',#9527);
#9527 = CARTESIAN_POINT('',(-0.16,-10.,8.54));
#9528 = LINE('',#9529,#9530);
#9529 = CARTESIAN_POINT('',(-0.16,-10.,8.54));
#9530 = VECTOR('',#9531,1.);
#9531 = DIRECTION('',(0.57735026919,-0.57735026919,0.57735026919));
#9532 = ORIENTED_EDGE('',*,*,#7999,.T.);
#9533 = ORIENTED_EDGE('',*,*,#9503,.T.);
#9534 = ORIENTED_EDGE('',*,*,#9535,.F.);
#9535 = EDGE_CURVE('',#9526,#9504,#9536,.T.);
#9536 = LINE('',#9537,#9538);
#9537 = CARTESIAN_POINT('',(-0.32,-10.,8.54));
#9538 = VECTOR('',#9539,1.);
#9539 = DIRECTION('',(1.,0.,0.));
#9540 = PLANE('',#9541);
#9541 = AXIS2_PLACEMENT_3D('',#9542,#9543,#9544);
#9542 = CARTESIAN_POINT('',(-0.32,-9.92,8.46));
#9543 = DIRECTION('',(1.735167508357E-18,0.707106781187,0.707106781187)
  );
#9544 = DIRECTION('',(-1.,1.226948711654E-18,1.226948711654E-18));
#9545 = ADVANCED_FACE('',(#9546),#9564,.F.);
#9546 = FACE_BOUND('',#9547,.F.);
#9547 = EDGE_LOOP('',(#9548,#9556,#9557,#9558));
#9548 = ORIENTED_EDGE('',*,*,#9549,.F.);
#9549 = EDGE_CURVE('',#8014,#9550,#9552,.T.);
#9550 = VERTEX_POINT('',#9551);
#9551 = CARTESIAN_POINT('',(-0.16,-10.32,8.54));
#9552 = LINE('',#9553,#9554);
#9553 = CARTESIAN_POINT('',(-0.266666666667,-10.42666666666,
    8.433333333333));
#9554 = VECTOR('',#9555,1.);
#9555 = DIRECTION('',(0.57735026919,0.57735026919,0.57735026919));
#9556 = ORIENTED_EDGE('',*,*,#8023,.T.);
#9557 = ORIENTED_EDGE('',*,*,#9525,.T.);
#9558 = ORIENTED_EDGE('',*,*,#9559,.F.);
#9559 = EDGE_CURVE('',#9550,#9526,#9560,.T.);
#9560 = LINE('',#9561,#9562);
#9561 = CARTESIAN_POINT('',(-0.16,-10.48,8.54));
#9562 = VECTOR('',#9563,1.);
#9563 = DIRECTION('',(0.,1.,0.));
#9564 = PLANE('',#9565);
#9565 = AXIS2_PLACEMENT_3D('',#9566,#9567,#9568);
#9566 = CARTESIAN_POINT('',(-0.24,-10.48,8.46));
#9567 = DIRECTION('',(0.707106781187,1.735167508357E-18,-0.707106781187)
  );
#9568 = DIRECTION('',(-1.226948711654E-18,1.,1.226948711654E-18));
#9569 = ADVANCED_FACE('',(#9570),#9581,.F.);
#9570 = FACE_BOUND('',#9571,.T.);
#9571 = EDGE_LOOP('',(#9572,#9573,#9574,#9575));
#9572 = ORIENTED_EDGE('',*,*,#9549,.F.);
#9573 = ORIENTED_EDGE('',*,*,#8040,.T.);
#9574 = ORIENTED_EDGE('',*,*,#9494,.T.);
#9575 = ORIENTED_EDGE('',*,*,#9576,.F.);
#9576 = EDGE_CURVE('',#9550,#9495,#9577,.T.);
#9577 = LINE('',#9578,#9579);
#9578 = CARTESIAN_POINT('',(-0.32,-10.32,8.54));
#9579 = VECTOR('',#9580,1.);
#9580 = DIRECTION('',(1.,0.,0.));
#9581 = PLANE('',#9582);
#9582 = AXIS2_PLACEMENT_3D('',#9583,#9584,#9585);
#9583 = CARTESIAN_POINT('',(-0.32,-10.4,8.46));
#9584 = DIRECTION('',(-1.735167508357E-18,0.707106781187,-0.707106781187
    ));
#9585 = DIRECTION('',(-1.,-1.226948711654E-18,1.226948711654E-18));
#9586 = ADVANCED_FACE('',(#9587),#9612,.T.);
#9587 = FACE_BOUND('',#9588,.F.);
#9588 = EDGE_LOOP('',(#9589,#9597,#9598,#9606));
#9589 = ORIENTED_EDGE('',*,*,#9590,.F.);
#9590 = EDGE_CURVE('',#8064,#9591,#9593,.T.);
#9591 = VERTEX_POINT('',#9592);
#9592 = CARTESIAN_POINT('',(-0.16,-2.38,8.54));
#9593 = LINE('',#9594,#9595);
#9594 = CARTESIAN_POINT('',(-0.16,-2.38,8.54));
#9595 = VECTOR('',#9596,1.);
#9596 = DIRECTION('',(0.57735026919,-0.57735026919,0.57735026919));
#9597 = ORIENTED_EDGE('',*,*,#8071,.T.);
#9598 = ORIENTED_EDGE('',*,*,#9599,.T.);
#9599 = EDGE_CURVE('',#8055,#9600,#9602,.T.);
#9600 = VERTEX_POINT('',#9601);
#9601 = CARTESIAN_POINT('',(0.16,-2.38,8.54));
#9602 = LINE('',#9603,#9604);
#9603 = CARTESIAN_POINT('',(5.333333333333E-02,-2.486666666667,
    8.646666666667));
#9604 = VECTOR('',#9605,1.);
#9605 = DIRECTION('',(-0.57735026919,-0.57735026919,0.57735026919));
#9606 = ORIENTED_EDGE('',*,*,#9607,.F.);
#9607 = EDGE_CURVE('',#9591,#9600,#9608,.T.);
#9608 = LINE('',#9609,#9610);
#9609 = CARTESIAN_POINT('',(-0.32,-2.38,8.54));
#9610 = VECTOR('',#9611,1.);
#9611 = DIRECTION('',(1.,0.,0.));
#9612 = PLANE('',#9613);
#9613 = AXIS2_PLACEMENT_3D('',#9614,#9615,#9616);
#9614 = CARTESIAN_POINT('',(-0.32,-2.3,8.46));
#9615 = DIRECTION('',(1.735167508357E-18,0.707106781187,0.707106781187)
  );
#9616 = DIRECTION('',(-1.,1.226948711654E-18,1.226948711654E-18));
#9617 = ADVANCED_FACE('',(#9618),#9636,.F.);
#9618 = FACE_BOUND('',#9619,.F.);
#9619 = EDGE_LOOP('',(#9620,#9628,#9629,#9630));
#9620 = ORIENTED_EDGE('',*,*,#9621,.F.);
#9621 = EDGE_CURVE('',#8086,#9622,#9624,.T.);
#9622 = VERTEX_POINT('',#9623);
#9623 = CARTESIAN_POINT('',(-0.16,-2.7,8.54));
#9624 = LINE('',#9625,#9626);
#9625 = CARTESIAN_POINT('',(-0.266666666667,-2.806666666667,
    8.433333333333));
#9626 = VECTOR('',#9627,1.);
#9627 = DIRECTION('',(0.57735026919,0.57735026919,0.57735026919));
#9628 = ORIENTED_EDGE('',*,*,#8095,.T.);
#9629 = ORIENTED_EDGE('',*,*,#9590,.T.);
#9630 = ORIENTED_EDGE('',*,*,#9631,.F.);
#9631 = EDGE_CURVE('',#9622,#9591,#9632,.T.);
#9632 = LINE('',#9633,#9634);
#9633 = CARTESIAN_POINT('',(-0.16,-2.86,8.54));
#9634 = VECTOR('',#9635,1.);
#9635 = DIRECTION('',(0.,1.,0.));
#9636 = PLANE('',#9637);
#9637 = AXIS2_PLACEMENT_3D('',#9638,#9639,#9640);
#9638 = CARTESIAN_POINT('',(-0.24,-2.86,8.46));
#9639 = DIRECTION('',(0.707106781187,1.735167508357E-18,-0.707106781187)
  );
#9640 = DIRECTION('',(-1.226948711654E-18,1.,1.226948711654E-18));
#9641 = ADVANCED_FACE('',(#9642),#9660,.F.);
#9642 = FACE_BOUND('',#9643,.T.);
#9643 = EDGE_LOOP('',(#9644,#9645,#9646,#9654));
#9644 = ORIENTED_EDGE('',*,*,#9621,.F.);
#9645 = ORIENTED_EDGE('',*,*,#8119,.T.);
#9646 = ORIENTED_EDGE('',*,*,#9647,.T.);
#9647 = EDGE_CURVE('',#8110,#9648,#9650,.T.);
#9648 = VERTEX_POINT('',#9649);
#9649 = CARTESIAN_POINT('',(0.16,-2.7,8.54));
#9650 = LINE('',#9651,#9652);
#9651 = CARTESIAN_POINT('',(0.16,-2.7,8.54));
#9652 = VECTOR('',#9653,1.);
#9653 = DIRECTION('',(-0.57735026919,0.57735026919,0.57735026919));
#9654 = ORIENTED_EDGE('',*,*,#9655,.F.);
#9655 = EDGE_CURVE('',#9622,#9648,#9656,.T.);
#9656 = LINE('',#9657,#9658);
#9657 = CARTESIAN_POINT('',(-0.32,-2.7,8.54));
#9658 = VECTOR('',#9659,1.);
#9659 = DIRECTION('',(1.,0.,0.));
#9660 = PLANE('',#9661);
#9661 = AXIS2_PLACEMENT_3D('',#9662,#9663,#9664);
#9662 = CARTESIAN_POINT('',(-0.32,-2.78,8.46));
#9663 = DIRECTION('',(-1.735167508357E-18,0.707106781187,-0.707106781187
    ));
#9664 = DIRECTION('',(-1.,-1.226948711654E-18,1.226948711654E-18));
#9665 = ADVANCED_FACE('',(#9666),#9677,.T.);
#9666 = FACE_BOUND('',#9667,.T.);
#9667 = EDGE_LOOP('',(#9668,#9669,#9670,#9671));
#9668 = ORIENTED_EDGE('',*,*,#9647,.F.);
#9669 = ORIENTED_EDGE('',*,*,#8136,.T.);
#9670 = ORIENTED_EDGE('',*,*,#9599,.T.);
#9671 = ORIENTED_EDGE('',*,*,#9672,.F.);
#9672 = EDGE_CURVE('',#9648,#9600,#9673,.T.);
#9673 = LINE('',#9674,#9675);
#9674 = CARTESIAN_POINT('',(0.16,-2.86,8.54));
#9675 = VECTOR('',#9676,1.);
#9676 = DIRECTION('',(0.,1.,0.));
#9677 = PLANE('',#9678);
#9678 = AXIS2_PLACEMENT_3D('',#9679,#9680,#9681);
#9679 = CARTESIAN_POINT('',(0.24,-2.86,8.46));
#9680 = DIRECTION('',(0.707106781187,-1.735167508357E-18,0.707106781187)
  );
#9681 = DIRECTION('',(1.226948711654E-18,1.,1.226948711654E-18));
#9682 = ADVANCED_FACE('',(#9683),#9708,.F.);
#9683 = FACE_BOUND('',#9684,.T.);
#9684 = EDGE_LOOP('',(#9685,#9693,#9694,#9702));
#9685 = ORIENTED_EDGE('',*,*,#9686,.F.);
#9686 = EDGE_CURVE('',#8160,#9687,#9689,.T.);
#9687 = VERTEX_POINT('',#9688);
#9688 = CARTESIAN_POINT('',(-0.16,-5.24,8.54));
#9689 = LINE('',#9690,#9691);
#9690 = CARTESIAN_POINT('',(-0.266666666667,-5.346666666667,
    8.433333333333));
#9691 = VECTOR('',#9692,1.);
#9692 = DIRECTION('',(0.57735026919,0.57735026919,0.57735026919));
#9693 = ORIENTED_EDGE('',*,*,#8167,.T.);
#9694 = ORIENTED_EDGE('',*,*,#9695,.T.);
#9695 = EDGE_CURVE('',#8151,#9696,#9698,.T.);
#9696 = VERTEX_POINT('',#9697);
#9697 = CARTESIAN_POINT('',(0.16,-5.24,8.54));
#9698 = LINE('',#9699,#9700);
#9699 = CARTESIAN_POINT('',(0.16,-5.24,8.54));
#9700 = VECTOR('',#9701,1.);
#9701 = DIRECTION('',(-0.57735026919,0.57735026919,0.57735026919));
#9702 = ORIENTED_EDGE('',*,*,#9703,.F.);
#9703 = EDGE_CURVE('',#9687,#9696,#9704,.T.);
#9704 = LINE('',#9705,#9706);
#9705 = CARTESIAN_POINT('',(-0.32,-5.24,8.54));
#9706 = VECTOR('',#9707,1.);
#9707 = DIRECTION('',(1.,0.,0.));
#9708 = PLANE('',#9709);
#9709 = AXIS2_PLACEMENT_3D('',#9710,#9711,#9712);
#9710 = CARTESIAN_POINT('',(-0.32,-5.32,8.46));
#9711 = DIRECTION('',(-1.735167508357E-18,0.707106781187,-0.707106781187
    ));
#9712 = DIRECTION('',(-1.,-1.226948711654E-18,1.226948711654E-18));
#9713 = ADVANCED_FACE('',(#9714),#9732,.T.);
#9714 = FACE_BOUND('',#9715,.T.);
#9715 = EDGE_LOOP('',(#9716,#9717,#9718,#9726));
#9716 = ORIENTED_EDGE('',*,*,#9695,.F.);
#9717 = ORIENTED_EDGE('',*,*,#8191,.T.);
#9718 = ORIENTED_EDGE('',*,*,#9719,.T.);
#9719 = EDGE_CURVE('',#8184,#9720,#9722,.T.);
#9720 = VERTEX_POINT('',#9721);
#9721 = CARTESIAN_POINT('',(0.16,-4.92,8.54));
#9722 = LINE('',#9723,#9724);
#9723 = CARTESIAN_POINT('',(5.333333333333E-02,-5.026666666667,
    8.646666666667));
#9724 = VECTOR('',#9725,1.);
#9725 = DIRECTION('',(-0.57735026919,-0.57735026919,0.57735026919));
#9726 = ORIENTED_EDGE('',*,*,#9727,.F.);
#9727 = EDGE_CURVE('',#9696,#9720,#9728,.T.);
#9728 = LINE('',#9729,#9730);
#9729 = CARTESIAN_POINT('',(0.16,-5.4,8.54));
#9730 = VECTOR('',#9731,1.);
#9731 = DIRECTION('',(0.,1.,0.));
#9732 = PLANE('',#9733);
#9733 = AXIS2_PLACEMENT_3D('',#9734,#9735,#9736);
#9734 = CARTESIAN_POINT('',(0.24,-5.4,8.46));
#9735 = DIRECTION('',(0.707106781187,-1.735167508357E-18,0.707106781187)
  );
#9736 = DIRECTION('',(1.226948711654E-18,1.,1.226948711654E-18));
#9737 = ADVANCED_FACE('',(#9738),#9756,.T.);
#9738 = FACE_BOUND('',#9739,.F.);
#9739 = EDGE_LOOP('',(#9740,#9748,#9749,#9750));
#9740 = ORIENTED_EDGE('',*,*,#9741,.F.);
#9741 = EDGE_CURVE('',#8208,#9742,#9744,.T.);
#9742 = VERTEX_POINT('',#9743);
#9743 = CARTESIAN_POINT('',(-0.16,-4.92,8.54));
#9744 = LINE('',#9745,#9746);
#9745 = CARTESIAN_POINT('',(-0.16,-4.92,8.54));
#9746 = VECTOR('',#9747,1.);
#9747 = DIRECTION('',(0.57735026919,-0.57735026919,0.57735026919));
#9748 = ORIENTED_EDGE('',*,*,#8215,.T.);
#9749 = ORIENTED_EDGE('',*,*,#9719,.T.);
#9750 = ORIENTED_EDGE('',*,*,#9751,.F.);
#9751 = EDGE_CURVE('',#9742,#9720,#9752,.T.);
#9752 = LINE('',#9753,#9754);
#9753 = CARTESIAN_POINT('',(-0.32,-4.92,8.54));
#9754 = VECTOR('',#9755,1.);
#9755 = DIRECTION('',(1.,0.,0.));
#9756 = PLANE('',#9757);
#9757 = AXIS2_PLACEMENT_3D('',#9758,#9759,#9760);
#9758 = CARTESIAN_POINT('',(-0.32,-4.84,8.46));
#9759 = DIRECTION('',(1.735167508357E-18,0.707106781187,0.707106781187)
  );
#9760 = DIRECTION('',(-1.,1.226948711654E-18,1.226948711654E-18));
#9761 = ADVANCED_FACE('',(#9762),#9773,.F.);
#9762 = FACE_BOUND('',#9763,.F.);
#9763 = EDGE_LOOP('',(#9764,#9765,#9766,#9767));
#9764 = ORIENTED_EDGE('',*,*,#9686,.F.);
#9765 = ORIENTED_EDGE('',*,*,#8232,.T.);
#9766 = ORIENTED_EDGE('',*,*,#9741,.T.);
#9767 = ORIENTED_EDGE('',*,*,#9768,.F.);
#9768 = EDGE_CURVE('',#9687,#9742,#9769,.T.);
#9769 = LINE('',#9770,#9771);
#9770 = CARTESIAN_POINT('',(-0.16,-5.4,8.54));
#9771 = VECTOR('',#9772,1.);
#9772 = DIRECTION('',(0.,1.,0.));
#9773 = PLANE('',#9774);
#9774 = AXIS2_PLACEMENT_3D('',#9775,#9776,#9777);
#9775 = CARTESIAN_POINT('',(-0.24,-5.4,8.46));
#9776 = DIRECTION('',(0.707106781187,1.735167508357E-18,-0.707106781187)
  );
#9777 = DIRECTION('',(-1.226948711654E-18,1.,1.226948711654E-18));
#9778 = ADVANCED_FACE('',(#9779),#9804,.T.);
#9779 = FACE_BOUND('',#9780,.T.);
#9780 = EDGE_LOOP('',(#9781,#9789,#9790,#9798));
#9781 = ORIENTED_EDGE('',*,*,#9782,.F.);
#9782 = EDGE_CURVE('',#8247,#9783,#9785,.T.);
#9783 = VERTEX_POINT('',#9784);
#9784 = CARTESIAN_POINT('',(0.16,-0.16,8.54));
#9785 = LINE('',#9786,#9787);
#9786 = CARTESIAN_POINT('',(0.16,-0.16,8.54));
#9787 = VECTOR('',#9788,1.);
#9788 = DIRECTION('',(-0.57735026919,0.57735026919,0.57735026919));
#9789 = ORIENTED_EDGE('',*,*,#8263,.T.);
#9790 = ORIENTED_EDGE('',*,*,#9791,.T.);
#9791 = EDGE_CURVE('',#8256,#9792,#9794,.T.);
#9792 = VERTEX_POINT('',#9793);
#9793 = CARTESIAN_POINT('',(0.16,0.16,8.54));
#9794 = LINE('',#9795,#9796);
#9795 = CARTESIAN_POINT('',(5.333333333333E-02,5.333333333333E-02,
    8.646666666667));
#9796 = VECTOR('',#9797,1.);
#9797 = DIRECTION('',(-0.57735026919,-0.57735026919,0.57735026919));
#9798 = ORIENTED_EDGE('',*,*,#9799,.F.);
#9799 = EDGE_CURVE('',#9783,#9792,#9800,.T.);
#9800 = LINE('',#9801,#9802);
#9801 = CARTESIAN_POINT('',(0.16,-0.32,8.54));
#9802 = VECTOR('',#9803,1.);
#9803 = DIRECTION('',(0.,1.,0.));
#9804 = PLANE('',#9805);
#9805 = AXIS2_PLACEMENT_3D('',#9806,#9807,#9808);
#9806 = CARTESIAN_POINT('',(0.24,-0.32,8.46));
#9807 = DIRECTION('',(0.707106781187,-1.735167508357E-18,0.707106781187)
  );
#9808 = DIRECTION('',(1.226948711654E-18,1.,1.226948711654E-18));
#9809 = ADVANCED_FACE('',(#9810),#9828,.T.);
#9810 = FACE_BOUND('',#9811,.F.);
#9811 = EDGE_LOOP('',(#9812,#9820,#9821,#9822));
#9812 = ORIENTED_EDGE('',*,*,#9813,.F.);
#9813 = EDGE_CURVE('',#8280,#9814,#9816,.T.);
#9814 = VERTEX_POINT('',#9815);
#9815 = CARTESIAN_POINT('',(-0.16,0.16,8.54));
#9816 = LINE('',#9817,#9818);
#9817 = CARTESIAN_POINT('',(-0.16,0.16,8.54));
#9818 = VECTOR('',#9819,1.);
#9819 = DIRECTION('',(0.57735026919,-0.57735026919,0.57735026919));
#9820 = ORIENTED_EDGE('',*,*,#8287,.T.);
#9821 = ORIENTED_EDGE('',*,*,#9791,.T.);
#9822 = ORIENTED_EDGE('',*,*,#9823,.F.);
#9823 = EDGE_CURVE('',#9814,#9792,#9824,.T.);
#9824 = LINE('',#9825,#9826);
#9825 = CARTESIAN_POINT('',(-0.32,0.16,8.54));
#9826 = VECTOR('',#9827,1.);
#9827 = DIRECTION('',(1.,0.,0.));
#9828 = PLANE('',#9829);
#9829 = AXIS2_PLACEMENT_3D('',#9830,#9831,#9832);
#9830 = CARTESIAN_POINT('',(-0.32,0.24,8.46));
#9831 = DIRECTION('',(1.735167508357E-18,0.707106781187,0.707106781187)
  );
#9832 = DIRECTION('',(-1.,1.226948711654E-18,1.226948711654E-18));
#9833 = ADVANCED_FACE('',(#9834),#9852,.F.);
#9834 = FACE_BOUND('',#9835,.F.);
#9835 = EDGE_LOOP('',(#9836,#9844,#9845,#9846));
#9836 = ORIENTED_EDGE('',*,*,#9837,.F.);
#9837 = EDGE_CURVE('',#8302,#9838,#9840,.T.);
#9838 = VERTEX_POINT('',#9839);
#9839 = CARTESIAN_POINT('',(-0.16,-0.16,8.54));
#9840 = LINE('',#9841,#9842);
#9841 = CARTESIAN_POINT('',(-0.266666666667,-0.266666666667,
    8.433333333333));
#9842 = VECTOR('',#9843,1.);
#9843 = DIRECTION('',(0.57735026919,0.57735026919,0.57735026919));
#9844 = ORIENTED_EDGE('',*,*,#8311,.T.);
#9845 = ORIENTED_EDGE('',*,*,#9813,.T.);
#9846 = ORIENTED_EDGE('',*,*,#9847,.F.);
#9847 = EDGE_CURVE('',#9838,#9814,#9848,.T.);
#9848 = LINE('',#9849,#9850);
#9849 = CARTESIAN_POINT('',(-0.16,-0.32,8.54));
#9850 = VECTOR('',#9851,1.);
#9851 = DIRECTION('',(0.,1.,0.));
#9852 = PLANE('',#9853);
#9853 = AXIS2_PLACEMENT_3D('',#9854,#9855,#9856);
#9854 = CARTESIAN_POINT('',(-0.24,-0.32,8.46));
#9855 = DIRECTION('',(0.707106781187,1.735167508357E-18,-0.707106781187)
  );
#9856 = DIRECTION('',(-1.226948711654E-18,1.,1.226948711654E-18));
#9857 = ADVANCED_FACE('',(#9858),#9869,.F.);
#9858 = FACE_BOUND('',#9859,.T.);
#9859 = EDGE_LOOP('',(#9860,#9861,#9862,#9863));
#9860 = ORIENTED_EDGE('',*,*,#9837,.F.);
#9861 = ORIENTED_EDGE('',*,*,#8328,.T.);
#9862 = ORIENTED_EDGE('',*,*,#9782,.T.);
#9863 = ORIENTED_EDGE('',*,*,#9864,.F.);
#9864 = EDGE_CURVE('',#9838,#9783,#9865,.T.);
#9865 = LINE('',#9866,#9867);
#9866 = CARTESIAN_POINT('',(-0.32,-0.16,8.54));
#9867 = VECTOR('',#9868,1.);
#9868 = DIRECTION('',(1.,0.,0.));
#9869 = PLANE('',#9870);
#9870 = AXIS2_PLACEMENT_3D('',#9871,#9872,#9873);
#9871 = CARTESIAN_POINT('',(-0.32,-0.24,8.46));
#9872 = DIRECTION('',(-1.735167508357E-18,0.707106781187,-0.707106781187
    ));
#9873 = DIRECTION('',(-1.,-1.226948711654E-18,1.226948711654E-18));
#9874 = ADVANCED_FACE('',(#9875),#9881,.F.);
#9875 = FACE_BOUND('',#9876,.F.);
#9876 = EDGE_LOOP('',(#9877,#9878,#9879,#9880));
#9877 = ORIENTED_EDGE('',*,*,#8359,.T.);
#9878 = ORIENTED_EDGE('',*,*,#8383,.T.);
#9879 = ORIENTED_EDGE('',*,*,#8407,.F.);
#9880 = ORIENTED_EDGE('',*,*,#8424,.F.);
#9881 = PLANE('',#9882);
#9882 = AXIS2_PLACEMENT_3D('',#9883,#9884,#9885);
#9883 = CARTESIAN_POINT('',(-0.32,-18.1,-3.));
#9884 = DIRECTION('',(0.,0.,1.));
#9885 = DIRECTION('',(1.,0.,-0.));
#9886 = ADVANCED_FACE('',(#9887),#9893,.F.);
#9887 = FACE_BOUND('',#9888,.F.);
#9888 = EDGE_LOOP('',(#9889,#9890,#9891,#9892));
#9889 = ORIENTED_EDGE('',*,*,#8503,.T.);
#9890 = ORIENTED_EDGE('',*,*,#8520,.T.);
#9891 = ORIENTED_EDGE('',*,*,#8455,.F.);
#9892 = ORIENTED_EDGE('',*,*,#8479,.F.);
#9893 = PLANE('',#9894);
#9894 = AXIS2_PLACEMENT_3D('',#9895,#9896,#9897);
#9895 = CARTESIAN_POINT('',(-0.32,-15.56,-3.));
#9896 = DIRECTION('',(0.,0.,1.));
#9897 = DIRECTION('',(1.,0.,-0.));
#9898 = ADVANCED_FACE('',(#9899),#9905,.F.);
#9899 = FACE_BOUND('',#9900,.F.);
#9900 = EDGE_LOOP('',(#9901,#9902,#9903,#9904));
#9901 = ORIENTED_EDGE('',*,*,#8616,.T.);
#9902 = ORIENTED_EDGE('',*,*,#8551,.T.);
#9903 = ORIENTED_EDGE('',*,*,#8575,.F.);
#9904 = ORIENTED_EDGE('',*,*,#8599,.F.);
#9905 = PLANE('',#9906);
#9906 = AXIS2_PLACEMENT_3D('',#9907,#9908,#9909);
#9907 = CARTESIAN_POINT('',(-0.32,-7.94,-3.));
#9908 = DIRECTION('',(0.,0.,1.));
#9909 = DIRECTION('',(1.,0.,-0.));
#9910 = ADVANCED_FACE('',(#9911),#9917,.F.);
#9911 = FACE_BOUND('',#9912,.F.);
#9912 = EDGE_LOOP('',(#9913,#9914,#9915,#9916));
#9913 = ORIENTED_EDGE('',*,*,#8695,.T.);
#9914 = ORIENTED_EDGE('',*,*,#8712,.T.);
#9915 = ORIENTED_EDGE('',*,*,#8647,.F.);
#9916 = ORIENTED_EDGE('',*,*,#8671,.F.);
#9917 = PLANE('',#9918);
#9918 = AXIS2_PLACEMENT_3D('',#9919,#9920,#9921);
#9919 = CARTESIAN_POINT('',(-0.32,-13.02,-3.));
#9920 = DIRECTION('',(0.,0.,1.));
#9921 = DIRECTION('',(1.,0.,-0.));
#9922 = ADVANCED_FACE('',(#9923),#9929,.F.);
#9923 = FACE_BOUND('',#9924,.F.);
#9924 = EDGE_LOOP('',(#9925,#9926,#9927,#9928));
#9925 = ORIENTED_EDGE('',*,*,#8808,.T.);
#9926 = ORIENTED_EDGE('',*,*,#8743,.T.);
#9927 = ORIENTED_EDGE('',*,*,#8767,.F.);
#9928 = ORIENTED_EDGE('',*,*,#8791,.F.);
#9929 = PLANE('',#9930);
#9930 = AXIS2_PLACEMENT_3D('',#9931,#9932,#9933);
#9931 = CARTESIAN_POINT('',(-0.32,-10.48,-3.));
#9932 = DIRECTION('',(0.,0.,1.));
#9933 = DIRECTION('',(1.,0.,-0.));
#9934 = ADVANCED_FACE('',(#9935),#9941,.F.);
#9935 = FACE_BOUND('',#9936,.F.);
#9936 = EDGE_LOOP('',(#9937,#9938,#9939,#9940));
#9937 = ORIENTED_EDGE('',*,*,#8887,.T.);
#9938 = ORIENTED_EDGE('',*,*,#8904,.T.);
#9939 = ORIENTED_EDGE('',*,*,#8839,.F.);
#9940 = ORIENTED_EDGE('',*,*,#8863,.F.);
#9941 = PLANE('',#9942);
#9942 = AXIS2_PLACEMENT_3D('',#9943,#9944,#9945);
#9943 = CARTESIAN_POINT('',(-0.32,-2.86,-3.));
#9944 = DIRECTION('',(0.,0.,1.));
#9945 = DIRECTION('',(1.,0.,-0.));
#9946 = ADVANCED_FACE('',(#9947),#9953,.F.);
#9947 = FACE_BOUND('',#9948,.F.);
#9948 = EDGE_LOOP('',(#9949,#9950,#9951,#9952));
#9949 = ORIENTED_EDGE('',*,*,#8935,.T.);
#9950 = ORIENTED_EDGE('',*,*,#8959,.T.);
#9951 = ORIENTED_EDGE('',*,*,#8983,.F.);
#9952 = ORIENTED_EDGE('',*,*,#9000,.F.);
#9953 = PLANE('',#9954);
#9954 = AXIS2_PLACEMENT_3D('',#9955,#9956,#9957);
#9955 = CARTESIAN_POINT('',(-0.32,-5.4,-3.));
#9956 = DIRECTION('',(0.,0.,1.));
#9957 = DIRECTION('',(1.,0.,-0.));
#9958 = ADVANCED_FACE('',(#9959),#9965,.F.);
#9959 = FACE_BOUND('',#9960,.F.);
#9960 = EDGE_LOOP('',(#9961,#9962,#9963,#9964));
#9961 = ORIENTED_EDGE('',*,*,#9096,.T.);
#9962 = ORIENTED_EDGE('',*,*,#9031,.T.);
#9963 = ORIENTED_EDGE('',*,*,#9055,.F.);
#9964 = ORIENTED_EDGE('',*,*,#9079,.F.);
#9965 = PLANE('',#9966);
#9966 = AXIS2_PLACEMENT_3D('',#9967,#9968,#9969);
#9967 = CARTESIAN_POINT('',(-0.32,-0.32,-3.));
#9968 = DIRECTION('',(0.,0.,1.));
#9969 = DIRECTION('',(1.,0.,-0.));
#9970 = ADVANCED_FACE('',(#9971),#9977,.T.);
#9971 = FACE_BOUND('',#9972,.T.);
#9972 = EDGE_LOOP('',(#9973,#9974,#9975,#9976));
#9973 = ORIENTED_EDGE('',*,*,#9127,.T.);
#9974 = ORIENTED_EDGE('',*,*,#9151,.T.);
#9975 = ORIENTED_EDGE('',*,*,#9175,.F.);
#9976 = ORIENTED_EDGE('',*,*,#9192,.F.);
#9977 = PLANE('',#9978);
#9978 = AXIS2_PLACEMENT_3D('',#9979,#9980,#9981);
#9979 = CARTESIAN_POINT('',(-0.32,-18.1,8.54));
#9980 = DIRECTION('',(0.,0.,1.));
#9981 = DIRECTION('',(1.,0.,-0.));
#9982 = ADVANCED_FACE('',(#9983),#9989,.T.);
#9983 = FACE_BOUND('',#9984,.T.);
#9984 = EDGE_LOOP('',(#9985,#9986,#9987,#9988));
#9985 = ORIENTED_EDGE('',*,*,#9271,.T.);
#9986 = ORIENTED_EDGE('',*,*,#9288,.T.);
#9987 = ORIENTED_EDGE('',*,*,#9223,.F.);
#9988 = ORIENTED_EDGE('',*,*,#9247,.F.);
#9989 = PLANE('',#9990);
#9990 = AXIS2_PLACEMENT_3D('',#9991,#9992,#9993);
#9991 = CARTESIAN_POINT('',(-0.32,-15.56,8.54));
#9992 = DIRECTION('',(0.,0.,1.));
#9993 = DIRECTION('',(1.,0.,-0.));
#9994 = ADVANCED_FACE('',(#9995),#10001,.T.);
#9995 = FACE_BOUND('',#9996,.T.);
#9996 = EDGE_LOOP('',(#9997,#9998,#9999,#10000));
#9997 = ORIENTED_EDGE('',*,*,#9384,.T.);
#9998 = ORIENTED_EDGE('',*,*,#9319,.T.);
#9999 = ORIENTED_EDGE('',*,*,#9343,.F.);
#10000 = ORIENTED_EDGE('',*,*,#9367,.F.);
#10001 = PLANE('',#10002);
#10002 = AXIS2_PLACEMENT_3D('',#10003,#10004,#10005);
#10003 = CARTESIAN_POINT('',(-0.32,-7.94,8.54));
#10004 = DIRECTION('',(0.,0.,1.));
#10005 = DIRECTION('',(1.,0.,-0.));
#10006 = ADVANCED_FACE('',(#10007),#10013,.T.);
#10007 = FACE_BOUND('',#10008,.T.);
#10008 = EDGE_LOOP('',(#10009,#10010,#10011,#10012));
#10009 = ORIENTED_EDGE('',*,*,#9463,.T.);
#10010 = ORIENTED_EDGE('',*,*,#9480,.T.);
#10011 = ORIENTED_EDGE('',*,*,#9415,.F.);
#10012 = ORIENTED_EDGE('',*,*,#9439,.F.);
#10013 = PLANE('',#10014);
#10014 = AXIS2_PLACEMENT_3D('',#10015,#10016,#10017);
#10015 = CARTESIAN_POINT('',(-0.32,-13.02,8.54));
#10016 = DIRECTION('',(0.,0.,1.));
#10017 = DIRECTION('',(1.,0.,-0.));
#10018 = ADVANCED_FACE('',(#10019),#10025,.T.);
#10019 = FACE_BOUND('',#10020,.T.);
#10020 = EDGE_LOOP('',(#10021,#10022,#10023,#10024));
#10021 = ORIENTED_EDGE('',*,*,#9576,.T.);
#10022 = ORIENTED_EDGE('',*,*,#9511,.T.);
#10023 = ORIENTED_EDGE('',*,*,#9535,.F.);
#10024 = ORIENTED_EDGE('',*,*,#9559,.F.);
#10025 = PLANE('',#10026);
#10026 = AXIS2_PLACEMENT_3D('',#10027,#10028,#10029);
#10027 = CARTESIAN_POINT('',(-0.32,-10.48,8.54));
#10028 = DIRECTION('',(0.,0.,1.));
#10029 = DIRECTION('',(1.,0.,-0.));
#10030 = ADVANCED_FACE('',(#10031),#10037,.T.);
#10031 = FACE_BOUND('',#10032,.T.);
#10032 = EDGE_LOOP('',(#10033,#10034,#10035,#10036));
#10033 = ORIENTED_EDGE('',*,*,#9655,.T.);
#10034 = ORIENTED_EDGE('',*,*,#9672,.T.);
#10035 = ORIENTED_EDGE('',*,*,#9607,.F.);
#10036 = ORIENTED_EDGE('',*,*,#9631,.F.);
#10037 = PLANE('',#10038);
#10038 = AXIS2_PLACEMENT_3D('',#10039,#10040,#10041);
#10039 = CARTESIAN_POINT('',(-0.32,-2.86,8.54));
#10040 = DIRECTION('',(0.,0.,1.));
#10041 = DIRECTION('',(1.,0.,-0.));
#10042 = ADVANCED_FACE('',(#10043),#10049,.T.);
#10043 = FACE_BOUND('',#10044,.T.);
#10044 = EDGE_LOOP('',(#10045,#10046,#10047,#10048));
#10045 = ORIENTED_EDGE('',*,*,#9703,.T.);
#10046 = ORIENTED_EDGE('',*,*,#9727,.T.);
#10047 = ORIENTED_EDGE('',*,*,#9751,.F.);
#10048 = ORIENTED_EDGE('',*,*,#9768,.F.);
#10049 = PLANE('',#10050);
#10050 = AXIS2_PLACEMENT_3D('',#10051,#10052,#10053);
#10051 = CARTESIAN_POINT('',(-0.32,-5.4,8.54));
#10052 = DIRECTION('',(0.,0.,1.));
#10053 = DIRECTION('',(1.,0.,-0.));
#10054 = ADVANCED_FACE('',(#10055),#10061,.T.);
#10055 = FACE_BOUND('',#10056,.T.);
#10056 = EDGE_LOOP('',(#10057,#10058,#10059,#10060));
#10057 = ORIENTED_EDGE('',*,*,#9864,.T.);
#10058 = ORIENTED_EDGE('',*,*,#9799,.T.);
#10059 = ORIENTED_EDGE('',*,*,#9823,.F.);
#10060 = ORIENTED_EDGE('',*,*,#9847,.F.);
#10061 = PLANE('',#10062);
#10062 = AXIS2_PLACEMENT_3D('',#10063,#10064,#10065);
#10063 = CARTESIAN_POINT('',(-0.32,-0.32,8.54));
#10064 = DIRECTION('',(0.,0.,1.));
#10065 = DIRECTION('',(1.,0.,-0.));
#10066 = ( GEOMETRIC_REPRESENTATION_CONTEXT(3) 
GLOBAL_UNCERTAINTY_ASSIGNED_CONTEXT((#10070)) 
GLOBAL_UNIT_ASSIGNED_CONTEXT((#10067,#10068,#10069)) 
REPRESENTATION_CONTEXT('Context #1',
  '3D Context with UNIT and UNCERTAINTY') );
#10067 = ( LENGTH_UNIT() NAMED_UNIT(*) SI_UNIT(.MILLI.,.METRE.) );
#10068 = ( NAMED_UNIT(*) PLANE_ANGLE_UNIT() SI_UNIT($,.RADIAN.) );
#10069 = ( NAMED_UNIT(*) SI_UNIT($,.STERADIAN.) SOLID_ANGLE_UNIT() );
#10070 = UNCERTAINTY_MEASURE_WITH_UNIT(LENGTH_MEASURE(1.E-07),#10067,
  'distance_accuracy_value','confusion accuracy');
#10071 = CONTEXT_DEPENDENT_SHAPE_REPRESENTATION(#10072,#10074);
#10072 = ( REPRESENTATION_RELATIONSHIP('','',#4589,#10) 
REPRESENTATION_RELATIONSHIP_WITH_TRANSFORMATION(#10073) 
SHAPE_REPRESENTATION_RELATIONSHIP() );
#10073 = ITEM_DEFINED_TRANSFORMATION('','',#11,#95);
#10074 = PRODUCT_DEFINITION_SHAPE('Placement','Placement of an item',
  #10075);
#10075 = NEXT_ASSEMBLY_USAGE_OCCURRENCE('21','J6','',#5,#4584,$);
#10076 = PRODUCT_RELATED_PRODUCT_CATEGORY('part',$,(#4586));
#10077 = CONTEXT_DEPENDENT_SHAPE_REPRESENTATION(#10078,#10080);
#10078 = ( REPRESENTATION_RELATIONSHIP('','',#2962,#10) 
REPRESENTATION_RELATIONSHIP_WITH_TRANSFORMATION(#10079) 
SHAPE_REPRESENTATION_RELATIONSHIP() );
#10079 = ITEM_DEFINED_TRANSFORMATION('','',#11,#99);
#10080 = PRODUCT_DEFINITION_SHAPE('Placement','Placement of an item',
  #10081);
#10081 = NEXT_ASSEMBLY_USAGE_OCCURRENCE('22','LED3','',#5,#2957,$);
#10082 = CONTEXT_DEPENDENT_SHAPE_REPRESENTATION(#10083,#10085);
#10083 = ( REPRESENTATION_RELATIONSHIP('','',#2153,#10) 
REPRESENTATION_RELATIONSHIP_WITH_TRANSFORMATION(#10084) 
SHAPE_REPRESENTATION_RELATIONSHIP() );
#10084 = ITEM_DEFINED_TRANSFORMATION('','',#11,#103);
#10085 = PRODUCT_DEFINITION_SHAPE('Placement','Placement of an item',
  #10086);
#10086 = NEXT_ASSEMBLY_USAGE_OCCURRENCE('23','R5','',#5,#2148,$);
#10087 = CONTEXT_DEPENDENT_SHAPE_REPRESENTATION(#10088,#10090);
#10088 = ( REPRESENTATION_RELATIONSHIP('','',#4589,#10) 
REPRESENTATION_RELATIONSHIP_WITH_TRANSFORMATION(#10089) 
SHAPE_REPRESENTATION_RELATIONSHIP() );
#10089 = ITEM_DEFINED_TRANSFORMATION('','',#11,#107);
#10090 = PRODUCT_DEFINITION_SHAPE('Placement','Placement of an item',
  #10091);
#10091 = NEXT_ASSEMBLY_USAGE_OCCURRENCE('24','J5','',#5,#4584,$);
#10092 = CONTEXT_DEPENDENT_SHAPE_REPRESENTATION(#10093,#10095);
#10093 = ( REPRESENTATION_RELATIONSHIP('','',#2962,#10) 
REPRESENTATION_RELATIONSHIP_WITH_TRANSFORMATION(#10094) 
SHAPE_REPRESENTATION_RELATIONSHIP() );
#10094 = ITEM_DEFINED_TRANSFORMATION('','',#11,#111);
#10095 = PRODUCT_DEFINITION_SHAPE('Placement','Placement of an item',
  #10096);
#10096 = NEXT_ASSEMBLY_USAGE_OCCURRENCE('25','LED5','',#5,#2957,$);
#10097 = CONTEXT_DEPENDENT_SHAPE_REPRESENTATION(#10098,#10100);
#10098 = ( REPRESENTATION_RELATIONSHIP('','',#4589,#10) 
REPRESENTATION_RELATIONSHIP_WITH_TRANSFORMATION(#10099) 
SHAPE_REPRESENTATION_RELATIONSHIP() );
#10099 = ITEM_DEFINED_TRANSFORMATION('','',#11,#115);
#10100 = PRODUCT_DEFINITION_SHAPE('Placement','Placement of an item',
  #10101);
#10101 = NEXT_ASSEMBLY_USAGE_OCCURRENCE('26','J4','',#5,#4584,$);
#10102 = CONTEXT_DEPENDENT_SHAPE_REPRESENTATION(#10103,#10105);
#10103 = ( REPRESENTATION_RELATIONSHIP('','',#2962,#10) 
REPRESENTATION_RELATIONSHIP_WITH_TRANSFORMATION(#10104) 
SHAPE_REPRESENTATION_RELATIONSHIP() );
#10104 = ITEM_DEFINED_TRANSFORMATION('','',#11,#119);
#10105 = PRODUCT_DEFINITION_SHAPE('Placement','Placement of an item',
  #10106);
#10106 = NEXT_ASSEMBLY_USAGE_OCCURRENCE('27','LED2','',#5,#2957,$);
#10107 = SHAPE_DEFINITION_REPRESENTATION(#10108,#10114);
#10108 = PRODUCT_DEFINITION_SHAPE('','',#10109);
#10109 = PRODUCT_DEFINITION('design','',#10110,#10113);
#10110 = PRODUCT_DEFINITION_FORMATION('','',#10111);
#10111 = PRODUCT('PinHeader_1x02_P2.54mm_Vertical',
  'PinHeader_1x02_P2.54mm_Vertical','',(#10112));
#10112 = PRODUCT_CONTEXT('',#2,'mechanical');
#10113 = PRODUCT_DEFINITION_CONTEXT('part definition',#2,'design');
#10114 = ADVANCED_BREP_SHAPE_REPRESENTATION('',(#11,#10115),#11547);
#10115 = MANIFOLD_SOLID_BREP('',#10116);
#10116 = CLOSED_SHELL('',(#10117,#10157,#10188,#10219,#10384,#10549,
    #10566,#10583,#10600,#10617,#10634,#10651,#10668,#10685,#10702,
    #10719,#10731,#10762,#10786,#10810,#10827,#10858,#10882,#10906,
    #10923,#10954,#10978,#11002,#11019,#11050,#11074,#11098,#11115,
    #11146,#11170,#11194,#11211,#11242,#11266,#11290,#11307,#11338,
    #11362,#11386,#11403,#11434,#11458,#11482,#11499,#11511,#11523,
    #11535));
#10117 = ADVANCED_FACE('',(#10118),#10152,.F.);
#10118 = FACE_BOUND('',#10119,.F.);
#10119 = EDGE_LOOP('',(#10120,#10130,#10138,#10146));
#10120 = ORIENTED_EDGE('',*,*,#10121,.T.);
#10121 = EDGE_CURVE('',#10122,#10124,#10126,.T.);
#10122 = VERTEX_POINT('',#10123);
#10123 = CARTESIAN_POINT('',(-1.016,1.27,0.));
#10124 = VERTEX_POINT('',#10125);
#10125 = CARTESIAN_POINT('',(-1.016,1.27,2.54));
#10126 = LINE('',#10127,#10128);
#10127 = CARTESIAN_POINT('',(-1.016,1.27,0.));
#10128 = VECTOR('',#10129,1.);
#10129 = DIRECTION('',(0.,0.,1.));
#10130 = ORIENTED_EDGE('',*,*,#10131,.T.);
#10131 = EDGE_CURVE('',#10124,#10132,#10134,.T.);
#10132 = VERTEX_POINT('',#10133);
#10133 = CARTESIAN_POINT('',(-1.27,1.016,2.54));
#10134 = LINE('',#10135,#10136);
#10135 = CARTESIAN_POINT('',(-1.016,1.27,2.54));
#10136 = VECTOR('',#10137,1.);
#10137 = DIRECTION('',(-0.707106781187,-0.707106781187,0.));
#10138 = ORIENTED_EDGE('',*,*,#10139,.F.);
#10139 = EDGE_CURVE('',#10140,#10132,#10142,.T.);
#10140 = VERTEX_POINT('',#10141);
#10141 = CARTESIAN_POINT('',(-1.27,1.016,0.));
#10142 = LINE('',#10143,#10144);
#10143 = CARTESIAN_POINT('',(-1.27,1.016,0.));
#10144 = VECTOR('',#10145,1.);
#10145 = DIRECTION('',(0.,0.,1.));
#10146 = ORIENTED_EDGE('',*,*,#10147,.F.);
#10147 = EDGE_CURVE('',#10122,#10140,#10148,.T.);
#10148 = LINE('',#10149,#10150);
#10149 = CARTESIAN_POINT('',(-1.016,1.27,0.));
#10150 = VECTOR('',#10151,1.);
#10151 = DIRECTION('',(-0.707106781187,-0.707106781187,0.));
#10152 = PLANE('',#10153);
#10153 = AXIS2_PLACEMENT_3D('',#10154,#10155,#10156);
#10154 = CARTESIAN_POINT('',(-1.016,1.27,0.));
#10155 = DIRECTION('',(0.707106781187,-0.707106781187,0.));
#10156 = DIRECTION('',(-0.707106781187,-0.707106781187,0.));
#10157 = ADVANCED_FACE('',(#10158),#10183,.F.);
#10158 = FACE_BOUND('',#10159,.F.);
#10159 = EDGE_LOOP('',(#10160,#10170,#10176,#10177));
#10160 = ORIENTED_EDGE('',*,*,#10161,.T.);
#10161 = EDGE_CURVE('',#10162,#10164,#10166,.T.);
#10162 = VERTEX_POINT('',#10163);
#10163 = CARTESIAN_POINT('',(1.016,1.27,0.));
#10164 = VERTEX_POINT('',#10165);
#10165 = CARTESIAN_POINT('',(1.016,1.27,2.54));
#10166 = LINE('',#10167,#10168);
#10167 = CARTESIAN_POINT('',(1.016,1.27,0.));
#10168 = VECTOR('',#10169,1.);
#10169 = DIRECTION('',(0.,0.,1.));
#10170 = ORIENTED_EDGE('',*,*,#10171,.T.);
#10171 = EDGE_CURVE('',#10164,#10124,#10172,.T.);
#10172 = LINE('',#10173,#10174);
#10173 = CARTESIAN_POINT('',(1.016,1.27,2.54));
#10174 = VECTOR('',#10175,1.);
#10175 = DIRECTION('',(-1.,0.,0.));
#10176 = ORIENTED_EDGE('',*,*,#10121,.F.);
#10177 = ORIENTED_EDGE('',*,*,#10178,.F.);
#10178 = EDGE_CURVE('',#10162,#10122,#10179,.T.);
#10179 = LINE('',#10180,#10181);
#10180 = CARTESIAN_POINT('',(1.016,1.27,0.));
#10181 = VECTOR('',#10182,1.);
#10182 = DIRECTION('',(-1.,0.,0.));
#10183 = PLANE('',#10184);
#10184 = AXIS2_PLACEMENT_3D('',#10185,#10186,#10187);
#10185 = CARTESIAN_POINT('',(1.016,1.27,0.));
#10186 = DIRECTION('',(0.,-1.,0.));
#10187 = DIRECTION('',(-1.,0.,0.));
#10188 = ADVANCED_FACE('',(#10189),#10214,.F.);
#10189 = FACE_BOUND('',#10190,.F.);
#10190 = EDGE_LOOP('',(#10191,#10192,#10200,#10208));
#10191 = ORIENTED_EDGE('',*,*,#10139,.T.);
#10192 = ORIENTED_EDGE('',*,*,#10193,.T.);
#10193 = EDGE_CURVE('',#10132,#10194,#10196,.T.);
#10194 = VERTEX_POINT('',#10195);
#10195 = CARTESIAN_POINT('',(-1.27,-1.016,2.54));
#10196 = LINE('',#10197,#10198);
#10197 = CARTESIAN_POINT('',(-1.27,1.016,2.54));
#10198 = VECTOR('',#10199,1.);
#10199 = DIRECTION('',(0.,-1.,0.));
#10200 = ORIENTED_EDGE('',*,*,#10201,.F.);
#10201 = EDGE_CURVE('',#10202,#10194,#10204,.T.);
#10202 = VERTEX_POINT('',#10203);
#10203 = CARTESIAN_POINT('',(-1.27,-1.016,0.));
#10204 = LINE('',#10205,#10206);
#10205 = CARTESIAN_POINT('',(-1.27,-1.016,0.));
#10206 = VECTOR('',#10207,1.);
#10207 = DIRECTION('',(0.,0.,1.));
#10208 = ORIENTED_EDGE('',*,*,#10209,.F.);
#10209 = EDGE_CURVE('',#10140,#10202,#10210,.T.);
#10210 = LINE('',#10211,#10212);
#10211 = CARTESIAN_POINT('',(-1.27,1.016,0.));
#10212 = VECTOR('',#10213,1.);
#10213 = DIRECTION('',(0.,-1.,0.));
#10214 = PLANE('',#10215);
#10215 = AXIS2_PLACEMENT_3D('',#10216,#10217,#10218);
#10216 = CARTESIAN_POINT('',(-1.27,1.016,0.));
#10217 = DIRECTION('',(1.,0.,0.));
#10218 = DIRECTION('',(0.,-1.,0.));
#10219 = ADVANCED_FACE('',(#10220,#10311,#10345),#10379,.F.);
#10220 = FACE_BOUND('',#10221,.F.);
#10221 = EDGE_LOOP('',(#10222,#10223,#10224,#10232,#10240,#10248,#10256,
    #10264,#10272,#10280,#10288,#10296,#10304,#10310));
#10222 = ORIENTED_EDGE('',*,*,#10147,.T.);
#10223 = ORIENTED_EDGE('',*,*,#10209,.T.);
#10224 = ORIENTED_EDGE('',*,*,#10225,.T.);
#10225 = EDGE_CURVE('',#10202,#10226,#10228,.T.);
#10226 = VERTEX_POINT('',#10227);
#10227 = CARTESIAN_POINT('',(-1.016,-1.27,0.));
#10228 = LINE('',#10229,#10230);
#10229 = CARTESIAN_POINT('',(-1.27,-1.016,0.));
#10230 = VECTOR('',#10231,1.);
#10231 = DIRECTION('',(0.707106781187,-0.707106781187,0.));
#10232 = ORIENTED_EDGE('',*,*,#10233,.T.);
#10233 = EDGE_CURVE('',#10226,#10234,#10236,.T.);
#10234 = VERTEX_POINT('',#10235);
#10235 = CARTESIAN_POINT('',(-1.27,-1.524,0.));
#10236 = LINE('',#10237,#10238);
#10237 = CARTESIAN_POINT('',(-1.016,-1.27,0.));
#10238 = VECTOR('',#10239,1.);
#10239 = DIRECTION('',(-0.707106781187,-0.707106781187,0.));
#10240 = ORIENTED_EDGE('',*,*,#10241,.T.);
#10241 = EDGE_CURVE('',#10234,#10242,#10244,.T.);
#10242 = VERTEX_POINT('',#10243);
#10243 = CARTESIAN_POINT('',(-1.27,-3.556,0.));
#10244 = LINE('',#10245,#10246);
#10245 = CARTESIAN_POINT('',(-1.27,-1.524,0.));
#10246 = VECTOR('',#10247,1.);
#10247 = DIRECTION('',(0.,-1.,0.));
#10248 = ORIENTED_EDGE('',*,*,#10249,.T.);
#10249 = EDGE_CURVE('',#10242,#10250,#10252,.T.);
#10250 = VERTEX_POINT('',#10251);
#10251 = CARTESIAN_POINT('',(-1.016,-3.81,0.));
#10252 = LINE('',#10253,#10254);
#10253 = CARTESIAN_POINT('',(-1.27,-3.556,0.));
#10254 = VECTOR('',#10255,1.);
#10255 = DIRECTION('',(0.707106781187,-0.707106781187,0.));
#10256 = ORIENTED_EDGE('',*,*,#10257,.T.);
#10257 = EDGE_CURVE('',#10250,#10258,#10260,.T.);
#10258 = VERTEX_POINT('',#10259);
#10259 = CARTESIAN_POINT('',(1.016,-3.81,0.));
#10260 = LINE('',#10261,#10262);
#10261 = CARTESIAN_POINT('',(-1.016,-3.81,0.));
#10262 = VECTOR('',#10263,1.);
#10263 = DIRECTION('',(1.,0.,0.));
#10264 = ORIENTED_EDGE('',*,*,#10265,.T.);
#10265 = EDGE_CURVE('',#10258,#10266,#10268,.T.);
#10266 = VERTEX_POINT('',#10267);
#10267 = CARTESIAN_POINT('',(1.27,-3.556,0.));
#10268 = LINE('',#10269,#10270);
#10269 = CARTESIAN_POINT('',(1.016,-3.81,0.));
#10270 = VECTOR('',#10271,1.);
#10271 = DIRECTION('',(0.707106781187,0.707106781187,0.));
#10272 = ORIENTED_EDGE('',*,*,#10273,.T.);
#10273 = EDGE_CURVE('',#10266,#10274,#10276,.T.);
#10274 = VERTEX_POINT('',#10275);
#10275 = CARTESIAN_POINT('',(1.27,-1.524,0.));
#10276 = LINE('',#10277,#10278);
#10277 = CARTESIAN_POINT('',(1.27,-3.556,0.));
#10278 = VECTOR('',#10279,1.);
#10279 = DIRECTION('',(0.,1.,0.));
#10280 = ORIENTED_EDGE('',*,*,#10281,.T.);
#10281 = EDGE_CURVE('',#10274,#10282,#10284,.T.);
#10282 = VERTEX_POINT('',#10283);
#10283 = CARTESIAN_POINT('',(1.016,-1.27,0.));
#10284 = LINE('',#10285,#10286);
#10285 = CARTESIAN_POINT('',(1.27,-1.524,0.));
#10286 = VECTOR('',#10287,1.);
#10287 = DIRECTION('',(-0.707106781187,0.707106781187,0.));
#10288 = ORIENTED_EDGE('',*,*,#10289,.T.);
#10289 = EDGE_CURVE('',#10282,#10290,#10292,.T.);
#10290 = VERTEX_POINT('',#10291);
#10291 = CARTESIAN_POINT('',(1.27,-1.016,0.));
#10292 = LINE('',#10293,#10294);
#10293 = CARTESIAN_POINT('',(1.016,-1.27,0.));
#10294 = VECTOR('',#10295,1.);
#10295 = DIRECTION('',(0.707106781187,0.707106781187,0.));
#10296 = ORIENTED_EDGE('',*,*,#10297,.T.);
#10297 = EDGE_CURVE('',#10290,#10298,#10300,.T.);
#10298 = VERTEX_POINT('',#10299);
#10299 = CARTESIAN_POINT('',(1.27,1.016,0.));
#10300 = LINE('',#10301,#10302);
#10301 = CARTESIAN_POINT('',(1.27,-1.016,0.));
#10302 = VECTOR('',#10303,1.);
#10303 = DIRECTION('',(0.,1.,0.));
#10304 = ORIENTED_EDGE('',*,*,#10305,.T.);
#10305 = EDGE_CURVE('',#10298,#10162,#10306,.T.);
#10306 = LINE('',#10307,#10308);
#10307 = CARTESIAN_POINT('',(1.27,1.016,0.));
#10308 = VECTOR('',#10309,1.);
#10309 = DIRECTION('',(-0.707106781187,0.707106781187,0.));
#10310 = ORIENTED_EDGE('',*,*,#10178,.T.);
#10311 = FACE_BOUND('',#10312,.F.);
#10312 = EDGE_LOOP('',(#10313,#10323,#10331,#10339));
#10313 = ORIENTED_EDGE('',*,*,#10314,.T.);
#10314 = EDGE_CURVE('',#10315,#10317,#10319,.T.);
#10315 = VERTEX_POINT('',#10316);
#10316 = CARTESIAN_POINT('',(0.32,-0.32,0.));
#10317 = VERTEX_POINT('',#10318);
#10318 = CARTESIAN_POINT('',(-0.32,-0.32,0.));
#10319 = LINE('',#10320,#10321);
#10320 = CARTESIAN_POINT('',(-0.16,-0.32,0.));
#10321 = VECTOR('',#10322,1.);
#10322 = DIRECTION('',(-1.,0.,0.));
#10323 = ORIENTED_EDGE('',*,*,#10324,.T.);
#10324 = EDGE_CURVE('',#10317,#10325,#10327,.T.);
#10325 = VERTEX_POINT('',#10326);
#10326 = CARTESIAN_POINT('',(-0.32,0.32,0.));
#10327 = LINE('',#10328,#10329);
#10328 = CARTESIAN_POINT('',(-0.32,-0.795,0.));
#10329 = VECTOR('',#10330,1.);
#10330 = DIRECTION('',(0.,1.,0.));
#10331 = ORIENTED_EDGE('',*,*,#10332,.F.);
#10332 = EDGE_CURVE('',#10333,#10325,#10335,.T.);
#10333 = VERTEX_POINT('',#10334);
#10334 = CARTESIAN_POINT('',(0.32,0.32,0.));
#10335 = LINE('',#10336,#10337);
#10336 = CARTESIAN_POINT('',(-0.16,0.32,0.));
#10337 = VECTOR('',#10338,1.);
#10338 = DIRECTION('',(-1.,0.,0.));
#10339 = ORIENTED_EDGE('',*,*,#10340,.F.);
#10340 = EDGE_CURVE('',#10315,#10333,#10341,.T.);
#10341 = LINE('',#10342,#10343);
#10342 = CARTESIAN_POINT('',(0.32,-0.795,0.));
#10343 = VECTOR('',#10344,1.);
#10344 = DIRECTION('',(0.,1.,0.));
#10345 = FACE_BOUND('',#10346,.F.);
#10346 = EDGE_LOOP('',(#10347,#10357,#10365,#10373));
#10347 = ORIENTED_EDGE('',*,*,#10348,.T.);
#10348 = EDGE_CURVE('',#10349,#10351,#10353,.T.);
#10349 = VERTEX_POINT('',#10350);
#10350 = CARTESIAN_POINT('',(0.32,-2.86,0.));
#10351 = VERTEX_POINT('',#10352);
#10352 = CARTESIAN_POINT('',(-0.32,-2.86,0.));
#10353 = LINE('',#10354,#10355);
#10354 = CARTESIAN_POINT('',(-0.16,-2.86,0.));
#10355 = VECTOR('',#10356,1.);
#10356 = DIRECTION('',(-1.,0.,0.));
#10357 = ORIENTED_EDGE('',*,*,#10358,.T.);
#10358 = EDGE_CURVE('',#10351,#10359,#10361,.T.);
#10359 = VERTEX_POINT('',#10360);
#10360 = CARTESIAN_POINT('',(-0.32,-2.22,0.));
#10361 = LINE('',#10362,#10363);
#10362 = CARTESIAN_POINT('',(-0.32,-2.065,0.));
#10363 = VECTOR('',#10364,1.);
#10364 = DIRECTION('',(0.,1.,0.));
#10365 = ORIENTED_EDGE('',*,*,#10366,.F.);
#10366 = EDGE_CURVE('',#10367,#10359,#10369,.T.);
#10367 = VERTEX_POINT('',#10368);
#10368 = CARTESIAN_POINT('',(0.32,-2.22,0.));
#10369 = LINE('',#10370,#10371);
#10370 = CARTESIAN_POINT('',(-0.16,-2.22,0.));
#10371 = VECTOR('',#10372,1.);
#10372 = DIRECTION('',(-1.,0.,0.));
#10373 = ORIENTED_EDGE('',*,*,#10374,.F.);
#10374 = EDGE_CURVE('',#10349,#10367,#10375,.T.);
#10375 = LINE('',#10376,#10377);
#10376 = CARTESIAN_POINT('',(0.32,-2.065,0.));
#10377 = VECTOR('',#10378,1.);
#10378 = DIRECTION('',(0.,1.,0.));
#10379 = PLANE('',#10380);
#10380 = AXIS2_PLACEMENT_3D('',#10381,#10382,#10383);
#10381 = CARTESIAN_POINT('',(1.473843703412E-17,-1.27,0.));
#10382 = DIRECTION('',(0.,0.,1.));
#10383 = DIRECTION('',(1.,0.,-0.));
#10384 = ADVANCED_FACE('',(#10385,#10476,#10510),#10544,.T.);
#10385 = FACE_BOUND('',#10386,.T.);
#10386 = EDGE_LOOP('',(#10387,#10388,#10389,#10397,#10405,#10413,#10421,
    #10429,#10437,#10445,#10453,#10461,#10469,#10475));
#10387 = ORIENTED_EDGE('',*,*,#10131,.T.);
#10388 = ORIENTED_EDGE('',*,*,#10193,.T.);
#10389 = ORIENTED_EDGE('',*,*,#10390,.T.);
#10390 = EDGE_CURVE('',#10194,#10391,#10393,.T.);
#10391 = VERTEX_POINT('',#10392);
#10392 = CARTESIAN_POINT('',(-1.016,-1.27,2.54));
#10393 = LINE('',#10394,#10395);
#10394 = CARTESIAN_POINT('',(-1.27,-1.016,2.54));
#10395 = VECTOR('',#10396,1.);
#10396 = DIRECTION('',(0.707106781187,-0.707106781187,0.));
#10397 = ORIENTED_EDGE('',*,*,#10398,.T.);
#10398 = EDGE_CURVE('',#10391,#10399,#10401,.T.);
#10399 = VERTEX_POINT('',#10400);
#10400 = CARTESIAN_POINT('',(-1.27,-1.524,2.54));
#10401 = LINE('',#10402,#10403);
#10402 = CARTESIAN_POINT('',(-1.016,-1.27,2.54));
#10403 = VECTOR('',#10404,1.);
#10404 = DIRECTION('',(-0.707106781187,-0.707106781187,0.));
#10405 = ORIENTED_EDGE('',*,*,#10406,.T.);
#10406 = EDGE_CURVE('',#10399,#10407,#10409,.T.);
#10407 = VERTEX_POINT('',#10408);
#10408 = CARTESIAN_POINT('',(-1.27,-3.556,2.54));
#10409 = LINE('',#10410,#10411);
#10410 = CARTESIAN_POINT('',(-1.27,-1.524,2.54));
#10411 = VECTOR('',#10412,1.);
#10412 = DIRECTION('',(0.,-1.,0.));
#10413 = ORIENTED_EDGE('',*,*,#10414,.T.);
#10414 = EDGE_CURVE('',#10407,#10415,#10417,.T.);
#10415 = VERTEX_POINT('',#10416);
#10416 = CARTESIAN_POINT('',(-1.016,-3.81,2.54));
#10417 = LINE('',#10418,#10419);
#10418 = CARTESIAN_POINT('',(-1.27,-3.556,2.54));
#10419 = VECTOR('',#10420,1.);
#10420 = DIRECTION('',(0.707106781187,-0.707106781187,0.));
#10421 = ORIENTED_EDGE('',*,*,#10422,.T.);
#10422 = EDGE_CURVE('',#10415,#10423,#10425,.T.);
#10423 = VERTEX_POINT('',#10424);
#10424 = CARTESIAN_POINT('',(1.016,-3.81,2.54));
#10425 = LINE('',#10426,#10427);
#10426 = CARTESIAN_POINT('',(-1.016,-3.81,2.54));
#10427 = VECTOR('',#10428,1.);
#10428 = DIRECTION('',(1.,0.,0.));
#10429 = ORIENTED_EDGE('',*,*,#10430,.T.);
#10430 = EDGE_CURVE('',#10423,#10431,#10433,.T.);
#10431 = VERTEX_POINT('',#10432);
#10432 = CARTESIAN_POINT('',(1.27,-3.556,2.54));
#10433 = LINE('',#10434,#10435);
#10434 = CARTESIAN_POINT('',(1.016,-3.81,2.54));
#10435 = VECTOR('',#10436,1.);
#10436 = DIRECTION('',(0.707106781187,0.707106781187,0.));
#10437 = ORIENTED_EDGE('',*,*,#10438,.T.);
#10438 = EDGE_CURVE('',#10431,#10439,#10441,.T.);
#10439 = VERTEX_POINT('',#10440);
#10440 = CARTESIAN_POINT('',(1.27,-1.524,2.54));
#10441 = LINE('',#10442,#10443);
#10442 = CARTESIAN_POINT('',(1.27,-3.556,2.54));
#10443 = VECTOR('',#10444,1.);
#10444 = DIRECTION('',(0.,1.,0.));
#10445 = ORIENTED_EDGE('',*,*,#10446,.T.);
#10446 = EDGE_CURVE('',#10439,#10447,#10449,.T.);
#10447 = VERTEX_POINT('',#10448);
#10448 = CARTESIAN_POINT('',(1.016,-1.27,2.54));
#10449 = LINE('',#10450,#10451);
#10450 = CARTESIAN_POINT('',(1.27,-1.524,2.54));
#10451 = VECTOR('',#10452,1.);
#10452 = DIRECTION('',(-0.707106781187,0.707106781187,0.));
#10453 = ORIENTED_EDGE('',*,*,#10454,.T.);
#10454 = EDGE_CURVE('',#10447,#10455,#10457,.T.);
#10455 = VERTEX_POINT('',#10456);
#10456 = CARTESIAN_POINT('',(1.27,-1.016,2.54));
#10457 = LINE('',#10458,#10459);
#10458 = CARTESIAN_POINT('',(1.016,-1.27,2.54));
#10459 = VECTOR('',#10460,1.);
#10460 = DIRECTION('',(0.707106781187,0.707106781187,0.));
#10461 = ORIENTED_EDGE('',*,*,#10462,.T.);
#10462 = EDGE_CURVE('',#10455,#10463,#10465,.T.);
#10463 = VERTEX_POINT('',#10464);
#10464 = CARTESIAN_POINT('',(1.27,1.016,2.54));
#10465 = LINE('',#10466,#10467);
#10466 = CARTESIAN_POINT('',(1.27,-1.016,2.54));
#10467 = VECTOR('',#10468,1.);
#10468 = DIRECTION('',(0.,1.,0.));
#10469 = ORIENTED_EDGE('',*,*,#10470,.T.);
#10470 = EDGE_CURVE('',#10463,#10164,#10471,.T.);
#10471 = LINE('',#10472,#10473);
#10472 = CARTESIAN_POINT('',(1.27,1.016,2.54));
#10473 = VECTOR('',#10474,1.);
#10474 = DIRECTION('',(-0.707106781187,0.707106781187,0.));
#10475 = ORIENTED_EDGE('',*,*,#10171,.T.);
#10476 = FACE_BOUND('',#10477,.T.);
#10477 = EDGE_LOOP('',(#10478,#10488,#10496,#10504));
#10478 = ORIENTED_EDGE('',*,*,#10479,.T.);
#10479 = EDGE_CURVE('',#10480,#10482,#10484,.T.);
#10480 = VERTEX_POINT('',#10481);
#10481 = CARTESIAN_POINT('',(0.32,-0.32,2.54));
#10482 = VERTEX_POINT('',#10483);
#10483 = CARTESIAN_POINT('',(-0.32,-0.32,2.54));
#10484 = LINE('',#10485,#10486);
#10485 = CARTESIAN_POINT('',(-0.16,-0.32,2.54));
#10486 = VECTOR('',#10487,1.);
#10487 = DIRECTION('',(-1.,0.,0.));
#10488 = ORIENTED_EDGE('',*,*,#10489,.T.);
#10489 = EDGE_CURVE('',#10482,#10490,#10492,.T.);
#10490 = VERTEX_POINT('',#10491);
#10491 = CARTESIAN_POINT('',(-0.32,0.32,2.54));
#10492 = LINE('',#10493,#10494);
#10493 = CARTESIAN_POINT('',(-0.32,-0.795,2.54));
#10494 = VECTOR('',#10495,1.);
#10495 = DIRECTION('',(0.,1.,0.));
#10496 = ORIENTED_EDGE('',*,*,#10497,.F.);
#10497 = EDGE_CURVE('',#10498,#10490,#10500,.T.);
#10498 = VERTEX_POINT('',#10499);
#10499 = CARTESIAN_POINT('',(0.32,0.32,2.54));
#10500 = LINE('',#10501,#10502);
#10501 = CARTESIAN_POINT('',(-0.16,0.32,2.54));
#10502 = VECTOR('',#10503,1.);
#10503 = DIRECTION('',(-1.,0.,0.));
#10504 = ORIENTED_EDGE('',*,*,#10505,.F.);
#10505 = EDGE_CURVE('',#10480,#10498,#10506,.T.);
#10506 = LINE('',#10507,#10508);
#10507 = CARTESIAN_POINT('',(0.32,-0.795,2.54));
#10508 = VECTOR('',#10509,1.);
#10509 = DIRECTION('',(0.,1.,0.));
#10510 = FACE_BOUND('',#10511,.T.);
#10511 = EDGE_LOOP('',(#10512,#10522,#10530,#10538));
#10512 = ORIENTED_EDGE('',*,*,#10513,.T.);
#10513 = EDGE_CURVE('',#10514,#10516,#10518,.T.);
#10514 = VERTEX_POINT('',#10515);
#10515 = CARTESIAN_POINT('',(0.32,-2.86,2.54));
#10516 = VERTEX_POINT('',#10517);
#10517 = CARTESIAN_POINT('',(-0.32,-2.86,2.54));
#10518 = LINE('',#10519,#10520);
#10519 = CARTESIAN_POINT('',(-0.16,-2.86,2.54));
#10520 = VECTOR('',#10521,1.);
#10521 = DIRECTION('',(-1.,0.,0.));
#10522 = ORIENTED_EDGE('',*,*,#10523,.T.);
#10523 = EDGE_CURVE('',#10516,#10524,#10526,.T.);
#10524 = VERTEX_POINT('',#10525);
#10525 = CARTESIAN_POINT('',(-0.32,-2.22,2.54));
#10526 = LINE('',#10527,#10528);
#10527 = CARTESIAN_POINT('',(-0.32,-2.065,2.54));
#10528 = VECTOR('',#10529,1.);
#10529 = DIRECTION('',(0.,1.,0.));
#10530 = ORIENTED_EDGE('',*,*,#10531,.F.);
#10531 = EDGE_CURVE('',#10532,#10524,#10534,.T.);
#10532 = VERTEX_POINT('',#10533);
#10533 = CARTESIAN_POINT('',(0.32,-2.22,2.54));
#10534 = LINE('',#10535,#10536);
#10535 = CARTESIAN_POINT('',(-0.16,-2.22,2.54));
#10536 = VECTOR('',#10537,1.);
#10537 = DIRECTION('',(-1.,0.,0.));
#10538 = ORIENTED_EDGE('',*,*,#10539,.F.);
#10539 = EDGE_CURVE('',#10514,#10532,#10540,.T.);
#10540 = LINE('',#10541,#10542);
#10541 = CARTESIAN_POINT('',(0.32,-2.065,2.54));
#10542 = VECTOR('',#10543,1.);
#10543 = DIRECTION('',(0.,1.,0.));
#10544 = PLANE('',#10545);
#10545 = AXIS2_PLACEMENT_3D('',#10546,#10547,#10548);
#10546 = CARTESIAN_POINT('',(1.473843703412E-17,-1.27,2.54));
#10547 = DIRECTION('',(0.,0.,1.));
#10548 = DIRECTION('',(1.,0.,-0.));
#10549 = ADVANCED_FACE('',(#10550),#10561,.F.);
#10550 = FACE_BOUND('',#10551,.F.);
#10551 = EDGE_LOOP('',(#10552,#10558,#10559,#10560));
#10552 = ORIENTED_EDGE('',*,*,#10553,.T.);
#10553 = EDGE_CURVE('',#10298,#10463,#10554,.T.);
#10554 = LINE('',#10555,#10556);
#10555 = CARTESIAN_POINT('',(1.27,1.016,0.));
#10556 = VECTOR('',#10557,1.);
#10557 = DIRECTION('',(0.,0.,1.));
#10558 = ORIENTED_EDGE('',*,*,#10470,.T.);
#10559 = ORIENTED_EDGE('',*,*,#10161,.F.);
#10560 = ORIENTED_EDGE('',*,*,#10305,.F.);
#10561 = PLANE('',#10562);
#10562 = AXIS2_PLACEMENT_3D('',#10563,#10564,#10565);
#10563 = CARTESIAN_POINT('',(1.27,1.016,0.));
#10564 = DIRECTION('',(-0.707106781187,-0.707106781187,0.));
#10565 = DIRECTION('',(-0.707106781187,0.707106781187,0.));
#10566 = ADVANCED_FACE('',(#10567),#10578,.F.);
#10567 = FACE_BOUND('',#10568,.F.);
#10568 = EDGE_LOOP('',(#10569,#10570,#10571,#10577));
#10569 = ORIENTED_EDGE('',*,*,#10201,.T.);
#10570 = ORIENTED_EDGE('',*,*,#10390,.T.);
#10571 = ORIENTED_EDGE('',*,*,#10572,.F.);
#10572 = EDGE_CURVE('',#10226,#10391,#10573,.T.);
#10573 = LINE('',#10574,#10575);
#10574 = CARTESIAN_POINT('',(-1.016,-1.27,0.));
#10575 = VECTOR('',#10576,1.);
#10576 = DIRECTION('',(0.,0.,1.));
#10577 = ORIENTED_EDGE('',*,*,#10225,.F.);
#10578 = PLANE('',#10579);
#10579 = AXIS2_PLACEMENT_3D('',#10580,#10581,#10582);
#10580 = CARTESIAN_POINT('',(-1.27,-1.016,0.));
#10581 = DIRECTION('',(0.707106781187,0.707106781187,0.));
#10582 = DIRECTION('',(0.707106781187,-0.707106781187,0.));
#10583 = ADVANCED_FACE('',(#10584),#10595,.F.);
#10584 = FACE_BOUND('',#10585,.F.);
#10585 = EDGE_LOOP('',(#10586,#10592,#10593,#10594));
#10586 = ORIENTED_EDGE('',*,*,#10587,.T.);
#10587 = EDGE_CURVE('',#10290,#10455,#10588,.T.);
#10588 = LINE('',#10589,#10590);
#10589 = CARTESIAN_POINT('',(1.27,-1.016,0.));
#10590 = VECTOR('',#10591,1.);
#10591 = DIRECTION('',(0.,0.,1.));
#10592 = ORIENTED_EDGE('',*,*,#10462,.T.);
#10593 = ORIENTED_EDGE('',*,*,#10553,.F.);
#10594 = ORIENTED_EDGE('',*,*,#10297,.F.);
#10595 = PLANE('',#10596);
#10596 = AXIS2_PLACEMENT_3D('',#10597,#10598,#10599);
#10597 = CARTESIAN_POINT('',(1.27,-1.016,0.));
#10598 = DIRECTION('',(-1.,0.,0.));
#10599 = DIRECTION('',(0.,1.,0.));
#10600 = ADVANCED_FACE('',(#10601),#10612,.F.);
#10601 = FACE_BOUND('',#10602,.F.);
#10602 = EDGE_LOOP('',(#10603,#10604,#10605,#10611));
#10603 = ORIENTED_EDGE('',*,*,#10572,.T.);
#10604 = ORIENTED_EDGE('',*,*,#10398,.T.);
#10605 = ORIENTED_EDGE('',*,*,#10606,.F.);
#10606 = EDGE_CURVE('',#10234,#10399,#10607,.T.);
#10607 = LINE('',#10608,#10609);
#10608 = CARTESIAN_POINT('',(-1.27,-1.524,0.));
#10609 = VECTOR('',#10610,1.);
#10610 = DIRECTION('',(0.,0.,1.));
#10611 = ORIENTED_EDGE('',*,*,#10233,.F.);
#10612 = PLANE('',#10613);
#10613 = AXIS2_PLACEMENT_3D('',#10614,#10615,#10616);
#10614 = CARTESIAN_POINT('',(-1.016,-1.27,0.));
#10615 = DIRECTION('',(0.707106781187,-0.707106781187,0.));
#10616 = DIRECTION('',(-0.707106781187,-0.707106781187,0.));
#10617 = ADVANCED_FACE('',(#10618),#10629,.F.);
#10618 = FACE_BOUND('',#10619,.F.);
#10619 = EDGE_LOOP('',(#10620,#10626,#10627,#10628));
#10620 = ORIENTED_EDGE('',*,*,#10621,.T.);
#10621 = EDGE_CURVE('',#10282,#10447,#10622,.T.);
#10622 = LINE('',#10623,#10624);
#10623 = CARTESIAN_POINT('',(1.016,-1.27,0.));
#10624 = VECTOR('',#10625,1.);
#10625 = DIRECTION('',(0.,0.,1.));
#10626 = ORIENTED_EDGE('',*,*,#10454,.T.);
#10627 = ORIENTED_EDGE('',*,*,#10587,.F.);
#10628 = ORIENTED_EDGE('',*,*,#10289,.F.);
#10629 = PLANE('',#10630);
#10630 = AXIS2_PLACEMENT_3D('',#10631,#10632,#10633);
#10631 = CARTESIAN_POINT('',(1.016,-1.27,0.));
#10632 = DIRECTION('',(-0.707106781187,0.707106781187,0.));
#10633 = DIRECTION('',(0.707106781187,0.707106781187,0.));
#10634 = ADVANCED_FACE('',(#10635),#10646,.F.);
#10635 = FACE_BOUND('',#10636,.F.);
#10636 = EDGE_LOOP('',(#10637,#10638,#10639,#10645));
#10637 = ORIENTED_EDGE('',*,*,#10606,.T.);
#10638 = ORIENTED_EDGE('',*,*,#10406,.T.);
#10639 = ORIENTED_EDGE('',*,*,#10640,.F.);
#10640 = EDGE_CURVE('',#10242,#10407,#10641,.T.);
#10641 = LINE('',#10642,#10643);
#10642 = CARTESIAN_POINT('',(-1.27,-3.556,0.));
#10643 = VECTOR('',#10644,1.);
#10644 = DIRECTION('',(0.,0.,1.));
#10645 = ORIENTED_EDGE('',*,*,#10241,.F.);
#10646 = PLANE('',#10647);
#10647 = AXIS2_PLACEMENT_3D('',#10648,#10649,#10650);
#10648 = CARTESIAN_POINT('',(-1.27,-1.524,0.));
#10649 = DIRECTION('',(1.,0.,0.));
#10650 = DIRECTION('',(0.,-1.,0.));
#10651 = ADVANCED_FACE('',(#10652),#10663,.F.);
#10652 = FACE_BOUND('',#10653,.F.);
#10653 = EDGE_LOOP('',(#10654,#10660,#10661,#10662));
#10654 = ORIENTED_EDGE('',*,*,#10655,.T.);
#10655 = EDGE_CURVE('',#10274,#10439,#10656,.T.);
#10656 = LINE('',#10657,#10658);
#10657 = CARTESIAN_POINT('',(1.27,-1.524,0.));
#10658 = VECTOR('',#10659,1.);
#10659 = DIRECTION('',(0.,0.,1.));
#10660 = ORIENTED_EDGE('',*,*,#10446,.T.);
#10661 = ORIENTED_EDGE('',*,*,#10621,.F.);
#10662 = ORIENTED_EDGE('',*,*,#10281,.F.);
#10663 = PLANE('',#10664);
#10664 = AXIS2_PLACEMENT_3D('',#10665,#10666,#10667);
#10665 = CARTESIAN_POINT('',(1.27,-1.524,0.));
#10666 = DIRECTION('',(-0.707106781187,-0.707106781187,0.));
#10667 = DIRECTION('',(-0.707106781187,0.707106781187,0.));
#10668 = ADVANCED_FACE('',(#10669),#10680,.F.);
#10669 = FACE_BOUND('',#10670,.F.);
#10670 = EDGE_LOOP('',(#10671,#10672,#10673,#10679));
#10671 = ORIENTED_EDGE('',*,*,#10640,.T.);
#10672 = ORIENTED_EDGE('',*,*,#10414,.T.);
#10673 = ORIENTED_EDGE('',*,*,#10674,.F.);
#10674 = EDGE_CURVE('',#10250,#10415,#10675,.T.);
#10675 = LINE('',#10676,#10677);
#10676 = CARTESIAN_POINT('',(-1.016,-3.81,0.));
#10677 = VECTOR('',#10678,1.);
#10678 = DIRECTION('',(0.,0.,1.));
#10679 = ORIENTED_EDGE('',*,*,#10249,.F.);
#10680 = PLANE('',#10681);
#10681 = AXIS2_PLACEMENT_3D('',#10682,#10683,#10684);
#10682 = CARTESIAN_POINT('',(-1.27,-3.556,0.));
#10683 = DIRECTION('',(0.707106781187,0.707106781187,0.));
#10684 = DIRECTION('',(0.707106781187,-0.707106781187,0.));
#10685 = ADVANCED_FACE('',(#10686),#10697,.F.);
#10686 = FACE_BOUND('',#10687,.F.);
#10687 = EDGE_LOOP('',(#10688,#10694,#10695,#10696));
#10688 = ORIENTED_EDGE('',*,*,#10689,.T.);
#10689 = EDGE_CURVE('',#10266,#10431,#10690,.T.);
#10690 = LINE('',#10691,#10692);
#10691 = CARTESIAN_POINT('',(1.27,-3.556,0.));
#10692 = VECTOR('',#10693,1.);
#10693 = DIRECTION('',(0.,0.,1.));
#10694 = ORIENTED_EDGE('',*,*,#10438,.T.);
#10695 = ORIENTED_EDGE('',*,*,#10655,.F.);
#10696 = ORIENTED_EDGE('',*,*,#10273,.F.);
#10697 = PLANE('',#10698);
#10698 = AXIS2_PLACEMENT_3D('',#10699,#10700,#10701);
#10699 = CARTESIAN_POINT('',(1.27,-3.556,0.));
#10700 = DIRECTION('',(-1.,0.,0.));
#10701 = DIRECTION('',(0.,1.,0.));
#10702 = ADVANCED_FACE('',(#10703),#10714,.F.);
#10703 = FACE_BOUND('',#10704,.F.);
#10704 = EDGE_LOOP('',(#10705,#10706,#10707,#10713));
#10705 = ORIENTED_EDGE('',*,*,#10674,.T.);
#10706 = ORIENTED_EDGE('',*,*,#10422,.T.);
#10707 = ORIENTED_EDGE('',*,*,#10708,.F.);
#10708 = EDGE_CURVE('',#10258,#10423,#10709,.T.);
#10709 = LINE('',#10710,#10711);
#10710 = CARTESIAN_POINT('',(1.016,-3.81,0.));
#10711 = VECTOR('',#10712,1.);
#10712 = DIRECTION('',(0.,0.,1.));
#10713 = ORIENTED_EDGE('',*,*,#10257,.F.);
#10714 = PLANE('',#10715);
#10715 = AXIS2_PLACEMENT_3D('',#10716,#10717,#10718);
#10716 = CARTESIAN_POINT('',(-1.016,-3.81,0.));
#10717 = DIRECTION('',(0.,1.,0.));
#10718 = DIRECTION('',(1.,0.,0.));
#10719 = ADVANCED_FACE('',(#10720),#10726,.F.);
#10720 = FACE_BOUND('',#10721,.F.);
#10721 = EDGE_LOOP('',(#10722,#10723,#10724,#10725));
#10722 = ORIENTED_EDGE('',*,*,#10708,.T.);
#10723 = ORIENTED_EDGE('',*,*,#10430,.T.);
#10724 = ORIENTED_EDGE('',*,*,#10689,.F.);
#10725 = ORIENTED_EDGE('',*,*,#10265,.F.);
#10726 = PLANE('',#10727);
#10727 = AXIS2_PLACEMENT_3D('',#10728,#10729,#10730);
#10728 = CARTESIAN_POINT('',(1.016,-3.81,0.));
#10729 = DIRECTION('',(-0.707106781187,0.707106781187,0.));
#10730 = DIRECTION('',(0.707106781187,0.707106781187,0.));
#10731 = ADVANCED_FACE('',(#10732),#10757,.F.);
#10732 = FACE_BOUND('',#10733,.F.);
#10733 = EDGE_LOOP('',(#10734,#10742,#10750,#10756));
#10734 = ORIENTED_EDGE('',*,*,#10735,.F.);
#10735 = EDGE_CURVE('',#10736,#10315,#10738,.T.);
#10736 = VERTEX_POINT('',#10737);
#10737 = CARTESIAN_POINT('',(0.32,-0.32,-2.84));
#10738 = LINE('',#10739,#10740);
#10739 = CARTESIAN_POINT('',(0.32,-0.32,-3.));
#10740 = VECTOR('',#10741,1.);
#10741 = DIRECTION('',(0.,0.,1.));
#10742 = ORIENTED_EDGE('',*,*,#10743,.F.);
#10743 = EDGE_CURVE('',#10744,#10736,#10746,.T.);
#10744 = VERTEX_POINT('',#10745);
#10745 = CARTESIAN_POINT('',(-0.32,-0.32,-2.84));
#10746 = LINE('',#10747,#10748);
#10747 = CARTESIAN_POINT('',(-0.32,-0.32,-2.84));
#10748 = VECTOR('',#10749,1.);
#10749 = DIRECTION('',(1.,0.,0.));
#10750 = ORIENTED_EDGE('',*,*,#10751,.T.);
#10751 = EDGE_CURVE('',#10744,#10317,#10752,.T.);
#10752 = LINE('',#10753,#10754);
#10753 = CARTESIAN_POINT('',(-0.32,-0.32,-3.));
#10754 = VECTOR('',#10755,1.);
#10755 = DIRECTION('',(0.,0.,1.));
#10756 = ORIENTED_EDGE('',*,*,#10314,.F.);
#10757 = PLANE('',#10758);
#10758 = AXIS2_PLACEMENT_3D('',#10759,#10760,#10761);
#10759 = CARTESIAN_POINT('',(-0.32,-0.32,-3.));
#10760 = DIRECTION('',(0.,1.,0.));
#10761 = DIRECTION('',(0.,-0.,1.));
#10762 = ADVANCED_FACE('',(#10763),#10781,.T.);
#10763 = FACE_BOUND('',#10764,.T.);
#10764 = EDGE_LOOP('',(#10765,#10766,#10774,#10780));
#10765 = ORIENTED_EDGE('',*,*,#10735,.F.);
#10766 = ORIENTED_EDGE('',*,*,#10767,.T.);
#10767 = EDGE_CURVE('',#10736,#10768,#10770,.T.);
#10768 = VERTEX_POINT('',#10769);
#10769 = CARTESIAN_POINT('',(0.32,0.32,-2.84));
#10770 = LINE('',#10771,#10772);
#10771 = CARTESIAN_POINT('',(0.32,-0.32,-2.84));
#10772 = VECTOR('',#10773,1.);
#10773 = DIRECTION('',(0.,1.,0.));
#10774 = ORIENTED_EDGE('',*,*,#10775,.T.);
#10775 = EDGE_CURVE('',#10768,#10333,#10776,.T.);
#10776 = LINE('',#10777,#10778);
#10777 = CARTESIAN_POINT('',(0.32,0.32,-3.));
#10778 = VECTOR('',#10779,1.);
#10779 = DIRECTION('',(0.,0.,1.));
#10780 = ORIENTED_EDGE('',*,*,#10340,.F.);
#10781 = PLANE('',#10782);
#10782 = AXIS2_PLACEMENT_3D('',#10783,#10784,#10785);
#10783 = CARTESIAN_POINT('',(0.32,-0.32,-3.));
#10784 = DIRECTION('',(1.,0.,0.));
#10785 = DIRECTION('',(0.,0.,1.));
#10786 = ADVANCED_FACE('',(#10787),#10805,.T.);
#10787 = FACE_BOUND('',#10788,.T.);
#10788 = EDGE_LOOP('',(#10789,#10790,#10798,#10804));
#10789 = ORIENTED_EDGE('',*,*,#10775,.F.);
#10790 = ORIENTED_EDGE('',*,*,#10791,.F.);
#10791 = EDGE_CURVE('',#10792,#10768,#10794,.T.);
#10792 = VERTEX_POINT('',#10793);
#10793 = CARTESIAN_POINT('',(-0.32,0.32,-2.84));
#10794 = LINE('',#10795,#10796);
#10795 = CARTESIAN_POINT('',(-0.32,0.32,-2.84));
#10796 = VECTOR('',#10797,1.);
#10797 = DIRECTION('',(1.,0.,0.));
#10798 = ORIENTED_EDGE('',*,*,#10799,.T.);
#10799 = EDGE_CURVE('',#10792,#10325,#10800,.T.);
#10800 = LINE('',#10801,#10802);
#10801 = CARTESIAN_POINT('',(-0.32,0.32,-3.));
#10802 = VECTOR('',#10803,1.);
#10803 = DIRECTION('',(0.,0.,1.));
#10804 = ORIENTED_EDGE('',*,*,#10332,.F.);
#10805 = PLANE('',#10806);
#10806 = AXIS2_PLACEMENT_3D('',#10807,#10808,#10809);
#10807 = CARTESIAN_POINT('',(-0.32,0.32,-3.));
#10808 = DIRECTION('',(0.,1.,0.));
#10809 = DIRECTION('',(0.,-0.,1.));
#10810 = ADVANCED_FACE('',(#10811),#10822,.F.);
#10811 = FACE_BOUND('',#10812,.F.);
#10812 = EDGE_LOOP('',(#10813,#10814,#10820,#10821));
#10813 = ORIENTED_EDGE('',*,*,#10751,.F.);
#10814 = ORIENTED_EDGE('',*,*,#10815,.T.);
#10815 = EDGE_CURVE('',#10744,#10792,#10816,.T.);
#10816 = LINE('',#10817,#10818);
#10817 = CARTESIAN_POINT('',(-0.32,-0.32,-2.84));
#10818 = VECTOR('',#10819,1.);
#10819 = DIRECTION('',(0.,1.,0.));
#10820 = ORIENTED_EDGE('',*,*,#10799,.T.);
#10821 = ORIENTED_EDGE('',*,*,#10324,.F.);
#10822 = PLANE('',#10823);
#10823 = AXIS2_PLACEMENT_3D('',#10824,#10825,#10826);
#10824 = CARTESIAN_POINT('',(-0.32,-0.32,-3.));
#10825 = DIRECTION('',(1.,0.,0.));
#10826 = DIRECTION('',(0.,0.,1.));
#10827 = ADVANCED_FACE('',(#10828),#10853,.F.);
#10828 = FACE_BOUND('',#10829,.F.);
#10829 = EDGE_LOOP('',(#10830,#10838,#10846,#10852));
#10830 = ORIENTED_EDGE('',*,*,#10831,.F.);
#10831 = EDGE_CURVE('',#10832,#10349,#10834,.T.);
#10832 = VERTEX_POINT('',#10833);
#10833 = CARTESIAN_POINT('',(0.32,-2.86,-2.84));
#10834 = LINE('',#10835,#10836);
#10835 = CARTESIAN_POINT('',(0.32,-2.86,-3.));
#10836 = VECTOR('',#10837,1.);
#10837 = DIRECTION('',(0.,0.,1.));
#10838 = ORIENTED_EDGE('',*,*,#10839,.F.);
#10839 = EDGE_CURVE('',#10840,#10832,#10842,.T.);
#10840 = VERTEX_POINT('',#10841);
#10841 = CARTESIAN_POINT('',(-0.32,-2.86,-2.84));
#10842 = LINE('',#10843,#10844);
#10843 = CARTESIAN_POINT('',(-0.32,-2.86,-2.84));
#10844 = VECTOR('',#10845,1.);
#10845 = DIRECTION('',(1.,0.,0.));
#10846 = ORIENTED_EDGE('',*,*,#10847,.T.);
#10847 = EDGE_CURVE('',#10840,#10351,#10848,.T.);
#10848 = LINE('',#10849,#10850);
#10849 = CARTESIAN_POINT('',(-0.32,-2.86,-3.));
#10850 = VECTOR('',#10851,1.);
#10851 = DIRECTION('',(0.,0.,1.));
#10852 = ORIENTED_EDGE('',*,*,#10348,.F.);
#10853 = PLANE('',#10854);
#10854 = AXIS2_PLACEMENT_3D('',#10855,#10856,#10857);
#10855 = CARTESIAN_POINT('',(-0.32,-2.86,-3.));
#10856 = DIRECTION('',(0.,1.,0.));
#10857 = DIRECTION('',(0.,-0.,1.));
#10858 = ADVANCED_FACE('',(#10859),#10877,.T.);
#10859 = FACE_BOUND('',#10860,.T.);
#10860 = EDGE_LOOP('',(#10861,#10862,#10870,#10876));
#10861 = ORIENTED_EDGE('',*,*,#10831,.F.);
#10862 = ORIENTED_EDGE('',*,*,#10863,.T.);
#10863 = EDGE_CURVE('',#10832,#10864,#10866,.T.);
#10864 = VERTEX_POINT('',#10865);
#10865 = CARTESIAN_POINT('',(0.32,-2.22,-2.84));
#10866 = LINE('',#10867,#10868);
#10867 = CARTESIAN_POINT('',(0.32,-2.86,-2.84));
#10868 = VECTOR('',#10869,1.);
#10869 = DIRECTION('',(0.,1.,0.));
#10870 = ORIENTED_EDGE('',*,*,#10871,.T.);
#10871 = EDGE_CURVE('',#10864,#10367,#10872,.T.);
#10872 = LINE('',#10873,#10874);
#10873 = CARTESIAN_POINT('',(0.32,-2.22,-3.));
#10874 = VECTOR('',#10875,1.);
#10875 = DIRECTION('',(0.,0.,1.));
#10876 = ORIENTED_EDGE('',*,*,#10374,.F.);
#10877 = PLANE('',#10878);
#10878 = AXIS2_PLACEMENT_3D('',#10879,#10880,#10881);
#10879 = CARTESIAN_POINT('',(0.32,-2.86,-3.));
#10880 = DIRECTION('',(1.,0.,0.));
#10881 = DIRECTION('',(0.,0.,1.));
#10882 = ADVANCED_FACE('',(#10883),#10901,.T.);
#10883 = FACE_BOUND('',#10884,.T.);
#10884 = EDGE_LOOP('',(#10885,#10886,#10894,#10900));
#10885 = ORIENTED_EDGE('',*,*,#10871,.F.);
#10886 = ORIENTED_EDGE('',*,*,#10887,.F.);
#10887 = EDGE_CURVE('',#10888,#10864,#10890,.T.);
#10888 = VERTEX_POINT('',#10889);
#10889 = CARTESIAN_POINT('',(-0.32,-2.22,-2.84));
#10890 = LINE('',#10891,#10892);
#10891 = CARTESIAN_POINT('',(-0.32,-2.22,-2.84));
#10892 = VECTOR('',#10893,1.);
#10893 = DIRECTION('',(1.,0.,0.));
#10894 = ORIENTED_EDGE('',*,*,#10895,.T.);
#10895 = EDGE_CURVE('',#10888,#10359,#10896,.T.);
#10896 = LINE('',#10897,#10898);
#10897 = CARTESIAN_POINT('',(-0.32,-2.22,-3.));
#10898 = VECTOR('',#10899,1.);
#10899 = DIRECTION('',(0.,0.,1.));
#10900 = ORIENTED_EDGE('',*,*,#10366,.F.);
#10901 = PLANE('',#10902);
#10902 = AXIS2_PLACEMENT_3D('',#10903,#10904,#10905);
#10903 = CARTESIAN_POINT('',(-0.32,-2.22,-3.));
#10904 = DIRECTION('',(0.,1.,0.));
#10905 = DIRECTION('',(0.,-0.,1.));
#10906 = ADVANCED_FACE('',(#10907),#10918,.F.);
#10907 = FACE_BOUND('',#10908,.F.);
#10908 = EDGE_LOOP('',(#10909,#10910,#10916,#10917));
#10909 = ORIENTED_EDGE('',*,*,#10847,.F.);
#10910 = ORIENTED_EDGE('',*,*,#10911,.T.);
#10911 = EDGE_CURVE('',#10840,#10888,#10912,.T.);
#10912 = LINE('',#10913,#10914);
#10913 = CARTESIAN_POINT('',(-0.32,-2.86,-2.84));
#10914 = VECTOR('',#10915,1.);
#10915 = DIRECTION('',(0.,1.,0.));
#10916 = ORIENTED_EDGE('',*,*,#10895,.T.);
#10917 = ORIENTED_EDGE('',*,*,#10358,.F.);
#10918 = PLANE('',#10919);
#10919 = AXIS2_PLACEMENT_3D('',#10920,#10921,#10922);
#10920 = CARTESIAN_POINT('',(-0.32,-2.86,-3.));
#10921 = DIRECTION('',(1.,0.,0.));
#10922 = DIRECTION('',(0.,0.,1.));
#10923 = ADVANCED_FACE('',(#10924),#10949,.F.);
#10924 = FACE_BOUND('',#10925,.F.);
#10925 = EDGE_LOOP('',(#10926,#10934,#10935,#10943));
#10926 = ORIENTED_EDGE('',*,*,#10927,.F.);
#10927 = EDGE_CURVE('',#10480,#10928,#10930,.T.);
#10928 = VERTEX_POINT('',#10929);
#10929 = CARTESIAN_POINT('',(0.32,-0.32,8.38));
#10930 = LINE('',#10931,#10932);
#10931 = CARTESIAN_POINT('',(0.32,-0.32,-3.));
#10932 = VECTOR('',#10933,1.);
#10933 = DIRECTION('',(0.,0.,1.));
#10934 = ORIENTED_EDGE('',*,*,#10479,.T.);
#10935 = ORIENTED_EDGE('',*,*,#10936,.T.);
#10936 = EDGE_CURVE('',#10482,#10937,#10939,.T.);
#10937 = VERTEX_POINT('',#10938);
#10938 = CARTESIAN_POINT('',(-0.32,-0.32,8.38));
#10939 = LINE('',#10940,#10941);
#10940 = CARTESIAN_POINT('',(-0.32,-0.32,-3.));
#10941 = VECTOR('',#10942,1.);
#10942 = DIRECTION('',(0.,0.,1.));
#10943 = ORIENTED_EDGE('',*,*,#10944,.T.);
#10944 = EDGE_CURVE('',#10937,#10928,#10945,.T.);
#10945 = LINE('',#10946,#10947);
#10946 = CARTESIAN_POINT('',(-0.32,-0.32,8.38));
#10947 = VECTOR('',#10948,1.);
#10948 = DIRECTION('',(1.,0.,0.));
#10949 = PLANE('',#10950);
#10950 = AXIS2_PLACEMENT_3D('',#10951,#10952,#10953);
#10951 = CARTESIAN_POINT('',(-0.32,-0.32,-3.));
#10952 = DIRECTION('',(0.,1.,0.));
#10953 = DIRECTION('',(0.,-0.,1.));
#10954 = ADVANCED_FACE('',(#10955),#10973,.T.);
#10955 = FACE_BOUND('',#10956,.T.);
#10956 = EDGE_LOOP('',(#10957,#10958,#10959,#10967));
#10957 = ORIENTED_EDGE('',*,*,#10927,.F.);
#10958 = ORIENTED_EDGE('',*,*,#10505,.T.);
#10959 = ORIENTED_EDGE('',*,*,#10960,.T.);
#10960 = EDGE_CURVE('',#10498,#10961,#10963,.T.);
#10961 = VERTEX_POINT('',#10962);
#10962 = CARTESIAN_POINT('',(0.32,0.32,8.38));
#10963 = LINE('',#10964,#10965);
#10964 = CARTESIAN_POINT('',(0.32,0.32,-3.));
#10965 = VECTOR('',#10966,1.);
#10966 = DIRECTION('',(0.,0.,1.));
#10967 = ORIENTED_EDGE('',*,*,#10968,.F.);
#10968 = EDGE_CURVE('',#10928,#10961,#10969,.T.);
#10969 = LINE('',#10970,#10971);
#10970 = CARTESIAN_POINT('',(0.32,-0.32,8.38));
#10971 = VECTOR('',#10972,1.);
#10972 = DIRECTION('',(0.,1.,0.));
#10973 = PLANE('',#10974);
#10974 = AXIS2_PLACEMENT_3D('',#10975,#10976,#10977);
#10975 = CARTESIAN_POINT('',(0.32,-0.32,-3.));
#10976 = DIRECTION('',(1.,0.,0.));
#10977 = DIRECTION('',(0.,0.,1.));
#10978 = ADVANCED_FACE('',(#10979),#10997,.T.);
#10979 = FACE_BOUND('',#10980,.T.);
#10980 = EDGE_LOOP('',(#10981,#10982,#10983,#10991));
#10981 = ORIENTED_EDGE('',*,*,#10960,.F.);
#10982 = ORIENTED_EDGE('',*,*,#10497,.T.);
#10983 = ORIENTED_EDGE('',*,*,#10984,.T.);
#10984 = EDGE_CURVE('',#10490,#10985,#10987,.T.);
#10985 = VERTEX_POINT('',#10986);
#10986 = CARTESIAN_POINT('',(-0.32,0.32,8.38));
#10987 = LINE('',#10988,#10989);
#10988 = CARTESIAN_POINT('',(-0.32,0.32,-3.));
#10989 = VECTOR('',#10990,1.);
#10990 = DIRECTION('',(0.,0.,1.));
#10991 = ORIENTED_EDGE('',*,*,#10992,.T.);
#10992 = EDGE_CURVE('',#10985,#10961,#10993,.T.);
#10993 = LINE('',#10994,#10995);
#10994 = CARTESIAN_POINT('',(-0.32,0.32,8.38));
#10995 = VECTOR('',#10996,1.);
#10996 = DIRECTION('',(1.,0.,0.));
#10997 = PLANE('',#10998);
#10998 = AXIS2_PLACEMENT_3D('',#10999,#11000,#11001);
#10999 = CARTESIAN_POINT('',(-0.32,0.32,-3.));
#11000 = DIRECTION('',(0.,1.,0.));
#11001 = DIRECTION('',(0.,-0.,1.));
#11002 = ADVANCED_FACE('',(#11003),#11014,.F.);
#11003 = FACE_BOUND('',#11004,.F.);
#11004 = EDGE_LOOP('',(#11005,#11006,#11007,#11008));
#11005 = ORIENTED_EDGE('',*,*,#10936,.F.);
#11006 = ORIENTED_EDGE('',*,*,#10489,.T.);
#11007 = ORIENTED_EDGE('',*,*,#10984,.T.);
#11008 = ORIENTED_EDGE('',*,*,#11009,.F.);
#11009 = EDGE_CURVE('',#10937,#10985,#11010,.T.);
#11010 = LINE('',#11011,#11012);
#11011 = CARTESIAN_POINT('',(-0.32,-0.32,8.38));
#11012 = VECTOR('',#11013,1.);
#11013 = DIRECTION('',(0.,1.,0.));
#11014 = PLANE('',#11015);
#11015 = AXIS2_PLACEMENT_3D('',#11016,#11017,#11018);
#11016 = CARTESIAN_POINT('',(-0.32,-0.32,-3.));
#11017 = DIRECTION('',(1.,0.,0.));
#11018 = DIRECTION('',(0.,0.,1.));
#11019 = ADVANCED_FACE('',(#11020),#11045,.F.);
#11020 = FACE_BOUND('',#11021,.F.);
#11021 = EDGE_LOOP('',(#11022,#11030,#11031,#11039));
#11022 = ORIENTED_EDGE('',*,*,#11023,.F.);
#11023 = EDGE_CURVE('',#10514,#11024,#11026,.T.);
#11024 = VERTEX_POINT('',#11025);
#11025 = CARTESIAN_POINT('',(0.32,-2.86,8.38));
#11026 = LINE('',#11027,#11028);
#11027 = CARTESIAN_POINT('',(0.32,-2.86,-3.));
#11028 = VECTOR('',#11029,1.);
#11029 = DIRECTION('',(0.,0.,1.));
#11030 = ORIENTED_EDGE('',*,*,#10513,.T.);
#11031 = ORIENTED_EDGE('',*,*,#11032,.T.);
#11032 = EDGE_CURVE('',#10516,#11033,#11035,.T.);
#11033 = VERTEX_POINT('',#11034);
#11034 = CARTESIAN_POINT('',(-0.32,-2.86,8.38));
#11035 = LINE('',#11036,#11037);
#11036 = CARTESIAN_POINT('',(-0.32,-2.86,-3.));
#11037 = VECTOR('',#11038,1.);
#11038 = DIRECTION('',(0.,0.,1.));
#11039 = ORIENTED_EDGE('',*,*,#11040,.T.);
#11040 = EDGE_CURVE('',#11033,#11024,#11041,.T.);
#11041 = LINE('',#11042,#11043);
#11042 = CARTESIAN_POINT('',(-0.32,-2.86,8.38));
#11043 = VECTOR('',#11044,1.);
#11044 = DIRECTION('',(1.,0.,0.));
#11045 = PLANE('',#11046);
#11046 = AXIS2_PLACEMENT_3D('',#11047,#11048,#11049);
#11047 = CARTESIAN_POINT('',(-0.32,-2.86,-3.));
#11048 = DIRECTION('',(0.,1.,0.));
#11049 = DIRECTION('',(0.,-0.,1.));
#11050 = ADVANCED_FACE('',(#11051),#11069,.T.);
#11051 = FACE_BOUND('',#11052,.T.);
#11052 = EDGE_LOOP('',(#11053,#11054,#11055,#11063));
#11053 = ORIENTED_EDGE('',*,*,#11023,.F.);
#11054 = ORIENTED_EDGE('',*,*,#10539,.T.);
#11055 = ORIENTED_EDGE('',*,*,#11056,.T.);
#11056 = EDGE_CURVE('',#10532,#11057,#11059,.T.);
#11057 = VERTEX_POINT('',#11058);
#11058 = CARTESIAN_POINT('',(0.32,-2.22,8.38));
#11059 = LINE('',#11060,#11061);
#11060 = CARTESIAN_POINT('',(0.32,-2.22,-3.));
#11061 = VECTOR('',#11062,1.);
#11062 = DIRECTION('',(0.,0.,1.));
#11063 = ORIENTED_EDGE('',*,*,#11064,.F.);
#11064 = EDGE_CURVE('',#11024,#11057,#11065,.T.);
#11065 = LINE('',#11066,#11067);
#11066 = CARTESIAN_POINT('',(0.32,-2.86,8.38));
#11067 = VECTOR('',#11068,1.);
#11068 = DIRECTION('',(0.,1.,0.));
#11069 = PLANE('',#11070);
#11070 = AXIS2_PLACEMENT_3D('',#11071,#11072,#11073);
#11071 = CARTESIAN_POINT('',(0.32,-2.86,-3.));
#11072 = DIRECTION('',(1.,0.,0.));
#11073 = DIRECTION('',(0.,0.,1.));
#11074 = ADVANCED_FACE('',(#11075),#11093,.T.);
#11075 = FACE_BOUND('',#11076,.T.);
#11076 = EDGE_LOOP('',(#11077,#11078,#11079,#11087));
#11077 = ORIENTED_EDGE('',*,*,#11056,.F.);
#11078 = ORIENTED_EDGE('',*,*,#10531,.T.);
#11079 = ORIENTED_EDGE('',*,*,#11080,.T.);
#11080 = EDGE_CURVE('',#10524,#11081,#11083,.T.);
#11081 = VERTEX_POINT('',#11082);
#11082 = CARTESIAN_POINT('',(-0.32,-2.22,8.38));
#11083 = LINE('',#11084,#11085);
#11084 = CARTESIAN_POINT('',(-0.32,-2.22,-3.));
#11085 = VECTOR('',#11086,1.);
#11086 = DIRECTION('',(0.,0.,1.));
#11087 = ORIENTED_EDGE('',*,*,#11088,.T.);
#11088 = EDGE_CURVE('',#11081,#11057,#11089,.T.);
#11089 = LINE('',#11090,#11091);
#11090 = CARTESIAN_POINT('',(-0.32,-2.22,8.38));
#11091 = VECTOR('',#11092,1.);
#11092 = DIRECTION('',(1.,0.,0.));
#11093 = PLANE('',#11094);
#11094 = AXIS2_PLACEMENT_3D('',#11095,#11096,#11097);
#11095 = CARTESIAN_POINT('',(-0.32,-2.22,-3.));
#11096 = DIRECTION('',(0.,1.,0.));
#11097 = DIRECTION('',(0.,-0.,1.));
#11098 = ADVANCED_FACE('',(#11099),#11110,.F.);
#11099 = FACE_BOUND('',#11100,.F.);
#11100 = EDGE_LOOP('',(#11101,#11102,#11103,#11104));
#11101 = ORIENTED_EDGE('',*,*,#11032,.F.);
#11102 = ORIENTED_EDGE('',*,*,#10523,.T.);
#11103 = ORIENTED_EDGE('',*,*,#11080,.T.);
#11104 = ORIENTED_EDGE('',*,*,#11105,.F.);
#11105 = EDGE_CURVE('',#11033,#11081,#11106,.T.);
#11106 = LINE('',#11107,#11108);
#11107 = CARTESIAN_POINT('',(-0.32,-2.86,8.38));
#11108 = VECTOR('',#11109,1.);
#11109 = DIRECTION('',(0.,1.,0.));
#11110 = PLANE('',#11111);
#11111 = AXIS2_PLACEMENT_3D('',#11112,#11113,#11114);
#11112 = CARTESIAN_POINT('',(-0.32,-2.86,-3.));
#11113 = DIRECTION('',(1.,0.,0.));
#11114 = DIRECTION('',(0.,0.,1.));
#11115 = ADVANCED_FACE('',(#11116),#11141,.T.);
#11116 = FACE_BOUND('',#11117,.F.);
#11117 = EDGE_LOOP('',(#11118,#11126,#11127,#11135));
#11118 = ORIENTED_EDGE('',*,*,#11119,.F.);
#11119 = EDGE_CURVE('',#10744,#11120,#11122,.T.);
#11120 = VERTEX_POINT('',#11121);
#11121 = CARTESIAN_POINT('',(-0.16,-0.16,-3.));
#11122 = LINE('',#11123,#11124);
#11123 = CARTESIAN_POINT('',(-0.266666666667,-0.266666666667,
    -2.893333333333));
#11124 = VECTOR('',#11125,1.);
#11125 = DIRECTION('',(0.57735026919,0.57735026919,-0.57735026919));
#11126 = ORIENTED_EDGE('',*,*,#10743,.T.);
#11127 = ORIENTED_EDGE('',*,*,#11128,.T.);
#11128 = EDGE_CURVE('',#10736,#11129,#11131,.T.);
#11129 = VERTEX_POINT('',#11130);
#11130 = CARTESIAN_POINT('',(0.16,-0.16,-3.));
#11131 = LINE('',#11132,#11133);
#11132 = CARTESIAN_POINT('',(0.16,-0.16,-3.));
#11133 = VECTOR('',#11134,1.);
#11134 = DIRECTION('',(-0.57735026919,0.57735026919,-0.57735026919));
#11135 = ORIENTED_EDGE('',*,*,#11136,.F.);
#11136 = EDGE_CURVE('',#11120,#11129,#11137,.T.);
#11137 = LINE('',#11138,#11139);
#11138 = CARTESIAN_POINT('',(-0.32,-0.16,-3.));
#11139 = VECTOR('',#11140,1.);
#11140 = DIRECTION('',(1.,0.,0.));
#11141 = PLANE('',#11142);
#11142 = AXIS2_PLACEMENT_3D('',#11143,#11144,#11145);
#11143 = CARTESIAN_POINT('',(-0.32,-0.24,-2.92));
#11144 = DIRECTION('',(1.735167508357E-18,-0.707106781187,
    -0.707106781187));
#11145 = DIRECTION('',(-1.,-1.226948711654E-18,-1.226948711654E-18));
#11146 = ADVANCED_FACE('',(#11147),#11165,.F.);
#11147 = FACE_BOUND('',#11148,.F.);
#11148 = EDGE_LOOP('',(#11149,#11150,#11151,#11159));
#11149 = ORIENTED_EDGE('',*,*,#11128,.F.);
#11150 = ORIENTED_EDGE('',*,*,#10767,.T.);
#11151 = ORIENTED_EDGE('',*,*,#11152,.T.);
#11152 = EDGE_CURVE('',#10768,#11153,#11155,.T.);
#11153 = VERTEX_POINT('',#11154);
#11154 = CARTESIAN_POINT('',(0.16,0.16,-3.));
#11155 = LINE('',#11156,#11157);
#11156 = CARTESIAN_POINT('',(5.333333333333E-02,5.333333333333E-02,
    -3.106666666667));
#11157 = VECTOR('',#11158,1.);
#11158 = DIRECTION('',(-0.57735026919,-0.57735026919,-0.57735026919));
#11159 = ORIENTED_EDGE('',*,*,#11160,.F.);
#11160 = EDGE_CURVE('',#11129,#11153,#11161,.T.);
#11161 = LINE('',#11162,#11163);
#11162 = CARTESIAN_POINT('',(0.16,-0.32,-3.));
#11163 = VECTOR('',#11164,1.);
#11164 = DIRECTION('',(0.,1.,0.));
#11165 = PLANE('',#11166);
#11166 = AXIS2_PLACEMENT_3D('',#11167,#11168,#11169);
#11167 = CARTESIAN_POINT('',(0.24,-0.32,-2.92));
#11168 = DIRECTION('',(-0.707106781187,1.735167508357E-18,0.707106781187
    ));
#11169 = DIRECTION('',(1.226948711654E-18,1.,-1.226948711654E-18));
#11170 = ADVANCED_FACE('',(#11171),#11189,.F.);
#11171 = FACE_BOUND('',#11172,.T.);
#11172 = EDGE_LOOP('',(#11173,#11181,#11182,#11183));
#11173 = ORIENTED_EDGE('',*,*,#11174,.F.);
#11174 = EDGE_CURVE('',#10792,#11175,#11177,.T.);
#11175 = VERTEX_POINT('',#11176);
#11176 = CARTESIAN_POINT('',(-0.16,0.16,-3.));
#11177 = LINE('',#11178,#11179);
#11178 = CARTESIAN_POINT('',(-0.16,0.16,-3.));
#11179 = VECTOR('',#11180,1.);
#11180 = DIRECTION('',(0.57735026919,-0.57735026919,-0.57735026919));
#11181 = ORIENTED_EDGE('',*,*,#10791,.T.);
#11182 = ORIENTED_EDGE('',*,*,#11152,.T.);
#11183 = ORIENTED_EDGE('',*,*,#11184,.F.);
#11184 = EDGE_CURVE('',#11175,#11153,#11185,.T.);
#11185 = LINE('',#11186,#11187);
#11186 = CARTESIAN_POINT('',(-0.32,0.16,-3.));
#11187 = VECTOR('',#11188,1.);
#11188 = DIRECTION('',(1.,0.,0.));
#11189 = PLANE('',#11190);
#11190 = AXIS2_PLACEMENT_3D('',#11191,#11192,#11193);
#11191 = CARTESIAN_POINT('',(-0.32,0.24,-2.92));
#11192 = DIRECTION('',(-1.735167508357E-18,-0.707106781187,
    0.707106781187));
#11193 = DIRECTION('',(-1.,1.226948711654E-18,-1.226948711654E-18));
#11194 = ADVANCED_FACE('',(#11195),#11206,.T.);
#11195 = FACE_BOUND('',#11196,.T.);
#11196 = EDGE_LOOP('',(#11197,#11198,#11199,#11200));
#11197 = ORIENTED_EDGE('',*,*,#11119,.F.);
#11198 = ORIENTED_EDGE('',*,*,#10815,.T.);
#11199 = ORIENTED_EDGE('',*,*,#11174,.T.);
#11200 = ORIENTED_EDGE('',*,*,#11201,.F.);
#11201 = EDGE_CURVE('',#11120,#11175,#11202,.T.);
#11202 = LINE('',#11203,#11204);
#11203 = CARTESIAN_POINT('',(-0.16,-0.32,-3.));
#11204 = VECTOR('',#11205,1.);
#11205 = DIRECTION('',(0.,1.,0.));
#11206 = PLANE('',#11207);
#11207 = AXIS2_PLACEMENT_3D('',#11208,#11209,#11210);
#11208 = CARTESIAN_POINT('',(-0.24,-0.32,-2.92));
#11209 = DIRECTION('',(-0.707106781187,-1.735167508357E-18,
    -0.707106781187));
#11210 = DIRECTION('',(-1.226948711654E-18,1.,-1.226948711654E-18));
#11211 = ADVANCED_FACE('',(#11212),#11237,.T.);
#11212 = FACE_BOUND('',#11213,.F.);
#11213 = EDGE_LOOP('',(#11214,#11222,#11223,#11231));
#11214 = ORIENTED_EDGE('',*,*,#11215,.F.);
#11215 = EDGE_CURVE('',#10840,#11216,#11218,.T.);
#11216 = VERTEX_POINT('',#11217);
#11217 = CARTESIAN_POINT('',(-0.16,-2.7,-3.));
#11218 = LINE('',#11219,#11220);
#11219 = CARTESIAN_POINT('',(-0.266666666667,-2.806666666667,
    -2.893333333333));
#11220 = VECTOR('',#11221,1.);
#11221 = DIRECTION('',(0.57735026919,0.57735026919,-0.57735026919));
#11222 = ORIENTED_EDGE('',*,*,#10839,.T.);
#11223 = ORIENTED_EDGE('',*,*,#11224,.T.);
#11224 = EDGE_CURVE('',#10832,#11225,#11227,.T.);
#11225 = VERTEX_POINT('',#11226);
#11226 = CARTESIAN_POINT('',(0.16,-2.7,-3.));
#11227 = LINE('',#11228,#11229);
#11228 = CARTESIAN_POINT('',(0.16,-2.7,-3.));
#11229 = VECTOR('',#11230,1.);
#11230 = DIRECTION('',(-0.57735026919,0.57735026919,-0.57735026919));
#11231 = ORIENTED_EDGE('',*,*,#11232,.F.);
#11232 = EDGE_CURVE('',#11216,#11225,#11233,.T.);
#11233 = LINE('',#11234,#11235);
#11234 = CARTESIAN_POINT('',(-0.32,-2.7,-3.));
#11235 = VECTOR('',#11236,1.);
#11236 = DIRECTION('',(1.,0.,0.));
#11237 = PLANE('',#11238);
#11238 = AXIS2_PLACEMENT_3D('',#11239,#11240,#11241);
#11239 = CARTESIAN_POINT('',(-0.32,-2.78,-2.92));
#11240 = DIRECTION('',(1.735167508357E-18,-0.707106781187,
    -0.707106781187));
#11241 = DIRECTION('',(-1.,-1.226948711654E-18,-1.226948711654E-18));
#11242 = ADVANCED_FACE('',(#11243),#11261,.F.);
#11243 = FACE_BOUND('',#11244,.F.);
#11244 = EDGE_LOOP('',(#11245,#11246,#11247,#11255));
#11245 = ORIENTED_EDGE('',*,*,#11224,.F.);
#11246 = ORIENTED_EDGE('',*,*,#10863,.T.);
#11247 = ORIENTED_EDGE('',*,*,#11248,.T.);
#11248 = EDGE_CURVE('',#10864,#11249,#11251,.T.);
#11249 = VERTEX_POINT('',#11250);
#11250 = CARTESIAN_POINT('',(0.16,-2.38,-3.));
#11251 = LINE('',#11252,#11253);
#11252 = CARTESIAN_POINT('',(5.333333333333E-02,-2.486666666667,
    -3.106666666667));
#11253 = VECTOR('',#11254,1.);
#11254 = DIRECTION('',(-0.57735026919,-0.57735026919,-0.57735026919));
#11255 = ORIENTED_EDGE('',*,*,#11256,.F.);
#11256 = EDGE_CURVE('',#11225,#11249,#11257,.T.);
#11257 = LINE('',#11258,#11259);
#11258 = CARTESIAN_POINT('',(0.16,-2.86,-3.));
#11259 = VECTOR('',#11260,1.);
#11260 = DIRECTION('',(0.,1.,0.));
#11261 = PLANE('',#11262);
#11262 = AXIS2_PLACEMENT_3D('',#11263,#11264,#11265);
#11263 = CARTESIAN_POINT('',(0.24,-2.86,-2.92));
#11264 = DIRECTION('',(-0.707106781187,1.735167508357E-18,0.707106781187
    ));
#11265 = DIRECTION('',(1.226948711654E-18,1.,-1.226948711654E-18));
#11266 = ADVANCED_FACE('',(#11267),#11285,.F.);
#11267 = FACE_BOUND('',#11268,.T.);
#11268 = EDGE_LOOP('',(#11269,#11277,#11278,#11279));
#11269 = ORIENTED_EDGE('',*,*,#11270,.F.);
#11270 = EDGE_CURVE('',#10888,#11271,#11273,.T.);
#11271 = VERTEX_POINT('',#11272);
#11272 = CARTESIAN_POINT('',(-0.16,-2.38,-3.));
#11273 = LINE('',#11274,#11275);
#11274 = CARTESIAN_POINT('',(-0.16,-2.38,-3.));
#11275 = VECTOR('',#11276,1.);
#11276 = DIRECTION('',(0.57735026919,-0.57735026919,-0.57735026919));
#11277 = ORIENTED_EDGE('',*,*,#10887,.T.);
#11278 = ORIENTED_EDGE('',*,*,#11248,.T.);
#11279 = ORIENTED_EDGE('',*,*,#11280,.F.);
#11280 = EDGE_CURVE('',#11271,#11249,#11281,.T.);
#11281 = LINE('',#11282,#11283);
#11282 = CARTESIAN_POINT('',(-0.32,-2.38,-3.));
#11283 = VECTOR('',#11284,1.);
#11284 = DIRECTION('',(1.,0.,0.));
#11285 = PLANE('',#11286);
#11286 = AXIS2_PLACEMENT_3D('',#11287,#11288,#11289);
#11287 = CARTESIAN_POINT('',(-0.32,-2.3,-2.92));
#11288 = DIRECTION('',(-1.735167508357E-18,-0.707106781187,
    0.707106781187));
#11289 = DIRECTION('',(-1.,1.226948711654E-18,-1.226948711654E-18));
#11290 = ADVANCED_FACE('',(#11291),#11302,.T.);
#11291 = FACE_BOUND('',#11292,.T.);
#11292 = EDGE_LOOP('',(#11293,#11294,#11295,#11296));
#11293 = ORIENTED_EDGE('',*,*,#11215,.F.);
#11294 = ORIENTED_EDGE('',*,*,#10911,.T.);
#11295 = ORIENTED_EDGE('',*,*,#11270,.T.);
#11296 = ORIENTED_EDGE('',*,*,#11297,.F.);
#11297 = EDGE_CURVE('',#11216,#11271,#11298,.T.);
#11298 = LINE('',#11299,#11300);
#11299 = CARTESIAN_POINT('',(-0.16,-2.86,-3.));
#11300 = VECTOR('',#11301,1.);
#11301 = DIRECTION('',(0.,1.,0.));
#11302 = PLANE('',#11303);
#11303 = AXIS2_PLACEMENT_3D('',#11304,#11305,#11306);
#11304 = CARTESIAN_POINT('',(-0.24,-2.86,-2.92));
#11305 = DIRECTION('',(-0.707106781187,-1.735167508357E-18,
    -0.707106781187));
#11306 = DIRECTION('',(-1.226948711654E-18,1.,-1.226948711654E-18));
#11307 = ADVANCED_FACE('',(#11308),#11333,.F.);
#11308 = FACE_BOUND('',#11309,.T.);
#11309 = EDGE_LOOP('',(#11310,#11318,#11319,#11327));
#11310 = ORIENTED_EDGE('',*,*,#11311,.F.);
#11311 = EDGE_CURVE('',#10937,#11312,#11314,.T.);
#11312 = VERTEX_POINT('',#11313);
#11313 = CARTESIAN_POINT('',(-0.16,-0.16,8.54));
#11314 = LINE('',#11315,#11316);
#11315 = CARTESIAN_POINT('',(-0.266666666667,-0.266666666667,
    8.433333333333));
#11316 = VECTOR('',#11317,1.);
#11317 = DIRECTION('',(0.57735026919,0.57735026919,0.57735026919));
#11318 = ORIENTED_EDGE('',*,*,#10944,.T.);
#11319 = ORIENTED_EDGE('',*,*,#11320,.T.);
#11320 = EDGE_CURVE('',#10928,#11321,#11323,.T.);
#11321 = VERTEX_POINT('',#11322);
#11322 = CARTESIAN_POINT('',(0.16,-0.16,8.54));
#11323 = LINE('',#11324,#11325);
#11324 = CARTESIAN_POINT('',(0.16,-0.16,8.54));
#11325 = VECTOR('',#11326,1.);
#11326 = DIRECTION('',(-0.57735026919,0.57735026919,0.57735026919));
#11327 = ORIENTED_EDGE('',*,*,#11328,.F.);
#11328 = EDGE_CURVE('',#11312,#11321,#11329,.T.);
#11329 = LINE('',#11330,#11331);
#11330 = CARTESIAN_POINT('',(-0.32,-0.16,8.54));
#11331 = VECTOR('',#11332,1.);
#11332 = DIRECTION('',(1.,0.,0.));
#11333 = PLANE('',#11334);
#11334 = AXIS2_PLACEMENT_3D('',#11335,#11336,#11337);
#11335 = CARTESIAN_POINT('',(-0.32,-0.24,8.46));
#11336 = DIRECTION('',(-1.735167508357E-18,0.707106781187,
    -0.707106781187));
#11337 = DIRECTION('',(-1.,-1.226948711654E-18,1.226948711654E-18));
#11338 = ADVANCED_FACE('',(#11339),#11357,.T.);
#11339 = FACE_BOUND('',#11340,.T.);
#11340 = EDGE_LOOP('',(#11341,#11342,#11343,#11351));
#11341 = ORIENTED_EDGE('',*,*,#11320,.F.);
#11342 = ORIENTED_EDGE('',*,*,#10968,.T.);
#11343 = ORIENTED_EDGE('',*,*,#11344,.T.);
#11344 = EDGE_CURVE('',#10961,#11345,#11347,.T.);
#11345 = VERTEX_POINT('',#11346);
#11346 = CARTESIAN_POINT('',(0.16,0.16,8.54));
#11347 = LINE('',#11348,#11349);
#11348 = CARTESIAN_POINT('',(5.333333333333E-02,5.333333333333E-02,
    8.646666666667));
#11349 = VECTOR('',#11350,1.);
#11350 = DIRECTION('',(-0.57735026919,-0.57735026919,0.57735026919));
#11351 = ORIENTED_EDGE('',*,*,#11352,.F.);
#11352 = EDGE_CURVE('',#11321,#11345,#11353,.T.);
#11353 = LINE('',#11354,#11355);
#11354 = CARTESIAN_POINT('',(0.16,-0.32,8.54));
#11355 = VECTOR('',#11356,1.);
#11356 = DIRECTION('',(0.,1.,0.));
#11357 = PLANE('',#11358);
#11358 = AXIS2_PLACEMENT_3D('',#11359,#11360,#11361);
#11359 = CARTESIAN_POINT('',(0.24,-0.32,8.46));
#11360 = DIRECTION('',(0.707106781187,-1.735167508357E-18,0.707106781187
    ));
#11361 = DIRECTION('',(1.226948711654E-18,1.,1.226948711654E-18));
#11362 = ADVANCED_FACE('',(#11363),#11381,.T.);
#11363 = FACE_BOUND('',#11364,.F.);
#11364 = EDGE_LOOP('',(#11365,#11373,#11374,#11375));
#11365 = ORIENTED_EDGE('',*,*,#11366,.F.);
#11366 = EDGE_CURVE('',#10985,#11367,#11369,.T.);
#11367 = VERTEX_POINT('',#11368);
#11368 = CARTESIAN_POINT('',(-0.16,0.16,8.54));
#11369 = LINE('',#11370,#11371);
#11370 = CARTESIAN_POINT('',(-0.16,0.16,8.54));
#11371 = VECTOR('',#11372,1.);
#11372 = DIRECTION('',(0.57735026919,-0.57735026919,0.57735026919));
#11373 = ORIENTED_EDGE('',*,*,#10992,.T.);
#11374 = ORIENTED_EDGE('',*,*,#11344,.T.);
#11375 = ORIENTED_EDGE('',*,*,#11376,.F.);
#11376 = EDGE_CURVE('',#11367,#11345,#11377,.T.);
#11377 = LINE('',#11378,#11379);
#11378 = CARTESIAN_POINT('',(-0.32,0.16,8.54));
#11379 = VECTOR('',#11380,1.);
#11380 = DIRECTION('',(1.,0.,0.));
#11381 = PLANE('',#11382);
#11382 = AXIS2_PLACEMENT_3D('',#11383,#11384,#11385);
#11383 = CARTESIAN_POINT('',(-0.32,0.24,8.46));
#11384 = DIRECTION('',(1.735167508357E-18,0.707106781187,0.707106781187)
  );
#11385 = DIRECTION('',(-1.,1.226948711654E-18,1.226948711654E-18));
#11386 = ADVANCED_FACE('',(#11387),#11398,.F.);
#11387 = FACE_BOUND('',#11388,.F.);
#11388 = EDGE_LOOP('',(#11389,#11390,#11391,#11392));
#11389 = ORIENTED_EDGE('',*,*,#11311,.F.);
#11390 = ORIENTED_EDGE('',*,*,#11009,.T.);
#11391 = ORIENTED_EDGE('',*,*,#11366,.T.);
#11392 = ORIENTED_EDGE('',*,*,#11393,.F.);
#11393 = EDGE_CURVE('',#11312,#11367,#11394,.T.);
#11394 = LINE('',#11395,#11396);
#11395 = CARTESIAN_POINT('',(-0.16,-0.32,8.54));
#11396 = VECTOR('',#11397,1.);
#11397 = DIRECTION('',(0.,1.,0.));
#11398 = PLANE('',#11399);
#11399 = AXIS2_PLACEMENT_3D('',#11400,#11401,#11402);
#11400 = CARTESIAN_POINT('',(-0.24,-0.32,8.46));
#11401 = DIRECTION('',(0.707106781187,1.735167508357E-18,-0.707106781187
    ));
#11402 = DIRECTION('',(-1.226948711654E-18,1.,1.226948711654E-18));
#11403 = ADVANCED_FACE('',(#11404),#11429,.F.);
#11404 = FACE_BOUND('',#11405,.T.);
#11405 = EDGE_LOOP('',(#11406,#11414,#11415,#11423));
#11406 = ORIENTED_EDGE('',*,*,#11407,.F.);
#11407 = EDGE_CURVE('',#11033,#11408,#11410,.T.);
#11408 = VERTEX_POINT('',#11409);
#11409 = CARTESIAN_POINT('',(-0.16,-2.7,8.54));
#11410 = LINE('',#11411,#11412);
#11411 = CARTESIAN_POINT('',(-0.266666666667,-2.806666666667,
    8.433333333333));
#11412 = VECTOR('',#11413,1.);
#11413 = DIRECTION('',(0.57735026919,0.57735026919,0.57735026919));
#11414 = ORIENTED_EDGE('',*,*,#11040,.T.);
#11415 = ORIENTED_EDGE('',*,*,#11416,.T.);
#11416 = EDGE_CURVE('',#11024,#11417,#11419,.T.);
#11417 = VERTEX_POINT('',#11418);
#11418 = CARTESIAN_POINT('',(0.16,-2.7,8.54));
#11419 = LINE('',#11420,#11421);
#11420 = CARTESIAN_POINT('',(0.16,-2.7,8.54));
#11421 = VECTOR('',#11422,1.);
#11422 = DIRECTION('',(-0.57735026919,0.57735026919,0.57735026919));
#11423 = ORIENTED_EDGE('',*,*,#11424,.F.);
#11424 = EDGE_CURVE('',#11408,#11417,#11425,.T.);
#11425 = LINE('',#11426,#11427);
#11426 = CARTESIAN_POINT('',(-0.32,-2.7,8.54));
#11427 = VECTOR('',#11428,1.);
#11428 = DIRECTION('',(1.,0.,0.));
#11429 = PLANE('',#11430);
#11430 = AXIS2_PLACEMENT_3D('',#11431,#11432,#11433);
#11431 = CARTESIAN_POINT('',(-0.32,-2.78,8.46));
#11432 = DIRECTION('',(-1.735167508357E-18,0.707106781187,
    -0.707106781187));
#11433 = DIRECTION('',(-1.,-1.226948711654E-18,1.226948711654E-18));
#11434 = ADVANCED_FACE('',(#11435),#11453,.T.);
#11435 = FACE_BOUND('',#11436,.T.);
#11436 = EDGE_LOOP('',(#11437,#11438,#11439,#11447));
#11437 = ORIENTED_EDGE('',*,*,#11416,.F.);
#11438 = ORIENTED_EDGE('',*,*,#11064,.T.);
#11439 = ORIENTED_EDGE('',*,*,#11440,.T.);
#11440 = EDGE_CURVE('',#11057,#11441,#11443,.T.);
#11441 = VERTEX_POINT('',#11442);
#11442 = CARTESIAN_POINT('',(0.16,-2.38,8.54));
#11443 = LINE('',#11444,#11445);
#11444 = CARTESIAN_POINT('',(5.333333333333E-02,-2.486666666667,
    8.646666666667));
#11445 = VECTOR('',#11446,1.);
#11446 = DIRECTION('',(-0.57735026919,-0.57735026919,0.57735026919));
#11447 = ORIENTED_EDGE('',*,*,#11448,.F.);
#11448 = EDGE_CURVE('',#11417,#11441,#11449,.T.);
#11449 = LINE('',#11450,#11451);
#11450 = CARTESIAN_POINT('',(0.16,-2.86,8.54));
#11451 = VECTOR('',#11452,1.);
#11452 = DIRECTION('',(0.,1.,0.));
#11453 = PLANE('',#11454);
#11454 = AXIS2_PLACEMENT_3D('',#11455,#11456,#11457);
#11455 = CARTESIAN_POINT('',(0.24,-2.86,8.46));
#11456 = DIRECTION('',(0.707106781187,-1.735167508357E-18,0.707106781187
    ));
#11457 = DIRECTION('',(1.226948711654E-18,1.,1.226948711654E-18));
#11458 = ADVANCED_FACE('',(#11459),#11477,.T.);
#11459 = FACE_BOUND('',#11460,.F.);
#11460 = EDGE_LOOP('',(#11461,#11469,#11470,#11471));
#11461 = ORIENTED_EDGE('',*,*,#11462,.F.);
#11462 = EDGE_CURVE('',#11081,#11463,#11465,.T.);
#11463 = VERTEX_POINT('',#11464);
#11464 = CARTESIAN_POINT('',(-0.16,-2.38,8.54));
#11465 = LINE('',#11466,#11467);
#11466 = CARTESIAN_POINT('',(-0.16,-2.38,8.54));
#11467 = VECTOR('',#11468,1.);
#11468 = DIRECTION('',(0.57735026919,-0.57735026919,0.57735026919));
#11469 = ORIENTED_EDGE('',*,*,#11088,.T.);
#11470 = ORIENTED_EDGE('',*,*,#11440,.T.);
#11471 = ORIENTED_EDGE('',*,*,#11472,.F.);
#11472 = EDGE_CURVE('',#11463,#11441,#11473,.T.);
#11473 = LINE('',#11474,#11475);
#11474 = CARTESIAN_POINT('',(-0.32,-2.38,8.54));
#11475 = VECTOR('',#11476,1.);
#11476 = DIRECTION('',(1.,0.,0.));
#11477 = PLANE('',#11478);
#11478 = AXIS2_PLACEMENT_3D('',#11479,#11480,#11481);
#11479 = CARTESIAN_POINT('',(-0.32,-2.3,8.46));
#11480 = DIRECTION('',(1.735167508357E-18,0.707106781187,0.707106781187)
  );
#11481 = DIRECTION('',(-1.,1.226948711654E-18,1.226948711654E-18));
#11482 = ADVANCED_FACE('',(#11483),#11494,.F.);
#11483 = FACE_BOUND('',#11484,.F.);
#11484 = EDGE_LOOP('',(#11485,#11486,#11487,#11488));
#11485 = ORIENTED_EDGE('',*,*,#11407,.F.);
#11486 = ORIENTED_EDGE('',*,*,#11105,.T.);
#11487 = ORIENTED_EDGE('',*,*,#11462,.T.);
#11488 = ORIENTED_EDGE('',*,*,#11489,.F.);
#11489 = EDGE_CURVE('',#11408,#11463,#11490,.T.);
#11490 = LINE('',#11491,#11492);
#11491 = CARTESIAN_POINT('',(-0.16,-2.86,8.54));
#11492 = VECTOR('',#11493,1.);
#11493 = DIRECTION('',(0.,1.,0.));
#11494 = PLANE('',#11495);
#11495 = AXIS2_PLACEMENT_3D('',#11496,#11497,#11498);
#11496 = CARTESIAN_POINT('',(-0.24,-2.86,8.46));
#11497 = DIRECTION('',(0.707106781187,1.735167508357E-18,-0.707106781187
    ));
#11498 = DIRECTION('',(-1.226948711654E-18,1.,1.226948711654E-18));
#11499 = ADVANCED_FACE('',(#11500),#11506,.F.);
#11500 = FACE_BOUND('',#11501,.F.);
#11501 = EDGE_LOOP('',(#11502,#11503,#11504,#11505));
#11502 = ORIENTED_EDGE('',*,*,#11201,.F.);
#11503 = ORIENTED_EDGE('',*,*,#11136,.T.);
#11504 = ORIENTED_EDGE('',*,*,#11160,.T.);
#11505 = ORIENTED_EDGE('',*,*,#11184,.F.);
#11506 = PLANE('',#11507);
#11507 = AXIS2_PLACEMENT_3D('',#11508,#11509,#11510);
#11508 = CARTESIAN_POINT('',(-0.32,-0.32,-3.));
#11509 = DIRECTION('',(0.,0.,1.));
#11510 = DIRECTION('',(1.,0.,-0.));
#11511 = ADVANCED_FACE('',(#11512),#11518,.F.);
#11512 = FACE_BOUND('',#11513,.F.);
#11513 = EDGE_LOOP('',(#11514,#11515,#11516,#11517));
#11514 = ORIENTED_EDGE('',*,*,#11297,.F.);
#11515 = ORIENTED_EDGE('',*,*,#11232,.T.);
#11516 = ORIENTED_EDGE('',*,*,#11256,.T.);
#11517 = ORIENTED_EDGE('',*,*,#11280,.F.);
#11518 = PLANE('',#11519);
#11519 = AXIS2_PLACEMENT_3D('',#11520,#11521,#11522);
#11520 = CARTESIAN_POINT('',(-0.32,-2.86,-3.));
#11521 = DIRECTION('',(0.,0.,1.));
#11522 = DIRECTION('',(1.,0.,-0.));
#11523 = ADVANCED_FACE('',(#11524),#11530,.T.);
#11524 = FACE_BOUND('',#11525,.T.);
#11525 = EDGE_LOOP('',(#11526,#11527,#11528,#11529));
#11526 = ORIENTED_EDGE('',*,*,#11376,.F.);
#11527 = ORIENTED_EDGE('',*,*,#11393,.F.);
#11528 = ORIENTED_EDGE('',*,*,#11328,.T.);
#11529 = ORIENTED_EDGE('',*,*,#11352,.T.);
#11530 = PLANE('',#11531);
#11531 = AXIS2_PLACEMENT_3D('',#11532,#11533,#11534);
#11532 = CARTESIAN_POINT('',(-0.32,-0.32,8.54));
#11533 = DIRECTION('',(0.,0.,1.));
#11534 = DIRECTION('',(1.,0.,-0.));
#11535 = ADVANCED_FACE('',(#11536),#11542,.T.);
#11536 = FACE_BOUND('',#11537,.T.);
#11537 = EDGE_LOOP('',(#11538,#11539,#11540,#11541));
#11538 = ORIENTED_EDGE('',*,*,#11472,.F.);
#11539 = ORIENTED_EDGE('',*,*,#11489,.F.);
#11540 = ORIENTED_EDGE('',*,*,#11424,.T.);
#11541 = ORIENTED_EDGE('',*,*,#11448,.T.);
#11542 = PLANE('',#11543);
#11543 = AXIS2_PLACEMENT_3D('',#11544,#11545,#11546);
#11544 = CARTESIAN_POINT('',(-0.32,-2.86,8.54));
#11545 = DIRECTION('',(0.,0.,1.));
#11546 = DIRECTION('',(1.,0.,-0.));
#11547 = ( GEOMETRIC_REPRESENTATION_CONTEXT(3) 
GLOBAL_UNCERTAINTY_ASSIGNED_CONTEXT((#11551)) 
GLOBAL_UNIT_ASSIGNED_CONTEXT((#11548,#11549,#11550)) 
REPRESENTATION_CONTEXT('Context #1',
  '3D Context with UNIT and UNCERTAINTY') );
#11548 = ( LENGTH_UNIT() NAMED_UNIT(*) SI_UNIT(.MILLI.,.METRE.) );
#11549 = ( NAMED_UNIT(*) PLANE_ANGLE_UNIT() SI_UNIT($,.RADIAN.) );
#11550 = ( NAMED_UNIT(*) SI_UNIT($,.STERADIAN.) SOLID_ANGLE_UNIT() );
#11551 = UNCERTAINTY_MEASURE_WITH_UNIT(LENGTH_MEASURE(1.E-07),#11548,
  'distance_accuracy_value','confusion accuracy');
#11552 = CONTEXT_DEPENDENT_SHAPE_REPRESENTATION(#11553,#11555);
#11553 = ( REPRESENTATION_RELATIONSHIP('','',#10114,#10) 
REPRESENTATION_RELATIONSHIP_WITH_TRANSFORMATION(#11554) 
SHAPE_REPRESENTATION_RELATIONSHIP() );
#11554 = ITEM_DEFINED_TRANSFORMATION('','',#11,#123);
#11555 = PRODUCT_DEFINITION_SHAPE('Placement','Placement of an item',
  #11556);
#11556 = NEXT_ASSEMBLY_USAGE_OCCURRENCE('28','J1','',#5,#10109,$);
#11557 = PRODUCT_RELATED_PRODUCT_CATEGORY('part',$,(#10111));
#11558 = CONTEXT_DEPENDENT_SHAPE_REPRESENTATION(#11559,#11561);
#11559 = ( REPRESENTATION_RELATIONSHIP('','',#4589,#10) 
REPRESENTATION_RELATIONSHIP_WITH_TRANSFORMATION(#11560) 
SHAPE_REPRESENTATION_RELATIONSHIP() );
#11560 = ITEM_DEFINED_TRANSFORMATION('','',#11,#127);
#11561 = PRODUCT_DEFINITION_SHAPE('Placement','Placement of an item',
  #11562);
#11562 = NEXT_ASSEMBLY_USAGE_OCCURRENCE('29','J2','',#5,#4584,$);
#11563 = CONTEXT_DEPENDENT_SHAPE_REPRESENTATION(#11564,#11566);
#11564 = ( REPRESENTATION_RELATIONSHIP('','',#4589,#10) 
REPRESENTATION_RELATIONSHIP_WITH_TRANSFORMATION(#11565) 
SHAPE_REPRESENTATION_RELATIONSHIP() );
#11565 = ITEM_DEFINED_TRANSFORMATION('','',#11,#131);
#11566 = PRODUCT_DEFINITION_SHAPE('Placement','Placement of an item',
  #11567);
#11567 = NEXT_ASSEMBLY_USAGE_OCCURRENCE('30','J3','',#5,#4584,$);
#11568 = SHAPE_DEFINITION_REPRESENTATION(#11569,#11575);
#11569 = PRODUCT_DEFINITION_SHAPE('','',#11570);
#11570 = PRODUCT_DEFINITION('design','',#11571,#11574);
#11571 = PRODUCT_DEFINITION_FORMATION('','',#11572);
#11572 = PRODUCT('IOX_Monitor_PCB','IOX_Monitor_PCB','',(#11573));
#11573 = PRODUCT_CONTEXT('',#2,'mechanical');
#11574 = PRODUCT_DEFINITION_CONTEXT('part definition',#2,'design');
#11575 = ADVANCED_BREP_SHAPE_REPRESENTATION('',(#11,#11576),#13504);
#11576 = MANIFOLD_SOLID_BREP('',#11577);
#11577 = CLOSED_SHELL('',(#11578,#11620,#11651,#11682,#12196,#12710,
    #12727,#12744,#12761,#12778,#12790,#12807,#12824,#12841,#12858,
    #12875,#12892,#12909,#12926,#12943,#12960,#12977,#12994,#13011,
    #13028,#13045,#13062,#13079,#13096,#13113,#13130,#13147,#13164,
    #13181,#13198,#13215,#13232,#13249,#13266,#13283,#13300,#13317,
    #13334,#13351,#13368,#13385,#13402,#13419,#13436,#13453,#13470,
    #13487));
#11578 = ADVANCED_FACE('',(#11579),#11615,.T.);
#11579 = FACE_BOUND('',#11580,.T.);
#11580 = EDGE_LOOP('',(#11581,#11591,#11600,#11608));
#11581 = ORIENTED_EDGE('',*,*,#11582,.T.);
#11582 = EDGE_CURVE('',#11583,#11585,#11587,.T.);
#11583 = VERTEX_POINT('',#11584);
#11584 = CARTESIAN_POINT('',(157.48,-52.07,0.));
#11585 = VERTEX_POINT('',#11586);
#11586 = CARTESIAN_POINT('',(157.48,-52.07,1.51));
#11587 = LINE('',#11588,#11589);
#11588 = CARTESIAN_POINT('',(157.48,-52.07,0.));
#11589 = VECTOR('',#11590,1.);
#11590 = DIRECTION('',(0.,0.,1.));
#11591 = ORIENTED_EDGE('',*,*,#11592,.T.);
#11592 = EDGE_CURVE('',#11585,#11593,#11595,.T.);
#11593 = VERTEX_POINT('',#11594);
#11594 = CARTESIAN_POINT('',(159.385,-53.975,1.51));
#11595 = CIRCLE('',#11596,1.905001427691);
#11596 = AXIS2_PLACEMENT_3D('',#11597,#11598,#11599);
#11597 = CARTESIAN_POINT('',(157.47999857231,-53.97500142769,1.51));
#11598 = DIRECTION('',(0.,0.,-1.));
#11599 = DIRECTION('',(7.494430647689E-07,1.,0.));
#11600 = ORIENTED_EDGE('',*,*,#11601,.F.);
#11601 = EDGE_CURVE('',#11602,#11593,#11604,.T.);
#11602 = VERTEX_POINT('',#11603);
#11603 = CARTESIAN_POINT('',(159.385,-53.975,0.));
#11604 = LINE('',#11605,#11606);
#11605 = CARTESIAN_POINT('',(159.385,-53.975,0.));
#11606 = VECTOR('',#11607,1.);
#11607 = DIRECTION('',(0.,0.,1.));
#11608 = ORIENTED_EDGE('',*,*,#11609,.F.);
#11609 = EDGE_CURVE('',#11583,#11602,#11610,.T.);
#11610 = CIRCLE('',#11611,1.905001427691);
#11611 = AXIS2_PLACEMENT_3D('',#11612,#11613,#11614);
#11612 = CARTESIAN_POINT('',(157.47999857231,-53.97500142769,0.));
#11613 = DIRECTION('',(0.,0.,-1.));
#11614 = DIRECTION('',(7.494430647689E-07,1.,0.));
#11615 = CYLINDRICAL_SURFACE('',#11616,1.905001427691);
#11616 = AXIS2_PLACEMENT_3D('',#11617,#11618,#11619);
#11617 = CARTESIAN_POINT('',(157.47999857231,-53.97500142769,0.));
#11618 = DIRECTION('',(0.,0.,-1.));
#11619 = DIRECTION('',(7.494430647689E-07,1.,0.));
#11620 = ADVANCED_FACE('',(#11621),#11646,.T.);
#11621 = FACE_BOUND('',#11622,.T.);
#11622 = EDGE_LOOP('',(#11623,#11633,#11639,#11640));
#11623 = ORIENTED_EDGE('',*,*,#11624,.T.);
#11624 = EDGE_CURVE('',#11625,#11627,#11629,.T.);
#11625 = VERTEX_POINT('',#11626);
#11626 = CARTESIAN_POINT('',(128.27,-52.07,0.));
#11627 = VERTEX_POINT('',#11628);
#11628 = CARTESIAN_POINT('',(128.27,-52.07,1.51));
#11629 = LINE('',#11630,#11631);
#11630 = CARTESIAN_POINT('',(128.27,-52.07,0.));
#11631 = VECTOR('',#11632,1.);
#11632 = DIRECTION('',(0.,0.,1.));
#11633 = ORIENTED_EDGE('',*,*,#11634,.T.);
#11634 = EDGE_CURVE('',#11627,#11585,#11635,.T.);
#11635 = LINE('',#11636,#11637);
#11636 = CARTESIAN_POINT('',(128.27,-52.07,1.51));
#11637 = VECTOR('',#11638,1.);
#11638 = DIRECTION('',(1.,0.,0.));
#11639 = ORIENTED_EDGE('',*,*,#11582,.F.);
#11640 = ORIENTED_EDGE('',*,*,#11641,.F.);
#11641 = EDGE_CURVE('',#11625,#11583,#11642,.T.);
#11642 = LINE('',#11643,#11644);
#11643 = CARTESIAN_POINT('',(128.27,-52.07,0.));
#11644 = VECTOR('',#11645,1.);
#11645 = DIRECTION('',(1.,0.,0.));
#11646 = PLANE('',#11647);
#11647 = AXIS2_PLACEMENT_3D('',#11648,#11649,#11650);
#11648 = CARTESIAN_POINT('',(128.27,-52.07,0.));
#11649 = DIRECTION('',(0.,1.,0.));
#11650 = DIRECTION('',(1.,0.,0.));
#11651 = ADVANCED_FACE('',(#11652),#11677,.T.);
#11652 = FACE_BOUND('',#11653,.T.);
#11653 = EDGE_LOOP('',(#11654,#11655,#11663,#11671));
#11654 = ORIENTED_EDGE('',*,*,#11601,.T.);
#11655 = ORIENTED_EDGE('',*,*,#11656,.T.);
#11656 = EDGE_CURVE('',#11593,#11657,#11659,.T.);
#11657 = VERTEX_POINT('',#11658);
#11658 = CARTESIAN_POINT('',(159.385,-98.425,1.51));
#11659 = LINE('',#11660,#11661);
#11660 = CARTESIAN_POINT('',(159.385,-53.975,1.51));
#11661 = VECTOR('',#11662,1.);
#11662 = DIRECTION('',(0.,-1.,0.));
#11663 = ORIENTED_EDGE('',*,*,#11664,.F.);
#11664 = EDGE_CURVE('',#11665,#11657,#11667,.T.);
#11665 = VERTEX_POINT('',#11666);
#11666 = CARTESIAN_POINT('',(159.385,-98.425,0.));
#11667 = LINE('',#11668,#11669);
#11668 = CARTESIAN_POINT('',(159.385,-98.425,0.));
#11669 = VECTOR('',#11670,1.);
#11670 = DIRECTION('',(0.,0.,1.));
#11671 = ORIENTED_EDGE('',*,*,#11672,.F.);
#11672 = EDGE_CURVE('',#11602,#11665,#11673,.T.);
#11673 = LINE('',#11674,#11675);
#11674 = CARTESIAN_POINT('',(159.385,-53.975,0.));
#11675 = VECTOR('',#11676,1.);
#11676 = DIRECTION('',(0.,-1.,0.));
#11677 = PLANE('',#11678);
#11678 = AXIS2_PLACEMENT_3D('',#11679,#11680,#11681);
#11679 = CARTESIAN_POINT('',(159.385,-53.975,0.));
#11680 = DIRECTION('',(1.,0.,-0.));
#11681 = DIRECTION('',(0.,-1.,0.));
#11682 = ADVANCED_FACE('',(#11683,#11729,#11740,#11751,#11762,#11773,
    #11784,#11795,#11806,#11817,#11828,#11839,#11850,#11861,#11872,
    #11883,#11894,#11905,#11916,#11927,#11938,#11949,#11960,#11971,
    #11982,#11993,#12004,#12015,#12026,#12037,#12048,#12059,#12070,
    #12081,#12092,#12103,#12114,#12125,#12136,#12147,#12158,#12169,
    #12180),#12191,.F.);
#11683 = FACE_BOUND('',#11684,.F.);
#11684 = EDGE_LOOP('',(#11685,#11686,#11687,#11696,#11704,#11713,#11721,
    #11728));
#11685 = ORIENTED_EDGE('',*,*,#11609,.F.);
#11686 = ORIENTED_EDGE('',*,*,#11641,.F.);
#11687 = ORIENTED_EDGE('',*,*,#11688,.F.);
#11688 = EDGE_CURVE('',#11689,#11625,#11691,.T.);
#11689 = VERTEX_POINT('',#11690);
#11690 = CARTESIAN_POINT('',(126.365,-53.975,0.));
#11691 = CIRCLE('',#11692,1.905001427691);
#11692 = AXIS2_PLACEMENT_3D('',#11693,#11694,#11695);
#11693 = CARTESIAN_POINT('',(128.27000142769,-53.97500142769,0.));
#11694 = DIRECTION('',(0.,0.,-1.));
#11695 = DIRECTION('',(-1.,7.494430647689E-07,0.));
#11696 = ORIENTED_EDGE('',*,*,#11697,.F.);
#11697 = EDGE_CURVE('',#11698,#11689,#11700,.T.);
#11698 = VERTEX_POINT('',#11699);
#11699 = CARTESIAN_POINT('',(126.365,-98.425,0.));
#11700 = LINE('',#11701,#11702);
#11701 = CARTESIAN_POINT('',(126.365,-98.425,0.));
#11702 = VECTOR('',#11703,1.);
#11703 = DIRECTION('',(0.,1.,0.));
#11704 = ORIENTED_EDGE('',*,*,#11705,.F.);
#11705 = EDGE_CURVE('',#11706,#11698,#11708,.T.);
#11706 = VERTEX_POINT('',#11707);
#11707 = CARTESIAN_POINT('',(128.27,-100.33,0.));
#11708 = CIRCLE('',#11709,1.905001427691);
#11709 = AXIS2_PLACEMENT_3D('',#11710,#11711,#11712);
#11710 = CARTESIAN_POINT('',(128.27000142769,-98.42499857231,0.));
#11711 = DIRECTION('',(0.,0.,-1.));
#11712 = DIRECTION('',(-7.494430647689E-07,-1.,-0.));
#11713 = ORIENTED_EDGE('',*,*,#11714,.F.);
#11714 = EDGE_CURVE('',#11715,#11706,#11717,.T.);
#11715 = VERTEX_POINT('',#11716);
#11716 = CARTESIAN_POINT('',(157.48,-100.33,0.));
#11717 = LINE('',#11718,#11719);
#11718 = CARTESIAN_POINT('',(157.48,-100.33,0.));
#11719 = VECTOR('',#11720,1.);
#11720 = DIRECTION('',(-1.,0.,0.));
#11721 = ORIENTED_EDGE('',*,*,#11722,.F.);
#11722 = EDGE_CURVE('',#11665,#11715,#11723,.T.);
#11723 = CIRCLE('',#11724,1.905001427691);
#11724 = AXIS2_PLACEMENT_3D('',#11725,#11726,#11727);
#11725 = CARTESIAN_POINT('',(157.47999857231,-98.42499857231,0.));
#11726 = DIRECTION('',(0.,0.,-1.));
#11727 = DIRECTION('',(1.,-7.494430722287E-07,0.));
#11728 = ORIENTED_EDGE('',*,*,#11672,.F.);
#11729 = FACE_BOUND('',#11730,.F.);
#11730 = EDGE_LOOP('',(#11731));
#11731 = ORIENTED_EDGE('',*,*,#11732,.T.);
#11732 = EDGE_CURVE('',#11733,#11733,#11735,.T.);
#11733 = VERTEX_POINT('',#11734);
#11734 = CARTESIAN_POINT('',(129.015,-94.48,0.));
#11735 = CIRCLE('',#11736,0.5);
#11736 = AXIS2_PLACEMENT_3D('',#11737,#11738,#11739);
#11737 = CARTESIAN_POINT('',(129.015,-93.98,0.));
#11738 = DIRECTION('',(-0.,0.,-1.));
#11739 = DIRECTION('',(-0.,-1.,0.));
#11740 = FACE_BOUND('',#11741,.F.);
#11741 = EDGE_LOOP('',(#11742));
#11742 = ORIENTED_EDGE('',*,*,#11743,.T.);
#11743 = EDGE_CURVE('',#11744,#11744,#11746,.T.);
#11744 = VERTEX_POINT('',#11745);
#11745 = CARTESIAN_POINT('',(131.555,-94.48,0.));
#11746 = CIRCLE('',#11747,0.5);
#11747 = AXIS2_PLACEMENT_3D('',#11748,#11749,#11750);
#11748 = CARTESIAN_POINT('',(131.555,-93.98,0.));
#11749 = DIRECTION('',(-0.,0.,-1.));
#11750 = DIRECTION('',(-0.,-1.,0.));
#11751 = FACE_BOUND('',#11752,.F.);
#11752 = EDGE_LOOP('',(#11753));
#11753 = ORIENTED_EDGE('',*,*,#11754,.T.);
#11754 = EDGE_CURVE('',#11755,#11755,#11757,.T.);
#11755 = VERTEX_POINT('',#11756);
#11756 = CARTESIAN_POINT('',(134.095,-94.48,0.));
#11757 = CIRCLE('',#11758,0.5);
#11758 = AXIS2_PLACEMENT_3D('',#11759,#11760,#11761);
#11759 = CARTESIAN_POINT('',(134.095,-93.98,0.));
#11760 = DIRECTION('',(-0.,0.,-1.));
#11761 = DIRECTION('',(-0.,-1.,0.));
#11762 = FACE_BOUND('',#11763,.F.);
#11763 = EDGE_LOOP('',(#11764));
#11764 = ORIENTED_EDGE('',*,*,#11765,.T.);
#11765 = EDGE_CURVE('',#11766,#11766,#11768,.T.);
#11766 = VERTEX_POINT('',#11767);
#11767 = CARTESIAN_POINT('',(129.015,-91.94,0.));
#11768 = CIRCLE('',#11769,0.5);
#11769 = AXIS2_PLACEMENT_3D('',#11770,#11771,#11772);
#11770 = CARTESIAN_POINT('',(129.015,-91.44,0.));
#11771 = DIRECTION('',(-0.,0.,-1.));
#11772 = DIRECTION('',(-0.,-1.,0.));
#11773 = FACE_BOUND('',#11774,.F.);
#11774 = EDGE_LOOP('',(#11775));
#11775 = ORIENTED_EDGE('',*,*,#11776,.T.);
#11776 = EDGE_CURVE('',#11777,#11777,#11779,.T.);
#11777 = VERTEX_POINT('',#11778);
#11778 = CARTESIAN_POINT('',(131.555,-91.94,0.));
#11779 = CIRCLE('',#11780,0.5);
#11780 = AXIS2_PLACEMENT_3D('',#11781,#11782,#11783);
#11781 = CARTESIAN_POINT('',(131.555,-91.44,0.));
#11782 = DIRECTION('',(-0.,0.,-1.));
#11783 = DIRECTION('',(-0.,-1.,0.));
#11784 = FACE_BOUND('',#11785,.F.);
#11785 = EDGE_LOOP('',(#11786));
#11786 = ORIENTED_EDGE('',*,*,#11787,.T.);
#11787 = EDGE_CURVE('',#11788,#11788,#11790,.T.);
#11788 = VERTEX_POINT('',#11789);
#11789 = CARTESIAN_POINT('',(129.015,-89.4,0.));
#11790 = CIRCLE('',#11791,0.5);
#11791 = AXIS2_PLACEMENT_3D('',#11792,#11793,#11794);
#11792 = CARTESIAN_POINT('',(129.015,-88.9,0.));
#11793 = DIRECTION('',(-0.,0.,-1.));
#11794 = DIRECTION('',(-0.,-1.,0.));
#11795 = FACE_BOUND('',#11796,.F.);
#11796 = EDGE_LOOP('',(#11797));
#11797 = ORIENTED_EDGE('',*,*,#11798,.T.);
#11798 = EDGE_CURVE('',#11799,#11799,#11801,.T.);
#11799 = VERTEX_POINT('',#11800);
#11800 = CARTESIAN_POINT('',(131.555,-89.4,0.));
#11801 = CIRCLE('',#11802,0.5);
#11802 = AXIS2_PLACEMENT_3D('',#11803,#11804,#11805);
#11803 = CARTESIAN_POINT('',(131.555,-88.9,0.));
#11804 = DIRECTION('',(-0.,0.,-1.));
#11805 = DIRECTION('',(-0.,-1.,0.));
#11806 = FACE_BOUND('',#11807,.F.);
#11807 = EDGE_LOOP('',(#11808));
#11808 = ORIENTED_EDGE('',*,*,#11809,.T.);
#11809 = EDGE_CURVE('',#11810,#11810,#11812,.T.);
#11810 = VERTEX_POINT('',#11811);
#11811 = CARTESIAN_POINT('',(134.095,-91.94,0.));
#11812 = CIRCLE('',#11813,0.5);
#11813 = AXIS2_PLACEMENT_3D('',#11814,#11815,#11816);
#11814 = CARTESIAN_POINT('',(134.095,-91.44,0.));
#11815 = DIRECTION('',(-0.,0.,-1.));
#11816 = DIRECTION('',(-0.,-1.,0.));
#11817 = FACE_BOUND('',#11818,.F.);
#11818 = EDGE_LOOP('',(#11819));
#11819 = ORIENTED_EDGE('',*,*,#11820,.T.);
#11820 = EDGE_CURVE('',#11821,#11821,#11823,.T.);
#11821 = VERTEX_POINT('',#11822);
#11822 = CARTESIAN_POINT('',(134.095,-89.4,0.));
#11823 = CIRCLE('',#11824,0.5);
#11824 = AXIS2_PLACEMENT_3D('',#11825,#11826,#11827);
#11825 = CARTESIAN_POINT('',(134.095,-88.9,0.));
#11826 = DIRECTION('',(-0.,0.,-1.));
#11827 = DIRECTION('',(-0.,-1.,0.));
#11828 = FACE_BOUND('',#11829,.F.);
#11829 = EDGE_LOOP('',(#11830));
#11830 = ORIENTED_EDGE('',*,*,#11831,.T.);
#11831 = EDGE_CURVE('',#11832,#11832,#11834,.T.);
#11832 = VERTEX_POINT('',#11833);
#11833 = CARTESIAN_POINT('',(136.635,-94.48,0.));
#11834 = CIRCLE('',#11835,0.5);
#11835 = AXIS2_PLACEMENT_3D('',#11836,#11837,#11838);
#11836 = CARTESIAN_POINT('',(136.635,-93.98,0.));
#11837 = DIRECTION('',(-0.,0.,-1.));
#11838 = DIRECTION('',(-0.,-1.,0.));
#11839 = FACE_BOUND('',#11840,.F.);
#11840 = EDGE_LOOP('',(#11841));
#11841 = ORIENTED_EDGE('',*,*,#11842,.T.);
#11842 = EDGE_CURVE('',#11843,#11843,#11845,.T.);
#11843 = VERTEX_POINT('',#11844);
#11844 = CARTESIAN_POINT('',(139.175,-94.48,0.));
#11845 = CIRCLE('',#11846,0.5);
#11846 = AXIS2_PLACEMENT_3D('',#11847,#11848,#11849);
#11847 = CARTESIAN_POINT('',(139.175,-93.98,0.));
#11848 = DIRECTION('',(-0.,0.,-1.));
#11849 = DIRECTION('',(-0.,-1.,0.));
#11850 = FACE_BOUND('',#11851,.F.);
#11851 = EDGE_LOOP('',(#11852));
#11852 = ORIENTED_EDGE('',*,*,#11853,.T.);
#11853 = EDGE_CURVE('',#11854,#11854,#11856,.T.);
#11854 = VERTEX_POINT('',#11855);
#11855 = CARTESIAN_POINT('',(136.635,-91.94,0.));
#11856 = CIRCLE('',#11857,0.5);
#11857 = AXIS2_PLACEMENT_3D('',#11858,#11859,#11860);
#11858 = CARTESIAN_POINT('',(136.635,-91.44,0.));
#11859 = DIRECTION('',(-0.,0.,-1.));
#11860 = DIRECTION('',(-0.,-1.,0.));
#11861 = FACE_BOUND('',#11862,.F.);
#11862 = EDGE_LOOP('',(#11863));
#11863 = ORIENTED_EDGE('',*,*,#11864,.T.);
#11864 = EDGE_CURVE('',#11865,#11865,#11867,.T.);
#11865 = VERTEX_POINT('',#11866);
#11866 = CARTESIAN_POINT('',(136.635,-89.4,0.));
#11867 = CIRCLE('',#11868,0.5);
#11868 = AXIS2_PLACEMENT_3D('',#11869,#11870,#11871);
#11869 = CARTESIAN_POINT('',(136.635,-88.9,0.));
#11870 = DIRECTION('',(-0.,0.,-1.));
#11871 = DIRECTION('',(-0.,-1.,0.));
#11872 = FACE_BOUND('',#11873,.F.);
#11873 = EDGE_LOOP('',(#11874));
#11874 = ORIENTED_EDGE('',*,*,#11875,.T.);
#11875 = EDGE_CURVE('',#11876,#11876,#11878,.T.);
#11876 = VERTEX_POINT('',#11877);
#11877 = CARTESIAN_POINT('',(139.175,-91.94,0.));
#11878 = CIRCLE('',#11879,0.5);
#11879 = AXIS2_PLACEMENT_3D('',#11880,#11881,#11882);
#11880 = CARTESIAN_POINT('',(139.175,-91.44,0.));
#11881 = DIRECTION('',(-0.,0.,-1.));
#11882 = DIRECTION('',(-0.,-1.,0.));
#11883 = FACE_BOUND('',#11884,.F.);
#11884 = EDGE_LOOP('',(#11885));
#11885 = ORIENTED_EDGE('',*,*,#11886,.T.);
#11886 = EDGE_CURVE('',#11887,#11887,#11889,.T.);
#11887 = VERTEX_POINT('',#11888);
#11888 = CARTESIAN_POINT('',(139.175,-89.4,0.));
#11889 = CIRCLE('',#11890,0.5);
#11890 = AXIS2_PLACEMENT_3D('',#11891,#11892,#11893);
#11891 = CARTESIAN_POINT('',(139.175,-88.9,0.));
#11892 = DIRECTION('',(-0.,0.,-1.));
#11893 = DIRECTION('',(-0.,-1.,0.));
#11894 = FACE_BOUND('',#11895,.F.);
#11895 = EDGE_LOOP('',(#11896));
#11896 = ORIENTED_EDGE('',*,*,#11897,.T.);
#11897 = EDGE_CURVE('',#11898,#11898,#11900,.T.);
#11898 = VERTEX_POINT('',#11899);
#11899 = CARTESIAN_POINT('',(141.715,-94.48,0.));
#11900 = CIRCLE('',#11901,0.5);
#11901 = AXIS2_PLACEMENT_3D('',#11902,#11903,#11904);
#11902 = CARTESIAN_POINT('',(141.715,-93.98,0.));
#11903 = DIRECTION('',(-0.,0.,-1.));
#11904 = DIRECTION('',(-0.,-1.,0.));
#11905 = FACE_BOUND('',#11906,.F.);
#11906 = EDGE_LOOP('',(#11907));
#11907 = ORIENTED_EDGE('',*,*,#11908,.T.);
#11908 = EDGE_CURVE('',#11909,#11909,#11911,.T.);
#11909 = VERTEX_POINT('',#11910);
#11910 = CARTESIAN_POINT('',(144.255,-94.48,0.));
#11911 = CIRCLE('',#11912,0.5);
#11912 = AXIS2_PLACEMENT_3D('',#11913,#11914,#11915);
#11913 = CARTESIAN_POINT('',(144.255,-93.98,0.));
#11914 = DIRECTION('',(-0.,0.,-1.));
#11915 = DIRECTION('',(-0.,-1.,0.));
#11916 = FACE_BOUND('',#11917,.F.);
#11917 = EDGE_LOOP('',(#11918));
#11918 = ORIENTED_EDGE('',*,*,#11919,.T.);
#11919 = EDGE_CURVE('',#11920,#11920,#11922,.T.);
#11920 = VERTEX_POINT('',#11921);
#11921 = CARTESIAN_POINT('',(146.795,-94.48,0.));
#11922 = CIRCLE('',#11923,0.5);
#11923 = AXIS2_PLACEMENT_3D('',#11924,#11925,#11926);
#11924 = CARTESIAN_POINT('',(146.795,-93.98,0.));
#11925 = DIRECTION('',(-0.,0.,-1.));
#11926 = DIRECTION('',(-0.,-1.,0.));
#11927 = FACE_BOUND('',#11928,.F.);
#11928 = EDGE_LOOP('',(#11929));
#11929 = ORIENTED_EDGE('',*,*,#11930,.T.);
#11930 = EDGE_CURVE('',#11931,#11931,#11933,.T.);
#11931 = VERTEX_POINT('',#11932);
#11932 = CARTESIAN_POINT('',(141.715,-91.94,0.));
#11933 = CIRCLE('',#11934,0.5);
#11934 = AXIS2_PLACEMENT_3D('',#11935,#11936,#11937);
#11935 = CARTESIAN_POINT('',(141.715,-91.44,0.));
#11936 = DIRECTION('',(-0.,0.,-1.));
#11937 = DIRECTION('',(-0.,-1.,0.));
#11938 = FACE_BOUND('',#11939,.F.);
#11939 = EDGE_LOOP('',(#11940));
#11940 = ORIENTED_EDGE('',*,*,#11941,.T.);
#11941 = EDGE_CURVE('',#11942,#11942,#11944,.T.);
#11942 = VERTEX_POINT('',#11943);
#11943 = CARTESIAN_POINT('',(144.255,-91.94,0.));
#11944 = CIRCLE('',#11945,0.5);
#11945 = AXIS2_PLACEMENT_3D('',#11946,#11947,#11948);
#11946 = CARTESIAN_POINT('',(144.255,-91.44,0.));
#11947 = DIRECTION('',(-0.,0.,-1.));
#11948 = DIRECTION('',(-0.,-1.,0.));
#11949 = FACE_BOUND('',#11950,.F.);
#11950 = EDGE_LOOP('',(#11951));
#11951 = ORIENTED_EDGE('',*,*,#11952,.T.);
#11952 = EDGE_CURVE('',#11953,#11953,#11955,.T.);
#11953 = VERTEX_POINT('',#11954);
#11954 = CARTESIAN_POINT('',(141.715,-89.4,0.));
#11955 = CIRCLE('',#11956,0.5);
#11956 = AXIS2_PLACEMENT_3D('',#11957,#11958,#11959);
#11957 = CARTESIAN_POINT('',(141.715,-88.9,0.));
#11958 = DIRECTION('',(-0.,0.,-1.));
#11959 = DIRECTION('',(-0.,-1.,0.));
#11960 = FACE_BOUND('',#11961,.F.);
#11961 = EDGE_LOOP('',(#11962));
#11962 = ORIENTED_EDGE('',*,*,#11963,.T.);
#11963 = EDGE_CURVE('',#11964,#11964,#11966,.T.);
#11964 = VERTEX_POINT('',#11965);
#11965 = CARTESIAN_POINT('',(144.255,-89.4,0.));
#11966 = CIRCLE('',#11967,0.5);
#11967 = AXIS2_PLACEMENT_3D('',#11968,#11969,#11970);
#11968 = CARTESIAN_POINT('',(144.255,-88.9,0.));
#11969 = DIRECTION('',(-0.,0.,-1.));
#11970 = DIRECTION('',(-0.,-1.,0.));
#11971 = FACE_BOUND('',#11972,.F.);
#11972 = EDGE_LOOP('',(#11973));
#11973 = ORIENTED_EDGE('',*,*,#11974,.T.);
#11974 = EDGE_CURVE('',#11975,#11975,#11977,.T.);
#11975 = VERTEX_POINT('',#11976);
#11976 = CARTESIAN_POINT('',(146.795,-91.94,0.));
#11977 = CIRCLE('',#11978,0.5);
#11978 = AXIS2_PLACEMENT_3D('',#11979,#11980,#11981);
#11979 = CARTESIAN_POINT('',(146.795,-91.44,0.));
#11980 = DIRECTION('',(-0.,0.,-1.));
#11981 = DIRECTION('',(-0.,-1.,0.));
#11982 = FACE_BOUND('',#11983,.F.);
#11983 = EDGE_LOOP('',(#11984));
#11984 = ORIENTED_EDGE('',*,*,#11985,.T.);
#11985 = EDGE_CURVE('',#11986,#11986,#11988,.T.);
#11986 = VERTEX_POINT('',#11987);
#11987 = CARTESIAN_POINT('',(146.795,-89.4,0.));
#11988 = CIRCLE('',#11989,0.5);
#11989 = AXIS2_PLACEMENT_3D('',#11990,#11991,#11992);
#11990 = CARTESIAN_POINT('',(146.795,-88.9,0.));
#11991 = DIRECTION('',(-0.,0.,-1.));
#11992 = DIRECTION('',(-0.,-1.,0.));
#11993 = FACE_BOUND('',#11994,.F.);
#11994 = EDGE_LOOP('',(#11995));
#11995 = ORIENTED_EDGE('',*,*,#11996,.T.);
#11996 = EDGE_CURVE('',#11997,#11997,#11999,.T.);
#11997 = VERTEX_POINT('',#11998);
#11998 = CARTESIAN_POINT('',(128.905,-83.05,0.));
#11999 = CIRCLE('',#12000,0.5);
#12000 = AXIS2_PLACEMENT_3D('',#12001,#12002,#12003);
#12001 = CARTESIAN_POINT('',(128.905,-82.55,0.));
#12002 = DIRECTION('',(-0.,0.,-1.));
#12003 = DIRECTION('',(-0.,-1.,0.));
#12004 = FACE_BOUND('',#12005,.F.);
#12005 = EDGE_LOOP('',(#12006));
#12006 = ORIENTED_EDGE('',*,*,#12007,.T.);
#12007 = EDGE_CURVE('',#12008,#12008,#12010,.T.);
#12008 = VERTEX_POINT('',#12009);
#12009 = CARTESIAN_POINT('',(131.445,-83.05,0.));
#12010 = CIRCLE('',#12011,0.5);
#12011 = AXIS2_PLACEMENT_3D('',#12012,#12013,#12014);
#12012 = CARTESIAN_POINT('',(131.445,-82.55,0.));
#12013 = DIRECTION('',(-0.,0.,-1.));
#12014 = DIRECTION('',(-0.,-1.,0.));
#12015 = FACE_BOUND('',#12016,.F.);
#12016 = EDGE_LOOP('',(#12017));
#12017 = ORIENTED_EDGE('',*,*,#12018,.T.);
#12018 = EDGE_CURVE('',#12019,#12019,#12021,.T.);
#12019 = VERTEX_POINT('',#12020);
#12020 = CARTESIAN_POINT('',(133.985,-83.05,0.));
#12021 = CIRCLE('',#12022,0.5);
#12022 = AXIS2_PLACEMENT_3D('',#12023,#12024,#12025);
#12023 = CARTESIAN_POINT('',(133.985,-82.55,0.));
#12024 = DIRECTION('',(-0.,0.,-1.));
#12025 = DIRECTION('',(-0.,-1.,0.));
#12026 = FACE_BOUND('',#12027,.F.);
#12027 = EDGE_LOOP('',(#12028));
#12028 = ORIENTED_EDGE('',*,*,#12029,.T.);
#12029 = EDGE_CURVE('',#12030,#12030,#12032,.T.);
#12030 = VERTEX_POINT('',#12031);
#12031 = CARTESIAN_POINT('',(136.525,-83.05,0.));
#12032 = CIRCLE('',#12033,0.5);
#12033 = AXIS2_PLACEMENT_3D('',#12034,#12035,#12036);
#12034 = CARTESIAN_POINT('',(136.525,-82.55,0.));
#12035 = DIRECTION('',(-0.,0.,-1.));
#12036 = DIRECTION('',(-0.,-1.,0.));
#12037 = FACE_BOUND('',#12038,.F.);
#12038 = EDGE_LOOP('',(#12039));
#12039 = ORIENTED_EDGE('',*,*,#12040,.T.);
#12040 = EDGE_CURVE('',#12041,#12041,#12043,.T.);
#12041 = VERTEX_POINT('',#12042);
#12042 = CARTESIAN_POINT('',(139.065,-83.05,0.));
#12043 = CIRCLE('',#12044,0.5);
#12044 = AXIS2_PLACEMENT_3D('',#12045,#12046,#12047);
#12045 = CARTESIAN_POINT('',(139.065,-82.55,0.));
#12046 = DIRECTION('',(-0.,0.,-1.));
#12047 = DIRECTION('',(-0.,-1.,0.));
#12048 = FACE_BOUND('',#12049,.F.);
#12049 = EDGE_LOOP('',(#12050));
#12050 = ORIENTED_EDGE('',*,*,#12051,.T.);
#12051 = EDGE_CURVE('',#12052,#12052,#12054,.T.);
#12052 = VERTEX_POINT('',#12053);
#12053 = CARTESIAN_POINT('',(141.605,-83.05,0.));
#12054 = CIRCLE('',#12055,0.5);
#12055 = AXIS2_PLACEMENT_3D('',#12056,#12057,#12058);
#12056 = CARTESIAN_POINT('',(141.605,-82.55,0.));
#12057 = DIRECTION('',(-0.,0.,-1.));
#12058 = DIRECTION('',(-0.,-1.,0.));
#12059 = FACE_BOUND('',#12060,.F.);
#12060 = EDGE_LOOP('',(#12061));
#12061 = ORIENTED_EDGE('',*,*,#12062,.T.);
#12062 = EDGE_CURVE('',#12063,#12063,#12065,.T.);
#12063 = VERTEX_POINT('',#12064);
#12064 = CARTESIAN_POINT('',(128.905,-72.89,0.));
#12065 = CIRCLE('',#12066,0.5);
#12066 = AXIS2_PLACEMENT_3D('',#12067,#12068,#12069);
#12067 = CARTESIAN_POINT('',(128.905,-72.39,0.));
#12068 = DIRECTION('',(-0.,0.,-1.));
#12069 = DIRECTION('',(-0.,-1.,0.));
#12070 = FACE_BOUND('',#12071,.F.);
#12071 = EDGE_LOOP('',(#12072));
#12072 = ORIENTED_EDGE('',*,*,#12073,.T.);
#12073 = EDGE_CURVE('',#12074,#12074,#12076,.T.);
#12074 = VERTEX_POINT('',#12075);
#12075 = CARTESIAN_POINT('',(131.445,-72.89,0.));
#12076 = CIRCLE('',#12077,0.5);
#12077 = AXIS2_PLACEMENT_3D('',#12078,#12079,#12080);
#12078 = CARTESIAN_POINT('',(131.445,-72.39,0.));
#12079 = DIRECTION('',(-0.,0.,-1.));
#12080 = DIRECTION('',(-0.,-1.,0.));
#12081 = FACE_BOUND('',#12082,.F.);
#12082 = EDGE_LOOP('',(#12083));
#12083 = ORIENTED_EDGE('',*,*,#12084,.T.);
#12084 = EDGE_CURVE('',#12085,#12085,#12087,.T.);
#12085 = VERTEX_POINT('',#12086);
#12086 = CARTESIAN_POINT('',(133.985,-72.89,0.));
#12087 = CIRCLE('',#12088,0.5);
#12088 = AXIS2_PLACEMENT_3D('',#12089,#12090,#12091);
#12089 = CARTESIAN_POINT('',(133.985,-72.39,0.));
#12090 = DIRECTION('',(-0.,0.,-1.));
#12091 = DIRECTION('',(-0.,-1.,0.));
#12092 = FACE_BOUND('',#12093,.F.);
#12093 = EDGE_LOOP('',(#12094));
#12094 = ORIENTED_EDGE('',*,*,#12095,.T.);
#12095 = EDGE_CURVE('',#12096,#12096,#12098,.T.);
#12096 = VERTEX_POINT('',#12097);
#12097 = CARTESIAN_POINT('',(136.525,-72.89,0.));
#12098 = CIRCLE('',#12099,0.5);
#12099 = AXIS2_PLACEMENT_3D('',#12100,#12101,#12102);
#12100 = CARTESIAN_POINT('',(136.525,-72.39,0.));
#12101 = DIRECTION('',(-0.,0.,-1.));
#12102 = DIRECTION('',(-0.,-1.,0.));
#12103 = FACE_BOUND('',#12104,.F.);
#12104 = EDGE_LOOP('',(#12105));
#12105 = ORIENTED_EDGE('',*,*,#12106,.T.);
#12106 = EDGE_CURVE('',#12107,#12107,#12109,.T.);
#12107 = VERTEX_POINT('',#12108);
#12108 = CARTESIAN_POINT('',(139.065,-72.89,0.));
#12109 = CIRCLE('',#12110,0.5);
#12110 = AXIS2_PLACEMENT_3D('',#12111,#12112,#12113);
#12111 = CARTESIAN_POINT('',(139.065,-72.39,0.));
#12112 = DIRECTION('',(-0.,0.,-1.));
#12113 = DIRECTION('',(-0.,-1.,0.));
#12114 = FACE_BOUND('',#12115,.F.);
#12115 = EDGE_LOOP('',(#12116));
#12116 = ORIENTED_EDGE('',*,*,#12117,.T.);
#12117 = EDGE_CURVE('',#12118,#12118,#12120,.T.);
#12118 = VERTEX_POINT('',#12119);
#12119 = CARTESIAN_POINT('',(141.605,-72.89,0.));
#12120 = CIRCLE('',#12121,0.5);
#12121 = AXIS2_PLACEMENT_3D('',#12122,#12123,#12124);
#12122 = CARTESIAN_POINT('',(141.605,-72.39,0.));
#12123 = DIRECTION('',(-0.,0.,-1.));
#12124 = DIRECTION('',(-0.,-1.,0.));
#12125 = FACE_BOUND('',#12126,.F.);
#12126 = EDGE_LOOP('',(#12127));
#12127 = ORIENTED_EDGE('',*,*,#12128,.T.);
#12128 = EDGE_CURVE('',#12129,#12129,#12131,.T.);
#12129 = VERTEX_POINT('',#12130);
#12130 = CARTESIAN_POINT('',(144.145,-83.05,0.));
#12131 = CIRCLE('',#12132,0.5);
#12132 = AXIS2_PLACEMENT_3D('',#12133,#12134,#12135);
#12133 = CARTESIAN_POINT('',(144.145,-82.55,0.));
#12134 = DIRECTION('',(-0.,0.,-1.));
#12135 = DIRECTION('',(-0.,-1.,0.));
#12136 = FACE_BOUND('',#12137,.F.);
#12137 = EDGE_LOOP('',(#12138));
#12138 = ORIENTED_EDGE('',*,*,#12139,.T.);
#12139 = EDGE_CURVE('',#12140,#12140,#12142,.T.);
#12140 = VERTEX_POINT('',#12141);
#12141 = CARTESIAN_POINT('',(146.685,-83.05,0.));
#12142 = CIRCLE('',#12143,0.5);
#12143 = AXIS2_PLACEMENT_3D('',#12144,#12145,#12146);
#12144 = CARTESIAN_POINT('',(146.685,-82.55,0.));
#12145 = DIRECTION('',(-0.,0.,-1.));
#12146 = DIRECTION('',(-0.,-1.,0.));
#12147 = FACE_BOUND('',#12148,.F.);
#12148 = EDGE_LOOP('',(#12149));
#12149 = ORIENTED_EDGE('',*,*,#12150,.T.);
#12150 = EDGE_CURVE('',#12151,#12151,#12153,.T.);
#12151 = VERTEX_POINT('',#12152);
#12152 = CARTESIAN_POINT('',(151.765,-83.05,0.));
#12153 = CIRCLE('',#12154,0.5);
#12154 = AXIS2_PLACEMENT_3D('',#12155,#12156,#12157);
#12155 = CARTESIAN_POINT('',(151.765,-82.55,0.));
#12156 = DIRECTION('',(-0.,0.,-1.));
#12157 = DIRECTION('',(-0.,-1.,0.));
#12158 = FACE_BOUND('',#12159,.F.);
#12159 = EDGE_LOOP('',(#12160));
#12160 = ORIENTED_EDGE('',*,*,#12161,.T.);
#12161 = EDGE_CURVE('',#12162,#12162,#12164,.T.);
#12162 = VERTEX_POINT('',#12163);
#12163 = CARTESIAN_POINT('',(154.305,-83.05,0.));
#12164 = CIRCLE('',#12165,0.5);
#12165 = AXIS2_PLACEMENT_3D('',#12166,#12167,#12168);
#12166 = CARTESIAN_POINT('',(154.305,-82.55,0.));
#12167 = DIRECTION('',(-0.,0.,-1.));
#12168 = DIRECTION('',(-0.,-1.,0.));
#12169 = FACE_BOUND('',#12170,.F.);
#12170 = EDGE_LOOP('',(#12171));
#12171 = ORIENTED_EDGE('',*,*,#12172,.T.);
#12172 = EDGE_CURVE('',#12173,#12173,#12175,.T.);
#12173 = VERTEX_POINT('',#12174);
#12174 = CARTESIAN_POINT('',(144.145,-72.89,0.));
#12175 = CIRCLE('',#12176,0.5);
#12176 = AXIS2_PLACEMENT_3D('',#12177,#12178,#12179);
#12177 = CARTESIAN_POINT('',(144.145,-72.39,0.));
#12178 = DIRECTION('',(-0.,0.,-1.));
#12179 = DIRECTION('',(-0.,-1.,0.));
#12180 = FACE_BOUND('',#12181,.F.);
#12181 = EDGE_LOOP('',(#12182));
#12182 = ORIENTED_EDGE('',*,*,#12183,.T.);
#12183 = EDGE_CURVE('',#12184,#12184,#12186,.T.);
#12184 = VERTEX_POINT('',#12185);
#12185 = CARTESIAN_POINT('',(146.685,-72.89,0.));
#12186 = CIRCLE('',#12187,0.5);
#12187 = AXIS2_PLACEMENT_3D('',#12188,#12189,#12190);
#12188 = CARTESIAN_POINT('',(146.685,-72.39,0.));
#12189 = DIRECTION('',(-0.,0.,-1.));
#12190 = DIRECTION('',(-0.,-1.,0.));
#12191 = PLANE('',#12192);
#12192 = AXIS2_PLACEMENT_3D('',#12193,#12194,#12195);
#12193 = CARTESIAN_POINT('',(0.,0.,0.));
#12194 = DIRECTION('',(0.,0.,1.));
#12195 = DIRECTION('',(1.,0.,-0.));
#12196 = ADVANCED_FACE('',(#12197,#12243,#12254,#12265,#12276,#12287,
    #12298,#12309,#12320,#12331,#12342,#12353,#12364,#12375,#12386,
    #12397,#12408,#12419,#12430,#12441,#12452,#12463,#12474,#12485,
    #12496,#12507,#12518,#12529,#12540,#12551,#12562,#12573,#12584,
    #12595,#12606,#12617,#12628,#12639,#12650,#12661,#12672,#12683,
    #12694),#12705,.T.);
#12197 = FACE_BOUND('',#12198,.T.);
#12198 = EDGE_LOOP('',(#12199,#12200,#12201,#12210,#12218,#12227,#12235,
    #12242));
#12199 = ORIENTED_EDGE('',*,*,#11592,.F.);
#12200 = ORIENTED_EDGE('',*,*,#11634,.F.);
#12201 = ORIENTED_EDGE('',*,*,#12202,.F.);
#12202 = EDGE_CURVE('',#12203,#11627,#12205,.T.);
#12203 = VERTEX_POINT('',#12204);
#12204 = CARTESIAN_POINT('',(126.365,-53.975,1.51));
#12205 = CIRCLE('',#12206,1.905001427691);
#12206 = AXIS2_PLACEMENT_3D('',#12207,#12208,#12209);
#12207 = CARTESIAN_POINT('',(128.27000142769,-53.97500142769,1.51));
#12208 = DIRECTION('',(0.,0.,-1.));
#12209 = DIRECTION('',(-1.,7.494430647689E-07,0.));
#12210 = ORIENTED_EDGE('',*,*,#12211,.F.);
#12211 = EDGE_CURVE('',#12212,#12203,#12214,.T.);
#12212 = VERTEX_POINT('',#12213);
#12213 = CARTESIAN_POINT('',(126.365,-98.425,1.51));
#12214 = LINE('',#12215,#12216);
#12215 = CARTESIAN_POINT('',(126.365,-98.425,1.51));
#12216 = VECTOR('',#12217,1.);
#12217 = DIRECTION('',(0.,1.,0.));
#12218 = ORIENTED_EDGE('',*,*,#12219,.F.);
#12219 = EDGE_CURVE('',#12220,#12212,#12222,.T.);
#12220 = VERTEX_POINT('',#12221);
#12221 = CARTESIAN_POINT('',(128.27,-100.33,1.51));
#12222 = CIRCLE('',#12223,1.905001427691);
#12223 = AXIS2_PLACEMENT_3D('',#12224,#12225,#12226);
#12224 = CARTESIAN_POINT('',(128.27000142769,-98.42499857231,1.51));
#12225 = DIRECTION('',(0.,0.,-1.));
#12226 = DIRECTION('',(-7.494430647689E-07,-1.,-0.));
#12227 = ORIENTED_EDGE('',*,*,#12228,.F.);
#12228 = EDGE_CURVE('',#12229,#12220,#12231,.T.);
#12229 = VERTEX_POINT('',#12230);
#12230 = CARTESIAN_POINT('',(157.48,-100.33,1.51));
#12231 = LINE('',#12232,#12233);
#12232 = CARTESIAN_POINT('',(157.48,-100.33,1.51));
#12233 = VECTOR('',#12234,1.);
#12234 = DIRECTION('',(-1.,0.,0.));
#12235 = ORIENTED_EDGE('',*,*,#12236,.F.);
#12236 = EDGE_CURVE('',#11657,#12229,#12237,.T.);
#12237 = CIRCLE('',#12238,1.905001427691);
#12238 = AXIS2_PLACEMENT_3D('',#12239,#12240,#12241);
#12239 = CARTESIAN_POINT('',(157.47999857231,-98.42499857231,1.51));
#12240 = DIRECTION('',(0.,0.,-1.));
#12241 = DIRECTION('',(1.,-7.494430722287E-07,0.));
#12242 = ORIENTED_EDGE('',*,*,#11656,.F.);
#12243 = FACE_BOUND('',#12244,.T.);
#12244 = EDGE_LOOP('',(#12245));
#12245 = ORIENTED_EDGE('',*,*,#12246,.T.);
#12246 = EDGE_CURVE('',#12247,#12247,#12249,.T.);
#12247 = VERTEX_POINT('',#12248);
#12248 = CARTESIAN_POINT('',(129.015,-94.48,1.51));
#12249 = CIRCLE('',#12250,0.5);
#12250 = AXIS2_PLACEMENT_3D('',#12251,#12252,#12253);
#12251 = CARTESIAN_POINT('',(129.015,-93.98,1.51));
#12252 = DIRECTION('',(-0.,0.,-1.));
#12253 = DIRECTION('',(-0.,-1.,0.));
#12254 = FACE_BOUND('',#12255,.T.);
#12255 = EDGE_LOOP('',(#12256));
#12256 = ORIENTED_EDGE('',*,*,#12257,.T.);
#12257 = EDGE_CURVE('',#12258,#12258,#12260,.T.);
#12258 = VERTEX_POINT('',#12259);
#12259 = CARTESIAN_POINT('',(131.555,-94.48,1.51));
#12260 = CIRCLE('',#12261,0.5);
#12261 = AXIS2_PLACEMENT_3D('',#12262,#12263,#12264);
#12262 = CARTESIAN_POINT('',(131.555,-93.98,1.51));
#12263 = DIRECTION('',(-0.,0.,-1.));
#12264 = DIRECTION('',(-0.,-1.,0.));
#12265 = FACE_BOUND('',#12266,.T.);
#12266 = EDGE_LOOP('',(#12267));
#12267 = ORIENTED_EDGE('',*,*,#12268,.T.);
#12268 = EDGE_CURVE('',#12269,#12269,#12271,.T.);
#12269 = VERTEX_POINT('',#12270);
#12270 = CARTESIAN_POINT('',(134.095,-94.48,1.51));
#12271 = CIRCLE('',#12272,0.5);
#12272 = AXIS2_PLACEMENT_3D('',#12273,#12274,#12275);
#12273 = CARTESIAN_POINT('',(134.095,-93.98,1.51));
#12274 = DIRECTION('',(-0.,0.,-1.));
#12275 = DIRECTION('',(-0.,-1.,0.));
#12276 = FACE_BOUND('',#12277,.T.);
#12277 = EDGE_LOOP('',(#12278));
#12278 = ORIENTED_EDGE('',*,*,#12279,.T.);
#12279 = EDGE_CURVE('',#12280,#12280,#12282,.T.);
#12280 = VERTEX_POINT('',#12281);
#12281 = CARTESIAN_POINT('',(129.015,-91.94,1.51));
#12282 = CIRCLE('',#12283,0.5);
#12283 = AXIS2_PLACEMENT_3D('',#12284,#12285,#12286);
#12284 = CARTESIAN_POINT('',(129.015,-91.44,1.51));
#12285 = DIRECTION('',(-0.,0.,-1.));
#12286 = DIRECTION('',(-0.,-1.,0.));
#12287 = FACE_BOUND('',#12288,.T.);
#12288 = EDGE_LOOP('',(#12289));
#12289 = ORIENTED_EDGE('',*,*,#12290,.T.);
#12290 = EDGE_CURVE('',#12291,#12291,#12293,.T.);
#12291 = VERTEX_POINT('',#12292);
#12292 = CARTESIAN_POINT('',(131.555,-91.94,1.51));
#12293 = CIRCLE('',#12294,0.5);
#12294 = AXIS2_PLACEMENT_3D('',#12295,#12296,#12297);
#12295 = CARTESIAN_POINT('',(131.555,-91.44,1.51));
#12296 = DIRECTION('',(-0.,0.,-1.));
#12297 = DIRECTION('',(-0.,-1.,0.));
#12298 = FACE_BOUND('',#12299,.T.);
#12299 = EDGE_LOOP('',(#12300));
#12300 = ORIENTED_EDGE('',*,*,#12301,.T.);
#12301 = EDGE_CURVE('',#12302,#12302,#12304,.T.);
#12302 = VERTEX_POINT('',#12303);
#12303 = CARTESIAN_POINT('',(129.015,-89.4,1.51));
#12304 = CIRCLE('',#12305,0.5);
#12305 = AXIS2_PLACEMENT_3D('',#12306,#12307,#12308);
#12306 = CARTESIAN_POINT('',(129.015,-88.9,1.51));
#12307 = DIRECTION('',(-0.,0.,-1.));
#12308 = DIRECTION('',(-0.,-1.,0.));
#12309 = FACE_BOUND('',#12310,.T.);
#12310 = EDGE_LOOP('',(#12311));
#12311 = ORIENTED_EDGE('',*,*,#12312,.T.);
#12312 = EDGE_CURVE('',#12313,#12313,#12315,.T.);
#12313 = VERTEX_POINT('',#12314);
#12314 = CARTESIAN_POINT('',(131.555,-89.4,1.51));
#12315 = CIRCLE('',#12316,0.5);
#12316 = AXIS2_PLACEMENT_3D('',#12317,#12318,#12319);
#12317 = CARTESIAN_POINT('',(131.555,-88.9,1.51));
#12318 = DIRECTION('',(-0.,0.,-1.));
#12319 = DIRECTION('',(-0.,-1.,0.));
#12320 = FACE_BOUND('',#12321,.T.);
#12321 = EDGE_LOOP('',(#12322));
#12322 = ORIENTED_EDGE('',*,*,#12323,.T.);
#12323 = EDGE_CURVE('',#12324,#12324,#12326,.T.);
#12324 = VERTEX_POINT('',#12325);
#12325 = CARTESIAN_POINT('',(134.095,-91.94,1.51));
#12326 = CIRCLE('',#12327,0.5);
#12327 = AXIS2_PLACEMENT_3D('',#12328,#12329,#12330);
#12328 = CARTESIAN_POINT('',(134.095,-91.44,1.51));
#12329 = DIRECTION('',(-0.,0.,-1.));
#12330 = DIRECTION('',(-0.,-1.,0.));
#12331 = FACE_BOUND('',#12332,.T.);
#12332 = EDGE_LOOP('',(#12333));
#12333 = ORIENTED_EDGE('',*,*,#12334,.T.);
#12334 = EDGE_CURVE('',#12335,#12335,#12337,.T.);
#12335 = VERTEX_POINT('',#12336);
#12336 = CARTESIAN_POINT('',(134.095,-89.4,1.51));
#12337 = CIRCLE('',#12338,0.5);
#12338 = AXIS2_PLACEMENT_3D('',#12339,#12340,#12341);
#12339 = CARTESIAN_POINT('',(134.095,-88.9,1.51));
#12340 = DIRECTION('',(-0.,0.,-1.));
#12341 = DIRECTION('',(-0.,-1.,0.));
#12342 = FACE_BOUND('',#12343,.T.);
#12343 = EDGE_LOOP('',(#12344));
#12344 = ORIENTED_EDGE('',*,*,#12345,.T.);
#12345 = EDGE_CURVE('',#12346,#12346,#12348,.T.);
#12346 = VERTEX_POINT('',#12347);
#12347 = CARTESIAN_POINT('',(136.635,-94.48,1.51));
#12348 = CIRCLE('',#12349,0.5);
#12349 = AXIS2_PLACEMENT_3D('',#12350,#12351,#12352);
#12350 = CARTESIAN_POINT('',(136.635,-93.98,1.51));
#12351 = DIRECTION('',(-0.,0.,-1.));
#12352 = DIRECTION('',(-0.,-1.,0.));
#12353 = FACE_BOUND('',#12354,.T.);
#12354 = EDGE_LOOP('',(#12355));
#12355 = ORIENTED_EDGE('',*,*,#12356,.T.);
#12356 = EDGE_CURVE('',#12357,#12357,#12359,.T.);
#12357 = VERTEX_POINT('',#12358);
#12358 = CARTESIAN_POINT('',(139.175,-94.48,1.51));
#12359 = CIRCLE('',#12360,0.5);
#12360 = AXIS2_PLACEMENT_3D('',#12361,#12362,#12363);
#12361 = CARTESIAN_POINT('',(139.175,-93.98,1.51));
#12362 = DIRECTION('',(-0.,0.,-1.));
#12363 = DIRECTION('',(-0.,-1.,0.));
#12364 = FACE_BOUND('',#12365,.T.);
#12365 = EDGE_LOOP('',(#12366));
#12366 = ORIENTED_EDGE('',*,*,#12367,.T.);
#12367 = EDGE_CURVE('',#12368,#12368,#12370,.T.);
#12368 = VERTEX_POINT('',#12369);
#12369 = CARTESIAN_POINT('',(136.635,-91.94,1.51));
#12370 = CIRCLE('',#12371,0.5);
#12371 = AXIS2_PLACEMENT_3D('',#12372,#12373,#12374);
#12372 = CARTESIAN_POINT('',(136.635,-91.44,1.51));
#12373 = DIRECTION('',(-0.,0.,-1.));
#12374 = DIRECTION('',(-0.,-1.,0.));
#12375 = FACE_BOUND('',#12376,.T.);
#12376 = EDGE_LOOP('',(#12377));
#12377 = ORIENTED_EDGE('',*,*,#12378,.T.);
#12378 = EDGE_CURVE('',#12379,#12379,#12381,.T.);
#12379 = VERTEX_POINT('',#12380);
#12380 = CARTESIAN_POINT('',(136.635,-89.4,1.51));
#12381 = CIRCLE('',#12382,0.5);
#12382 = AXIS2_PLACEMENT_3D('',#12383,#12384,#12385);
#12383 = CARTESIAN_POINT('',(136.635,-88.9,1.51));
#12384 = DIRECTION('',(-0.,0.,-1.));
#12385 = DIRECTION('',(-0.,-1.,0.));
#12386 = FACE_BOUND('',#12387,.T.);
#12387 = EDGE_LOOP('',(#12388));
#12388 = ORIENTED_EDGE('',*,*,#12389,.T.);
#12389 = EDGE_CURVE('',#12390,#12390,#12392,.T.);
#12390 = VERTEX_POINT('',#12391);
#12391 = CARTESIAN_POINT('',(139.175,-91.94,1.51));
#12392 = CIRCLE('',#12393,0.5);
#12393 = AXIS2_PLACEMENT_3D('',#12394,#12395,#12396);
#12394 = CARTESIAN_POINT('',(139.175,-91.44,1.51));
#12395 = DIRECTION('',(-0.,0.,-1.));
#12396 = DIRECTION('',(-0.,-1.,0.));
#12397 = FACE_BOUND('',#12398,.T.);
#12398 = EDGE_LOOP('',(#12399));
#12399 = ORIENTED_EDGE('',*,*,#12400,.T.);
#12400 = EDGE_CURVE('',#12401,#12401,#12403,.T.);
#12401 = VERTEX_POINT('',#12402);
#12402 = CARTESIAN_POINT('',(139.175,-89.4,1.51));
#12403 = CIRCLE('',#12404,0.5);
#12404 = AXIS2_PLACEMENT_3D('',#12405,#12406,#12407);
#12405 = CARTESIAN_POINT('',(139.175,-88.9,1.51));
#12406 = DIRECTION('',(-0.,0.,-1.));
#12407 = DIRECTION('',(-0.,-1.,0.));
#12408 = FACE_BOUND('',#12409,.T.);
#12409 = EDGE_LOOP('',(#12410));
#12410 = ORIENTED_EDGE('',*,*,#12411,.T.);
#12411 = EDGE_CURVE('',#12412,#12412,#12414,.T.);
#12412 = VERTEX_POINT('',#12413);
#12413 = CARTESIAN_POINT('',(141.715,-94.48,1.51));
#12414 = CIRCLE('',#12415,0.5);
#12415 = AXIS2_PLACEMENT_3D('',#12416,#12417,#12418);
#12416 = CARTESIAN_POINT('',(141.715,-93.98,1.51));
#12417 = DIRECTION('',(-0.,0.,-1.));
#12418 = DIRECTION('',(-0.,-1.,0.));
#12419 = FACE_BOUND('',#12420,.T.);
#12420 = EDGE_LOOP('',(#12421));
#12421 = ORIENTED_EDGE('',*,*,#12422,.T.);
#12422 = EDGE_CURVE('',#12423,#12423,#12425,.T.);
#12423 = VERTEX_POINT('',#12424);
#12424 = CARTESIAN_POINT('',(144.255,-94.48,1.51));
#12425 = CIRCLE('',#12426,0.5);
#12426 = AXIS2_PLACEMENT_3D('',#12427,#12428,#12429);
#12427 = CARTESIAN_POINT('',(144.255,-93.98,1.51));
#12428 = DIRECTION('',(-0.,0.,-1.));
#12429 = DIRECTION('',(-0.,-1.,0.));
#12430 = FACE_BOUND('',#12431,.T.);
#12431 = EDGE_LOOP('',(#12432));
#12432 = ORIENTED_EDGE('',*,*,#12433,.T.);
#12433 = EDGE_CURVE('',#12434,#12434,#12436,.T.);
#12434 = VERTEX_POINT('',#12435);
#12435 = CARTESIAN_POINT('',(146.795,-94.48,1.51));
#12436 = CIRCLE('',#12437,0.5);
#12437 = AXIS2_PLACEMENT_3D('',#12438,#12439,#12440);
#12438 = CARTESIAN_POINT('',(146.795,-93.98,1.51));
#12439 = DIRECTION('',(-0.,0.,-1.));
#12440 = DIRECTION('',(-0.,-1.,0.));
#12441 = FACE_BOUND('',#12442,.T.);
#12442 = EDGE_LOOP('',(#12443));
#12443 = ORIENTED_EDGE('',*,*,#12444,.T.);
#12444 = EDGE_CURVE('',#12445,#12445,#12447,.T.);
#12445 = VERTEX_POINT('',#12446);
#12446 = CARTESIAN_POINT('',(141.715,-91.94,1.51));
#12447 = CIRCLE('',#12448,0.5);
#12448 = AXIS2_PLACEMENT_3D('',#12449,#12450,#12451);
#12449 = CARTESIAN_POINT('',(141.715,-91.44,1.51));
#12450 = DIRECTION('',(-0.,0.,-1.));
#12451 = DIRECTION('',(-0.,-1.,0.));
#12452 = FACE_BOUND('',#12453,.T.);
#12453 = EDGE_LOOP('',(#12454));
#12454 = ORIENTED_EDGE('',*,*,#12455,.T.);
#12455 = EDGE_CURVE('',#12456,#12456,#12458,.T.);
#12456 = VERTEX_POINT('',#12457);
#12457 = CARTESIAN_POINT('',(144.255,-91.94,1.51));
#12458 = CIRCLE('',#12459,0.5);
#12459 = AXIS2_PLACEMENT_3D('',#12460,#12461,#12462);
#12460 = CARTESIAN_POINT('',(144.255,-91.44,1.51));
#12461 = DIRECTION('',(-0.,0.,-1.));
#12462 = DIRECTION('',(-0.,-1.,0.));
#12463 = FACE_BOUND('',#12464,.T.);
#12464 = EDGE_LOOP('',(#12465));
#12465 = ORIENTED_EDGE('',*,*,#12466,.T.);
#12466 = EDGE_CURVE('',#12467,#12467,#12469,.T.);
#12467 = VERTEX_POINT('',#12468);
#12468 = CARTESIAN_POINT('',(141.715,-89.4,1.51));
#12469 = CIRCLE('',#12470,0.5);
#12470 = AXIS2_PLACEMENT_3D('',#12471,#12472,#12473);
#12471 = CARTESIAN_POINT('',(141.715,-88.9,1.51));
#12472 = DIRECTION('',(-0.,0.,-1.));
#12473 = DIRECTION('',(-0.,-1.,0.));
#12474 = FACE_BOUND('',#12475,.T.);
#12475 = EDGE_LOOP('',(#12476));
#12476 = ORIENTED_EDGE('',*,*,#12477,.T.);
#12477 = EDGE_CURVE('',#12478,#12478,#12480,.T.);
#12478 = VERTEX_POINT('',#12479);
#12479 = CARTESIAN_POINT('',(144.255,-89.4,1.51));
#12480 = CIRCLE('',#12481,0.5);
#12481 = AXIS2_PLACEMENT_3D('',#12482,#12483,#12484);
#12482 = CARTESIAN_POINT('',(144.255,-88.9,1.51));
#12483 = DIRECTION('',(-0.,0.,-1.));
#12484 = DIRECTION('',(-0.,-1.,0.));
#12485 = FACE_BOUND('',#12486,.T.);
#12486 = EDGE_LOOP('',(#12487));
#12487 = ORIENTED_EDGE('',*,*,#12488,.T.);
#12488 = EDGE_CURVE('',#12489,#12489,#12491,.T.);
#12489 = VERTEX_POINT('',#12490);
#12490 = CARTESIAN_POINT('',(146.795,-91.94,1.51));
#12491 = CIRCLE('',#12492,0.5);
#12492 = AXIS2_PLACEMENT_3D('',#12493,#12494,#12495);
#12493 = CARTESIAN_POINT('',(146.795,-91.44,1.51));
#12494 = DIRECTION('',(-0.,0.,-1.));
#12495 = DIRECTION('',(-0.,-1.,0.));
#12496 = FACE_BOUND('',#12497,.T.);
#12497 = EDGE_LOOP('',(#12498));
#12498 = ORIENTED_EDGE('',*,*,#12499,.T.);
#12499 = EDGE_CURVE('',#12500,#12500,#12502,.T.);
#12500 = VERTEX_POINT('',#12501);
#12501 = CARTESIAN_POINT('',(146.795,-89.4,1.51));
#12502 = CIRCLE('',#12503,0.5);
#12503 = AXIS2_PLACEMENT_3D('',#12504,#12505,#12506);
#12504 = CARTESIAN_POINT('',(146.795,-88.9,1.51));
#12505 = DIRECTION('',(-0.,0.,-1.));
#12506 = DIRECTION('',(-0.,-1.,0.));
#12507 = FACE_BOUND('',#12508,.T.);
#12508 = EDGE_LOOP('',(#12509));
#12509 = ORIENTED_EDGE('',*,*,#12510,.T.);
#12510 = EDGE_CURVE('',#12511,#12511,#12513,.T.);
#12511 = VERTEX_POINT('',#12512);
#12512 = CARTESIAN_POINT('',(128.905,-83.05,1.51));
#12513 = CIRCLE('',#12514,0.5);
#12514 = AXIS2_PLACEMENT_3D('',#12515,#12516,#12517);
#12515 = CARTESIAN_POINT('',(128.905,-82.55,1.51));
#12516 = DIRECTION('',(-0.,0.,-1.));
#12517 = DIRECTION('',(-0.,-1.,0.));
#12518 = FACE_BOUND('',#12519,.T.);
#12519 = EDGE_LOOP('',(#12520));
#12520 = ORIENTED_EDGE('',*,*,#12521,.T.);
#12521 = EDGE_CURVE('',#12522,#12522,#12524,.T.);
#12522 = VERTEX_POINT('',#12523);
#12523 = CARTESIAN_POINT('',(131.445,-83.05,1.51));
#12524 = CIRCLE('',#12525,0.5);
#12525 = AXIS2_PLACEMENT_3D('',#12526,#12527,#12528);
#12526 = CARTESIAN_POINT('',(131.445,-82.55,1.51));
#12527 = DIRECTION('',(-0.,0.,-1.));
#12528 = DIRECTION('',(-0.,-1.,0.));
#12529 = FACE_BOUND('',#12530,.T.);
#12530 = EDGE_LOOP('',(#12531));
#12531 = ORIENTED_EDGE('',*,*,#12532,.T.);
#12532 = EDGE_CURVE('',#12533,#12533,#12535,.T.);
#12533 = VERTEX_POINT('',#12534);
#12534 = CARTESIAN_POINT('',(133.985,-83.05,1.51));
#12535 = CIRCLE('',#12536,0.5);
#12536 = AXIS2_PLACEMENT_3D('',#12537,#12538,#12539);
#12537 = CARTESIAN_POINT('',(133.985,-82.55,1.51));
#12538 = DIRECTION('',(-0.,0.,-1.));
#12539 = DIRECTION('',(-0.,-1.,0.));
#12540 = FACE_BOUND('',#12541,.T.);
#12541 = EDGE_LOOP('',(#12542));
#12542 = ORIENTED_EDGE('',*,*,#12543,.T.);
#12543 = EDGE_CURVE('',#12544,#12544,#12546,.T.);
#12544 = VERTEX_POINT('',#12545);
#12545 = CARTESIAN_POINT('',(136.525,-83.05,1.51));
#12546 = CIRCLE('',#12547,0.5);
#12547 = AXIS2_PLACEMENT_3D('',#12548,#12549,#12550);
#12548 = CARTESIAN_POINT('',(136.525,-82.55,1.51));
#12549 = DIRECTION('',(-0.,0.,-1.));
#12550 = DIRECTION('',(-0.,-1.,0.));
#12551 = FACE_BOUND('',#12552,.T.);
#12552 = EDGE_LOOP('',(#12553));
#12553 = ORIENTED_EDGE('',*,*,#12554,.T.);
#12554 = EDGE_CURVE('',#12555,#12555,#12557,.T.);
#12555 = VERTEX_POINT('',#12556);
#12556 = CARTESIAN_POINT('',(139.065,-83.05,1.51));
#12557 = CIRCLE('',#12558,0.5);
#12558 = AXIS2_PLACEMENT_3D('',#12559,#12560,#12561);
#12559 = CARTESIAN_POINT('',(139.065,-82.55,1.51));
#12560 = DIRECTION('',(-0.,0.,-1.));
#12561 = DIRECTION('',(-0.,-1.,0.));
#12562 = FACE_BOUND('',#12563,.T.);
#12563 = EDGE_LOOP('',(#12564));
#12564 = ORIENTED_EDGE('',*,*,#12565,.T.);
#12565 = EDGE_CURVE('',#12566,#12566,#12568,.T.);
#12566 = VERTEX_POINT('',#12567);
#12567 = CARTESIAN_POINT('',(141.605,-83.05,1.51));
#12568 = CIRCLE('',#12569,0.5);
#12569 = AXIS2_PLACEMENT_3D('',#12570,#12571,#12572);
#12570 = CARTESIAN_POINT('',(141.605,-82.55,1.51));
#12571 = DIRECTION('',(-0.,0.,-1.));
#12572 = DIRECTION('',(-0.,-1.,0.));
#12573 = FACE_BOUND('',#12574,.T.);
#12574 = EDGE_LOOP('',(#12575));
#12575 = ORIENTED_EDGE('',*,*,#12576,.T.);
#12576 = EDGE_CURVE('',#12577,#12577,#12579,.T.);
#12577 = VERTEX_POINT('',#12578);
#12578 = CARTESIAN_POINT('',(128.905,-72.89,1.51));
#12579 = CIRCLE('',#12580,0.5);
#12580 = AXIS2_PLACEMENT_3D('',#12581,#12582,#12583);
#12581 = CARTESIAN_POINT('',(128.905,-72.39,1.51));
#12582 = DIRECTION('',(-0.,0.,-1.));
#12583 = DIRECTION('',(-0.,-1.,0.));
#12584 = FACE_BOUND('',#12585,.T.);
#12585 = EDGE_LOOP('',(#12586));
#12586 = ORIENTED_EDGE('',*,*,#12587,.T.);
#12587 = EDGE_CURVE('',#12588,#12588,#12590,.T.);
#12588 = VERTEX_POINT('',#12589);
#12589 = CARTESIAN_POINT('',(131.445,-72.89,1.51));
#12590 = CIRCLE('',#12591,0.5);
#12591 = AXIS2_PLACEMENT_3D('',#12592,#12593,#12594);
#12592 = CARTESIAN_POINT('',(131.445,-72.39,1.51));
#12593 = DIRECTION('',(-0.,0.,-1.));
#12594 = DIRECTION('',(-0.,-1.,0.));
#12595 = FACE_BOUND('',#12596,.T.);
#12596 = EDGE_LOOP('',(#12597));
#12597 = ORIENTED_EDGE('',*,*,#12598,.T.);
#12598 = EDGE_CURVE('',#12599,#12599,#12601,.T.);
#12599 = VERTEX_POINT('',#12600);
#12600 = CARTESIAN_POINT('',(133.985,-72.89,1.51));
#12601 = CIRCLE('',#12602,0.5);
#12602 = AXIS2_PLACEMENT_3D('',#12603,#12604,#12605);
#12603 = CARTESIAN_POINT('',(133.985,-72.39,1.51));
#12604 = DIRECTION('',(-0.,0.,-1.));
#12605 = DIRECTION('',(-0.,-1.,0.));
#12606 = FACE_BOUND('',#12607,.T.);
#12607 = EDGE_LOOP('',(#12608));
#12608 = ORIENTED_EDGE('',*,*,#12609,.T.);
#12609 = EDGE_CURVE('',#12610,#12610,#12612,.T.);
#12610 = VERTEX_POINT('',#12611);
#12611 = CARTESIAN_POINT('',(136.525,-72.89,1.51));
#12612 = CIRCLE('',#12613,0.5);
#12613 = AXIS2_PLACEMENT_3D('',#12614,#12615,#12616);
#12614 = CARTESIAN_POINT('',(136.525,-72.39,1.51));
#12615 = DIRECTION('',(-0.,0.,-1.));
#12616 = DIRECTION('',(-0.,-1.,0.));
#12617 = FACE_BOUND('',#12618,.T.);
#12618 = EDGE_LOOP('',(#12619));
#12619 = ORIENTED_EDGE('',*,*,#12620,.T.);
#12620 = EDGE_CURVE('',#12621,#12621,#12623,.T.);
#12621 = VERTEX_POINT('',#12622);
#12622 = CARTESIAN_POINT('',(139.065,-72.89,1.51));
#12623 = CIRCLE('',#12624,0.5);
#12624 = AXIS2_PLACEMENT_3D('',#12625,#12626,#12627);
#12625 = CARTESIAN_POINT('',(139.065,-72.39,1.51));
#12626 = DIRECTION('',(-0.,0.,-1.));
#12627 = DIRECTION('',(-0.,-1.,0.));
#12628 = FACE_BOUND('',#12629,.T.);
#12629 = EDGE_LOOP('',(#12630));
#12630 = ORIENTED_EDGE('',*,*,#12631,.T.);
#12631 = EDGE_CURVE('',#12632,#12632,#12634,.T.);
#12632 = VERTEX_POINT('',#12633);
#12633 = CARTESIAN_POINT('',(141.605,-72.89,1.51));
#12634 = CIRCLE('',#12635,0.5);
#12635 = AXIS2_PLACEMENT_3D('',#12636,#12637,#12638);
#12636 = CARTESIAN_POINT('',(141.605,-72.39,1.51));
#12637 = DIRECTION('',(-0.,0.,-1.));
#12638 = DIRECTION('',(-0.,-1.,0.));
#12639 = FACE_BOUND('',#12640,.T.);
#12640 = EDGE_LOOP('',(#12641));
#12641 = ORIENTED_EDGE('',*,*,#12642,.T.);
#12642 = EDGE_CURVE('',#12643,#12643,#12645,.T.);
#12643 = VERTEX_POINT('',#12644);
#12644 = CARTESIAN_POINT('',(144.145,-83.05,1.51));
#12645 = CIRCLE('',#12646,0.5);
#12646 = AXIS2_PLACEMENT_3D('',#12647,#12648,#12649);
#12647 = CARTESIAN_POINT('',(144.145,-82.55,1.51));
#12648 = DIRECTION('',(-0.,0.,-1.));
#12649 = DIRECTION('',(-0.,-1.,0.));
#12650 = FACE_BOUND('',#12651,.T.);
#12651 = EDGE_LOOP('',(#12652));
#12652 = ORIENTED_EDGE('',*,*,#12653,.T.);
#12653 = EDGE_CURVE('',#12654,#12654,#12656,.T.);
#12654 = VERTEX_POINT('',#12655);
#12655 = CARTESIAN_POINT('',(146.685,-83.05,1.51));
#12656 = CIRCLE('',#12657,0.5);
#12657 = AXIS2_PLACEMENT_3D('',#12658,#12659,#12660);
#12658 = CARTESIAN_POINT('',(146.685,-82.55,1.51));
#12659 = DIRECTION('',(-0.,0.,-1.));
#12660 = DIRECTION('',(-0.,-1.,0.));
#12661 = FACE_BOUND('',#12662,.T.);
#12662 = EDGE_LOOP('',(#12663));
#12663 = ORIENTED_EDGE('',*,*,#12664,.T.);
#12664 = EDGE_CURVE('',#12665,#12665,#12667,.T.);
#12665 = VERTEX_POINT('',#12666);
#12666 = CARTESIAN_POINT('',(151.765,-83.05,1.51));
#12667 = CIRCLE('',#12668,0.5);
#12668 = AXIS2_PLACEMENT_3D('',#12669,#12670,#12671);
#12669 = CARTESIAN_POINT('',(151.765,-82.55,1.51));
#12670 = DIRECTION('',(-0.,0.,-1.));
#12671 = DIRECTION('',(-0.,-1.,0.));
#12672 = FACE_BOUND('',#12673,.T.);
#12673 = EDGE_LOOP('',(#12674));
#12674 = ORIENTED_EDGE('',*,*,#12675,.T.);
#12675 = EDGE_CURVE('',#12676,#12676,#12678,.T.);
#12676 = VERTEX_POINT('',#12677);
#12677 = CARTESIAN_POINT('',(154.305,-83.05,1.51));
#12678 = CIRCLE('',#12679,0.5);
#12679 = AXIS2_PLACEMENT_3D('',#12680,#12681,#12682);
#12680 = CARTESIAN_POINT('',(154.305,-82.55,1.51));
#12681 = DIRECTION('',(-0.,0.,-1.));
#12682 = DIRECTION('',(-0.,-1.,0.));
#12683 = FACE_BOUND('',#12684,.T.);
#12684 = EDGE_LOOP('',(#12685));
#12685 = ORIENTED_EDGE('',*,*,#12686,.T.);
#12686 = EDGE_CURVE('',#12687,#12687,#12689,.T.);
#12687 = VERTEX_POINT('',#12688);
#12688 = CARTESIAN_POINT('',(144.145,-72.89,1.51));
#12689 = CIRCLE('',#12690,0.5);
#12690 = AXIS2_PLACEMENT_3D('',#12691,#12692,#12693);
#12691 = CARTESIAN_POINT('',(144.145,-72.39,1.51));
#12692 = DIRECTION('',(-0.,0.,-1.));
#12693 = DIRECTION('',(-0.,-1.,0.));
#12694 = FACE_BOUND('',#12695,.T.);
#12695 = EDGE_LOOP('',(#12696));
#12696 = ORIENTED_EDGE('',*,*,#12697,.T.);
#12697 = EDGE_CURVE('',#12698,#12698,#12700,.T.);
#12698 = VERTEX_POINT('',#12699);
#12699 = CARTESIAN_POINT('',(146.685,-72.89,1.51));
#12700 = CIRCLE('',#12701,0.5);
#12701 = AXIS2_PLACEMENT_3D('',#12702,#12703,#12704);
#12702 = CARTESIAN_POINT('',(146.685,-72.39,1.51));
#12703 = DIRECTION('',(-0.,0.,-1.));
#12704 = DIRECTION('',(-0.,-1.,0.));
#12705 = PLANE('',#12706);
#12706 = AXIS2_PLACEMENT_3D('',#12707,#12708,#12709);
#12707 = CARTESIAN_POINT('',(0.,0.,1.51));
#12708 = DIRECTION('',(0.,0.,1.));
#12709 = DIRECTION('',(1.,0.,-0.));
#12710 = ADVANCED_FACE('',(#12711),#12722,.T.);
#12711 = FACE_BOUND('',#12712,.T.);
#12712 = EDGE_LOOP('',(#12713,#12719,#12720,#12721));
#12713 = ORIENTED_EDGE('',*,*,#12714,.T.);
#12714 = EDGE_CURVE('',#11689,#12203,#12715,.T.);
#12715 = LINE('',#12716,#12717);
#12716 = CARTESIAN_POINT('',(126.365,-53.975,0.));
#12717 = VECTOR('',#12718,1.);
#12718 = DIRECTION('',(0.,0.,1.));
#12719 = ORIENTED_EDGE('',*,*,#12202,.T.);
#12720 = ORIENTED_EDGE('',*,*,#11624,.F.);
#12721 = ORIENTED_EDGE('',*,*,#11688,.F.);
#12722 = CYLINDRICAL_SURFACE('',#12723,1.905001427691);
#12723 = AXIS2_PLACEMENT_3D('',#12724,#12725,#12726);
#12724 = CARTESIAN_POINT('',(128.27000142769,-53.97500142769,0.));
#12725 = DIRECTION('',(0.,0.,-1.));
#12726 = DIRECTION('',(-1.,7.494430647689E-07,0.));
#12727 = ADVANCED_FACE('',(#12728),#12739,.T.);
#12728 = FACE_BOUND('',#12729,.T.);
#12729 = EDGE_LOOP('',(#12730,#12731,#12732,#12738));
#12730 = ORIENTED_EDGE('',*,*,#11664,.T.);
#12731 = ORIENTED_EDGE('',*,*,#12236,.T.);
#12732 = ORIENTED_EDGE('',*,*,#12733,.F.);
#12733 = EDGE_CURVE('',#11715,#12229,#12734,.T.);
#12734 = LINE('',#12735,#12736);
#12735 = CARTESIAN_POINT('',(157.48,-100.33,0.));
#12736 = VECTOR('',#12737,1.);
#12737 = DIRECTION('',(0.,0.,1.));
#12738 = ORIENTED_EDGE('',*,*,#11722,.F.);
#12739 = CYLINDRICAL_SURFACE('',#12740,1.905001427691);
#12740 = AXIS2_PLACEMENT_3D('',#12741,#12742,#12743);
#12741 = CARTESIAN_POINT('',(157.47999857231,-98.42499857231,0.));
#12742 = DIRECTION('',(0.,0.,-1.));
#12743 = DIRECTION('',(1.,-7.494430722287E-07,0.));
#12744 = ADVANCED_FACE('',(#12745),#12756,.T.);
#12745 = FACE_BOUND('',#12746,.T.);
#12746 = EDGE_LOOP('',(#12747,#12753,#12754,#12755));
#12747 = ORIENTED_EDGE('',*,*,#12748,.T.);
#12748 = EDGE_CURVE('',#11698,#12212,#12749,.T.);
#12749 = LINE('',#12750,#12751);
#12750 = CARTESIAN_POINT('',(126.365,-98.425,0.));
#12751 = VECTOR('',#12752,1.);
#12752 = DIRECTION('',(0.,0.,1.));
#12753 = ORIENTED_EDGE('',*,*,#12211,.T.);
#12754 = ORIENTED_EDGE('',*,*,#12714,.F.);
#12755 = ORIENTED_EDGE('',*,*,#11697,.F.);
#12756 = PLANE('',#12757);
#12757 = AXIS2_PLACEMENT_3D('',#12758,#12759,#12760);
#12758 = CARTESIAN_POINT('',(126.365,-98.425,0.));
#12759 = DIRECTION('',(-1.,0.,0.));
#12760 = DIRECTION('',(0.,1.,0.));
#12761 = ADVANCED_FACE('',(#12762),#12773,.T.);
#12762 = FACE_BOUND('',#12763,.T.);
#12763 = EDGE_LOOP('',(#12764,#12765,#12766,#12772));
#12764 = ORIENTED_EDGE('',*,*,#12733,.T.);
#12765 = ORIENTED_EDGE('',*,*,#12228,.T.);
#12766 = ORIENTED_EDGE('',*,*,#12767,.F.);
#12767 = EDGE_CURVE('',#11706,#12220,#12768,.T.);
#12768 = LINE('',#12769,#12770);
#12769 = CARTESIAN_POINT('',(128.27,-100.33,0.));
#12770 = VECTOR('',#12771,1.);
#12771 = DIRECTION('',(0.,0.,1.));
#12772 = ORIENTED_EDGE('',*,*,#11714,.F.);
#12773 = PLANE('',#12774);
#12774 = AXIS2_PLACEMENT_3D('',#12775,#12776,#12777);
#12775 = CARTESIAN_POINT('',(157.48,-100.33,0.));
#12776 = DIRECTION('',(0.,-1.,0.));
#12777 = DIRECTION('',(-1.,0.,0.));
#12778 = ADVANCED_FACE('',(#12779),#12785,.T.);
#12779 = FACE_BOUND('',#12780,.T.);
#12780 = EDGE_LOOP('',(#12781,#12782,#12783,#12784));
#12781 = ORIENTED_EDGE('',*,*,#12767,.T.);
#12782 = ORIENTED_EDGE('',*,*,#12219,.T.);
#12783 = ORIENTED_EDGE('',*,*,#12748,.F.);
#12784 = ORIENTED_EDGE('',*,*,#11705,.F.);
#12785 = CYLINDRICAL_SURFACE('',#12786,1.905001427691);
#12786 = AXIS2_PLACEMENT_3D('',#12787,#12788,#12789);
#12787 = CARTESIAN_POINT('',(128.27000142769,-98.42499857231,0.));
#12788 = DIRECTION('',(0.,0.,-1.));
#12789 = DIRECTION('',(-7.494430647689E-07,-1.,-0.));
#12790 = ADVANCED_FACE('',(#12791),#12802,.F.);
#12791 = FACE_BOUND('',#12792,.T.);
#12792 = EDGE_LOOP('',(#12793,#12794,#12800,#12801));
#12793 = ORIENTED_EDGE('',*,*,#11732,.T.);
#12794 = ORIENTED_EDGE('',*,*,#12795,.T.);
#12795 = EDGE_CURVE('',#11733,#12247,#12796,.T.);
#12796 = LINE('',#12797,#12798);
#12797 = CARTESIAN_POINT('',(129.015,-94.48,-4.6E-02));
#12798 = VECTOR('',#12799,1.);
#12799 = DIRECTION('',(0.,0.,1.));
#12800 = ORIENTED_EDGE('',*,*,#12246,.F.);
#12801 = ORIENTED_EDGE('',*,*,#12795,.F.);
#12802 = CYLINDRICAL_SURFACE('',#12803,0.5);
#12803 = AXIS2_PLACEMENT_3D('',#12804,#12805,#12806);
#12804 = CARTESIAN_POINT('',(129.015,-93.98,-4.6E-02));
#12805 = DIRECTION('',(-0.,-0.,-1.));
#12806 = DIRECTION('',(-0.,-1.,0.));
#12807 = ADVANCED_FACE('',(#12808),#12819,.F.);
#12808 = FACE_BOUND('',#12809,.T.);
#12809 = EDGE_LOOP('',(#12810,#12811,#12817,#12818));
#12810 = ORIENTED_EDGE('',*,*,#11743,.T.);
#12811 = ORIENTED_EDGE('',*,*,#12812,.T.);
#12812 = EDGE_CURVE('',#11744,#12258,#12813,.T.);
#12813 = LINE('',#12814,#12815);
#12814 = CARTESIAN_POINT('',(131.555,-94.48,-4.6E-02));
#12815 = VECTOR('',#12816,1.);
#12816 = DIRECTION('',(0.,0.,1.));
#12817 = ORIENTED_EDGE('',*,*,#12257,.F.);
#12818 = ORIENTED_EDGE('',*,*,#12812,.F.);
#12819 = CYLINDRICAL_SURFACE('',#12820,0.5);
#12820 = AXIS2_PLACEMENT_3D('',#12821,#12822,#12823);
#12821 = CARTESIAN_POINT('',(131.555,-93.98,-4.6E-02));
#12822 = DIRECTION('',(-0.,-0.,-1.));
#12823 = DIRECTION('',(-0.,-1.,0.));
#12824 = ADVANCED_FACE('',(#12825),#12836,.F.);
#12825 = FACE_BOUND('',#12826,.T.);
#12826 = EDGE_LOOP('',(#12827,#12828,#12834,#12835));
#12827 = ORIENTED_EDGE('',*,*,#11754,.T.);
#12828 = ORIENTED_EDGE('',*,*,#12829,.T.);
#12829 = EDGE_CURVE('',#11755,#12269,#12830,.T.);
#12830 = LINE('',#12831,#12832);
#12831 = CARTESIAN_POINT('',(134.095,-94.48,-4.6E-02));
#12832 = VECTOR('',#12833,1.);
#12833 = DIRECTION('',(0.,0.,1.));
#12834 = ORIENTED_EDGE('',*,*,#12268,.F.);
#12835 = ORIENTED_EDGE('',*,*,#12829,.F.);
#12836 = CYLINDRICAL_SURFACE('',#12837,0.5);
#12837 = AXIS2_PLACEMENT_3D('',#12838,#12839,#12840);
#12838 = CARTESIAN_POINT('',(134.095,-93.98,-4.6E-02));
#12839 = DIRECTION('',(-0.,-0.,-1.));
#12840 = DIRECTION('',(-0.,-1.,0.));
#12841 = ADVANCED_FACE('',(#12842),#12853,.F.);
#12842 = FACE_BOUND('',#12843,.T.);
#12843 = EDGE_LOOP('',(#12844,#12845,#12851,#12852));
#12844 = ORIENTED_EDGE('',*,*,#11765,.T.);
#12845 = ORIENTED_EDGE('',*,*,#12846,.T.);
#12846 = EDGE_CURVE('',#11766,#12280,#12847,.T.);
#12847 = LINE('',#12848,#12849);
#12848 = CARTESIAN_POINT('',(129.015,-91.94,-4.6E-02));
#12849 = VECTOR('',#12850,1.);
#12850 = DIRECTION('',(0.,0.,1.));
#12851 = ORIENTED_EDGE('',*,*,#12279,.F.);
#12852 = ORIENTED_EDGE('',*,*,#12846,.F.);
#12853 = CYLINDRICAL_SURFACE('',#12854,0.5);
#12854 = AXIS2_PLACEMENT_3D('',#12855,#12856,#12857);
#12855 = CARTESIAN_POINT('',(129.015,-91.44,-4.6E-02));
#12856 = DIRECTION('',(-0.,-0.,-1.));
#12857 = DIRECTION('',(-0.,-1.,0.));
#12858 = ADVANCED_FACE('',(#12859),#12870,.F.);
#12859 = FACE_BOUND('',#12860,.T.);
#12860 = EDGE_LOOP('',(#12861,#12862,#12868,#12869));
#12861 = ORIENTED_EDGE('',*,*,#11776,.T.);
#12862 = ORIENTED_EDGE('',*,*,#12863,.T.);
#12863 = EDGE_CURVE('',#11777,#12291,#12864,.T.);
#12864 = LINE('',#12865,#12866);
#12865 = CARTESIAN_POINT('',(131.555,-91.94,-4.6E-02));
#12866 = VECTOR('',#12867,1.);
#12867 = DIRECTION('',(0.,0.,1.));
#12868 = ORIENTED_EDGE('',*,*,#12290,.F.);
#12869 = ORIENTED_EDGE('',*,*,#12863,.F.);
#12870 = CYLINDRICAL_SURFACE('',#12871,0.5);
#12871 = AXIS2_PLACEMENT_3D('',#12872,#12873,#12874);
#12872 = CARTESIAN_POINT('',(131.555,-91.44,-4.6E-02));
#12873 = DIRECTION('',(-0.,-0.,-1.));
#12874 = DIRECTION('',(-0.,-1.,0.));
#12875 = ADVANCED_FACE('',(#12876),#12887,.F.);
#12876 = FACE_BOUND('',#12877,.T.);
#12877 = EDGE_LOOP('',(#12878,#12879,#12885,#12886));
#12878 = ORIENTED_EDGE('',*,*,#11787,.T.);
#12879 = ORIENTED_EDGE('',*,*,#12880,.T.);
#12880 = EDGE_CURVE('',#11788,#12302,#12881,.T.);
#12881 = LINE('',#12882,#12883);
#12882 = CARTESIAN_POINT('',(129.015,-89.4,-4.6E-02));
#12883 = VECTOR('',#12884,1.);
#12884 = DIRECTION('',(0.,0.,1.));
#12885 = ORIENTED_EDGE('',*,*,#12301,.F.);
#12886 = ORIENTED_EDGE('',*,*,#12880,.F.);
#12887 = CYLINDRICAL_SURFACE('',#12888,0.5);
#12888 = AXIS2_PLACEMENT_3D('',#12889,#12890,#12891);
#12889 = CARTESIAN_POINT('',(129.015,-88.9,-4.6E-02));
#12890 = DIRECTION('',(-0.,-0.,-1.));
#12891 = DIRECTION('',(-0.,-1.,0.));
#12892 = ADVANCED_FACE('',(#12893),#12904,.F.);
#12893 = FACE_BOUND('',#12894,.T.);
#12894 = EDGE_LOOP('',(#12895,#12896,#12902,#12903));
#12895 = ORIENTED_EDGE('',*,*,#11798,.T.);
#12896 = ORIENTED_EDGE('',*,*,#12897,.T.);
#12897 = EDGE_CURVE('',#11799,#12313,#12898,.T.);
#12898 = LINE('',#12899,#12900);
#12899 = CARTESIAN_POINT('',(131.555,-89.4,-4.6E-02));
#12900 = VECTOR('',#12901,1.);
#12901 = DIRECTION('',(0.,0.,1.));
#12902 = ORIENTED_EDGE('',*,*,#12312,.F.);
#12903 = ORIENTED_EDGE('',*,*,#12897,.F.);
#12904 = CYLINDRICAL_SURFACE('',#12905,0.5);
#12905 = AXIS2_PLACEMENT_3D('',#12906,#12907,#12908);
#12906 = CARTESIAN_POINT('',(131.555,-88.9,-4.6E-02));
#12907 = DIRECTION('',(-0.,-0.,-1.));
#12908 = DIRECTION('',(-0.,-1.,0.));
#12909 = ADVANCED_FACE('',(#12910),#12921,.F.);
#12910 = FACE_BOUND('',#12911,.T.);
#12911 = EDGE_LOOP('',(#12912,#12913,#12919,#12920));
#12912 = ORIENTED_EDGE('',*,*,#11809,.T.);
#12913 = ORIENTED_EDGE('',*,*,#12914,.T.);
#12914 = EDGE_CURVE('',#11810,#12324,#12915,.T.);
#12915 = LINE('',#12916,#12917);
#12916 = CARTESIAN_POINT('',(134.095,-91.94,-4.6E-02));
#12917 = VECTOR('',#12918,1.);
#12918 = DIRECTION('',(0.,0.,1.));
#12919 = ORIENTED_EDGE('',*,*,#12323,.F.);
#12920 = ORIENTED_EDGE('',*,*,#12914,.F.);
#12921 = CYLINDRICAL_SURFACE('',#12922,0.5);
#12922 = AXIS2_PLACEMENT_3D('',#12923,#12924,#12925);
#12923 = CARTESIAN_POINT('',(134.095,-91.44,-4.6E-02));
#12924 = DIRECTION('',(-0.,-0.,-1.));
#12925 = DIRECTION('',(-0.,-1.,0.));
#12926 = ADVANCED_FACE('',(#12927),#12938,.F.);
#12927 = FACE_BOUND('',#12928,.T.);
#12928 = EDGE_LOOP('',(#12929,#12930,#12936,#12937));
#12929 = ORIENTED_EDGE('',*,*,#11820,.T.);
#12930 = ORIENTED_EDGE('',*,*,#12931,.T.);
#12931 = EDGE_CURVE('',#11821,#12335,#12932,.T.);
#12932 = LINE('',#12933,#12934);
#12933 = CARTESIAN_POINT('',(134.095,-89.4,-4.6E-02));
#12934 = VECTOR('',#12935,1.);
#12935 = DIRECTION('',(0.,0.,1.));
#12936 = ORIENTED_EDGE('',*,*,#12334,.F.);
#12937 = ORIENTED_EDGE('',*,*,#12931,.F.);
#12938 = CYLINDRICAL_SURFACE('',#12939,0.5);
#12939 = AXIS2_PLACEMENT_3D('',#12940,#12941,#12942);
#12940 = CARTESIAN_POINT('',(134.095,-88.9,-4.6E-02));
#12941 = DIRECTION('',(-0.,-0.,-1.));
#12942 = DIRECTION('',(-0.,-1.,0.));
#12943 = ADVANCED_FACE('',(#12944),#12955,.F.);
#12944 = FACE_BOUND('',#12945,.T.);
#12945 = EDGE_LOOP('',(#12946,#12947,#12953,#12954));
#12946 = ORIENTED_EDGE('',*,*,#11831,.T.);
#12947 = ORIENTED_EDGE('',*,*,#12948,.T.);
#12948 = EDGE_CURVE('',#11832,#12346,#12949,.T.);
#12949 = LINE('',#12950,#12951);
#12950 = CARTESIAN_POINT('',(136.635,-94.48,-4.6E-02));
#12951 = VECTOR('',#12952,1.);
#12952 = DIRECTION('',(0.,0.,1.));
#12953 = ORIENTED_EDGE('',*,*,#12345,.F.);
#12954 = ORIENTED_EDGE('',*,*,#12948,.F.);
#12955 = CYLINDRICAL_SURFACE('',#12956,0.5);
#12956 = AXIS2_PLACEMENT_3D('',#12957,#12958,#12959);
#12957 = CARTESIAN_POINT('',(136.635,-93.98,-4.6E-02));
#12958 = DIRECTION('',(-0.,-0.,-1.));
#12959 = DIRECTION('',(-0.,-1.,0.));
#12960 = ADVANCED_FACE('',(#12961),#12972,.F.);
#12961 = FACE_BOUND('',#12962,.T.);
#12962 = EDGE_LOOP('',(#12963,#12964,#12970,#12971));
#12963 = ORIENTED_EDGE('',*,*,#11842,.T.);
#12964 = ORIENTED_EDGE('',*,*,#12965,.T.);
#12965 = EDGE_CURVE('',#11843,#12357,#12966,.T.);
#12966 = LINE('',#12967,#12968);
#12967 = CARTESIAN_POINT('',(139.175,-94.48,-4.6E-02));
#12968 = VECTOR('',#12969,1.);
#12969 = DIRECTION('',(0.,0.,1.));
#12970 = ORIENTED_EDGE('',*,*,#12356,.F.);
#12971 = ORIENTED_EDGE('',*,*,#12965,.F.);
#12972 = CYLINDRICAL_SURFACE('',#12973,0.5);
#12973 = AXIS2_PLACEMENT_3D('',#12974,#12975,#12976);
#12974 = CARTESIAN_POINT('',(139.175,-93.98,-4.6E-02));
#12975 = DIRECTION('',(-0.,-0.,-1.));
#12976 = DIRECTION('',(-0.,-1.,0.));
#12977 = ADVANCED_FACE('',(#12978),#12989,.F.);
#12978 = FACE_BOUND('',#12979,.T.);
#12979 = EDGE_LOOP('',(#12980,#12981,#12987,#12988));
#12980 = ORIENTED_EDGE('',*,*,#11853,.T.);
#12981 = ORIENTED_EDGE('',*,*,#12982,.T.);
#12982 = EDGE_CURVE('',#11854,#12368,#12983,.T.);
#12983 = LINE('',#12984,#12985);
#12984 = CARTESIAN_POINT('',(136.635,-91.94,-4.6E-02));
#12985 = VECTOR('',#12986,1.);
#12986 = DIRECTION('',(0.,0.,1.));
#12987 = ORIENTED_EDGE('',*,*,#12367,.F.);
#12988 = ORIENTED_EDGE('',*,*,#12982,.F.);
#12989 = CYLINDRICAL_SURFACE('',#12990,0.5);
#12990 = AXIS2_PLACEMENT_3D('',#12991,#12992,#12993);
#12991 = CARTESIAN_POINT('',(136.635,-91.44,-4.6E-02));
#12992 = DIRECTION('',(-0.,-0.,-1.));
#12993 = DIRECTION('',(-0.,-1.,0.));
#12994 = ADVANCED_FACE('',(#12995),#13006,.F.);
#12995 = FACE_BOUND('',#12996,.T.);
#12996 = EDGE_LOOP('',(#12997,#12998,#13004,#13005));
#12997 = ORIENTED_EDGE('',*,*,#11864,.T.);
#12998 = ORIENTED_EDGE('',*,*,#12999,.T.);
#12999 = EDGE_CURVE('',#11865,#12379,#13000,.T.);
#13000 = LINE('',#13001,#13002);
#13001 = CARTESIAN_POINT('',(136.635,-89.4,-4.6E-02));
#13002 = VECTOR('',#13003,1.);
#13003 = DIRECTION('',(0.,0.,1.));
#13004 = ORIENTED_EDGE('',*,*,#12378,.F.);
#13005 = ORIENTED_EDGE('',*,*,#12999,.F.);
#13006 = CYLINDRICAL_SURFACE('',#13007,0.5);
#13007 = AXIS2_PLACEMENT_3D('',#13008,#13009,#13010);
#13008 = CARTESIAN_POINT('',(136.635,-88.9,-4.6E-02));
#13009 = DIRECTION('',(-0.,-0.,-1.));
#13010 = DIRECTION('',(-0.,-1.,0.));
#13011 = ADVANCED_FACE('',(#13012),#13023,.F.);
#13012 = FACE_BOUND('',#13013,.T.);
#13013 = EDGE_LOOP('',(#13014,#13015,#13021,#13022));
#13014 = ORIENTED_EDGE('',*,*,#11875,.T.);
#13015 = ORIENTED_EDGE('',*,*,#13016,.T.);
#13016 = EDGE_CURVE('',#11876,#12390,#13017,.T.);
#13017 = LINE('',#13018,#13019);
#13018 = CARTESIAN_POINT('',(139.175,-91.94,-4.6E-02));
#13019 = VECTOR('',#13020,1.);
#13020 = DIRECTION('',(0.,0.,1.));
#13021 = ORIENTED_EDGE('',*,*,#12389,.F.);
#13022 = ORIENTED_EDGE('',*,*,#13016,.F.);
#13023 = CYLINDRICAL_SURFACE('',#13024,0.5);
#13024 = AXIS2_PLACEMENT_3D('',#13025,#13026,#13027);
#13025 = CARTESIAN_POINT('',(139.175,-91.44,-4.6E-02));
#13026 = DIRECTION('',(-0.,-0.,-1.));
#13027 = DIRECTION('',(-0.,-1.,0.));
#13028 = ADVANCED_FACE('',(#13029),#13040,.F.);
#13029 = FACE_BOUND('',#13030,.T.);
#13030 = EDGE_LOOP('',(#13031,#13032,#13038,#13039));
#13031 = ORIENTED_EDGE('',*,*,#11886,.T.);
#13032 = ORIENTED_EDGE('',*,*,#13033,.T.);
#13033 = EDGE_CURVE('',#11887,#12401,#13034,.T.);
#13034 = LINE('',#13035,#13036);
#13035 = CARTESIAN_POINT('',(139.175,-89.4,-4.6E-02));
#13036 = VECTOR('',#13037,1.);
#13037 = DIRECTION('',(0.,0.,1.));
#13038 = ORIENTED_EDGE('',*,*,#12400,.F.);
#13039 = ORIENTED_EDGE('',*,*,#13033,.F.);
#13040 = CYLINDRICAL_SURFACE('',#13041,0.5);
#13041 = AXIS2_PLACEMENT_3D('',#13042,#13043,#13044);
#13042 = CARTESIAN_POINT('',(139.175,-88.9,-4.6E-02));
#13043 = DIRECTION('',(-0.,-0.,-1.));
#13044 = DIRECTION('',(-0.,-1.,0.));
#13045 = ADVANCED_FACE('',(#13046),#13057,.F.);
#13046 = FACE_BOUND('',#13047,.T.);
#13047 = EDGE_LOOP('',(#13048,#13049,#13055,#13056));
#13048 = ORIENTED_EDGE('',*,*,#11897,.T.);
#13049 = ORIENTED_EDGE('',*,*,#13050,.T.);
#13050 = EDGE_CURVE('',#11898,#12412,#13051,.T.);
#13051 = LINE('',#13052,#13053);
#13052 = CARTESIAN_POINT('',(141.715,-94.48,-4.6E-02));
#13053 = VECTOR('',#13054,1.);
#13054 = DIRECTION('',(0.,0.,1.));
#13055 = ORIENTED_EDGE('',*,*,#12411,.F.);
#13056 = ORIENTED_EDGE('',*,*,#13050,.F.);
#13057 = CYLINDRICAL_SURFACE('',#13058,0.5);
#13058 = AXIS2_PLACEMENT_3D('',#13059,#13060,#13061);
#13059 = CARTESIAN_POINT('',(141.715,-93.98,-4.6E-02));
#13060 = DIRECTION('',(-0.,-0.,-1.));
#13061 = DIRECTION('',(-0.,-1.,0.));
#13062 = ADVANCED_FACE('',(#13063),#13074,.F.);
#13063 = FACE_BOUND('',#13064,.T.);
#13064 = EDGE_LOOP('',(#13065,#13066,#13072,#13073));
#13065 = ORIENTED_EDGE('',*,*,#11908,.T.);
#13066 = ORIENTED_EDGE('',*,*,#13067,.T.);
#13067 = EDGE_CURVE('',#11909,#12423,#13068,.T.);
#13068 = LINE('',#13069,#13070);
#13069 = CARTESIAN_POINT('',(144.255,-94.48,-4.6E-02));
#13070 = VECTOR('',#13071,1.);
#13071 = DIRECTION('',(0.,0.,1.));
#13072 = ORIENTED_EDGE('',*,*,#12422,.F.);
#13073 = ORIENTED_EDGE('',*,*,#13067,.F.);
#13074 = CYLINDRICAL_SURFACE('',#13075,0.5);
#13075 = AXIS2_PLACEMENT_3D('',#13076,#13077,#13078);
#13076 = CARTESIAN_POINT('',(144.255,-93.98,-4.6E-02));
#13077 = DIRECTION('',(-0.,-0.,-1.));
#13078 = DIRECTION('',(-0.,-1.,0.));
#13079 = ADVANCED_FACE('',(#13080),#13091,.F.);
#13080 = FACE_BOUND('',#13081,.T.);
#13081 = EDGE_LOOP('',(#13082,#13083,#13089,#13090));
#13082 = ORIENTED_EDGE('',*,*,#11919,.T.);
#13083 = ORIENTED_EDGE('',*,*,#13084,.T.);
#13084 = EDGE_CURVE('',#11920,#12434,#13085,.T.);
#13085 = LINE('',#13086,#13087);
#13086 = CARTESIAN_POINT('',(146.795,-94.48,-4.6E-02));
#13087 = VECTOR('',#13088,1.);
#13088 = DIRECTION('',(0.,0.,1.));
#13089 = ORIENTED_EDGE('',*,*,#12433,.F.);
#13090 = ORIENTED_EDGE('',*,*,#13084,.F.);
#13091 = CYLINDRICAL_SURFACE('',#13092,0.5);
#13092 = AXIS2_PLACEMENT_3D('',#13093,#13094,#13095);
#13093 = CARTESIAN_POINT('',(146.795,-93.98,-4.6E-02));
#13094 = DIRECTION('',(-0.,-0.,-1.));
#13095 = DIRECTION('',(-0.,-1.,0.));
#13096 = ADVANCED_FACE('',(#13097),#13108,.F.);
#13097 = FACE_BOUND('',#13098,.T.);
#13098 = EDGE_LOOP('',(#13099,#13100,#13106,#13107));
#13099 = ORIENTED_EDGE('',*,*,#11930,.T.);
#13100 = ORIENTED_EDGE('',*,*,#13101,.T.);
#13101 = EDGE_CURVE('',#11931,#12445,#13102,.T.);
#13102 = LINE('',#13103,#13104);
#13103 = CARTESIAN_POINT('',(141.715,-91.94,-4.6E-02));
#13104 = VECTOR('',#13105,1.);
#13105 = DIRECTION('',(0.,0.,1.));
#13106 = ORIENTED_EDGE('',*,*,#12444,.F.);
#13107 = ORIENTED_EDGE('',*,*,#13101,.F.);
#13108 = CYLINDRICAL_SURFACE('',#13109,0.5);
#13109 = AXIS2_PLACEMENT_3D('',#13110,#13111,#13112);
#13110 = CARTESIAN_POINT('',(141.715,-91.44,-4.6E-02));
#13111 = DIRECTION('',(-0.,-0.,-1.));
#13112 = DIRECTION('',(-0.,-1.,0.));
#13113 = ADVANCED_FACE('',(#13114),#13125,.F.);
#13114 = FACE_BOUND('',#13115,.T.);
#13115 = EDGE_LOOP('',(#13116,#13117,#13123,#13124));
#13116 = ORIENTED_EDGE('',*,*,#11941,.T.);
#13117 = ORIENTED_EDGE('',*,*,#13118,.T.);
#13118 = EDGE_CURVE('',#11942,#12456,#13119,.T.);
#13119 = LINE('',#13120,#13121);
#13120 = CARTESIAN_POINT('',(144.255,-91.94,-4.6E-02));
#13121 = VECTOR('',#13122,1.);
#13122 = DIRECTION('',(0.,0.,1.));
#13123 = ORIENTED_EDGE('',*,*,#12455,.F.);
#13124 = ORIENTED_EDGE('',*,*,#13118,.F.);
#13125 = CYLINDRICAL_SURFACE('',#13126,0.5);
#13126 = AXIS2_PLACEMENT_3D('',#13127,#13128,#13129);
#13127 = CARTESIAN_POINT('',(144.255,-91.44,-4.6E-02));
#13128 = DIRECTION('',(-0.,-0.,-1.));
#13129 = DIRECTION('',(-0.,-1.,0.));
#13130 = ADVANCED_FACE('',(#13131),#13142,.F.);
#13131 = FACE_BOUND('',#13132,.T.);
#13132 = EDGE_LOOP('',(#13133,#13134,#13140,#13141));
#13133 = ORIENTED_EDGE('',*,*,#11952,.T.);
#13134 = ORIENTED_EDGE('',*,*,#13135,.T.);
#13135 = EDGE_CURVE('',#11953,#12467,#13136,.T.);
#13136 = LINE('',#13137,#13138);
#13137 = CARTESIAN_POINT('',(141.715,-89.4,-4.6E-02));
#13138 = VECTOR('',#13139,1.);
#13139 = DIRECTION('',(0.,0.,1.));
#13140 = ORIENTED_EDGE('',*,*,#12466,.F.);
#13141 = ORIENTED_EDGE('',*,*,#13135,.F.);
#13142 = CYLINDRICAL_SURFACE('',#13143,0.5);
#13143 = AXIS2_PLACEMENT_3D('',#13144,#13145,#13146);
#13144 = CARTESIAN_POINT('',(141.715,-88.9,-4.6E-02));
#13145 = DIRECTION('',(-0.,-0.,-1.));
#13146 = DIRECTION('',(-0.,-1.,0.));
#13147 = ADVANCED_FACE('',(#13148),#13159,.F.);
#13148 = FACE_BOUND('',#13149,.T.);
#13149 = EDGE_LOOP('',(#13150,#13151,#13157,#13158));
#13150 = ORIENTED_EDGE('',*,*,#11963,.T.);
#13151 = ORIENTED_EDGE('',*,*,#13152,.T.);
#13152 = EDGE_CURVE('',#11964,#12478,#13153,.T.);
#13153 = LINE('',#13154,#13155);
#13154 = CARTESIAN_POINT('',(144.255,-89.4,-4.6E-02));
#13155 = VECTOR('',#13156,1.);
#13156 = DIRECTION('',(0.,0.,1.));
#13157 = ORIENTED_EDGE('',*,*,#12477,.F.);
#13158 = ORIENTED_EDGE('',*,*,#13152,.F.);
#13159 = CYLINDRICAL_SURFACE('',#13160,0.5);
#13160 = AXIS2_PLACEMENT_3D('',#13161,#13162,#13163);
#13161 = CARTESIAN_POINT('',(144.255,-88.9,-4.6E-02));
#13162 = DIRECTION('',(-0.,-0.,-1.));
#13163 = DIRECTION('',(-0.,-1.,0.));
#13164 = ADVANCED_FACE('',(#13165),#13176,.F.);
#13165 = FACE_BOUND('',#13166,.T.);
#13166 = EDGE_LOOP('',(#13167,#13168,#13174,#13175));
#13167 = ORIENTED_EDGE('',*,*,#11974,.T.);
#13168 = ORIENTED_EDGE('',*,*,#13169,.T.);
#13169 = EDGE_CURVE('',#11975,#12489,#13170,.T.);
#13170 = LINE('',#13171,#13172);
#13171 = CARTESIAN_POINT('',(146.795,-91.94,-4.6E-02));
#13172 = VECTOR('',#13173,1.);
#13173 = DIRECTION('',(0.,0.,1.));
#13174 = ORIENTED_EDGE('',*,*,#12488,.F.);
#13175 = ORIENTED_EDGE('',*,*,#13169,.F.);
#13176 = CYLINDRICAL_SURFACE('',#13177,0.5);
#13177 = AXIS2_PLACEMENT_3D('',#13178,#13179,#13180);
#13178 = CARTESIAN_POINT('',(146.795,-91.44,-4.6E-02));
#13179 = DIRECTION('',(-0.,-0.,-1.));
#13180 = DIRECTION('',(-0.,-1.,0.));
#13181 = ADVANCED_FACE('',(#13182),#13193,.F.);
#13182 = FACE_BOUND('',#13183,.T.);
#13183 = EDGE_LOOP('',(#13184,#13185,#13191,#13192));
#13184 = ORIENTED_EDGE('',*,*,#11985,.T.);
#13185 = ORIENTED_EDGE('',*,*,#13186,.T.);
#13186 = EDGE_CURVE('',#11986,#12500,#13187,.T.);
#13187 = LINE('',#13188,#13189);
#13188 = CARTESIAN_POINT('',(146.795,-89.4,-4.6E-02));
#13189 = VECTOR('',#13190,1.);
#13190 = DIRECTION('',(0.,0.,1.));
#13191 = ORIENTED_EDGE('',*,*,#12499,.F.);
#13192 = ORIENTED_EDGE('',*,*,#13186,.F.);
#13193 = CYLINDRICAL_SURFACE('',#13194,0.5);
#13194 = AXIS2_PLACEMENT_3D('',#13195,#13196,#13197);
#13195 = CARTESIAN_POINT('',(146.795,-88.9,-4.6E-02));
#13196 = DIRECTION('',(-0.,-0.,-1.));
#13197 = DIRECTION('',(-0.,-1.,0.));
#13198 = ADVANCED_FACE('',(#13199),#13210,.F.);
#13199 = FACE_BOUND('',#13200,.T.);
#13200 = EDGE_LOOP('',(#13201,#13202,#13208,#13209));
#13201 = ORIENTED_EDGE('',*,*,#11996,.T.);
#13202 = ORIENTED_EDGE('',*,*,#13203,.T.);
#13203 = EDGE_CURVE('',#11997,#12511,#13204,.T.);
#13204 = LINE('',#13205,#13206);
#13205 = CARTESIAN_POINT('',(128.905,-83.05,-4.6E-02));
#13206 = VECTOR('',#13207,1.);
#13207 = DIRECTION('',(0.,0.,1.));
#13208 = ORIENTED_EDGE('',*,*,#12510,.F.);
#13209 = ORIENTED_EDGE('',*,*,#13203,.F.);
#13210 = CYLINDRICAL_SURFACE('',#13211,0.5);
#13211 = AXIS2_PLACEMENT_3D('',#13212,#13213,#13214);
#13212 = CARTESIAN_POINT('',(128.905,-82.55,-4.6E-02));
#13213 = DIRECTION('',(-0.,-0.,-1.));
#13214 = DIRECTION('',(-0.,-1.,0.));
#13215 = ADVANCED_FACE('',(#13216),#13227,.F.);
#13216 = FACE_BOUND('',#13217,.T.);
#13217 = EDGE_LOOP('',(#13218,#13219,#13225,#13226));
#13218 = ORIENTED_EDGE('',*,*,#12007,.T.);
#13219 = ORIENTED_EDGE('',*,*,#13220,.T.);
#13220 = EDGE_CURVE('',#12008,#12522,#13221,.T.);
#13221 = LINE('',#13222,#13223);
#13222 = CARTESIAN_POINT('',(131.445,-83.05,-4.6E-02));
#13223 = VECTOR('',#13224,1.);
#13224 = DIRECTION('',(0.,0.,1.));
#13225 = ORIENTED_EDGE('',*,*,#12521,.F.);
#13226 = ORIENTED_EDGE('',*,*,#13220,.F.);
#13227 = CYLINDRICAL_SURFACE('',#13228,0.5);
#13228 = AXIS2_PLACEMENT_3D('',#13229,#13230,#13231);
#13229 = CARTESIAN_POINT('',(131.445,-82.55,-4.6E-02));
#13230 = DIRECTION('',(-0.,-0.,-1.));
#13231 = DIRECTION('',(-0.,-1.,0.));
#13232 = ADVANCED_FACE('',(#13233),#13244,.F.);
#13233 = FACE_BOUND('',#13234,.T.);
#13234 = EDGE_LOOP('',(#13235,#13236,#13242,#13243));
#13235 = ORIENTED_EDGE('',*,*,#12018,.T.);
#13236 = ORIENTED_EDGE('',*,*,#13237,.T.);
#13237 = EDGE_CURVE('',#12019,#12533,#13238,.T.);
#13238 = LINE('',#13239,#13240);
#13239 = CARTESIAN_POINT('',(133.985,-83.05,-4.6E-02));
#13240 = VECTOR('',#13241,1.);
#13241 = DIRECTION('',(0.,0.,1.));
#13242 = ORIENTED_EDGE('',*,*,#12532,.F.);
#13243 = ORIENTED_EDGE('',*,*,#13237,.F.);
#13244 = CYLINDRICAL_SURFACE('',#13245,0.5);
#13245 = AXIS2_PLACEMENT_3D('',#13246,#13247,#13248);
#13246 = CARTESIAN_POINT('',(133.985,-82.55,-4.6E-02));
#13247 = DIRECTION('',(-0.,-0.,-1.));
#13248 = DIRECTION('',(-0.,-1.,0.));
#13249 = ADVANCED_FACE('',(#13250),#13261,.F.);
#13250 = FACE_BOUND('',#13251,.T.);
#13251 = EDGE_LOOP('',(#13252,#13253,#13259,#13260));
#13252 = ORIENTED_EDGE('',*,*,#12029,.T.);
#13253 = ORIENTED_EDGE('',*,*,#13254,.T.);
#13254 = EDGE_CURVE('',#12030,#12544,#13255,.T.);
#13255 = LINE('',#13256,#13257);
#13256 = CARTESIAN_POINT('',(136.525,-83.05,-4.6E-02));
#13257 = VECTOR('',#13258,1.);
#13258 = DIRECTION('',(0.,0.,1.));
#13259 = ORIENTED_EDGE('',*,*,#12543,.F.);
#13260 = ORIENTED_EDGE('',*,*,#13254,.F.);
#13261 = CYLINDRICAL_SURFACE('',#13262,0.5);
#13262 = AXIS2_PLACEMENT_3D('',#13263,#13264,#13265);
#13263 = CARTESIAN_POINT('',(136.525,-82.55,-4.6E-02));
#13264 = DIRECTION('',(-0.,-0.,-1.));
#13265 = DIRECTION('',(-0.,-1.,0.));
#13266 = ADVANCED_FACE('',(#13267),#13278,.F.);
#13267 = FACE_BOUND('',#13268,.T.);
#13268 = EDGE_LOOP('',(#13269,#13270,#13276,#13277));
#13269 = ORIENTED_EDGE('',*,*,#12040,.T.);
#13270 = ORIENTED_EDGE('',*,*,#13271,.T.);
#13271 = EDGE_CURVE('',#12041,#12555,#13272,.T.);
#13272 = LINE('',#13273,#13274);
#13273 = CARTESIAN_POINT('',(139.065,-83.05,-4.6E-02));
#13274 = VECTOR('',#13275,1.);
#13275 = DIRECTION('',(0.,0.,1.));
#13276 = ORIENTED_EDGE('',*,*,#12554,.F.);
#13277 = ORIENTED_EDGE('',*,*,#13271,.F.);
#13278 = CYLINDRICAL_SURFACE('',#13279,0.5);
#13279 = AXIS2_PLACEMENT_3D('',#13280,#13281,#13282);
#13280 = CARTESIAN_POINT('',(139.065,-82.55,-4.6E-02));
#13281 = DIRECTION('',(-0.,-0.,-1.));
#13282 = DIRECTION('',(-0.,-1.,0.));
#13283 = ADVANCED_FACE('',(#13284),#13295,.F.);
#13284 = FACE_BOUND('',#13285,.T.);
#13285 = EDGE_LOOP('',(#13286,#13287,#13293,#13294));
#13286 = ORIENTED_EDGE('',*,*,#12051,.T.);
#13287 = ORIENTED_EDGE('',*,*,#13288,.T.);
#13288 = EDGE_CURVE('',#12052,#12566,#13289,.T.);
#13289 = LINE('',#13290,#13291);
#13290 = CARTESIAN_POINT('',(141.605,-83.05,-4.6E-02));
#13291 = VECTOR('',#13292,1.);
#13292 = DIRECTION('',(0.,0.,1.));
#13293 = ORIENTED_EDGE('',*,*,#12565,.F.);
#13294 = ORIENTED_EDGE('',*,*,#13288,.F.);
#13295 = CYLINDRICAL_SURFACE('',#13296,0.5);
#13296 = AXIS2_PLACEMENT_3D('',#13297,#13298,#13299);
#13297 = CARTESIAN_POINT('',(141.605,-82.55,-4.6E-02));
#13298 = DIRECTION('',(-0.,-0.,-1.));
#13299 = DIRECTION('',(-0.,-1.,0.));
#13300 = ADVANCED_FACE('',(#13301),#13312,.F.);
#13301 = FACE_BOUND('',#13302,.T.);
#13302 = EDGE_LOOP('',(#13303,#13304,#13310,#13311));
#13303 = ORIENTED_EDGE('',*,*,#12062,.T.);
#13304 = ORIENTED_EDGE('',*,*,#13305,.T.);
#13305 = EDGE_CURVE('',#12063,#12577,#13306,.T.);
#13306 = LINE('',#13307,#13308);
#13307 = CARTESIAN_POINT('',(128.905,-72.89,-4.6E-02));
#13308 = VECTOR('',#13309,1.);
#13309 = DIRECTION('',(0.,0.,1.));
#13310 = ORIENTED_EDGE('',*,*,#12576,.F.);
#13311 = ORIENTED_EDGE('',*,*,#13305,.F.);
#13312 = CYLINDRICAL_SURFACE('',#13313,0.5);
#13313 = AXIS2_PLACEMENT_3D('',#13314,#13315,#13316);
#13314 = CARTESIAN_POINT('',(128.905,-72.39,-4.6E-02));
#13315 = DIRECTION('',(-0.,-0.,-1.));
#13316 = DIRECTION('',(-0.,-1.,0.));
#13317 = ADVANCED_FACE('',(#13318),#13329,.F.);
#13318 = FACE_BOUND('',#13319,.T.);
#13319 = EDGE_LOOP('',(#13320,#13321,#13327,#13328));
#13320 = ORIENTED_EDGE('',*,*,#12073,.T.);
#13321 = ORIENTED_EDGE('',*,*,#13322,.T.);
#13322 = EDGE_CURVE('',#12074,#12588,#13323,.T.);
#13323 = LINE('',#13324,#13325);
#13324 = CARTESIAN_POINT('',(131.445,-72.89,-4.6E-02));
#13325 = VECTOR('',#13326,1.);
#13326 = DIRECTION('',(0.,0.,1.));
#13327 = ORIENTED_EDGE('',*,*,#12587,.F.);
#13328 = ORIENTED_EDGE('',*,*,#13322,.F.);
#13329 = CYLINDRICAL_SURFACE('',#13330,0.5);
#13330 = AXIS2_PLACEMENT_3D('',#13331,#13332,#13333);
#13331 = CARTESIAN_POINT('',(131.445,-72.39,-4.6E-02));
#13332 = DIRECTION('',(-0.,-0.,-1.));
#13333 = DIRECTION('',(-0.,-1.,0.));
#13334 = ADVANCED_FACE('',(#13335),#13346,.F.);
#13335 = FACE_BOUND('',#13336,.T.);
#13336 = EDGE_LOOP('',(#13337,#13338,#13344,#13345));
#13337 = ORIENTED_EDGE('',*,*,#12084,.T.);
#13338 = ORIENTED_EDGE('',*,*,#13339,.T.);
#13339 = EDGE_CURVE('',#12085,#12599,#13340,.T.);
#13340 = LINE('',#13341,#13342);
#13341 = CARTESIAN_POINT('',(133.985,-72.89,-4.6E-02));
#13342 = VECTOR('',#13343,1.);
#13343 = DIRECTION('',(0.,0.,1.));
#13344 = ORIENTED_EDGE('',*,*,#12598,.F.);
#13345 = ORIENTED_EDGE('',*,*,#13339,.F.);
#13346 = CYLINDRICAL_SURFACE('',#13347,0.5);
#13347 = AXIS2_PLACEMENT_3D('',#13348,#13349,#13350);
#13348 = CARTESIAN_POINT('',(133.985,-72.39,-4.6E-02));
#13349 = DIRECTION('',(-0.,-0.,-1.));
#13350 = DIRECTION('',(-0.,-1.,0.));
#13351 = ADVANCED_FACE('',(#13352),#13363,.F.);
#13352 = FACE_BOUND('',#13353,.T.);
#13353 = EDGE_LOOP('',(#13354,#13355,#13361,#13362));
#13354 = ORIENTED_EDGE('',*,*,#12095,.T.);
#13355 = ORIENTED_EDGE('',*,*,#13356,.T.);
#13356 = EDGE_CURVE('',#12096,#12610,#13357,.T.);
#13357 = LINE('',#13358,#13359);
#13358 = CARTESIAN_POINT('',(136.525,-72.89,-4.6E-02));
#13359 = VECTOR('',#13360,1.);
#13360 = DIRECTION('',(0.,0.,1.));
#13361 = ORIENTED_EDGE('',*,*,#12609,.F.);
#13362 = ORIENTED_EDGE('',*,*,#13356,.F.);
#13363 = CYLINDRICAL_SURFACE('',#13364,0.5);
#13364 = AXIS2_PLACEMENT_3D('',#13365,#13366,#13367);
#13365 = CARTESIAN_POINT('',(136.525,-72.39,-4.6E-02));
#13366 = DIRECTION('',(-0.,-0.,-1.));
#13367 = DIRECTION('',(-0.,-1.,0.));
#13368 = ADVANCED_FACE('',(#13369),#13380,.F.);
#13369 = FACE_BOUND('',#13370,.T.);
#13370 = EDGE_LOOP('',(#13371,#13372,#13378,#13379));
#13371 = ORIENTED_EDGE('',*,*,#12106,.T.);
#13372 = ORIENTED_EDGE('',*,*,#13373,.T.);
#13373 = EDGE_CURVE('',#12107,#12621,#13374,.T.);
#13374 = LINE('',#13375,#13376);
#13375 = CARTESIAN_POINT('',(139.065,-72.89,-4.6E-02));
#13376 = VECTOR('',#13377,1.);
#13377 = DIRECTION('',(0.,0.,1.));
#13378 = ORIENTED_EDGE('',*,*,#12620,.F.);
#13379 = ORIENTED_EDGE('',*,*,#13373,.F.);
#13380 = CYLINDRICAL_SURFACE('',#13381,0.5);
#13381 = AXIS2_PLACEMENT_3D('',#13382,#13383,#13384);
#13382 = CARTESIAN_POINT('',(139.065,-72.39,-4.6E-02));
#13383 = DIRECTION('',(-0.,-0.,-1.));
#13384 = DIRECTION('',(-0.,-1.,0.));
#13385 = ADVANCED_FACE('',(#13386),#13397,.F.);
#13386 = FACE_BOUND('',#13387,.T.);
#13387 = EDGE_LOOP('',(#13388,#13389,#13395,#13396));
#13388 = ORIENTED_EDGE('',*,*,#12117,.T.);
#13389 = ORIENTED_EDGE('',*,*,#13390,.T.);
#13390 = EDGE_CURVE('',#12118,#12632,#13391,.T.);
#13391 = LINE('',#13392,#13393);
#13392 = CARTESIAN_POINT('',(141.605,-72.89,-4.6E-02));
#13393 = VECTOR('',#13394,1.);
#13394 = DIRECTION('',(0.,0.,1.));
#13395 = ORIENTED_EDGE('',*,*,#12631,.F.);
#13396 = ORIENTED_EDGE('',*,*,#13390,.F.);
#13397 = CYLINDRICAL_SURFACE('',#13398,0.5);
#13398 = AXIS2_PLACEMENT_3D('',#13399,#13400,#13401);
#13399 = CARTESIAN_POINT('',(141.605,-72.39,-4.6E-02));
#13400 = DIRECTION('',(-0.,-0.,-1.));
#13401 = DIRECTION('',(-0.,-1.,0.));
#13402 = ADVANCED_FACE('',(#13403),#13414,.F.);
#13403 = FACE_BOUND('',#13404,.T.);
#13404 = EDGE_LOOP('',(#13405,#13406,#13412,#13413));
#13405 = ORIENTED_EDGE('',*,*,#12128,.T.);
#13406 = ORIENTED_EDGE('',*,*,#13407,.T.);
#13407 = EDGE_CURVE('',#12129,#12643,#13408,.T.);
#13408 = LINE('',#13409,#13410);
#13409 = CARTESIAN_POINT('',(144.145,-83.05,-4.6E-02));
#13410 = VECTOR('',#13411,1.);
#13411 = DIRECTION('',(0.,0.,1.));
#13412 = ORIENTED_EDGE('',*,*,#12642,.F.);
#13413 = ORIENTED_EDGE('',*,*,#13407,.F.);
#13414 = CYLINDRICAL_SURFACE('',#13415,0.5);
#13415 = AXIS2_PLACEMENT_3D('',#13416,#13417,#13418);
#13416 = CARTESIAN_POINT('',(144.145,-82.55,-4.6E-02));
#13417 = DIRECTION('',(-0.,-0.,-1.));
#13418 = DIRECTION('',(-0.,-1.,0.));
#13419 = ADVANCED_FACE('',(#13420),#13431,.F.);
#13420 = FACE_BOUND('',#13421,.T.);
#13421 = EDGE_LOOP('',(#13422,#13423,#13429,#13430));
#13422 = ORIENTED_EDGE('',*,*,#12139,.T.);
#13423 = ORIENTED_EDGE('',*,*,#13424,.T.);
#13424 = EDGE_CURVE('',#12140,#12654,#13425,.T.);
#13425 = LINE('',#13426,#13427);
#13426 = CARTESIAN_POINT('',(146.685,-83.05,-4.6E-02));
#13427 = VECTOR('',#13428,1.);
#13428 = DIRECTION('',(0.,0.,1.));
#13429 = ORIENTED_EDGE('',*,*,#12653,.F.);
#13430 = ORIENTED_EDGE('',*,*,#13424,.F.);
#13431 = CYLINDRICAL_SURFACE('',#13432,0.5);
#13432 = AXIS2_PLACEMENT_3D('',#13433,#13434,#13435);
#13433 = CARTESIAN_POINT('',(146.685,-82.55,-4.6E-02));
#13434 = DIRECTION('',(-0.,-0.,-1.));
#13435 = DIRECTION('',(-0.,-1.,0.));
#13436 = ADVANCED_FACE('',(#13437),#13448,.F.);
#13437 = FACE_BOUND('',#13438,.T.);
#13438 = EDGE_LOOP('',(#13439,#13440,#13446,#13447));
#13439 = ORIENTED_EDGE('',*,*,#12150,.T.);
#13440 = ORIENTED_EDGE('',*,*,#13441,.T.);
#13441 = EDGE_CURVE('',#12151,#12665,#13442,.T.);
#13442 = LINE('',#13443,#13444);
#13443 = CARTESIAN_POINT('',(151.765,-83.05,-4.6E-02));
#13444 = VECTOR('',#13445,1.);
#13445 = DIRECTION('',(0.,0.,1.));
#13446 = ORIENTED_EDGE('',*,*,#12664,.F.);
#13447 = ORIENTED_EDGE('',*,*,#13441,.F.);
#13448 = CYLINDRICAL_SURFACE('',#13449,0.5);
#13449 = AXIS2_PLACEMENT_3D('',#13450,#13451,#13452);
#13450 = CARTESIAN_POINT('',(151.765,-82.55,-4.6E-02));
#13451 = DIRECTION('',(-0.,-0.,-1.));
#13452 = DIRECTION('',(-0.,-1.,0.));
#13453 = ADVANCED_FACE('',(#13454),#13465,.F.);
#13454 = FACE_BOUND('',#13455,.T.);
#13455 = EDGE_LOOP('',(#13456,#13457,#13463,#13464));
#13456 = ORIENTED_EDGE('',*,*,#12161,.T.);
#13457 = ORIENTED_EDGE('',*,*,#13458,.T.);
#13458 = EDGE_CURVE('',#12162,#12676,#13459,.T.);
#13459 = LINE('',#13460,#13461);
#13460 = CARTESIAN_POINT('',(154.305,-83.05,-4.6E-02));
#13461 = VECTOR('',#13462,1.);
#13462 = DIRECTION('',(0.,0.,1.));
#13463 = ORIENTED_EDGE('',*,*,#12675,.F.);
#13464 = ORIENTED_EDGE('',*,*,#13458,.F.);
#13465 = CYLINDRICAL_SURFACE('',#13466,0.5);
#13466 = AXIS2_PLACEMENT_3D('',#13467,#13468,#13469);
#13467 = CARTESIAN_POINT('',(154.305,-82.55,-4.6E-02));
#13468 = DIRECTION('',(-0.,-0.,-1.));
#13469 = DIRECTION('',(-0.,-1.,0.));
#13470 = ADVANCED_FACE('',(#13471),#13482,.F.);
#13471 = FACE_BOUND('',#13472,.T.);
#13472 = EDGE_LOOP('',(#13473,#13474,#13480,#13481));
#13473 = ORIENTED_EDGE('',*,*,#12172,.T.);
#13474 = ORIENTED_EDGE('',*,*,#13475,.T.);
#13475 = EDGE_CURVE('',#12173,#12687,#13476,.T.);
#13476 = LINE('',#13477,#13478);
#13477 = CARTESIAN_POINT('',(144.145,-72.89,-4.6E-02));
#13478 = VECTOR('',#13479,1.);
#13479 = DIRECTION('',(0.,0.,1.));
#13480 = ORIENTED_EDGE('',*,*,#12686,.F.);
#13481 = ORIENTED_EDGE('',*,*,#13475,.F.);
#13482 = CYLINDRICAL_SURFACE('',#13483,0.5);
#13483 = AXIS2_PLACEMENT_3D('',#13484,#13485,#13486);
#13484 = CARTESIAN_POINT('',(144.145,-72.39,-4.6E-02));
#13485 = DIRECTION('',(-0.,-0.,-1.));
#13486 = DIRECTION('',(-0.,-1.,0.));
#13487 = ADVANCED_FACE('',(#13488),#13499,.F.);
#13488 = FACE_BOUND('',#13489,.T.);
#13489 = EDGE_LOOP('',(#13490,#13491,#13497,#13498));
#13490 = ORIENTED_EDGE('',*,*,#12183,.T.);
#13491 = ORIENTED_EDGE('',*,*,#13492,.T.);
#13492 = EDGE_CURVE('',#12184,#12698,#13493,.T.);
#13493 = LINE('',#13494,#13495);
#13494 = CARTESIAN_POINT('',(146.685,-72.89,-4.6E-02));
#13495 = VECTOR('',#13496,1.);
#13496 = DIRECTION('',(0.,0.,1.));
#13497 = ORIENTED_EDGE('',*,*,#12697,.F.);
#13498 = ORIENTED_EDGE('',*,*,#13492,.F.);
#13499 = CYLINDRICAL_SURFACE('',#13500,0.5);
#13500 = AXIS2_PLACEMENT_3D('',#13501,#13502,#13503);
#13501 = CARTESIAN_POINT('',(146.685,-72.39,-4.6E-02));
#13502 = DIRECTION('',(-0.,-0.,-1.));
#13503 = DIRECTION('',(-0.,-1.,0.));
#13504 = ( GEOMETRIC_REPRESENTATION_CONTEXT(3) 
GLOBAL_UNCERTAINTY_ASSIGNED_CONTEXT((#13508)) 
GLOBAL_UNIT_ASSIGNED_CONTEXT((#13505,#13506,#13507)) 
REPRESENTATION_CONTEXT('Context #1',
  '3D Context with UNIT and UNCERTAINTY') );
#13505 = ( LENGTH_UNIT() NAMED_UNIT(*) SI_UNIT(.MILLI.,.METRE.) );
#13506 = ( NAMED_UNIT(*) PLANE_ANGLE_UNIT() SI_UNIT($,.RADIAN.) );
#13507 = ( NAMED_UNIT(*) SI_UNIT($,.STERADIAN.) SOLID_ANGLE_UNIT() );
#13508 = UNCERTAINTY_MEASURE_WITH_UNIT(LENGTH_MEASURE(1.E-07),#13505,
  'distance_accuracy_value','confusion accuracy');
#13509 = CONTEXT_DEPENDENT_SHAPE_REPRESENTATION(#13510,#13512);
#13510 = ( REPRESENTATION_RELATIONSHIP('','',#11575,#10) 
REPRESENTATION_RELATIONSHIP_WITH_TRANSFORMATION(#13511) 
SHAPE_REPRESENTATION_RELATIONSHIP() );
#13511 = ITEM_DEFINED_TRANSFORMATION('','',#11,#135);
#13512 = PRODUCT_DEFINITION_SHAPE('Placement','Placement of an item',
  #13513);
#13513 = NEXT_ASSEMBLY_USAGE_OCCURRENCE('31','=>[0:1:1:7]','',#5,#11570,
  $);
#13514 = PRODUCT_RELATED_PRODUCT_CATEGORY('part',$,(#11572));
#13515 = MECHANICAL_DESIGN_GEOMETRIC_PRESENTATION_REPRESENTATION('',(
    #13516,#13526,#13535,#13544,#13553,#13562,#13571,#13580,#13589,
    #13598,#13607,#13616,#13625,#13634,#13643,#13653,#13662,#13671,
    #13680,#13689,#13698,#13707,#13716,#13725,#13734,#13743,#13752,
    #13761,#13770,#13779,#13788,#13797,#13806,#13815,#13824,#13833,
    #13842,#13851,#13860,#13869,#13878,#13887,#13896,#13905,#13914,
    #13923,#13932,#13941,#13950,#13959,#13968,#13977,#13986,#13995,
    #14004,#14013,#14022,#14031,#14040,#14049,#14058,#14067,#14076,
    #14085,#14094,#14103,#14112,#14121,#14130),#2135);
#13516 = STYLED_ITEM('color',(#13517),#155);
#13517 = PRESENTATION_STYLE_ASSIGNMENT((#13518,#13524));
#13518 = SURFACE_STYLE_USAGE(.BOTH.,#13519);
#13519 = SURFACE_SIDE_STYLE('',(#13520));
#13520 = SURFACE_STYLE_FILL_AREA(#13521);
#13521 = FILL_AREA_STYLE('',(#13522));
#13522 = FILL_AREA_STYLE_COLOUR('',#13523);
#13523 = COLOUR_RGB('',0.147999998088,0.145000001626,0.145000001626);
#13524 = CURVE_STYLE('',#13525,POSITIVE_LENGTH_MEASURE(0.1),#13523);
#13525 = DRAUGHTING_PRE_DEFINED_CURVE_FONT('continuous');
#13526 = STYLED_ITEM('color',(#13527),#193);
#13527 = PRESENTATION_STYLE_ASSIGNMENT((#13528,#13533));
#13528 = SURFACE_STYLE_USAGE(.BOTH.,#13529);
#13529 = SURFACE_SIDE_STYLE('',(#13530));
#13530 = SURFACE_STYLE_FILL_AREA(#13531);
#13531 = FILL_AREA_STYLE('',(#13532));
#13532 = FILL_AREA_STYLE_COLOUR('',#13523);
#13533 = CURVE_STYLE('',#13534,POSITIVE_LENGTH_MEASURE(0.1),#13523);
#13534 = DRAUGHTING_PRE_DEFINED_CURVE_FONT('continuous');
#13535 = STYLED_ITEM('color',(#13536),#256);
#13536 = PRESENTATION_STYLE_ASSIGNMENT((#13537,#13542));
#13537 = SURFACE_STYLE_USAGE(.BOTH.,#13538);
#13538 = SURFACE_SIDE_STYLE('',(#13539));
#13539 = SURFACE_STYLE_FILL_AREA(#13540);
#13540 = FILL_AREA_STYLE('',(#13541));
#13541 = FILL_AREA_STYLE_COLOUR('',#13523);
#13542 = CURVE_STYLE('',#13543,POSITIVE_LENGTH_MEASURE(0.1),#13523);
#13543 = DRAUGHTING_PRE_DEFINED_CURVE_FONT('continuous');
#13544 = STYLED_ITEM('color',(#13545),#279);
#13545 = PRESENTATION_STYLE_ASSIGNMENT((#13546,#13551));
#13546 = SURFACE_STYLE_USAGE(.BOTH.,#13547);
#13547 = SURFACE_SIDE_STYLE('',(#13548));
#13548 = SURFACE_STYLE_FILL_AREA(#13549);
#13549 = FILL_AREA_STYLE('',(#13550));
#13550 = FILL_AREA_STYLE_COLOUR('',#13523);
#13551 = CURVE_STYLE('',#13552,POSITIVE_LENGTH_MEASURE(0.1),#13523);
#13552 = DRAUGHTING_PRE_DEFINED_CURVE_FONT('continuous');
#13553 = STYLED_ITEM('color',(#13554),#308);
#13554 = PRESENTATION_STYLE_ASSIGNMENT((#13555,#13560));
#13555 = SURFACE_STYLE_USAGE(.BOTH.,#13556);
#13556 = SURFACE_SIDE_STYLE('',(#13557));
#13557 = SURFACE_STYLE_FILL_AREA(#13558);
#13558 = FILL_AREA_STYLE('',(#13559));
#13559 = FILL_AREA_STYLE_COLOUR('',#13523);
#13560 = CURVE_STYLE('',#13561,POSITIVE_LENGTH_MEASURE(0.1),#13523);
#13561 = DRAUGHTING_PRE_DEFINED_CURVE_FONT('continuous');
#13562 = STYLED_ITEM('color',(#13563),#331);
#13563 = PRESENTATION_STYLE_ASSIGNMENT((#13564,#13569));
#13564 = SURFACE_STYLE_USAGE(.BOTH.,#13565);
#13565 = SURFACE_SIDE_STYLE('',(#13566));
#13566 = SURFACE_STYLE_FILL_AREA(#13567);
#13567 = FILL_AREA_STYLE('',(#13568));
#13568 = FILL_AREA_STYLE_COLOUR('',#13523);
#13569 = CURVE_STYLE('',#13570,POSITIVE_LENGTH_MEASURE(0.1),#13523);
#13570 = DRAUGHTING_PRE_DEFINED_CURVE_FONT('continuous');
#13571 = STYLED_ITEM('color',(#13572),#386);
#13572 = PRESENTATION_STYLE_ASSIGNMENT((#13573,#13578));
#13573 = SURFACE_STYLE_USAGE(.BOTH.,#13574);
#13574 = SURFACE_SIDE_STYLE('',(#13575));
#13575 = SURFACE_STYLE_FILL_AREA(#13576);
#13576 = FILL_AREA_STYLE('',(#13577));
#13577 = FILL_AREA_STYLE_COLOUR('',#13523);
#13578 = CURVE_STYLE('',#13579,POSITIVE_LENGTH_MEASURE(0.1),#13523);
#13579 = DRAUGHTING_PRE_DEFINED_CURVE_FONT('continuous');
#13580 = STYLED_ITEM('color',(#13581),#425);
#13581 = PRESENTATION_STYLE_ASSIGNMENT((#13582,#13587));
#13582 = SURFACE_STYLE_USAGE(.BOTH.,#13583);
#13583 = SURFACE_SIDE_STYLE('',(#13584));
#13584 = SURFACE_STYLE_FILL_AREA(#13585);
#13585 = FILL_AREA_STYLE('',(#13586));
#13586 = FILL_AREA_STYLE_COLOUR('',#13523);
#13587 = CURVE_STYLE('',#13588,POSITIVE_LENGTH_MEASURE(0.1),#13523);
#13588 = DRAUGHTING_PRE_DEFINED_CURVE_FONT('continuous');
#13589 = STYLED_ITEM('color',(#13590),#448);
#13590 = PRESENTATION_STYLE_ASSIGNMENT((#13591,#13596));
#13591 = SURFACE_STYLE_USAGE(.BOTH.,#13592);
#13592 = SURFACE_SIDE_STYLE('',(#13593));
#13593 = SURFACE_STYLE_FILL_AREA(#13594);
#13594 = FILL_AREA_STYLE('',(#13595));
#13595 = FILL_AREA_STYLE_COLOUR('',#13523);
#13596 = CURVE_STYLE('',#13597,POSITIVE_LENGTH_MEASURE(0.1),#13523);
#13597 = DRAUGHTING_PRE_DEFINED_CURVE_FONT('continuous');
#13598 = STYLED_ITEM('color',(#13599),#471);
#13599 = PRESENTATION_STYLE_ASSIGNMENT((#13600,#13605));
#13600 = SURFACE_STYLE_USAGE(.BOTH.,#13601);
#13601 = SURFACE_SIDE_STYLE('',(#13602));
#13602 = SURFACE_STYLE_FILL_AREA(#13603);
#13603 = FILL_AREA_STYLE('',(#13604));
#13604 = FILL_AREA_STYLE_COLOUR('',#13523);
#13605 = CURVE_STYLE('',#13606,POSITIVE_LENGTH_MEASURE(0.1),#13523);
#13606 = DRAUGHTING_PRE_DEFINED_CURVE_FONT('continuous');
#13607 = STYLED_ITEM('color',(#13608),#488);
#13608 = PRESENTATION_STYLE_ASSIGNMENT((#13609,#13614));
#13609 = SURFACE_STYLE_USAGE(.BOTH.,#13610);
#13610 = SURFACE_SIDE_STYLE('',(#13611));
#13611 = SURFACE_STYLE_FILL_AREA(#13612);
#13612 = FILL_AREA_STYLE('',(#13613));
#13613 = FILL_AREA_STYLE_COLOUR('',#13523);
#13614 = CURVE_STYLE('',#13615,POSITIVE_LENGTH_MEASURE(0.1),#13523);
#13615 = DRAUGHTING_PRE_DEFINED_CURVE_FONT('continuous');
#13616 = STYLED_ITEM('color',(#13617),#511);
#13617 = PRESENTATION_STYLE_ASSIGNMENT((#13618,#13623));
#13618 = SURFACE_STYLE_USAGE(.BOTH.,#13619);
#13619 = SURFACE_SIDE_STYLE('',(#13620));
#13620 = SURFACE_STYLE_FILL_AREA(#13621);
#13621 = FILL_AREA_STYLE('',(#13622));
#13622 = FILL_AREA_STYLE_COLOUR('',#13523);
#13623 = CURVE_STYLE('',#13624,POSITIVE_LENGTH_MEASURE(0.1),#13523);
#13624 = DRAUGHTING_PRE_DEFINED_CURVE_FONT('continuous');
#13625 = STYLED_ITEM('color',(#13626),#599);
#13626 = PRESENTATION_STYLE_ASSIGNMENT((#13627,#13632));
#13627 = SURFACE_STYLE_USAGE(.BOTH.,#13628);
#13628 = SURFACE_SIDE_STYLE('',(#13629));
#13629 = SURFACE_STYLE_FILL_AREA(#13630);
#13630 = FILL_AREA_STYLE('',(#13631));
#13631 = FILL_AREA_STYLE_COLOUR('',#13523);
#13632 = CURVE_STYLE('',#13633,POSITIVE_LENGTH_MEASURE(0.1),#13523);
#13633 = DRAUGHTING_PRE_DEFINED_CURVE_FONT('continuous');
#13634 = STYLED_ITEM('color',(#13635),#615);
#13635 = PRESENTATION_STYLE_ASSIGNMENT((#13636,#13641));
#13636 = SURFACE_STYLE_USAGE(.BOTH.,#13637);
#13637 = SURFACE_SIDE_STYLE('',(#13638));
#13638 = SURFACE_STYLE_FILL_AREA(#13639);
#13639 = FILL_AREA_STYLE('',(#13640));
#13640 = FILL_AREA_STYLE_COLOUR('',#13523);
#13641 = CURVE_STYLE('',#13642,POSITIVE_LENGTH_MEASURE(0.1),#13523);
#13642 = DRAUGHTING_PRE_DEFINED_CURVE_FONT('continuous');
#13643 = STYLED_ITEM('color',(#13644),#645);
#13644 = PRESENTATION_STYLE_ASSIGNMENT((#13645,#13651));
#13645 = SURFACE_STYLE_USAGE(.BOTH.,#13646);
#13646 = SURFACE_SIDE_STYLE('',(#13647));
#13647 = SURFACE_STYLE_FILL_AREA(#13648);
#13648 = FILL_AREA_STYLE('',(#13649));
#13649 = FILL_AREA_STYLE_COLOUR('',#13650);
#13650 = COLOUR_RGB('',0.823999987314,0.819999987296,0.781000009244);
#13651 = CURVE_STYLE('',#13652,POSITIVE_LENGTH_MEASURE(0.1),#13650);
#13652 = DRAUGHTING_PRE_DEFINED_CURVE_FONT('continuous');
#13653 = STYLED_ITEM('color',(#13654),#678);
#13654 = PRESENTATION_STYLE_ASSIGNMENT((#13655,#13660));
#13655 = SURFACE_STYLE_USAGE(.BOTH.,#13656);
#13656 = SURFACE_SIDE_STYLE('',(#13657));
#13657 = SURFACE_STYLE_FILL_AREA(#13658);
#13658 = FILL_AREA_STYLE('',(#13659));
#13659 = FILL_AREA_STYLE_COLOUR('',#13523);
#13660 = CURVE_STYLE('',#13661,POSITIVE_LENGTH_MEASURE(0.1),#13523);
#13661 = DRAUGHTING_PRE_DEFINED_CURVE_FONT('continuous');
#13662 = STYLED_ITEM('color',(#13663),#709);
#13663 = PRESENTATION_STYLE_ASSIGNMENT((#13664,#13669));
#13664 = SURFACE_STYLE_USAGE(.BOTH.,#13665);
#13665 = SURFACE_SIDE_STYLE('',(#13666));
#13666 = SURFACE_STYLE_FILL_AREA(#13667);
#13667 = FILL_AREA_STYLE('',(#13668));
#13668 = FILL_AREA_STYLE_COLOUR('',#13650);
#13669 = CURVE_STYLE('',#13670,POSITIVE_LENGTH_MEASURE(0.1),#13650);
#13670 = DRAUGHTING_PRE_DEFINED_CURVE_FONT('continuous');
#13671 = STYLED_ITEM('color',(#13672),#742);
#13672 = PRESENTATION_STYLE_ASSIGNMENT((#13673,#13678));
#13673 = SURFACE_STYLE_USAGE(.BOTH.,#13674);
#13674 = SURFACE_SIDE_STYLE('',(#13675));
#13675 = SURFACE_STYLE_FILL_AREA(#13676);
#13676 = FILL_AREA_STYLE('',(#13677));
#13677 = FILL_AREA_STYLE_COLOUR('',#13523);
#13678 = CURVE_STYLE('',#13679,POSITIVE_LENGTH_MEASURE(0.1),#13523);
#13679 = DRAUGHTING_PRE_DEFINED_CURVE_FONT('continuous');
#13680 = STYLED_ITEM('color',(#13681),#759);
#13681 = PRESENTATION_STYLE_ASSIGNMENT((#13682,#13687));
#13682 = SURFACE_STYLE_USAGE(.BOTH.,#13683);
#13683 = SURFACE_SIDE_STYLE('',(#13684));
#13684 = SURFACE_STYLE_FILL_AREA(#13685);
#13685 = FILL_AREA_STYLE('',(#13686));
#13686 = FILL_AREA_STYLE_COLOUR('',#13523);
#13687 = CURVE_STYLE('',#13688,POSITIVE_LENGTH_MEASURE(0.1),#13523);
#13688 = DRAUGHTING_PRE_DEFINED_CURVE_FONT('continuous');
#13689 = STYLED_ITEM('color',(#13690),#776);
#13690 = PRESENTATION_STYLE_ASSIGNMENT((#13691,#13696));
#13691 = SURFACE_STYLE_USAGE(.BOTH.,#13692);
#13692 = SURFACE_SIDE_STYLE('',(#13693));
#13693 = SURFACE_STYLE_FILL_AREA(#13694);
#13694 = FILL_AREA_STYLE('',(#13695));
#13695 = FILL_AREA_STYLE_COLOUR('',#13650);
#13696 = CURVE_STYLE('',#13697,POSITIVE_LENGTH_MEASURE(0.1),#13650);
#13697 = DRAUGHTING_PRE_DEFINED_CURVE_FONT('continuous');
#13698 = STYLED_ITEM('color',(#13699),#809);
#13699 = PRESENTATION_STYLE_ASSIGNMENT((#13700,#13705));
#13700 = SURFACE_STYLE_USAGE(.BOTH.,#13701);
#13701 = SURFACE_SIDE_STYLE('',(#13702));
#13702 = SURFACE_STYLE_FILL_AREA(#13703);
#13703 = FILL_AREA_STYLE('',(#13704));
#13704 = FILL_AREA_STYLE_COLOUR('',#13523);
#13705 = CURVE_STYLE('',#13706,POSITIVE_LENGTH_MEASURE(0.1),#13523);
#13706 = DRAUGHTING_PRE_DEFINED_CURVE_FONT('continuous');
#13707 = STYLED_ITEM('color',(#13708),#839);
#13708 = PRESENTATION_STYLE_ASSIGNMENT((#13709,#13714));
#13709 = SURFACE_STYLE_USAGE(.BOTH.,#13710);
#13710 = SURFACE_SIDE_STYLE('',(#13711));
#13711 = SURFACE_STYLE_FILL_AREA(#13712);
#13712 = FILL_AREA_STYLE('',(#13713));
#13713 = FILL_AREA_STYLE_COLOUR('',#13523);
#13714 = CURVE_STYLE('',#13715,POSITIVE_LENGTH_MEASURE(0.1),#13523);
#13715 = DRAUGHTING_PRE_DEFINED_CURVE_FONT('continuous');
#13716 = STYLED_ITEM('color',(#13717),#862);
#13717 = PRESENTATION_STYLE_ASSIGNMENT((#13718,#13723));
#13718 = SURFACE_STYLE_USAGE(.BOTH.,#13719);
#13719 = SURFACE_SIDE_STYLE('',(#13720));
#13720 = SURFACE_STYLE_FILL_AREA(#13721);
#13721 = FILL_AREA_STYLE('',(#13722));
#13722 = FILL_AREA_STYLE_COLOUR('',#13523);
#13723 = CURVE_STYLE('',#13724,POSITIVE_LENGTH_MEASURE(0.1),#13523);
#13724 = DRAUGHTING_PRE_DEFINED_CURVE_FONT('continuous');
#13725 = STYLED_ITEM('color',(#13726),#885);
#13726 = PRESENTATION_STYLE_ASSIGNMENT((#13727,#13732));
#13727 = SURFACE_STYLE_USAGE(.BOTH.,#13728);
#13728 = SURFACE_SIDE_STYLE('',(#13729));
#13729 = SURFACE_STYLE_FILL_AREA(#13730);
#13730 = FILL_AREA_STYLE('',(#13731));
#13731 = FILL_AREA_STYLE_COLOUR('',#13523);
#13732 = CURVE_STYLE('',#13733,POSITIVE_LENGTH_MEASURE(0.1),#13523);
#13733 = DRAUGHTING_PRE_DEFINED_CURVE_FONT('continuous');
#13734 = STYLED_ITEM('color',(#13735),#902);
#13735 = PRESENTATION_STYLE_ASSIGNMENT((#13736,#13741));
#13736 = SURFACE_STYLE_USAGE(.BOTH.,#13737);
#13737 = SURFACE_SIDE_STYLE('',(#13738));
#13738 = SURFACE_STYLE_FILL_AREA(#13739);
#13739 = FILL_AREA_STYLE('',(#13740));
#13740 = FILL_AREA_STYLE_COLOUR('',#13650);
#13741 = CURVE_STYLE('',#13742,POSITIVE_LENGTH_MEASURE(0.1),#13650);
#13742 = DRAUGHTING_PRE_DEFINED_CURVE_FONT('continuous');
#13743 = STYLED_ITEM('color',(#13744),#931);
#13744 = PRESENTATION_STYLE_ASSIGNMENT((#13745,#13750));
#13745 = SURFACE_STYLE_USAGE(.BOTH.,#13746);
#13746 = SURFACE_SIDE_STYLE('',(#13747));
#13747 = SURFACE_STYLE_FILL_AREA(#13748);
#13748 = FILL_AREA_STYLE('',(#13749));
#13749 = FILL_AREA_STYLE_COLOUR('',#13523);
#13750 = CURVE_STYLE('',#13751,POSITIVE_LENGTH_MEASURE(0.1),#13523);
#13751 = DRAUGHTING_PRE_DEFINED_CURVE_FONT('continuous');
#13752 = STYLED_ITEM('color',(#13753),#985);
#13753 = PRESENTATION_STYLE_ASSIGNMENT((#13754,#13759));
#13754 = SURFACE_STYLE_USAGE(.BOTH.,#13755);
#13755 = SURFACE_SIDE_STYLE('',(#13756));
#13756 = SURFACE_STYLE_FILL_AREA(#13757);
#13757 = FILL_AREA_STYLE('',(#13758));
#13758 = FILL_AREA_STYLE_COLOUR('',#13523);
#13759 = CURVE_STYLE('',#13760,POSITIVE_LENGTH_MEASURE(0.1),#13523);
#13760 = DRAUGHTING_PRE_DEFINED_CURVE_FONT('continuous');
#13761 = STYLED_ITEM('color',(#13762),#1008);
#13762 = PRESENTATION_STYLE_ASSIGNMENT((#13763,#13768));
#13763 = SURFACE_STYLE_USAGE(.BOTH.,#13764);
#13764 = SURFACE_SIDE_STYLE('',(#13765));
#13765 = SURFACE_STYLE_FILL_AREA(#13766);
#13766 = FILL_AREA_STYLE('',(#13767));
#13767 = FILL_AREA_STYLE_COLOUR('',#13523);
#13768 = CURVE_STYLE('',#13769,POSITIVE_LENGTH_MEASURE(0.1),#13523);
#13769 = DRAUGHTING_PRE_DEFINED_CURVE_FONT('continuous');
#13770 = STYLED_ITEM('color',(#13771),#1031);
#13771 = PRESENTATION_STYLE_ASSIGNMENT((#13772,#13777));
#13772 = SURFACE_STYLE_USAGE(.BOTH.,#13773);
#13773 = SURFACE_SIDE_STYLE('',(#13774));
#13774 = SURFACE_STYLE_FILL_AREA(#13775);
#13775 = FILL_AREA_STYLE('',(#13776));
#13776 = FILL_AREA_STYLE_COLOUR('',#13523);
#13777 = CURVE_STYLE('',#13778,POSITIVE_LENGTH_MEASURE(0.1),#13523);
#13778 = DRAUGHTING_PRE_DEFINED_CURVE_FONT('continuous');
#13779 = STYLED_ITEM('color',(#13780),#1054);
#13780 = PRESENTATION_STYLE_ASSIGNMENT((#13781,#13786));
#13781 = SURFACE_STYLE_USAGE(.BOTH.,#13782);
#13782 = SURFACE_SIDE_STYLE('',(#13783));
#13783 = SURFACE_STYLE_FILL_AREA(#13784);
#13784 = FILL_AREA_STYLE('',(#13785));
#13785 = FILL_AREA_STYLE_COLOUR('',#13523);
#13786 = CURVE_STYLE('',#13787,POSITIVE_LENGTH_MEASURE(0.1),#13523);
#13787 = DRAUGHTING_PRE_DEFINED_CURVE_FONT('continuous');
#13788 = STYLED_ITEM('color',(#13789),#1093);
#13789 = PRESENTATION_STYLE_ASSIGNMENT((#13790,#13795));
#13790 = SURFACE_STYLE_USAGE(.BOTH.,#13791);
#13791 = SURFACE_SIDE_STYLE('',(#13792));
#13792 = SURFACE_STYLE_FILL_AREA(#13793);
#13793 = FILL_AREA_STYLE('',(#13794));
#13794 = FILL_AREA_STYLE_COLOUR('',#13650);
#13795 = CURVE_STYLE('',#13796,POSITIVE_LENGTH_MEASURE(0.1),#13650);
#13796 = DRAUGHTING_PRE_DEFINED_CURVE_FONT('continuous');
#13797 = STYLED_ITEM('color',(#13798),#1115);
#13798 = PRESENTATION_STYLE_ASSIGNMENT((#13799,#13804));
#13799 = SURFACE_STYLE_USAGE(.BOTH.,#13800);
#13800 = SURFACE_SIDE_STYLE('',(#13801));
#13801 = SURFACE_STYLE_FILL_AREA(#13802);
#13802 = FILL_AREA_STYLE('',(#13803));
#13803 = FILL_AREA_STYLE_COLOUR('',#13523);
#13804 = CURVE_STYLE('',#13805,POSITIVE_LENGTH_MEASURE(0.1),#13523);
#13805 = DRAUGHTING_PRE_DEFINED_CURVE_FONT('continuous');
#13806 = STYLED_ITEM('color',(#13807),#1159);
#13807 = PRESENTATION_STYLE_ASSIGNMENT((#13808,#13813));
#13808 = SURFACE_STYLE_USAGE(.BOTH.,#13809);
#13809 = SURFACE_SIDE_STYLE('',(#13810));
#13810 = SURFACE_STYLE_FILL_AREA(#13811);
#13811 = FILL_AREA_STYLE('',(#13812));
#13812 = FILL_AREA_STYLE_COLOUR('',#13650);
#13813 = CURVE_STYLE('',#13814,POSITIVE_LENGTH_MEASURE(0.1),#13650);
#13814 = DRAUGHTING_PRE_DEFINED_CURVE_FONT('continuous');
#13815 = STYLED_ITEM('color',(#13816),#1234);
#13816 = PRESENTATION_STYLE_ASSIGNMENT((#13817,#13822));
#13817 = SURFACE_STYLE_USAGE(.BOTH.,#13818);
#13818 = SURFACE_SIDE_STYLE('',(#13819));
#13819 = SURFACE_STYLE_FILL_AREA(#13820);
#13820 = FILL_AREA_STYLE('',(#13821));
#13821 = FILL_AREA_STYLE_COLOUR('',#13650);
#13822 = CURVE_STYLE('',#13823,POSITIVE_LENGTH_MEASURE(0.1),#13650);
#13823 = DRAUGHTING_PRE_DEFINED_CURVE_FONT('continuous');
#13824 = STYLED_ITEM('color',(#13825),#1258);
#13825 = PRESENTATION_STYLE_ASSIGNMENT((#13826,#13831));
#13826 = SURFACE_STYLE_USAGE(.BOTH.,#13827);
#13827 = SURFACE_SIDE_STYLE('',(#13828));
#13828 = SURFACE_STYLE_FILL_AREA(#13829);
#13829 = FILL_AREA_STYLE('',(#13830));
#13830 = FILL_AREA_STYLE_COLOUR('',#13650);
#13831 = CURVE_STYLE('',#13832,POSITIVE_LENGTH_MEASURE(0.1),#13650);
#13832 = DRAUGHTING_PRE_DEFINED_CURVE_FONT('continuous');
#13833 = STYLED_ITEM('color',(#13834),#1326);
#13834 = PRESENTATION_STYLE_ASSIGNMENT((#13835,#13840));
#13835 = SURFACE_STYLE_USAGE(.BOTH.,#13836);
#13836 = SURFACE_SIDE_STYLE('',(#13837));
#13837 = SURFACE_STYLE_FILL_AREA(#13838);
#13838 = FILL_AREA_STYLE('',(#13839));
#13839 = FILL_AREA_STYLE_COLOUR('',#13523);
#13840 = CURVE_STYLE('',#13841,POSITIVE_LENGTH_MEASURE(0.1),#13523);
#13841 = DRAUGHTING_PRE_DEFINED_CURVE_FONT('continuous');
#13842 = STYLED_ITEM('color',(#13843),#1343);
#13843 = PRESENTATION_STYLE_ASSIGNMENT((#13844,#13849));
#13844 = SURFACE_STYLE_USAGE(.BOTH.,#13845);
#13845 = SURFACE_SIDE_STYLE('',(#13846));
#13846 = SURFACE_STYLE_FILL_AREA(#13847);
#13847 = FILL_AREA_STYLE('',(#13848));
#13848 = FILL_AREA_STYLE_COLOUR('',#13650);
#13849 = CURVE_STYLE('',#13850,POSITIVE_LENGTH_MEASURE(0.1),#13650);
#13850 = DRAUGHTING_PRE_DEFINED_CURVE_FONT('continuous');
#13851 = STYLED_ITEM('color',(#13852),#1418);
#13852 = PRESENTATION_STYLE_ASSIGNMENT((#13853,#13858));
#13853 = SURFACE_STYLE_USAGE(.BOTH.,#13854);
#13854 = SURFACE_SIDE_STYLE('',(#13855));
#13855 = SURFACE_STYLE_FILL_AREA(#13856);
#13856 = FILL_AREA_STYLE('',(#13857));
#13857 = FILL_AREA_STYLE_COLOUR('',#13650);
#13858 = CURVE_STYLE('',#13859,POSITIVE_LENGTH_MEASURE(0.1),#13650);
#13859 = DRAUGHTING_PRE_DEFINED_CURVE_FONT('continuous');
#13860 = STYLED_ITEM('color',(#13861),#1442);
#13861 = PRESENTATION_STYLE_ASSIGNMENT((#13862,#13867));
#13862 = SURFACE_STYLE_USAGE(.BOTH.,#13863);
#13863 = SURFACE_SIDE_STYLE('',(#13864));
#13864 = SURFACE_STYLE_FILL_AREA(#13865);
#13865 = FILL_AREA_STYLE('',(#13866));
#13866 = FILL_AREA_STYLE_COLOUR('',#13650);
#13867 = CURVE_STYLE('',#13868,POSITIVE_LENGTH_MEASURE(0.1),#13650);
#13868 = DRAUGHTING_PRE_DEFINED_CURVE_FONT('continuous');
#13869 = STYLED_ITEM('color',(#13870),#1510);
#13870 = PRESENTATION_STYLE_ASSIGNMENT((#13871,#13876));
#13871 = SURFACE_STYLE_USAGE(.BOTH.,#13872);
#13872 = SURFACE_SIDE_STYLE('',(#13873));
#13873 = SURFACE_STYLE_FILL_AREA(#13874);
#13874 = FILL_AREA_STYLE('',(#13875));
#13875 = FILL_AREA_STYLE_COLOUR('',#13650);
#13876 = CURVE_STYLE('',#13877,POSITIVE_LENGTH_MEASURE(0.1),#13650);
#13877 = DRAUGHTING_PRE_DEFINED_CURVE_FONT('continuous');
#13878 = STYLED_ITEM('color',(#13879),#1585);
#13879 = PRESENTATION_STYLE_ASSIGNMENT((#13880,#13885));
#13880 = SURFACE_STYLE_USAGE(.BOTH.,#13881);
#13881 = SURFACE_SIDE_STYLE('',(#13882));
#13882 = SURFACE_STYLE_FILL_AREA(#13883);
#13883 = FILL_AREA_STYLE('',(#13884));
#13884 = FILL_AREA_STYLE_COLOUR('',#13650);
#13885 = CURVE_STYLE('',#13886,POSITIVE_LENGTH_MEASURE(0.1),#13650);
#13886 = DRAUGHTING_PRE_DEFINED_CURVE_FONT('continuous');
#13887 = STYLED_ITEM('color',(#13888),#1609);
#13888 = PRESENTATION_STYLE_ASSIGNMENT((#13889,#13894));
#13889 = SURFACE_STYLE_USAGE(.BOTH.,#13890);
#13890 = SURFACE_SIDE_STYLE('',(#13891));
#13891 = SURFACE_STYLE_FILL_AREA(#13892);
#13892 = FILL_AREA_STYLE('',(#13893));
#13893 = FILL_AREA_STYLE_COLOUR('',#13650);
#13894 = CURVE_STYLE('',#13895,POSITIVE_LENGTH_MEASURE(0.1),#13650);
#13895 = DRAUGHTING_PRE_DEFINED_CURVE_FONT('continuous');
#13896 = STYLED_ITEM('color',(#13897),#1677);
#13897 = PRESENTATION_STYLE_ASSIGNMENT((#13898,#13903));
#13898 = SURFACE_STYLE_USAGE(.BOTH.,#13899);
#13899 = SURFACE_SIDE_STYLE('',(#13900));
#13900 = SURFACE_STYLE_FILL_AREA(#13901);
#13901 = FILL_AREA_STYLE('',(#13902));
#13902 = FILL_AREA_STYLE_COLOUR('',#13650);
#13903 = CURVE_STYLE('',#13904,POSITIVE_LENGTH_MEASURE(0.1),#13650);
#13904 = DRAUGHTING_PRE_DEFINED_CURVE_FONT('continuous');
#13905 = STYLED_ITEM('color',(#13906),#1694);
#13906 = PRESENTATION_STYLE_ASSIGNMENT((#13907,#13912));
#13907 = SURFACE_STYLE_USAGE(.BOTH.,#13908);
#13908 = SURFACE_SIDE_STYLE('',(#13909));
#13909 = SURFACE_STYLE_FILL_AREA(#13910);
#13910 = FILL_AREA_STYLE('',(#13911));
#13911 = FILL_AREA_STYLE_COLOUR('',#13650);
#13912 = CURVE_STYLE('',#13913,POSITIVE_LENGTH_MEASURE(0.1),#13650);
#13913 = DRAUGHTING_PRE_DEFINED_CURVE_FONT('continuous');
#13914 = STYLED_ITEM('color',(#13915),#1711);
#13915 = PRESENTATION_STYLE_ASSIGNMENT((#13916,#13921));
#13916 = SURFACE_STYLE_USAGE(.BOTH.,#13917);
#13917 = SURFACE_SIDE_STYLE('',(#13918));
#13918 = SURFACE_STYLE_FILL_AREA(#13919);
#13919 = FILL_AREA_STYLE('',(#13920));
#13920 = FILL_AREA_STYLE_COLOUR('',#13523);
#13921 = CURVE_STYLE('',#13922,POSITIVE_LENGTH_MEASURE(0.1),#13523);
#13922 = DRAUGHTING_PRE_DEFINED_CURVE_FONT('continuous');
#13923 = STYLED_ITEM('color',(#13924),#1757);
#13924 = PRESENTATION_STYLE_ASSIGNMENT((#13925,#13930));
#13925 = SURFACE_STYLE_USAGE(.BOTH.,#13926);
#13926 = SURFACE_SIDE_STYLE('',(#13927));
#13927 = SURFACE_STYLE_FILL_AREA(#13928);
#13928 = FILL_AREA_STYLE('',(#13929));
#13929 = FILL_AREA_STYLE_COLOUR('',#13523);
#13930 = CURVE_STYLE('',#13931,POSITIVE_LENGTH_MEASURE(0.1),#13523);
#13931 = DRAUGHTING_PRE_DEFINED_CURVE_FONT('continuous');
#13932 = STYLED_ITEM('color',(#13933),#1773);
#13933 = PRESENTATION_STYLE_ASSIGNMENT((#13934,#13939));
#13934 = SURFACE_STYLE_USAGE(.BOTH.,#13935);
#13935 = SURFACE_SIDE_STYLE('',(#13936));
#13936 = SURFACE_STYLE_FILL_AREA(#13937);
#13937 = FILL_AREA_STYLE('',(#13938));
#13938 = FILL_AREA_STYLE_COLOUR('',#13523);
#13939 = CURVE_STYLE('',#13940,POSITIVE_LENGTH_MEASURE(0.1),#13523);
#13940 = DRAUGHTING_PRE_DEFINED_CURVE_FONT('continuous');
#13941 = STYLED_ITEM('color',(#13942),#1789);
#13942 = PRESENTATION_STYLE_ASSIGNMENT((#13943,#13948));
#13943 = SURFACE_STYLE_USAGE(.BOTH.,#13944);
#13944 = SURFACE_SIDE_STYLE('',(#13945));
#13945 = SURFACE_STYLE_FILL_AREA(#13946);
#13946 = FILL_AREA_STYLE('',(#13947));
#13947 = FILL_AREA_STYLE_COLOUR('',#13650);
#13948 = CURVE_STYLE('',#13949,POSITIVE_LENGTH_MEASURE(0.1),#13650);
#13949 = DRAUGHTING_PRE_DEFINED_CURVE_FONT('continuous');
#13950 = STYLED_ITEM('color',(#13951),#1806);
#13951 = PRESENTATION_STYLE_ASSIGNMENT((#13952,#13957));
#13952 = SURFACE_STYLE_USAGE(.BOTH.,#13953);
#13953 = SURFACE_SIDE_STYLE('',(#13954));
#13954 = SURFACE_STYLE_FILL_AREA(#13955);
#13955 = FILL_AREA_STYLE('',(#13956));
#13956 = FILL_AREA_STYLE_COLOUR('',#13523);
#13957 = CURVE_STYLE('',#13958,POSITIVE_LENGTH_MEASURE(0.1),#13523);
#13958 = DRAUGHTING_PRE_DEFINED_CURVE_FONT('continuous');
#13959 = STYLED_ITEM('color',(#13960),#1818);
#13960 = PRESENTATION_STYLE_ASSIGNMENT((#13961,#13966));
#13961 = SURFACE_STYLE_USAGE(.BOTH.,#13962);
#13962 = SURFACE_SIDE_STYLE('',(#13963));
#13963 = SURFACE_STYLE_FILL_AREA(#13964);
#13964 = FILL_AREA_STYLE('',(#13965));
#13965 = FILL_AREA_STYLE_COLOUR('',#13650);
#13966 = CURVE_STYLE('',#13967,POSITIVE_LENGTH_MEASURE(0.1),#13650);
#13967 = DRAUGHTING_PRE_DEFINED_CURVE_FONT('continuous');
#13968 = STYLED_ITEM('color',(#13969),#1835);
#13969 = PRESENTATION_STYLE_ASSIGNMENT((#13970,#13975));
#13970 = SURFACE_STYLE_USAGE(.BOTH.,#13971);
#13971 = SURFACE_SIDE_STYLE('',(#13972));
#13972 = SURFACE_STYLE_FILL_AREA(#13973);
#13973 = FILL_AREA_STYLE('',(#13974));
#13974 = FILL_AREA_STYLE_COLOUR('',#13650);
#13975 = CURVE_STYLE('',#13976,POSITIVE_LENGTH_MEASURE(0.1),#13650);
#13976 = DRAUGHTING_PRE_DEFINED_CURVE_FONT('continuous');
#13977 = STYLED_ITEM('color',(#13978),#1852);
#13978 = PRESENTATION_STYLE_ASSIGNMENT((#13979,#13984));
#13979 = SURFACE_STYLE_USAGE(.BOTH.,#13980);
#13980 = SURFACE_SIDE_STYLE('',(#13981));
#13981 = SURFACE_STYLE_FILL_AREA(#13982);
#13982 = FILL_AREA_STYLE('',(#13983));
#13983 = FILL_AREA_STYLE_COLOUR('',#13650);
#13984 = CURVE_STYLE('',#13985,POSITIVE_LENGTH_MEASURE(0.1),#13650);
#13985 = DRAUGHTING_PRE_DEFINED_CURVE_FONT('continuous');
#13986 = STYLED_ITEM('color',(#13987),#1869);
#13987 = PRESENTATION_STYLE_ASSIGNMENT((#13988,#13993));
#13988 = SURFACE_STYLE_USAGE(.BOTH.,#13989);
#13989 = SURFACE_SIDE_STYLE('',(#13990));
#13990 = SURFACE_STYLE_FILL_AREA(#13991);
#13991 = FILL_AREA_STYLE('',(#13992));
#13992 = FILL_AREA_STYLE_COLOUR('',#13650);
#13993 = CURVE_STYLE('',#13994,POSITIVE_LENGTH_MEASURE(0.1),#13650);
#13994 = DRAUGHTING_PRE_DEFINED_CURVE_FONT('continuous');
#13995 = STYLED_ITEM('color',(#13996),#1886);
#13996 = PRESENTATION_STYLE_ASSIGNMENT((#13997,#14002));
#13997 = SURFACE_STYLE_USAGE(.BOTH.,#13998);
#13998 = SURFACE_SIDE_STYLE('',(#13999));
#13999 = SURFACE_STYLE_FILL_AREA(#14000);
#14000 = FILL_AREA_STYLE('',(#14001));
#14001 = FILL_AREA_STYLE_COLOUR('',#13650);
#14002 = CURVE_STYLE('',#14003,POSITIVE_LENGTH_MEASURE(0.1),#13650);
#14003 = DRAUGHTING_PRE_DEFINED_CURVE_FONT('continuous');
#14004 = STYLED_ITEM('color',(#14005),#1903);
#14005 = PRESENTATION_STYLE_ASSIGNMENT((#14006,#14011));
#14006 = SURFACE_STYLE_USAGE(.BOTH.,#14007);
#14007 = SURFACE_SIDE_STYLE('',(#14008));
#14008 = SURFACE_STYLE_FILL_AREA(#14009);
#14009 = FILL_AREA_STYLE('',(#14010));
#14010 = FILL_AREA_STYLE_COLOUR('',#13650);
#14011 = CURVE_STYLE('',#14012,POSITIVE_LENGTH_MEASURE(0.1),#13650);
#14012 = DRAUGHTING_PRE_DEFINED_CURVE_FONT('continuous');
#14013 = STYLED_ITEM('color',(#14014),#1920);
#14014 = PRESENTATION_STYLE_ASSIGNMENT((#14015,#14020));
#14015 = SURFACE_STYLE_USAGE(.BOTH.,#14016);
#14016 = SURFACE_SIDE_STYLE('',(#14017));
#14017 = SURFACE_STYLE_FILL_AREA(#14018);
#14018 = FILL_AREA_STYLE('',(#14019));
#14019 = FILL_AREA_STYLE_COLOUR('',#13650);
#14020 = CURVE_STYLE('',#14021,POSITIVE_LENGTH_MEASURE(0.1),#13650);
#14021 = DRAUGHTING_PRE_DEFINED_CURVE_FONT('continuous');
#14022 = STYLED_ITEM('color',(#14023),#1932);
#14023 = PRESENTATION_STYLE_ASSIGNMENT((#14024,#14029));
#14024 = SURFACE_STYLE_USAGE(.BOTH.,#14025);
#14025 = SURFACE_SIDE_STYLE('',(#14026));
#14026 = SURFACE_STYLE_FILL_AREA(#14027);
#14027 = FILL_AREA_STYLE('',(#14028));
#14028 = FILL_AREA_STYLE_COLOUR('',#13650);
#14029 = CURVE_STYLE('',#14030,POSITIVE_LENGTH_MEASURE(0.1),#13650);
#14030 = DRAUGHTING_PRE_DEFINED_CURVE_FONT('continuous');
#14031 = STYLED_ITEM('color',(#14032),#1949);
#14032 = PRESENTATION_STYLE_ASSIGNMENT((#14033,#14038));
#14033 = SURFACE_STYLE_USAGE(.BOTH.,#14034);
#14034 = SURFACE_SIDE_STYLE('',(#14035));
#14035 = SURFACE_STYLE_FILL_AREA(#14036);
#14036 = FILL_AREA_STYLE('',(#14037));
#14037 = FILL_AREA_STYLE_COLOUR('',#13650);
#14038 = CURVE_STYLE('',#14039,POSITIVE_LENGTH_MEASURE(0.1),#13650);
#14039 = DRAUGHTING_PRE_DEFINED_CURVE_FONT('continuous');
#14040 = STYLED_ITEM('color',(#14041),#1966);
#14041 = PRESENTATION_STYLE_ASSIGNMENT((#14042,#14047));
#14042 = SURFACE_STYLE_USAGE(.BOTH.,#14043);
#14043 = SURFACE_SIDE_STYLE('',(#14044));
#14044 = SURFACE_STYLE_FILL_AREA(#14045);
#14045 = FILL_AREA_STYLE('',(#14046));
#14046 = FILL_AREA_STYLE_COLOUR('',#13650);
#14047 = CURVE_STYLE('',#14048,POSITIVE_LENGTH_MEASURE(0.1),#13650);
#14048 = DRAUGHTING_PRE_DEFINED_CURVE_FONT('continuous');
#14049 = STYLED_ITEM('color',(#14050),#1983);
#14050 = PRESENTATION_STYLE_ASSIGNMENT((#14051,#14056));
#14051 = SURFACE_STYLE_USAGE(.BOTH.,#14052);
#14052 = SURFACE_SIDE_STYLE('',(#14053));
#14053 = SURFACE_STYLE_FILL_AREA(#14054);
#14054 = FILL_AREA_STYLE('',(#14055));
#14055 = FILL_AREA_STYLE_COLOUR('',#13650);
#14056 = CURVE_STYLE('',#14057,POSITIVE_LENGTH_MEASURE(0.1),#13650);
#14057 = DRAUGHTING_PRE_DEFINED_CURVE_FONT('continuous');
#14058 = STYLED_ITEM('color',(#14059),#2000);
#14059 = PRESENTATION_STYLE_ASSIGNMENT((#14060,#14065));
#14060 = SURFACE_STYLE_USAGE(.BOTH.,#14061);
#14061 = SURFACE_SIDE_STYLE('',(#14062));
#14062 = SURFACE_STYLE_FILL_AREA(#14063);
#14063 = FILL_AREA_STYLE('',(#14064));
#14064 = FILL_AREA_STYLE_COLOUR('',#13650);
#14065 = CURVE_STYLE('',#14066,POSITIVE_LENGTH_MEASURE(0.1),#13650);
#14066 = DRAUGHTING_PRE_DEFINED_CURVE_FONT('continuous');
#14067 = STYLED_ITEM('color',(#14068),#2017);
#14068 = PRESENTATION_STYLE_ASSIGNMENT((#14069,#14074));
#14069 = SURFACE_STYLE_USAGE(.BOTH.,#14070);
#14070 = SURFACE_SIDE_STYLE('',(#14071));
#14071 = SURFACE_STYLE_FILL_AREA(#14072);
#14072 = FILL_AREA_STYLE('',(#14073));
#14073 = FILL_AREA_STYLE_COLOUR('',#13650);
#14074 = CURVE_STYLE('',#14075,POSITIVE_LENGTH_MEASURE(0.1),#13650);
#14075 = DRAUGHTING_PRE_DEFINED_CURVE_FONT('continuous');
#14076 = STYLED_ITEM('color',(#14077),#2029);
#14077 = PRESENTATION_STYLE_ASSIGNMENT((#14078,#14083));
#14078 = SURFACE_STYLE_USAGE(.BOTH.,#14079);
#14079 = SURFACE_SIDE_STYLE('',(#14080));
#14080 = SURFACE_STYLE_FILL_AREA(#14081);
#14081 = FILL_AREA_STYLE('',(#14082));
#14082 = FILL_AREA_STYLE_COLOUR('',#13650);
#14083 = CURVE_STYLE('',#14084,POSITIVE_LENGTH_MEASURE(0.1),#13650);
#14084 = DRAUGHTING_PRE_DEFINED_CURVE_FONT('continuous');
#14085 = STYLED_ITEM('color',(#14086),#2046);
#14086 = PRESENTATION_STYLE_ASSIGNMENT((#14087,#14092));
#14087 = SURFACE_STYLE_USAGE(.BOTH.,#14088);
#14088 = SURFACE_SIDE_STYLE('',(#14089));
#14089 = SURFACE_STYLE_FILL_AREA(#14090);
#14090 = FILL_AREA_STYLE('',(#14091));
#14091 = FILL_AREA_STYLE_COLOUR('',#13650);
#14092 = CURVE_STYLE('',#14093,POSITIVE_LENGTH_MEASURE(0.1),#13650);
#14093 = DRAUGHTING_PRE_DEFINED_CURVE_FONT('continuous');
#14094 = STYLED_ITEM('color',(#14095),#2063);
#14095 = PRESENTATION_STYLE_ASSIGNMENT((#14096,#14101));
#14096 = SURFACE_STYLE_USAGE(.BOTH.,#14097);
#14097 = SURFACE_SIDE_STYLE('',(#14098));
#14098 = SURFACE_STYLE_FILL_AREA(#14099);
#14099 = FILL_AREA_STYLE('',(#14100));
#14100 = FILL_AREA_STYLE_COLOUR('',#13650);
#14101 = CURVE_STYLE('',#14102,POSITIVE_LENGTH_MEASURE(0.1),#13650);
#14102 = DRAUGHTING_PRE_DEFINED_CURVE_FONT('continuous');
#14103 = STYLED_ITEM('color',(#14104),#2080);
#14104 = PRESENTATION_STYLE_ASSIGNMENT((#14105,#14110));
#14105 = SURFACE_STYLE_USAGE(.BOTH.,#14106);
#14106 = SURFACE_SIDE_STYLE('',(#14107));
#14107 = SURFACE_STYLE_FILL_AREA(#14108);
#14108 = FILL_AREA_STYLE('',(#14109));
#14109 = FILL_AREA_STYLE_COLOUR('',#13650);
#14110 = CURVE_STYLE('',#14111,POSITIVE_LENGTH_MEASURE(0.1),#13650);
#14111 = DRAUGHTING_PRE_DEFINED_CURVE_FONT('continuous');
#14112 = STYLED_ITEM('color',(#14113),#2097);
#14113 = PRESENTATION_STYLE_ASSIGNMENT((#14114,#14119));
#14114 = SURFACE_STYLE_USAGE(.BOTH.,#14115);
#14115 = SURFACE_SIDE_STYLE('',(#14116));
#14116 = SURFACE_STYLE_FILL_AREA(#14117);
#14117 = FILL_AREA_STYLE('',(#14118));
#14118 = FILL_AREA_STYLE_COLOUR('',#13650);
#14119 = CURVE_STYLE('',#14120,POSITIVE_LENGTH_MEASURE(0.1),#13650);
#14120 = DRAUGHTING_PRE_DEFINED_CURVE_FONT('continuous');
#14121 = STYLED_ITEM('color',(#14122),#2114);
#14122 = PRESENTATION_STYLE_ASSIGNMENT((#14123,#14128));
#14123 = SURFACE_STYLE_USAGE(.BOTH.,#14124);
#14124 = SURFACE_SIDE_STYLE('',(#14125));
#14125 = SURFACE_STYLE_FILL_AREA(#14126);
#14126 = FILL_AREA_STYLE('',(#14127));
#14127 = FILL_AREA_STYLE_COLOUR('',#13650);
#14128 = CURVE_STYLE('',#14129,POSITIVE_LENGTH_MEASURE(0.1),#13650);
#14129 = DRAUGHTING_PRE_DEFINED_CURVE_FONT('continuous');
#14130 = STYLED_ITEM('color',(#14131),#2126);
#14131 = PRESENTATION_STYLE_ASSIGNMENT((#14132,#14138));
#14132 = SURFACE_STYLE_USAGE(.BOTH.,#14133);
#14133 = SURFACE_SIDE_STYLE('',(#14134));
#14134 = SURFACE_STYLE_FILL_AREA(#14135);
#14135 = FILL_AREA_STYLE('',(#14136));
#14136 = FILL_AREA_STYLE_COLOUR('',#14137);
#14137 = COLOUR_RGB('',0.690999998585,0.664000007176,0.597999987832);
#14138 = CURVE_STYLE('',#14139,POSITIVE_LENGTH_MEASURE(0.1),#14137);
#14139 = DRAUGHTING_PRE_DEFINED_CURVE_FONT('continuous');
#14140 = MECHANICAL_DESIGN_GEOMETRIC_PRESENTATION_REPRESENTATION('',(
    #14141,#14148,#14155,#14162,#14169,#14176,#14183,#14190,#14198,
    #14205,#14212,#14219,#14226,#14233,#14241,#14248,#14255,#14262,
    #14269,#14276,#14283,#14290,#14297,#14304,#14311,#14318),#2944);
#14141 = STYLED_ITEM('color',(#14142),#2156);
#14142 = PRESENTATION_STYLE_ASSIGNMENT((#14143));
#14143 = SURFACE_STYLE_USAGE(.BOTH.,#14144);
#14144 = SURFACE_SIDE_STYLE('',(#14145));
#14145 = SURFACE_STYLE_FILL_AREA(#14146);
#14146 = FILL_AREA_STYLE('',(#14147));
#14147 = FILL_AREA_STYLE_COLOUR('',#13650);
#14148 = STYLED_ITEM('color',(#14149),#2196);
#14149 = PRESENTATION_STYLE_ASSIGNMENT((#14150));
#14150 = SURFACE_STYLE_USAGE(.BOTH.,#14151);
#14151 = SURFACE_SIDE_STYLE('',(#14152));
#14152 = SURFACE_STYLE_FILL_AREA(#14153);
#14153 = FILL_AREA_STYLE('',(#14154));
#14154 = FILL_AREA_STYLE_COLOUR('',#13650);
#14155 = STYLED_ITEM('color',(#14156),#2279);
#14156 = PRESENTATION_STYLE_ASSIGNMENT((#14157));
#14157 = SURFACE_STYLE_USAGE(.BOTH.,#14158);
#14158 = SURFACE_SIDE_STYLE('',(#14159));
#14159 = SURFACE_STYLE_FILL_AREA(#14160);
#14160 = FILL_AREA_STYLE('',(#14161));
#14161 = FILL_AREA_STYLE_COLOUR('',#13650);
#14162 = STYLED_ITEM('color',(#14163),#2304);
#14163 = PRESENTATION_STYLE_ASSIGNMENT((#14164));
#14164 = SURFACE_STYLE_USAGE(.BOTH.,#14165);
#14165 = SURFACE_SIDE_STYLE('',(#14166));
#14166 = SURFACE_STYLE_FILL_AREA(#14167);
#14167 = FILL_AREA_STYLE('',(#14168));
#14168 = FILL_AREA_STYLE_COLOUR('',#13650);
#14169 = STYLED_ITEM('color',(#14170),#2329);
#14170 = PRESENTATION_STYLE_ASSIGNMENT((#14171));
#14171 = SURFACE_STYLE_USAGE(.BOTH.,#14172);
#14172 = SURFACE_SIDE_STYLE('',(#14173));
#14173 = SURFACE_STYLE_FILL_AREA(#14174);
#14174 = FILL_AREA_STYLE('',(#14175));
#14175 = FILL_AREA_STYLE_COLOUR('',#13650);
#14176 = STYLED_ITEM('color',(#14177),#2396);
#14177 = PRESENTATION_STYLE_ASSIGNMENT((#14178));
#14178 = SURFACE_STYLE_USAGE(.BOTH.,#14179);
#14179 = SURFACE_SIDE_STYLE('',(#14180));
#14180 = SURFACE_STYLE_FILL_AREA(#14181);
#14181 = FILL_AREA_STYLE('',(#14182));
#14182 = FILL_AREA_STYLE_COLOUR('',#13650);
#14183 = STYLED_ITEM('color',(#14184),#2413);
#14184 = PRESENTATION_STYLE_ASSIGNMENT((#14185));
#14185 = SURFACE_STYLE_USAGE(.BOTH.,#14186);
#14186 = SURFACE_SIDE_STYLE('',(#14187));
#14187 = SURFACE_STYLE_FILL_AREA(#14188);
#14188 = FILL_AREA_STYLE('',(#14189));
#14189 = FILL_AREA_STYLE_COLOUR('',#13650);
#14190 = STYLED_ITEM('color',(#14191),#2430);
#14191 = PRESENTATION_STYLE_ASSIGNMENT((#14192));
#14192 = SURFACE_STYLE_USAGE(.BOTH.,#14193);
#14193 = SURFACE_SIDE_STYLE('',(#14194));
#14194 = SURFACE_STYLE_FILL_AREA(#14195);
#14195 = FILL_AREA_STYLE('',(#14196));
#14196 = FILL_AREA_STYLE_COLOUR('',#14197);
#14197 = COLOUR_RGB('',0.894999966383,0.890999961016,0.813000030345);
#14198 = STYLED_ITEM('color',(#14199),#2479);
#14199 = PRESENTATION_STYLE_ASSIGNMENT((#14200));
#14200 = SURFACE_STYLE_USAGE(.BOTH.,#14201);
#14201 = SURFACE_SIDE_STYLE('',(#14202));
#14202 = SURFACE_STYLE_FILL_AREA(#14203);
#14203 = FILL_AREA_STYLE('',(#14204));
#14204 = FILL_AREA_STYLE_COLOUR('',#13650);
#14205 = STYLED_ITEM('color',(#14206),#2496);
#14206 = PRESENTATION_STYLE_ASSIGNMENT((#14207));
#14207 = SURFACE_STYLE_USAGE(.BOTH.,#14208);
#14208 = SURFACE_SIDE_STYLE('',(#14209));
#14209 = SURFACE_STYLE_FILL_AREA(#14210);
#14210 = FILL_AREA_STYLE('',(#14211));
#14211 = FILL_AREA_STYLE_COLOUR('',#13650);
#14212 = STYLED_ITEM('color',(#14213),#2513);
#14213 = PRESENTATION_STYLE_ASSIGNMENT((#14214));
#14214 = SURFACE_STYLE_USAGE(.BOTH.,#14215);
#14215 = SURFACE_SIDE_STYLE('',(#14216));
#14216 = SURFACE_STYLE_FILL_AREA(#14217);
#14217 = FILL_AREA_STYLE('',(#14218));
#14218 = FILL_AREA_STYLE_COLOUR('',#14197);
#14219 = STYLED_ITEM('color',(#14220),#2562);
#14220 = PRESENTATION_STYLE_ASSIGNMENT((#14221));
#14221 = SURFACE_STYLE_USAGE(.BOTH.,#14222);
#14222 = SURFACE_SIDE_STYLE('',(#14223));
#14223 = SURFACE_STYLE_FILL_AREA(#14224);
#14224 = FILL_AREA_STYLE('',(#14225));
#14225 = FILL_AREA_STYLE_COLOUR('',#14197);
#14226 = STYLED_ITEM('color',(#14227),#2579);
#14227 = PRESENTATION_STYLE_ASSIGNMENT((#14228));
#14228 = SURFACE_STYLE_USAGE(.BOTH.,#14229);
#14229 = SURFACE_SIDE_STYLE('',(#14230));
#14230 = SURFACE_STYLE_FILL_AREA(#14231);
#14231 = FILL_AREA_STYLE('',(#14232));
#14232 = FILL_AREA_STYLE_COLOUR('',#13650);
#14233 = STYLED_ITEM('color',(#14234),#2648);
#14234 = PRESENTATION_STYLE_ASSIGNMENT((#14235));
#14235 = SURFACE_STYLE_USAGE(.BOTH.,#14236);
#14236 = SURFACE_SIDE_STYLE('',(#14237));
#14237 = SURFACE_STYLE_FILL_AREA(#14238);
#14238 = FILL_AREA_STYLE('',(#14239));
#14239 = FILL_AREA_STYLE_COLOUR('',#14240);
#14240 = COLOUR_RGB('',8.200000279077E-02,8.600000121357E-02,
  9.399999706163E-02);
#14241 = STYLED_ITEM('color',(#14242),#2679);
#14242 = PRESENTATION_STYLE_ASSIGNMENT((#14243));
#14243 = SURFACE_STYLE_USAGE(.BOTH.,#14244);
#14244 = SURFACE_SIDE_STYLE('',(#14245));
#14245 = SURFACE_STYLE_FILL_AREA(#14246);
#14246 = FILL_AREA_STYLE('',(#14247));
#14247 = FILL_AREA_STYLE_COLOUR('',#14240);
#14248 = STYLED_ITEM('color',(#14249),#2703);
#14249 = PRESENTATION_STYLE_ASSIGNMENT((#14250));
#14250 = SURFACE_STYLE_USAGE(.BOTH.,#14251);
#14251 = SURFACE_SIDE_STYLE('',(#14252));
#14252 = SURFACE_STYLE_FILL_AREA(#14253);
#14253 = FILL_AREA_STYLE('',(#14254));
#14254 = FILL_AREA_STYLE_COLOUR('',#13650);
#14255 = STYLED_ITEM('color',(#14256),#2772);
#14256 = PRESENTATION_STYLE_ASSIGNMENT((#14257));
#14257 = SURFACE_STYLE_USAGE(.BOTH.,#14258);
#14258 = SURFACE_SIDE_STYLE('',(#14259));
#14259 = SURFACE_STYLE_FILL_AREA(#14260);
#14260 = FILL_AREA_STYLE('',(#14261));
#14261 = FILL_AREA_STYLE_COLOUR('',#14240);
#14262 = STYLED_ITEM('color',(#14263),#2796);
#14263 = PRESENTATION_STYLE_ASSIGNMENT((#14264));
#14264 = SURFACE_STYLE_USAGE(.BOTH.,#14265);
#14265 = SURFACE_SIDE_STYLE('',(#14266));
#14266 = SURFACE_STYLE_FILL_AREA(#14267);
#14267 = FILL_AREA_STYLE('',(#14268));
#14268 = FILL_AREA_STYLE_COLOUR('',#13650);
#14269 = STYLED_ITEM('color',(#14270),#2813);
#14270 = PRESENTATION_STYLE_ASSIGNMENT((#14271));
#14271 = SURFACE_STYLE_USAGE(.BOTH.,#14272);
#14272 = SURFACE_SIDE_STYLE('',(#14273));
#14273 = SURFACE_STYLE_FILL_AREA(#14274);
#14274 = FILL_AREA_STYLE('',(#14275));
#14275 = FILL_AREA_STYLE_COLOUR('',#13650);
#14276 = STYLED_ITEM('color',(#14277),#2830);
#14277 = PRESENTATION_STYLE_ASSIGNMENT((#14278));
#14278 = SURFACE_STYLE_USAGE(.BOTH.,#14279);
#14279 = SURFACE_SIDE_STYLE('',(#14280));
#14280 = SURFACE_STYLE_FILL_AREA(#14281);
#14281 = FILL_AREA_STYLE('',(#14282));
#14282 = FILL_AREA_STYLE_COLOUR('',#13650);
#14283 = STYLED_ITEM('color',(#14284),#2847);
#14284 = PRESENTATION_STYLE_ASSIGNMENT((#14285));
#14285 = SURFACE_STYLE_USAGE(.BOTH.,#14286);
#14286 = SURFACE_SIDE_STYLE('',(#14287));
#14287 = SURFACE_STYLE_FILL_AREA(#14288);
#14288 = FILL_AREA_STYLE('',(#14289));
#14289 = FILL_AREA_STYLE_COLOUR('',#13650);
#14290 = STYLED_ITEM('color',(#14291),#2864);
#14291 = PRESENTATION_STYLE_ASSIGNMENT((#14292));
#14292 = SURFACE_STYLE_USAGE(.BOTH.,#14293);
#14293 = SURFACE_SIDE_STYLE('',(#14294));
#14294 = SURFACE_STYLE_FILL_AREA(#14295);
#14295 = FILL_AREA_STYLE('',(#14296));
#14296 = FILL_AREA_STYLE_COLOUR('',#13650);
#14297 = STYLED_ITEM('color',(#14298),#2881);
#14298 = PRESENTATION_STYLE_ASSIGNMENT((#14299));
#14299 = SURFACE_STYLE_USAGE(.BOTH.,#14300);
#14300 = SURFACE_SIDE_STYLE('',(#14301));
#14301 = SURFACE_STYLE_FILL_AREA(#14302);
#14302 = FILL_AREA_STYLE('',(#14303));
#14303 = FILL_AREA_STYLE_COLOUR('',#13650);
#14304 = STYLED_ITEM('color',(#14305),#2898);
#14305 = PRESENTATION_STYLE_ASSIGNMENT((#14306));
#14306 = SURFACE_STYLE_USAGE(.BOTH.,#14307);
#14307 = SURFACE_SIDE_STYLE('',(#14308));
#14308 = SURFACE_STYLE_FILL_AREA(#14309);
#14309 = FILL_AREA_STYLE('',(#14310));
#14310 = FILL_AREA_STYLE_COLOUR('',#13650);
#14311 = STYLED_ITEM('color',(#14312),#2915);
#14312 = PRESENTATION_STYLE_ASSIGNMENT((#14313));
#14313 = SURFACE_STYLE_USAGE(.BOTH.,#14314);
#14314 = SURFACE_SIDE_STYLE('',(#14315));
#14315 = SURFACE_STYLE_FILL_AREA(#14316);
#14316 = FILL_AREA_STYLE('',(#14317));
#14317 = FILL_AREA_STYLE_COLOUR('',#14240);
#14318 = STYLED_ITEM('color',(#14319),#2932);
#14319 = PRESENTATION_STYLE_ASSIGNMENT((#14320));
#14320 = SURFACE_STYLE_USAGE(.BOTH.,#14321);
#14321 = SURFACE_SIDE_STYLE('',(#14322));
#14322 = SURFACE_STYLE_FILL_AREA(#14323);
#14323 = FILL_AREA_STYLE('',(#14324));
#14324 = FILL_AREA_STYLE_COLOUR('',#14240);
#14325 = MECHANICAL_DESIGN_GEOMETRIC_PRESENTATION_REPRESENTATION('',(
    #14326),#13504);
#14326 = STYLED_ITEM('color',(#14327),#11576);
#14327 = PRESENTATION_STYLE_ASSIGNMENT((#14328));
#14328 = SURFACE_STYLE_USAGE(.BOTH.,#14329);
#14329 = SURFACE_SIDE_STYLE('',(#14330));
#14330 = SURFACE_STYLE_FILL_AREA(#14331);
#14331 = FILL_AREA_STYLE('',(#14332));
#14332 = FILL_AREA_STYLE_COLOUR('',#14333);
#14333 = COLOUR_RGB('',0.313304153717,0.484529207832,0.410020903123);
#14334 = MECHANICAL_DESIGN_GEOMETRIC_PRESENTATION_REPRESENTATION('',(
    #14335,#14343,#14350,#14357,#14364,#14371,#14378,#14385,#14392,
    #14399,#14406,#14413,#14420,#14427,#14434,#14441,#14448,#14455,
    #14462,#14469,#14476,#14483,#14490,#14497,#14504,#14511,#14518,
    #14525,#14532,#14539,#14546,#14553,#14560,#14567,#14574,#14581,
    #14588,#14595,#14602,#14609,#14616,#14623,#14630,#14637,#14644,
    #14651,#14658,#14665,#14672,#14679,#14686,#14693,#14700,#14708,
    #14715,#14722,#14729,#14736,#14743,#14750,#14757,#14764,#14771,
    #14778,#14785,#14792,#14799,#14806,#14813,#14820,#14827,#14834,
    #14841,#14848,#14855,#14862,#14869,#14876,#14883,#14890,#14897,
    #14904,#14911,#14918,#14925,#14932,#14939,#14946,#14953,#14960,
    #14967,#14974,#14981,#14988,#14995,#15002,#15009,#15016,#15023,
    #15030,#15037,#15044,#15051,#15058,#15065,#15072,#15079,#15086,
    #15093,#15100,#15107,#15114,#15121,#15128,#15135,#15142,#15149,
    #15156,#15163,#15170,#15177,#15184,#15191,#15198,#15205,#15212,
    #15219,#15226,#15233,#15240,#15247,#15254,#15261,#15268,#15275,
    #15282,#15289,#15296,#15303,#15310,#15317,#15324,#15331,#15338,
    #15345,#15352,#15359,#15366,#15373,#15380,#15387,#15394,#15401,
    #15408,#15415,#15422,#15429,#15436,#15443,#15450,#15457,#15464,
    #15471,#15478,#15485,#15492,#15499,#15506,#15513,#15520,#15527,
    #15534,#15541,#15548,#15555,#15562,#15569,#15576,#15583,#15590,
    #15597,#15604,#15611,#15618,#15625,#15632,#15639,#15646,#15653,
    #15660,#15667,#15674,#15681,#15688,#15695,#15702),#10066);
#14335 = STYLED_ITEM('color',(#14336),#4592);
#14336 = PRESENTATION_STYLE_ASSIGNMENT((#14337));
#14337 = SURFACE_STYLE_USAGE(.BOTH.,#14338);
#14338 = SURFACE_SIDE_STYLE('',(#14339));
#14339 = SURFACE_STYLE_FILL_AREA(#14340);
#14340 = FILL_AREA_STYLE('',(#14341));
#14341 = FILL_AREA_STYLE_COLOUR('',#14342);
#14342 = COLOUR_RGB('',0.147999998088,0.144999993226,0.144999993226);
#14343 = STYLED_ITEM('color',(#14344),#4632);
#14344 = PRESENTATION_STYLE_ASSIGNMENT((#14345));
#14345 = SURFACE_STYLE_USAGE(.BOTH.,#14346);
#14346 = SURFACE_SIDE_STYLE('',(#14347));
#14347 = SURFACE_STYLE_FILL_AREA(#14348);
#14348 = FILL_AREA_STYLE('',(#14349));
#14349 = FILL_AREA_STYLE_COLOUR('',#14342);
#14350 = STYLED_ITEM('color',(#14351),#4663);
#14351 = PRESENTATION_STYLE_ASSIGNMENT((#14352));
#14352 = SURFACE_STYLE_USAGE(.BOTH.,#14353);
#14353 = SURFACE_SIDE_STYLE('',(#14354));
#14354 = SURFACE_STYLE_FILL_AREA(#14355);
#14355 = FILL_AREA_STYLE('',(#14356));
#14356 = FILL_AREA_STYLE_COLOUR('',#14342);
#14357 = STYLED_ITEM('color',(#14358),#4694);
#14358 = PRESENTATION_STYLE_ASSIGNMENT((#14359));
#14359 = SURFACE_STYLE_USAGE(.BOTH.,#14360);
#14360 = SURFACE_SIDE_STYLE('',(#14361));
#14361 = SURFACE_STYLE_FILL_AREA(#14362);
#14362 = FILL_AREA_STYLE('',(#14363));
#14363 = FILL_AREA_STYLE_COLOUR('',#14342);
#14364 = STYLED_ITEM('color',(#14365),#5351);
#14365 = PRESENTATION_STYLE_ASSIGNMENT((#14366));
#14366 = SURFACE_STYLE_USAGE(.BOTH.,#14367);
#14367 = SURFACE_SIDE_STYLE('',(#14368));
#14368 = SURFACE_STYLE_FILL_AREA(#14369);
#14369 = FILL_AREA_STYLE('',(#14370));
#14370 = FILL_AREA_STYLE_COLOUR('',#14342);
#14371 = STYLED_ITEM('color',(#14372),#6008);
#14372 = PRESENTATION_STYLE_ASSIGNMENT((#14373));
#14373 = SURFACE_STYLE_USAGE(.BOTH.,#14374);
#14374 = SURFACE_SIDE_STYLE('',(#14375));
#14375 = SURFACE_STYLE_FILL_AREA(#14376);
#14376 = FILL_AREA_STYLE('',(#14377));
#14377 = FILL_AREA_STYLE_COLOUR('',#14342);
#14378 = STYLED_ITEM('color',(#14379),#6025);
#14379 = PRESENTATION_STYLE_ASSIGNMENT((#14380));
#14380 = SURFACE_STYLE_USAGE(.BOTH.,#14381);
#14381 = SURFACE_SIDE_STYLE('',(#14382));
#14382 = SURFACE_STYLE_FILL_AREA(#14383);
#14383 = FILL_AREA_STYLE('',(#14384));
#14384 = FILL_AREA_STYLE_COLOUR('',#14342);
#14385 = STYLED_ITEM('color',(#14386),#6042);
#14386 = PRESENTATION_STYLE_ASSIGNMENT((#14387));
#14387 = SURFACE_STYLE_USAGE(.BOTH.,#14388);
#14388 = SURFACE_SIDE_STYLE('',(#14389));
#14389 = SURFACE_STYLE_FILL_AREA(#14390);
#14390 = FILL_AREA_STYLE('',(#14391));
#14391 = FILL_AREA_STYLE_COLOUR('',#14342);
#14392 = STYLED_ITEM('color',(#14393),#6059);
#14393 = PRESENTATION_STYLE_ASSIGNMENT((#14394));
#14394 = SURFACE_STYLE_USAGE(.BOTH.,#14395);
#14395 = SURFACE_SIDE_STYLE('',(#14396));
#14396 = SURFACE_STYLE_FILL_AREA(#14397);
#14397 = FILL_AREA_STYLE('',(#14398));
#14398 = FILL_AREA_STYLE_COLOUR('',#14342);
#14399 = STYLED_ITEM('color',(#14400),#6076);
#14400 = PRESENTATION_STYLE_ASSIGNMENT((#14401));
#14401 = SURFACE_STYLE_USAGE(.BOTH.,#14402);
#14402 = SURFACE_SIDE_STYLE('',(#14403));
#14403 = SURFACE_STYLE_FILL_AREA(#14404);
#14404 = FILL_AREA_STYLE('',(#14405));
#14405 = FILL_AREA_STYLE_COLOUR('',#14342);
#14406 = STYLED_ITEM('color',(#14407),#6093);
#14407 = PRESENTATION_STYLE_ASSIGNMENT((#14408));
#14408 = SURFACE_STYLE_USAGE(.BOTH.,#14409);
#14409 = SURFACE_SIDE_STYLE('',(#14410));
#14410 = SURFACE_STYLE_FILL_AREA(#14411);
#14411 = FILL_AREA_STYLE('',(#14412));
#14412 = FILL_AREA_STYLE_COLOUR('',#14342);
#14413 = STYLED_ITEM('color',(#14414),#6110);
#14414 = PRESENTATION_STYLE_ASSIGNMENT((#14415));
#14415 = SURFACE_STYLE_USAGE(.BOTH.,#14416);
#14416 = SURFACE_SIDE_STYLE('',(#14417));
#14417 = SURFACE_STYLE_FILL_AREA(#14418);
#14418 = FILL_AREA_STYLE('',(#14419));
#14419 = FILL_AREA_STYLE_COLOUR('',#14342);
#14420 = STYLED_ITEM('color',(#14421),#6127);
#14421 = PRESENTATION_STYLE_ASSIGNMENT((#14422));
#14422 = SURFACE_STYLE_USAGE(.BOTH.,#14423);
#14423 = SURFACE_SIDE_STYLE('',(#14424));
#14424 = SURFACE_STYLE_FILL_AREA(#14425);
#14425 = FILL_AREA_STYLE('',(#14426));
#14426 = FILL_AREA_STYLE_COLOUR('',#14342);
#14427 = STYLED_ITEM('color',(#14428),#6144);
#14428 = PRESENTATION_STYLE_ASSIGNMENT((#14429));
#14429 = SURFACE_STYLE_USAGE(.BOTH.,#14430);
#14430 = SURFACE_SIDE_STYLE('',(#14431));
#14431 = SURFACE_STYLE_FILL_AREA(#14432);
#14432 = FILL_AREA_STYLE('',(#14433));
#14433 = FILL_AREA_STYLE_COLOUR('',#14342);
#14434 = STYLED_ITEM('color',(#14435),#6161);
#14435 = PRESENTATION_STYLE_ASSIGNMENT((#14436));
#14436 = SURFACE_STYLE_USAGE(.BOTH.,#14437);
#14437 = SURFACE_SIDE_STYLE('',(#14438));
#14438 = SURFACE_STYLE_FILL_AREA(#14439);
#14439 = FILL_AREA_STYLE('',(#14440));
#14440 = FILL_AREA_STYLE_COLOUR('',#14342);
#14441 = STYLED_ITEM('color',(#14442),#6178);
#14442 = PRESENTATION_STYLE_ASSIGNMENT((#14443));
#14443 = SURFACE_STYLE_USAGE(.BOTH.,#14444);
#14444 = SURFACE_SIDE_STYLE('',(#14445));
#14445 = SURFACE_STYLE_FILL_AREA(#14446);
#14446 = FILL_AREA_STYLE('',(#14447));
#14447 = FILL_AREA_STYLE_COLOUR('',#14342);
#14448 = STYLED_ITEM('color',(#14449),#6195);
#14449 = PRESENTATION_STYLE_ASSIGNMENT((#14450));
#14450 = SURFACE_STYLE_USAGE(.BOTH.,#14451);
#14451 = SURFACE_SIDE_STYLE('',(#14452));
#14452 = SURFACE_STYLE_FILL_AREA(#14453);
#14453 = FILL_AREA_STYLE('',(#14454));
#14454 = FILL_AREA_STYLE_COLOUR('',#14342);
#14455 = STYLED_ITEM('color',(#14456),#6212);
#14456 = PRESENTATION_STYLE_ASSIGNMENT((#14457));
#14457 = SURFACE_STYLE_USAGE(.BOTH.,#14458);
#14458 = SURFACE_SIDE_STYLE('',(#14459));
#14459 = SURFACE_STYLE_FILL_AREA(#14460);
#14460 = FILL_AREA_STYLE('',(#14461));
#14461 = FILL_AREA_STYLE_COLOUR('',#14342);
#14462 = STYLED_ITEM('color',(#14463),#6229);
#14463 = PRESENTATION_STYLE_ASSIGNMENT((#14464));
#14464 = SURFACE_STYLE_USAGE(.BOTH.,#14465);
#14465 = SURFACE_SIDE_STYLE('',(#14466));
#14466 = SURFACE_STYLE_FILL_AREA(#14467);
#14467 = FILL_AREA_STYLE('',(#14468));
#14468 = FILL_AREA_STYLE_COLOUR('',#14342);
#14469 = STYLED_ITEM('color',(#14470),#6246);
#14470 = PRESENTATION_STYLE_ASSIGNMENT((#14471));
#14471 = SURFACE_STYLE_USAGE(.BOTH.,#14472);
#14472 = SURFACE_SIDE_STYLE('',(#14473));
#14473 = SURFACE_STYLE_FILL_AREA(#14474);
#14474 = FILL_AREA_STYLE('',(#14475));
#14475 = FILL_AREA_STYLE_COLOUR('',#14342);
#14476 = STYLED_ITEM('color',(#14477),#6263);
#14477 = PRESENTATION_STYLE_ASSIGNMENT((#14478));
#14478 = SURFACE_STYLE_USAGE(.BOTH.,#14479);
#14479 = SURFACE_SIDE_STYLE('',(#14480));
#14480 = SURFACE_STYLE_FILL_AREA(#14481);
#14481 = FILL_AREA_STYLE('',(#14482));
#14482 = FILL_AREA_STYLE_COLOUR('',#14342);
#14483 = STYLED_ITEM('color',(#14484),#6280);
#14484 = PRESENTATION_STYLE_ASSIGNMENT((#14485));
#14485 = SURFACE_STYLE_USAGE(.BOTH.,#14486);
#14486 = SURFACE_SIDE_STYLE('',(#14487));
#14487 = SURFACE_STYLE_FILL_AREA(#14488);
#14488 = FILL_AREA_STYLE('',(#14489));
#14489 = FILL_AREA_STYLE_COLOUR('',#14342);
#14490 = STYLED_ITEM('color',(#14491),#6297);
#14491 = PRESENTATION_STYLE_ASSIGNMENT((#14492));
#14492 = SURFACE_STYLE_USAGE(.BOTH.,#14493);
#14493 = SURFACE_SIDE_STYLE('',(#14494));
#14494 = SURFACE_STYLE_FILL_AREA(#14495);
#14495 = FILL_AREA_STYLE('',(#14496));
#14496 = FILL_AREA_STYLE_COLOUR('',#14342);
#14497 = STYLED_ITEM('color',(#14498),#6314);
#14498 = PRESENTATION_STYLE_ASSIGNMENT((#14499));
#14499 = SURFACE_STYLE_USAGE(.BOTH.,#14500);
#14500 = SURFACE_SIDE_STYLE('',(#14501));
#14501 = SURFACE_STYLE_FILL_AREA(#14502);
#14502 = FILL_AREA_STYLE('',(#14503));
#14503 = FILL_AREA_STYLE_COLOUR('',#14342);
#14504 = STYLED_ITEM('color',(#14505),#6331);
#14505 = PRESENTATION_STYLE_ASSIGNMENT((#14506));
#14506 = SURFACE_STYLE_USAGE(.BOTH.,#14507);
#14507 = SURFACE_SIDE_STYLE('',(#14508));
#14508 = SURFACE_STYLE_FILL_AREA(#14509);
#14509 = FILL_AREA_STYLE('',(#14510));
#14510 = FILL_AREA_STYLE_COLOUR('',#14342);
#14511 = STYLED_ITEM('color',(#14512),#6348);
#14512 = PRESENTATION_STYLE_ASSIGNMENT((#14513));
#14513 = SURFACE_STYLE_USAGE(.BOTH.,#14514);
#14514 = SURFACE_SIDE_STYLE('',(#14515));
#14515 = SURFACE_STYLE_FILL_AREA(#14516);
#14516 = FILL_AREA_STYLE('',(#14517));
#14517 = FILL_AREA_STYLE_COLOUR('',#14342);
#14518 = STYLED_ITEM('color',(#14519),#6365);
#14519 = PRESENTATION_STYLE_ASSIGNMENT((#14520));
#14520 = SURFACE_STYLE_USAGE(.BOTH.,#14521);
#14521 = SURFACE_SIDE_STYLE('',(#14522));
#14522 = SURFACE_STYLE_FILL_AREA(#14523);
#14523 = FILL_AREA_STYLE('',(#14524));
#14524 = FILL_AREA_STYLE_COLOUR('',#14342);
#14525 = STYLED_ITEM('color',(#14526),#6382);
#14526 = PRESENTATION_STYLE_ASSIGNMENT((#14527));
#14527 = SURFACE_STYLE_USAGE(.BOTH.,#14528);
#14528 = SURFACE_SIDE_STYLE('',(#14529));
#14529 = SURFACE_STYLE_FILL_AREA(#14530);
#14530 = FILL_AREA_STYLE('',(#14531));
#14531 = FILL_AREA_STYLE_COLOUR('',#14342);
#14532 = STYLED_ITEM('color',(#14533),#6399);
#14533 = PRESENTATION_STYLE_ASSIGNMENT((#14534));
#14534 = SURFACE_STYLE_USAGE(.BOTH.,#14535);
#14535 = SURFACE_SIDE_STYLE('',(#14536));
#14536 = SURFACE_STYLE_FILL_AREA(#14537);
#14537 = FILL_AREA_STYLE('',(#14538));
#14538 = FILL_AREA_STYLE_COLOUR('',#14342);
#14539 = STYLED_ITEM('color',(#14540),#6416);
#14540 = PRESENTATION_STYLE_ASSIGNMENT((#14541));
#14541 = SURFACE_STYLE_USAGE(.BOTH.,#14542);
#14542 = SURFACE_SIDE_STYLE('',(#14543));
#14543 = SURFACE_STYLE_FILL_AREA(#14544);
#14544 = FILL_AREA_STYLE('',(#14545));
#14545 = FILL_AREA_STYLE_COLOUR('',#14342);
#14546 = STYLED_ITEM('color',(#14547),#6433);
#14547 = PRESENTATION_STYLE_ASSIGNMENT((#14548));
#14548 = SURFACE_STYLE_USAGE(.BOTH.,#14549);
#14549 = SURFACE_SIDE_STYLE('',(#14550));
#14550 = SURFACE_STYLE_FILL_AREA(#14551);
#14551 = FILL_AREA_STYLE('',(#14552));
#14552 = FILL_AREA_STYLE_COLOUR('',#14342);
#14553 = STYLED_ITEM('color',(#14554),#6450);
#14554 = PRESENTATION_STYLE_ASSIGNMENT((#14555));
#14555 = SURFACE_STYLE_USAGE(.BOTH.,#14556);
#14556 = SURFACE_SIDE_STYLE('',(#14557));
#14557 = SURFACE_STYLE_FILL_AREA(#14558);
#14558 = FILL_AREA_STYLE('',(#14559));
#14559 = FILL_AREA_STYLE_COLOUR('',#14342);
#14560 = STYLED_ITEM('color',(#14561),#6467);
#14561 = PRESENTATION_STYLE_ASSIGNMENT((#14562));
#14562 = SURFACE_STYLE_USAGE(.BOTH.,#14563);
#14563 = SURFACE_SIDE_STYLE('',(#14564));
#14564 = SURFACE_STYLE_FILL_AREA(#14565);
#14565 = FILL_AREA_STYLE('',(#14566));
#14566 = FILL_AREA_STYLE_COLOUR('',#14342);
#14567 = STYLED_ITEM('color',(#14568),#6484);
#14568 = PRESENTATION_STYLE_ASSIGNMENT((#14569));
#14569 = SURFACE_STYLE_USAGE(.BOTH.,#14570);
#14570 = SURFACE_SIDE_STYLE('',(#14571));
#14571 = SURFACE_STYLE_FILL_AREA(#14572);
#14572 = FILL_AREA_STYLE('',(#14573));
#14573 = FILL_AREA_STYLE_COLOUR('',#14342);
#14574 = STYLED_ITEM('color',(#14575),#6501);
#14575 = PRESENTATION_STYLE_ASSIGNMENT((#14576));
#14576 = SURFACE_STYLE_USAGE(.BOTH.,#14577);
#14577 = SURFACE_SIDE_STYLE('',(#14578));
#14578 = SURFACE_STYLE_FILL_AREA(#14579);
#14579 = FILL_AREA_STYLE('',(#14580));
#14580 = FILL_AREA_STYLE_COLOUR('',#14342);
#14581 = STYLED_ITEM('color',(#14582),#6518);
#14582 = PRESENTATION_STYLE_ASSIGNMENT((#14583));
#14583 = SURFACE_STYLE_USAGE(.BOTH.,#14584);
#14584 = SURFACE_SIDE_STYLE('',(#14585));
#14585 = SURFACE_STYLE_FILL_AREA(#14586);
#14586 = FILL_AREA_STYLE('',(#14587));
#14587 = FILL_AREA_STYLE_COLOUR('',#14342);
#14588 = STYLED_ITEM('color',(#14589),#6535);
#14589 = PRESENTATION_STYLE_ASSIGNMENT((#14590));
#14590 = SURFACE_STYLE_USAGE(.BOTH.,#14591);
#14591 = SURFACE_SIDE_STYLE('',(#14592));
#14592 = SURFACE_STYLE_FILL_AREA(#14593);
#14593 = FILL_AREA_STYLE('',(#14594));
#14594 = FILL_AREA_STYLE_COLOUR('',#14342);
#14595 = STYLED_ITEM('color',(#14596),#6552);
#14596 = PRESENTATION_STYLE_ASSIGNMENT((#14597));
#14597 = SURFACE_STYLE_USAGE(.BOTH.,#14598);
#14598 = SURFACE_SIDE_STYLE('',(#14599));
#14599 = SURFACE_STYLE_FILL_AREA(#14600);
#14600 = FILL_AREA_STYLE('',(#14601));
#14601 = FILL_AREA_STYLE_COLOUR('',#14342);
#14602 = STYLED_ITEM('color',(#14603),#6569);
#14603 = PRESENTATION_STYLE_ASSIGNMENT((#14604));
#14604 = SURFACE_STYLE_USAGE(.BOTH.,#14605);
#14605 = SURFACE_SIDE_STYLE('',(#14606));
#14606 = SURFACE_STYLE_FILL_AREA(#14607);
#14607 = FILL_AREA_STYLE('',(#14608));
#14608 = FILL_AREA_STYLE_COLOUR('',#14342);
#14609 = STYLED_ITEM('color',(#14610),#6586);
#14610 = PRESENTATION_STYLE_ASSIGNMENT((#14611));
#14611 = SURFACE_STYLE_USAGE(.BOTH.,#14612);
#14612 = SURFACE_SIDE_STYLE('',(#14613));
#14613 = SURFACE_STYLE_FILL_AREA(#14614);
#14614 = FILL_AREA_STYLE('',(#14615));
#14615 = FILL_AREA_STYLE_COLOUR('',#14342);
#14616 = STYLED_ITEM('color',(#14617),#6603);
#14617 = PRESENTATION_STYLE_ASSIGNMENT((#14618));
#14618 = SURFACE_STYLE_USAGE(.BOTH.,#14619);
#14619 = SURFACE_SIDE_STYLE('',(#14620));
#14620 = SURFACE_STYLE_FILL_AREA(#14621);
#14621 = FILL_AREA_STYLE('',(#14622));
#14622 = FILL_AREA_STYLE_COLOUR('',#14342);
#14623 = STYLED_ITEM('color',(#14624),#6620);
#14624 = PRESENTATION_STYLE_ASSIGNMENT((#14625));
#14625 = SURFACE_STYLE_USAGE(.BOTH.,#14626);
#14626 = SURFACE_SIDE_STYLE('',(#14627));
#14627 = SURFACE_STYLE_FILL_AREA(#14628);
#14628 = FILL_AREA_STYLE('',(#14629));
#14629 = FILL_AREA_STYLE_COLOUR('',#14342);
#14630 = STYLED_ITEM('color',(#14631),#6637);
#14631 = PRESENTATION_STYLE_ASSIGNMENT((#14632));
#14632 = SURFACE_STYLE_USAGE(.BOTH.,#14633);
#14633 = SURFACE_SIDE_STYLE('',(#14634));
#14634 = SURFACE_STYLE_FILL_AREA(#14635);
#14635 = FILL_AREA_STYLE('',(#14636));
#14636 = FILL_AREA_STYLE_COLOUR('',#14342);
#14637 = STYLED_ITEM('color',(#14638),#6654);
#14638 = PRESENTATION_STYLE_ASSIGNMENT((#14639));
#14639 = SURFACE_STYLE_USAGE(.BOTH.,#14640);
#14640 = SURFACE_SIDE_STYLE('',(#14641));
#14641 = SURFACE_STYLE_FILL_AREA(#14642);
#14642 = FILL_AREA_STYLE('',(#14643));
#14643 = FILL_AREA_STYLE_COLOUR('',#14342);
#14644 = STYLED_ITEM('color',(#14645),#6671);
#14645 = PRESENTATION_STYLE_ASSIGNMENT((#14646));
#14646 = SURFACE_STYLE_USAGE(.BOTH.,#14647);
#14647 = SURFACE_SIDE_STYLE('',(#14648));
#14648 = SURFACE_STYLE_FILL_AREA(#14649);
#14649 = FILL_AREA_STYLE('',(#14650));
#14650 = FILL_AREA_STYLE_COLOUR('',#14342);
#14651 = STYLED_ITEM('color',(#14652),#6688);
#14652 = PRESENTATION_STYLE_ASSIGNMENT((#14653));
#14653 = SURFACE_STYLE_USAGE(.BOTH.,#14654);
#14654 = SURFACE_SIDE_STYLE('',(#14655));
#14655 = SURFACE_STYLE_FILL_AREA(#14656);
#14656 = FILL_AREA_STYLE('',(#14657));
#14657 = FILL_AREA_STYLE_COLOUR('',#14342);
#14658 = STYLED_ITEM('color',(#14659),#6705);
#14659 = PRESENTATION_STYLE_ASSIGNMENT((#14660));
#14660 = SURFACE_STYLE_USAGE(.BOTH.,#14661);
#14661 = SURFACE_SIDE_STYLE('',(#14662));
#14662 = SURFACE_STYLE_FILL_AREA(#14663);
#14663 = FILL_AREA_STYLE('',(#14664));
#14664 = FILL_AREA_STYLE_COLOUR('',#14342);
#14665 = STYLED_ITEM('color',(#14666),#6722);
#14666 = PRESENTATION_STYLE_ASSIGNMENT((#14667));
#14667 = SURFACE_STYLE_USAGE(.BOTH.,#14668);
#14668 = SURFACE_SIDE_STYLE('',(#14669));
#14669 = SURFACE_STYLE_FILL_AREA(#14670);
#14670 = FILL_AREA_STYLE('',(#14671));
#14671 = FILL_AREA_STYLE_COLOUR('',#14342);
#14672 = STYLED_ITEM('color',(#14673),#6739);
#14673 = PRESENTATION_STYLE_ASSIGNMENT((#14674));
#14674 = SURFACE_STYLE_USAGE(.BOTH.,#14675);
#14675 = SURFACE_SIDE_STYLE('',(#14676));
#14676 = SURFACE_STYLE_FILL_AREA(#14677);
#14677 = FILL_AREA_STYLE('',(#14678));
#14678 = FILL_AREA_STYLE_COLOUR('',#14342);
#14679 = STYLED_ITEM('color',(#14680),#6756);
#14680 = PRESENTATION_STYLE_ASSIGNMENT((#14681));
#14681 = SURFACE_STYLE_USAGE(.BOTH.,#14682);
#14682 = SURFACE_SIDE_STYLE('',(#14683));
#14683 = SURFACE_STYLE_FILL_AREA(#14684);
#14684 = FILL_AREA_STYLE('',(#14685));
#14685 = FILL_AREA_STYLE_COLOUR('',#14342);
#14686 = STYLED_ITEM('color',(#14687),#6773);
#14687 = PRESENTATION_STYLE_ASSIGNMENT((#14688));
#14688 = SURFACE_STYLE_USAGE(.BOTH.,#14689);
#14689 = SURFACE_SIDE_STYLE('',(#14690));
#14690 = SURFACE_STYLE_FILL_AREA(#14691);
#14691 = FILL_AREA_STYLE('',(#14692));
#14692 = FILL_AREA_STYLE_COLOUR('',#14342);
#14693 = STYLED_ITEM('color',(#14694),#6790);
#14694 = PRESENTATION_STYLE_ASSIGNMENT((#14695));
#14695 = SURFACE_STYLE_USAGE(.BOTH.,#14696);
#14696 = SURFACE_SIDE_STYLE('',(#14697));
#14697 = SURFACE_STYLE_FILL_AREA(#14698);
#14698 = FILL_AREA_STYLE('',(#14699));
#14699 = FILL_AREA_STYLE_COLOUR('',#14342);
#14700 = STYLED_ITEM('color',(#14701),#6802);
#14701 = PRESENTATION_STYLE_ASSIGNMENT((#14702));
#14702 = SURFACE_STYLE_USAGE(.BOTH.,#14703);
#14703 = SURFACE_SIDE_STYLE('',(#14704));
#14704 = SURFACE_STYLE_FILL_AREA(#14705);
#14705 = FILL_AREA_STYLE('',(#14706));
#14706 = FILL_AREA_STYLE_COLOUR('',#14707);
#14707 = COLOUR_RGB('',0.859000020776,0.737999965183,0.495999988746);
#14708 = STYLED_ITEM('color',(#14709),#6833);
#14709 = PRESENTATION_STYLE_ASSIGNMENT((#14710));
#14710 = SURFACE_STYLE_USAGE(.BOTH.,#14711);
#14711 = SURFACE_SIDE_STYLE('',(#14712));
#14712 = SURFACE_STYLE_FILL_AREA(#14713);
#14713 = FILL_AREA_STYLE('',(#14714));
#14714 = FILL_AREA_STYLE_COLOUR('',#14707);
#14715 = STYLED_ITEM('color',(#14716),#6857);
#14716 = PRESENTATION_STYLE_ASSIGNMENT((#14717));
#14717 = SURFACE_STYLE_USAGE(.BOTH.,#14718);
#14718 = SURFACE_SIDE_STYLE('',(#14719));
#14719 = SURFACE_STYLE_FILL_AREA(#14720);
#14720 = FILL_AREA_STYLE('',(#14721));
#14721 = FILL_AREA_STYLE_COLOUR('',#14707);
#14722 = STYLED_ITEM('color',(#14723),#6881);
#14723 = PRESENTATION_STYLE_ASSIGNMENT((#14724));
#14724 = SURFACE_STYLE_USAGE(.BOTH.,#14725);
#14725 = SURFACE_SIDE_STYLE('',(#14726));
#14726 = SURFACE_STYLE_FILL_AREA(#14727);
#14727 = FILL_AREA_STYLE('',(#14728));
#14728 = FILL_AREA_STYLE_COLOUR('',#14707);
#14729 = STYLED_ITEM('color',(#14730),#6898);
#14730 = PRESENTATION_STYLE_ASSIGNMENT((#14731));
#14731 = SURFACE_STYLE_USAGE(.BOTH.,#14732);
#14732 = SURFACE_SIDE_STYLE('',(#14733));
#14733 = SURFACE_STYLE_FILL_AREA(#14734);
#14734 = FILL_AREA_STYLE('',(#14735));
#14735 = FILL_AREA_STYLE_COLOUR('',#14707);
#14736 = STYLED_ITEM('color',(#14737),#6929);
#14737 = PRESENTATION_STYLE_ASSIGNMENT((#14738));
#14738 = SURFACE_STYLE_USAGE(.BOTH.,#14739);
#14739 = SURFACE_SIDE_STYLE('',(#14740));
#14740 = SURFACE_STYLE_FILL_AREA(#14741);
#14741 = FILL_AREA_STYLE('',(#14742));
#14742 = FILL_AREA_STYLE_COLOUR('',#14707);
#14743 = STYLED_ITEM('color',(#14744),#6953);
#14744 = PRESENTATION_STYLE_ASSIGNMENT((#14745));
#14745 = SURFACE_STYLE_USAGE(.BOTH.,#14746);
#14746 = SURFACE_SIDE_STYLE('',(#14747));
#14747 = SURFACE_STYLE_FILL_AREA(#14748);
#14748 = FILL_AREA_STYLE('',(#14749));
#14749 = FILL_AREA_STYLE_COLOUR('',#14707);
#14750 = STYLED_ITEM('color',(#14751),#6977);
#14751 = PRESENTATION_STYLE_ASSIGNMENT((#14752));
#14752 = SURFACE_STYLE_USAGE(.BOTH.,#14753);
#14753 = SURFACE_SIDE_STYLE('',(#14754));
#14754 = SURFACE_STYLE_FILL_AREA(#14755);
#14755 = FILL_AREA_STYLE('',(#14756));
#14756 = FILL_AREA_STYLE_COLOUR('',#14707);
#14757 = STYLED_ITEM('color',(#14758),#6994);
#14758 = PRESENTATION_STYLE_ASSIGNMENT((#14759));
#14759 = SURFACE_STYLE_USAGE(.BOTH.,#14760);
#14760 = SURFACE_SIDE_STYLE('',(#14761));
#14761 = SURFACE_STYLE_FILL_AREA(#14762);
#14762 = FILL_AREA_STYLE('',(#14763));
#14763 = FILL_AREA_STYLE_COLOUR('',#14707);
#14764 = STYLED_ITEM('color',(#14765),#7025);
#14765 = PRESENTATION_STYLE_ASSIGNMENT((#14766));
#14766 = SURFACE_STYLE_USAGE(.BOTH.,#14767);
#14767 = SURFACE_SIDE_STYLE('',(#14768));
#14768 = SURFACE_STYLE_FILL_AREA(#14769);
#14769 = FILL_AREA_STYLE('',(#14770));
#14770 = FILL_AREA_STYLE_COLOUR('',#14707);
#14771 = STYLED_ITEM('color',(#14772),#7049);
#14772 = PRESENTATION_STYLE_ASSIGNMENT((#14773));
#14773 = SURFACE_STYLE_USAGE(.BOTH.,#14774);
#14774 = SURFACE_SIDE_STYLE('',(#14775));
#14775 = SURFACE_STYLE_FILL_AREA(#14776);
#14776 = FILL_AREA_STYLE('',(#14777));
#14777 = FILL_AREA_STYLE_COLOUR('',#14707);
#14778 = STYLED_ITEM('color',(#14779),#7073);
#14779 = PRESENTATION_STYLE_ASSIGNMENT((#14780));
#14780 = SURFACE_STYLE_USAGE(.BOTH.,#14781);
#14781 = SURFACE_SIDE_STYLE('',(#14782));
#14782 = SURFACE_STYLE_FILL_AREA(#14783);
#14783 = FILL_AREA_STYLE('',(#14784));
#14784 = FILL_AREA_STYLE_COLOUR('',#14707);
#14785 = STYLED_ITEM('color',(#14786),#7090);
#14786 = PRESENTATION_STYLE_ASSIGNMENT((#14787));
#14787 = SURFACE_STYLE_USAGE(.BOTH.,#14788);
#14788 = SURFACE_SIDE_STYLE('',(#14789));
#14789 = SURFACE_STYLE_FILL_AREA(#14790);
#14790 = FILL_AREA_STYLE('',(#14791));
#14791 = FILL_AREA_STYLE_COLOUR('',#14707);
#14792 = STYLED_ITEM('color',(#14793),#7121);
#14793 = PRESENTATION_STYLE_ASSIGNMENT((#14794));
#14794 = SURFACE_STYLE_USAGE(.BOTH.,#14795);
#14795 = SURFACE_SIDE_STYLE('',(#14796));
#14796 = SURFACE_STYLE_FILL_AREA(#14797);
#14797 = FILL_AREA_STYLE('',(#14798));
#14798 = FILL_AREA_STYLE_COLOUR('',#14707);
#14799 = STYLED_ITEM('color',(#14800),#7145);
#14800 = PRESENTATION_STYLE_ASSIGNMENT((#14801));
#14801 = SURFACE_STYLE_USAGE(.BOTH.,#14802);
#14802 = SURFACE_SIDE_STYLE('',(#14803));
#14803 = SURFACE_STYLE_FILL_AREA(#14804);
#14804 = FILL_AREA_STYLE('',(#14805));
#14805 = FILL_AREA_STYLE_COLOUR('',#14707);
#14806 = STYLED_ITEM('color',(#14807),#7169);
#14807 = PRESENTATION_STYLE_ASSIGNMENT((#14808));
#14808 = SURFACE_STYLE_USAGE(.BOTH.,#14809);
#14809 = SURFACE_SIDE_STYLE('',(#14810));
#14810 = SURFACE_STYLE_FILL_AREA(#14811);
#14811 = FILL_AREA_STYLE('',(#14812));
#14812 = FILL_AREA_STYLE_COLOUR('',#14707);
#14813 = STYLED_ITEM('color',(#14814),#7186);
#14814 = PRESENTATION_STYLE_ASSIGNMENT((#14815));
#14815 = SURFACE_STYLE_USAGE(.BOTH.,#14816);
#14816 = SURFACE_SIDE_STYLE('',(#14817));
#14817 = SURFACE_STYLE_FILL_AREA(#14818);
#14818 = FILL_AREA_STYLE('',(#14819));
#14819 = FILL_AREA_STYLE_COLOUR('',#14707);
#14820 = STYLED_ITEM('color',(#14821),#7217);
#14821 = PRESENTATION_STYLE_ASSIGNMENT((#14822));
#14822 = SURFACE_STYLE_USAGE(.BOTH.,#14823);
#14823 = SURFACE_SIDE_STYLE('',(#14824));
#14824 = SURFACE_STYLE_FILL_AREA(#14825);
#14825 = FILL_AREA_STYLE('',(#14826));
#14826 = FILL_AREA_STYLE_COLOUR('',#14707);
#14827 = STYLED_ITEM('color',(#14828),#7241);
#14828 = PRESENTATION_STYLE_ASSIGNMENT((#14829));
#14829 = SURFACE_STYLE_USAGE(.BOTH.,#14830);
#14830 = SURFACE_SIDE_STYLE('',(#14831));
#14831 = SURFACE_STYLE_FILL_AREA(#14832);
#14832 = FILL_AREA_STYLE('',(#14833));
#14833 = FILL_AREA_STYLE_COLOUR('',#14707);
#14834 = STYLED_ITEM('color',(#14835),#7265);
#14835 = PRESENTATION_STYLE_ASSIGNMENT((#14836));
#14836 = SURFACE_STYLE_USAGE(.BOTH.,#14837);
#14837 = SURFACE_SIDE_STYLE('',(#14838));
#14838 = SURFACE_STYLE_FILL_AREA(#14839);
#14839 = FILL_AREA_STYLE('',(#14840));
#14840 = FILL_AREA_STYLE_COLOUR('',#14707);
#14841 = STYLED_ITEM('color',(#14842),#7282);
#14842 = PRESENTATION_STYLE_ASSIGNMENT((#14843));
#14843 = SURFACE_STYLE_USAGE(.BOTH.,#14844);
#14844 = SURFACE_SIDE_STYLE('',(#14845));
#14845 = SURFACE_STYLE_FILL_AREA(#14846);
#14846 = FILL_AREA_STYLE('',(#14847));
#14847 = FILL_AREA_STYLE_COLOUR('',#14707);
#14848 = STYLED_ITEM('color',(#14849),#7313);
#14849 = PRESENTATION_STYLE_ASSIGNMENT((#14850));
#14850 = SURFACE_STYLE_USAGE(.BOTH.,#14851);
#14851 = SURFACE_SIDE_STYLE('',(#14852));
#14852 = SURFACE_STYLE_FILL_AREA(#14853);
#14853 = FILL_AREA_STYLE('',(#14854));
#14854 = FILL_AREA_STYLE_COLOUR('',#14707);
#14855 = STYLED_ITEM('color',(#14856),#7337);
#14856 = PRESENTATION_STYLE_ASSIGNMENT((#14857));
#14857 = SURFACE_STYLE_USAGE(.BOTH.,#14858);
#14858 = SURFACE_SIDE_STYLE('',(#14859));
#14859 = SURFACE_STYLE_FILL_AREA(#14860);
#14860 = FILL_AREA_STYLE('',(#14861));
#14861 = FILL_AREA_STYLE_COLOUR('',#14707);
#14862 = STYLED_ITEM('color',(#14863),#7361);
#14863 = PRESENTATION_STYLE_ASSIGNMENT((#14864));
#14864 = SURFACE_STYLE_USAGE(.BOTH.,#14865);
#14865 = SURFACE_SIDE_STYLE('',(#14866));
#14866 = SURFACE_STYLE_FILL_AREA(#14867);
#14867 = FILL_AREA_STYLE('',(#14868));
#14868 = FILL_AREA_STYLE_COLOUR('',#14707);
#14869 = STYLED_ITEM('color',(#14870),#7378);
#14870 = PRESENTATION_STYLE_ASSIGNMENT((#14871));
#14871 = SURFACE_STYLE_USAGE(.BOTH.,#14872);
#14872 = SURFACE_SIDE_STYLE('',(#14873));
#14873 = SURFACE_STYLE_FILL_AREA(#14874);
#14874 = FILL_AREA_STYLE('',(#14875));
#14875 = FILL_AREA_STYLE_COLOUR('',#14707);
#14876 = STYLED_ITEM('color',(#14877),#7409);
#14877 = PRESENTATION_STYLE_ASSIGNMENT((#14878));
#14878 = SURFACE_STYLE_USAGE(.BOTH.,#14879);
#14879 = SURFACE_SIDE_STYLE('',(#14880));
#14880 = SURFACE_STYLE_FILL_AREA(#14881);
#14881 = FILL_AREA_STYLE('',(#14882));
#14882 = FILL_AREA_STYLE_COLOUR('',#14707);
#14883 = STYLED_ITEM('color',(#14884),#7433);
#14884 = PRESENTATION_STYLE_ASSIGNMENT((#14885));
#14885 = SURFACE_STYLE_USAGE(.BOTH.,#14886);
#14886 = SURFACE_SIDE_STYLE('',(#14887));
#14887 = SURFACE_STYLE_FILL_AREA(#14888);
#14888 = FILL_AREA_STYLE('',(#14889));
#14889 = FILL_AREA_STYLE_COLOUR('',#14707);
#14890 = STYLED_ITEM('color',(#14891),#7457);
#14891 = PRESENTATION_STYLE_ASSIGNMENT((#14892));
#14892 = SURFACE_STYLE_USAGE(.BOTH.,#14893);
#14893 = SURFACE_SIDE_STYLE('',(#14894));
#14894 = SURFACE_STYLE_FILL_AREA(#14895);
#14895 = FILL_AREA_STYLE('',(#14896));
#14896 = FILL_AREA_STYLE_COLOUR('',#14707);
#14897 = STYLED_ITEM('color',(#14898),#7474);
#14898 = PRESENTATION_STYLE_ASSIGNMENT((#14899));
#14899 = SURFACE_STYLE_USAGE(.BOTH.,#14900);
#14900 = SURFACE_SIDE_STYLE('',(#14901));
#14901 = SURFACE_STYLE_FILL_AREA(#14902);
#14902 = FILL_AREA_STYLE('',(#14903));
#14903 = FILL_AREA_STYLE_COLOUR('',#14707);
#14904 = STYLED_ITEM('color',(#14905),#7505);
#14905 = PRESENTATION_STYLE_ASSIGNMENT((#14906));
#14906 = SURFACE_STYLE_USAGE(.BOTH.,#14907);
#14907 = SURFACE_SIDE_STYLE('',(#14908));
#14908 = SURFACE_STYLE_FILL_AREA(#14909);
#14909 = FILL_AREA_STYLE('',(#14910));
#14910 = FILL_AREA_STYLE_COLOUR('',#14707);
#14911 = STYLED_ITEM('color',(#14912),#7529);
#14912 = PRESENTATION_STYLE_ASSIGNMENT((#14913));
#14913 = SURFACE_STYLE_USAGE(.BOTH.,#14914);
#14914 = SURFACE_SIDE_STYLE('',(#14915));
#14915 = SURFACE_STYLE_FILL_AREA(#14916);
#14916 = FILL_AREA_STYLE('',(#14917));
#14917 = FILL_AREA_STYLE_COLOUR('',#14707);
#14918 = STYLED_ITEM('color',(#14919),#7553);
#14919 = PRESENTATION_STYLE_ASSIGNMENT((#14920));
#14920 = SURFACE_STYLE_USAGE(.BOTH.,#14921);
#14921 = SURFACE_SIDE_STYLE('',(#14922));
#14922 = SURFACE_STYLE_FILL_AREA(#14923);
#14923 = FILL_AREA_STYLE('',(#14924));
#14924 = FILL_AREA_STYLE_COLOUR('',#14707);
#14925 = STYLED_ITEM('color',(#14926),#7570);
#14926 = PRESENTATION_STYLE_ASSIGNMENT((#14927));
#14927 = SURFACE_STYLE_USAGE(.BOTH.,#14928);
#14928 = SURFACE_SIDE_STYLE('',(#14929));
#14929 = SURFACE_STYLE_FILL_AREA(#14930);
#14930 = FILL_AREA_STYLE('',(#14931));
#14931 = FILL_AREA_STYLE_COLOUR('',#14707);
#14932 = STYLED_ITEM('color',(#14933),#7601);
#14933 = PRESENTATION_STYLE_ASSIGNMENT((#14934));
#14934 = SURFACE_STYLE_USAGE(.BOTH.,#14935);
#14935 = SURFACE_SIDE_STYLE('',(#14936));
#14936 = SURFACE_STYLE_FILL_AREA(#14937);
#14937 = FILL_AREA_STYLE('',(#14938));
#14938 = FILL_AREA_STYLE_COLOUR('',#14707);
#14939 = STYLED_ITEM('color',(#14940),#7625);
#14940 = PRESENTATION_STYLE_ASSIGNMENT((#14941));
#14941 = SURFACE_STYLE_USAGE(.BOTH.,#14942);
#14942 = SURFACE_SIDE_STYLE('',(#14943));
#14943 = SURFACE_STYLE_FILL_AREA(#14944);
#14944 = FILL_AREA_STYLE('',(#14945));
#14945 = FILL_AREA_STYLE_COLOUR('',#14707);
#14946 = STYLED_ITEM('color',(#14947),#7649);
#14947 = PRESENTATION_STYLE_ASSIGNMENT((#14948));
#14948 = SURFACE_STYLE_USAGE(.BOTH.,#14949);
#14949 = SURFACE_SIDE_STYLE('',(#14950));
#14950 = SURFACE_STYLE_FILL_AREA(#14951);
#14951 = FILL_AREA_STYLE('',(#14952));
#14952 = FILL_AREA_STYLE_COLOUR('',#14707);
#14953 = STYLED_ITEM('color',(#14954),#7666);
#14954 = PRESENTATION_STYLE_ASSIGNMENT((#14955));
#14955 = SURFACE_STYLE_USAGE(.BOTH.,#14956);
#14956 = SURFACE_SIDE_STYLE('',(#14957));
#14957 = SURFACE_STYLE_FILL_AREA(#14958);
#14958 = FILL_AREA_STYLE('',(#14959));
#14959 = FILL_AREA_STYLE_COLOUR('',#14707);
#14960 = STYLED_ITEM('color',(#14961),#7697);
#14961 = PRESENTATION_STYLE_ASSIGNMENT((#14962));
#14962 = SURFACE_STYLE_USAGE(.BOTH.,#14963);
#14963 = SURFACE_SIDE_STYLE('',(#14964));
#14964 = SURFACE_STYLE_FILL_AREA(#14965);
#14965 = FILL_AREA_STYLE('',(#14966));
#14966 = FILL_AREA_STYLE_COLOUR('',#14707);
#14967 = STYLED_ITEM('color',(#14968),#7721);
#14968 = PRESENTATION_STYLE_ASSIGNMENT((#14969));
#14969 = SURFACE_STYLE_USAGE(.BOTH.,#14970);
#14970 = SURFACE_SIDE_STYLE('',(#14971));
#14971 = SURFACE_STYLE_FILL_AREA(#14972);
#14972 = FILL_AREA_STYLE('',(#14973));
#14973 = FILL_AREA_STYLE_COLOUR('',#14707);
#14974 = STYLED_ITEM('color',(#14975),#7745);
#14975 = PRESENTATION_STYLE_ASSIGNMENT((#14976));
#14976 = SURFACE_STYLE_USAGE(.BOTH.,#14977);
#14977 = SURFACE_SIDE_STYLE('',(#14978));
#14978 = SURFACE_STYLE_FILL_AREA(#14979);
#14979 = FILL_AREA_STYLE('',(#14980));
#14980 = FILL_AREA_STYLE_COLOUR('',#14707);
#14981 = STYLED_ITEM('color',(#14982),#7762);
#14982 = PRESENTATION_STYLE_ASSIGNMENT((#14983));
#14983 = SURFACE_STYLE_USAGE(.BOTH.,#14984);
#14984 = SURFACE_SIDE_STYLE('',(#14985));
#14985 = SURFACE_STYLE_FILL_AREA(#14986);
#14986 = FILL_AREA_STYLE('',(#14987));
#14987 = FILL_AREA_STYLE_COLOUR('',#14707);
#14988 = STYLED_ITEM('color',(#14989),#7793);
#14989 = PRESENTATION_STYLE_ASSIGNMENT((#14990));
#14990 = SURFACE_STYLE_USAGE(.BOTH.,#14991);
#14991 = SURFACE_SIDE_STYLE('',(#14992));
#14992 = SURFACE_STYLE_FILL_AREA(#14993);
#14993 = FILL_AREA_STYLE('',(#14994));
#14994 = FILL_AREA_STYLE_COLOUR('',#14707);
#14995 = STYLED_ITEM('color',(#14996),#7817);
#14996 = PRESENTATION_STYLE_ASSIGNMENT((#14997));
#14997 = SURFACE_STYLE_USAGE(.BOTH.,#14998);
#14998 = SURFACE_SIDE_STYLE('',(#14999));
#14999 = SURFACE_STYLE_FILL_AREA(#15000);
#15000 = FILL_AREA_STYLE('',(#15001));
#15001 = FILL_AREA_STYLE_COLOUR('',#14707);
#15002 = STYLED_ITEM('color',(#15003),#7841);
#15003 = PRESENTATION_STYLE_ASSIGNMENT((#15004));
#15004 = SURFACE_STYLE_USAGE(.BOTH.,#15005);
#15005 = SURFACE_SIDE_STYLE('',(#15006));
#15006 = SURFACE_STYLE_FILL_AREA(#15007);
#15007 = FILL_AREA_STYLE('',(#15008));
#15008 = FILL_AREA_STYLE_COLOUR('',#14707);
#15009 = STYLED_ITEM('color',(#15010),#7858);
#15010 = PRESENTATION_STYLE_ASSIGNMENT((#15011));
#15011 = SURFACE_STYLE_USAGE(.BOTH.,#15012);
#15012 = SURFACE_SIDE_STYLE('',(#15013));
#15013 = SURFACE_STYLE_FILL_AREA(#15014);
#15014 = FILL_AREA_STYLE('',(#15015));
#15015 = FILL_AREA_STYLE_COLOUR('',#14707);
#15016 = STYLED_ITEM('color',(#15017),#7889);
#15017 = PRESENTATION_STYLE_ASSIGNMENT((#15018));
#15018 = SURFACE_STYLE_USAGE(.BOTH.,#15019);
#15019 = SURFACE_SIDE_STYLE('',(#15020));
#15020 = SURFACE_STYLE_FILL_AREA(#15021);
#15021 = FILL_AREA_STYLE('',(#15022));
#15022 = FILL_AREA_STYLE_COLOUR('',#14707);
#15023 = STYLED_ITEM('color',(#15024),#7913);
#15024 = PRESENTATION_STYLE_ASSIGNMENT((#15025));
#15025 = SURFACE_STYLE_USAGE(.BOTH.,#15026);
#15026 = SURFACE_SIDE_STYLE('',(#15027));
#15027 = SURFACE_STYLE_FILL_AREA(#15028);
#15028 = FILL_AREA_STYLE('',(#15029));
#15029 = FILL_AREA_STYLE_COLOUR('',#14707);
#15030 = STYLED_ITEM('color',(#15031),#7937);
#15031 = PRESENTATION_STYLE_ASSIGNMENT((#15032));
#15032 = SURFACE_STYLE_USAGE(.BOTH.,#15033);
#15033 = SURFACE_SIDE_STYLE('',(#15034));
#15034 = SURFACE_STYLE_FILL_AREA(#15035);
#15035 = FILL_AREA_STYLE('',(#15036));
#15036 = FILL_AREA_STYLE_COLOUR('',#14707);
#15037 = STYLED_ITEM('color',(#15038),#7954);
#15038 = PRESENTATION_STYLE_ASSIGNMENT((#15039));
#15039 = SURFACE_STYLE_USAGE(.BOTH.,#15040);
#15040 = SURFACE_SIDE_STYLE('',(#15041));
#15041 = SURFACE_STYLE_FILL_AREA(#15042);
#15042 = FILL_AREA_STYLE('',(#15043));
#15043 = FILL_AREA_STYLE_COLOUR('',#14707);
#15044 = STYLED_ITEM('color',(#15045),#7985);
#15045 = PRESENTATION_STYLE_ASSIGNMENT((#15046));
#15046 = SURFACE_STYLE_USAGE(.BOTH.,#15047);
#15047 = SURFACE_SIDE_STYLE('',(#15048));
#15048 = SURFACE_STYLE_FILL_AREA(#15049);
#15049 = FILL_AREA_STYLE('',(#15050));
#15050 = FILL_AREA_STYLE_COLOUR('',#14707);
#15051 = STYLED_ITEM('color',(#15052),#8009);
#15052 = PRESENTATION_STYLE_ASSIGNMENT((#15053));
#15053 = SURFACE_STYLE_USAGE(.BOTH.,#15054);
#15054 = SURFACE_SIDE_STYLE('',(#15055));
#15055 = SURFACE_STYLE_FILL_AREA(#15056);
#15056 = FILL_AREA_STYLE('',(#15057));
#15057 = FILL_AREA_STYLE_COLOUR('',#14707);
#15058 = STYLED_ITEM('color',(#15059),#8033);
#15059 = PRESENTATION_STYLE_ASSIGNMENT((#15060));
#15060 = SURFACE_STYLE_USAGE(.BOTH.,#15061);
#15061 = SURFACE_SIDE_STYLE('',(#15062));
#15062 = SURFACE_STYLE_FILL_AREA(#15063);
#15063 = FILL_AREA_STYLE('',(#15064));
#15064 = FILL_AREA_STYLE_COLOUR('',#14707);
#15065 = STYLED_ITEM('color',(#15066),#8050);
#15066 = PRESENTATION_STYLE_ASSIGNMENT((#15067));
#15067 = SURFACE_STYLE_USAGE(.BOTH.,#15068);
#15068 = SURFACE_SIDE_STYLE('',(#15069));
#15069 = SURFACE_STYLE_FILL_AREA(#15070);
#15070 = FILL_AREA_STYLE('',(#15071));
#15071 = FILL_AREA_STYLE_COLOUR('',#14707);
#15072 = STYLED_ITEM('color',(#15073),#8081);
#15073 = PRESENTATION_STYLE_ASSIGNMENT((#15074));
#15074 = SURFACE_STYLE_USAGE(.BOTH.,#15075);
#15075 = SURFACE_SIDE_STYLE('',(#15076));
#15076 = SURFACE_STYLE_FILL_AREA(#15077);
#15077 = FILL_AREA_STYLE('',(#15078));
#15078 = FILL_AREA_STYLE_COLOUR('',#14707);
#15079 = STYLED_ITEM('color',(#15080),#8105);
#15080 = PRESENTATION_STYLE_ASSIGNMENT((#15081));
#15081 = SURFACE_STYLE_USAGE(.BOTH.,#15082);
#15082 = SURFACE_SIDE_STYLE('',(#15083));
#15083 = SURFACE_STYLE_FILL_AREA(#15084);
#15084 = FILL_AREA_STYLE('',(#15085));
#15085 = FILL_AREA_STYLE_COLOUR('',#14707);
#15086 = STYLED_ITEM('color',(#15087),#8129);
#15087 = PRESENTATION_STYLE_ASSIGNMENT((#15088));
#15088 = SURFACE_STYLE_USAGE(.BOTH.,#15089);
#15089 = SURFACE_SIDE_STYLE('',(#15090));
#15090 = SURFACE_STYLE_FILL_AREA(#15091);
#15091 = FILL_AREA_STYLE('',(#15092));
#15092 = FILL_AREA_STYLE_COLOUR('',#14707);
#15093 = STYLED_ITEM('color',(#15094),#8146);
#15094 = PRESENTATION_STYLE_ASSIGNMENT((#15095));
#15095 = SURFACE_STYLE_USAGE(.BOTH.,#15096);
#15096 = SURFACE_SIDE_STYLE('',(#15097));
#15097 = SURFACE_STYLE_FILL_AREA(#15098);
#15098 = FILL_AREA_STYLE('',(#15099));
#15099 = FILL_AREA_STYLE_COLOUR('',#14707);
#15100 = STYLED_ITEM('color',(#15101),#8177);
#15101 = PRESENTATION_STYLE_ASSIGNMENT((#15102));
#15102 = SURFACE_STYLE_USAGE(.BOTH.,#15103);
#15103 = SURFACE_SIDE_STYLE('',(#15104));
#15104 = SURFACE_STYLE_FILL_AREA(#15105);
#15105 = FILL_AREA_STYLE('',(#15106));
#15106 = FILL_AREA_STYLE_COLOUR('',#14707);
#15107 = STYLED_ITEM('color',(#15108),#8201);
#15108 = PRESENTATION_STYLE_ASSIGNMENT((#15109));
#15109 = SURFACE_STYLE_USAGE(.BOTH.,#15110);
#15110 = SURFACE_SIDE_STYLE('',(#15111));
#15111 = SURFACE_STYLE_FILL_AREA(#15112);
#15112 = FILL_AREA_STYLE('',(#15113));
#15113 = FILL_AREA_STYLE_COLOUR('',#14707);
#15114 = STYLED_ITEM('color',(#15115),#8225);
#15115 = PRESENTATION_STYLE_ASSIGNMENT((#15116));
#15116 = SURFACE_STYLE_USAGE(.BOTH.,#15117);
#15117 = SURFACE_SIDE_STYLE('',(#15118));
#15118 = SURFACE_STYLE_FILL_AREA(#15119);
#15119 = FILL_AREA_STYLE('',(#15120));
#15120 = FILL_AREA_STYLE_COLOUR('',#14707);
#15121 = STYLED_ITEM('color',(#15122),#8242);
#15122 = PRESENTATION_STYLE_ASSIGNMENT((#15123));
#15123 = SURFACE_STYLE_USAGE(.BOTH.,#15124);
#15124 = SURFACE_SIDE_STYLE('',(#15125));
#15125 = SURFACE_STYLE_FILL_AREA(#15126);
#15126 = FILL_AREA_STYLE('',(#15127));
#15127 = FILL_AREA_STYLE_COLOUR('',#14707);
#15128 = STYLED_ITEM('color',(#15129),#8273);
#15129 = PRESENTATION_STYLE_ASSIGNMENT((#15130));
#15130 = SURFACE_STYLE_USAGE(.BOTH.,#15131);
#15131 = SURFACE_SIDE_STYLE('',(#15132));
#15132 = SURFACE_STYLE_FILL_AREA(#15133);
#15133 = FILL_AREA_STYLE('',(#15134));
#15134 = FILL_AREA_STYLE_COLOUR('',#14707);
#15135 = STYLED_ITEM('color',(#15136),#8297);
#15136 = PRESENTATION_STYLE_ASSIGNMENT((#15137));
#15137 = SURFACE_STYLE_USAGE(.BOTH.,#15138);
#15138 = SURFACE_SIDE_STYLE('',(#15139));
#15139 = SURFACE_STYLE_FILL_AREA(#15140);
#15140 = FILL_AREA_STYLE('',(#15141));
#15141 = FILL_AREA_STYLE_COLOUR('',#14707);
#15142 = STYLED_ITEM('color',(#15143),#8321);
#15143 = PRESENTATION_STYLE_ASSIGNMENT((#15144));
#15144 = SURFACE_STYLE_USAGE(.BOTH.,#15145);
#15145 = SURFACE_SIDE_STYLE('',(#15146));
#15146 = SURFACE_STYLE_FILL_AREA(#15147);
#15147 = FILL_AREA_STYLE('',(#15148));
#15148 = FILL_AREA_STYLE_COLOUR('',#14707);
#15149 = STYLED_ITEM('color',(#15150),#8338);
#15150 = PRESENTATION_STYLE_ASSIGNMENT((#15151));
#15151 = SURFACE_STYLE_USAGE(.BOTH.,#15152);
#15152 = SURFACE_SIDE_STYLE('',(#15153));
#15153 = SURFACE_STYLE_FILL_AREA(#15154);
#15154 = FILL_AREA_STYLE('',(#15155));
#15155 = FILL_AREA_STYLE_COLOUR('',#14707);
#15156 = STYLED_ITEM('color',(#15157),#8369);
#15157 = PRESENTATION_STYLE_ASSIGNMENT((#15158));
#15158 = SURFACE_STYLE_USAGE(.BOTH.,#15159);
#15159 = SURFACE_SIDE_STYLE('',(#15160));
#15160 = SURFACE_STYLE_FILL_AREA(#15161);
#15161 = FILL_AREA_STYLE('',(#15162));
#15162 = FILL_AREA_STYLE_COLOUR('',#14707);
#15163 = STYLED_ITEM('color',(#15164),#8393);
#15164 = PRESENTATION_STYLE_ASSIGNMENT((#15165));
#15165 = SURFACE_STYLE_USAGE(.BOTH.,#15166);
#15166 = SURFACE_SIDE_STYLE('',(#15167));
#15167 = SURFACE_STYLE_FILL_AREA(#15168);
#15168 = FILL_AREA_STYLE('',(#15169));
#15169 = FILL_AREA_STYLE_COLOUR('',#14707);
#15170 = STYLED_ITEM('color',(#15171),#8417);
#15171 = PRESENTATION_STYLE_ASSIGNMENT((#15172));
#15172 = SURFACE_STYLE_USAGE(.BOTH.,#15173);
#15173 = SURFACE_SIDE_STYLE('',(#15174));
#15174 = SURFACE_STYLE_FILL_AREA(#15175);
#15175 = FILL_AREA_STYLE('',(#15176));
#15176 = FILL_AREA_STYLE_COLOUR('',#14707);
#15177 = STYLED_ITEM('color',(#15178),#8434);
#15178 = PRESENTATION_STYLE_ASSIGNMENT((#15179));
#15179 = SURFACE_STYLE_USAGE(.BOTH.,#15180);
#15180 = SURFACE_SIDE_STYLE('',(#15181));
#15181 = SURFACE_STYLE_FILL_AREA(#15182);
#15182 = FILL_AREA_STYLE('',(#15183));
#15183 = FILL_AREA_STYLE_COLOUR('',#14707);
#15184 = STYLED_ITEM('color',(#15185),#8465);
#15185 = PRESENTATION_STYLE_ASSIGNMENT((#15186));
#15186 = SURFACE_STYLE_USAGE(.BOTH.,#15187);
#15187 = SURFACE_SIDE_STYLE('',(#15188));
#15188 = SURFACE_STYLE_FILL_AREA(#15189);
#15189 = FILL_AREA_STYLE('',(#15190));
#15190 = FILL_AREA_STYLE_COLOUR('',#14707);
#15191 = STYLED_ITEM('color',(#15192),#8489);
#15192 = PRESENTATION_STYLE_ASSIGNMENT((#15193));
#15193 = SURFACE_STYLE_USAGE(.BOTH.,#15194);
#15194 = SURFACE_SIDE_STYLE('',(#15195));
#15195 = SURFACE_STYLE_FILL_AREA(#15196);
#15196 = FILL_AREA_STYLE('',(#15197));
#15197 = FILL_AREA_STYLE_COLOUR('',#14707);
#15198 = STYLED_ITEM('color',(#15199),#8513);
#15199 = PRESENTATION_STYLE_ASSIGNMENT((#15200));
#15200 = SURFACE_STYLE_USAGE(.BOTH.,#15201);
#15201 = SURFACE_SIDE_STYLE('',(#15202));
#15202 = SURFACE_STYLE_FILL_AREA(#15203);
#15203 = FILL_AREA_STYLE('',(#15204));
#15204 = FILL_AREA_STYLE_COLOUR('',#14707);
#15205 = STYLED_ITEM('color',(#15206),#8530);
#15206 = PRESENTATION_STYLE_ASSIGNMENT((#15207));
#15207 = SURFACE_STYLE_USAGE(.BOTH.,#15208);
#15208 = SURFACE_SIDE_STYLE('',(#15209));
#15209 = SURFACE_STYLE_FILL_AREA(#15210);
#15210 = FILL_AREA_STYLE('',(#15211));
#15211 = FILL_AREA_STYLE_COLOUR('',#14707);
#15212 = STYLED_ITEM('color',(#15213),#8561);
#15213 = PRESENTATION_STYLE_ASSIGNMENT((#15214));
#15214 = SURFACE_STYLE_USAGE(.BOTH.,#15215);
#15215 = SURFACE_SIDE_STYLE('',(#15216));
#15216 = SURFACE_STYLE_FILL_AREA(#15217);
#15217 = FILL_AREA_STYLE('',(#15218));
#15218 = FILL_AREA_STYLE_COLOUR('',#14707);
#15219 = STYLED_ITEM('color',(#15220),#8585);
#15220 = PRESENTATION_STYLE_ASSIGNMENT((#15221));
#15221 = SURFACE_STYLE_USAGE(.BOTH.,#15222);
#15222 = SURFACE_SIDE_STYLE('',(#15223));
#15223 = SURFACE_STYLE_FILL_AREA(#15224);
#15224 = FILL_AREA_STYLE('',(#15225));
#15225 = FILL_AREA_STYLE_COLOUR('',#14707);
#15226 = STYLED_ITEM('color',(#15227),#8609);
#15227 = PRESENTATION_STYLE_ASSIGNMENT((#15228));
#15228 = SURFACE_STYLE_USAGE(.BOTH.,#15229);
#15229 = SURFACE_SIDE_STYLE('',(#15230));
#15230 = SURFACE_STYLE_FILL_AREA(#15231);
#15231 = FILL_AREA_STYLE('',(#15232));
#15232 = FILL_AREA_STYLE_COLOUR('',#14707);
#15233 = STYLED_ITEM('color',(#15234),#8626);
#15234 = PRESENTATION_STYLE_ASSIGNMENT((#15235));
#15235 = SURFACE_STYLE_USAGE(.BOTH.,#15236);
#15236 = SURFACE_SIDE_STYLE('',(#15237));
#15237 = SURFACE_STYLE_FILL_AREA(#15238);
#15238 = FILL_AREA_STYLE('',(#15239));
#15239 = FILL_AREA_STYLE_COLOUR('',#14707);
#15240 = STYLED_ITEM('color',(#15241),#8657);
#15241 = PRESENTATION_STYLE_ASSIGNMENT((#15242));
#15242 = SURFACE_STYLE_USAGE(.BOTH.,#15243);
#15243 = SURFACE_SIDE_STYLE('',(#15244));
#15244 = SURFACE_STYLE_FILL_AREA(#15245);
#15245 = FILL_AREA_STYLE('',(#15246));
#15246 = FILL_AREA_STYLE_COLOUR('',#14707);
#15247 = STYLED_ITEM('color',(#15248),#8681);
#15248 = PRESENTATION_STYLE_ASSIGNMENT((#15249));
#15249 = SURFACE_STYLE_USAGE(.BOTH.,#15250);
#15250 = SURFACE_SIDE_STYLE('',(#15251));
#15251 = SURFACE_STYLE_FILL_AREA(#15252);
#15252 = FILL_AREA_STYLE('',(#15253));
#15253 = FILL_AREA_STYLE_COLOUR('',#14707);
#15254 = STYLED_ITEM('color',(#15255),#8705);
#15255 = PRESENTATION_STYLE_ASSIGNMENT((#15256));
#15256 = SURFACE_STYLE_USAGE(.BOTH.,#15257);
#15257 = SURFACE_SIDE_STYLE('',(#15258));
#15258 = SURFACE_STYLE_FILL_AREA(#15259);
#15259 = FILL_AREA_STYLE('',(#15260));
#15260 = FILL_AREA_STYLE_COLOUR('',#14707);
#15261 = STYLED_ITEM('color',(#15262),#8722);
#15262 = PRESENTATION_STYLE_ASSIGNMENT((#15263));
#15263 = SURFACE_STYLE_USAGE(.BOTH.,#15264);
#15264 = SURFACE_SIDE_STYLE('',(#15265));
#15265 = SURFACE_STYLE_FILL_AREA(#15266);
#15266 = FILL_AREA_STYLE('',(#15267));
#15267 = FILL_AREA_STYLE_COLOUR('',#14707);
#15268 = STYLED_ITEM('color',(#15269),#8753);
#15269 = PRESENTATION_STYLE_ASSIGNMENT((#15270));
#15270 = SURFACE_STYLE_USAGE(.BOTH.,#15271);
#15271 = SURFACE_SIDE_STYLE('',(#15272));
#15272 = SURFACE_STYLE_FILL_AREA(#15273);
#15273 = FILL_AREA_STYLE('',(#15274));
#15274 = FILL_AREA_STYLE_COLOUR('',#14707);
#15275 = STYLED_ITEM('color',(#15276),#8777);
#15276 = PRESENTATION_STYLE_ASSIGNMENT((#15277));
#15277 = SURFACE_STYLE_USAGE(.BOTH.,#15278);
#15278 = SURFACE_SIDE_STYLE('',(#15279));
#15279 = SURFACE_STYLE_FILL_AREA(#15280);
#15280 = FILL_AREA_STYLE('',(#15281));
#15281 = FILL_AREA_STYLE_COLOUR('',#14707);
#15282 = STYLED_ITEM('color',(#15283),#8801);
#15283 = PRESENTATION_STYLE_ASSIGNMENT((#15284));
#15284 = SURFACE_STYLE_USAGE(.BOTH.,#15285);
#15285 = SURFACE_SIDE_STYLE('',(#15286));
#15286 = SURFACE_STYLE_FILL_AREA(#15287);
#15287 = FILL_AREA_STYLE('',(#15288));
#15288 = FILL_AREA_STYLE_COLOUR('',#14707);
#15289 = STYLED_ITEM('color',(#15290),#8818);
#15290 = PRESENTATION_STYLE_ASSIGNMENT((#15291));
#15291 = SURFACE_STYLE_USAGE(.BOTH.,#15292);
#15292 = SURFACE_SIDE_STYLE('',(#15293));
#15293 = SURFACE_STYLE_FILL_AREA(#15294);
#15294 = FILL_AREA_STYLE('',(#15295));
#15295 = FILL_AREA_STYLE_COLOUR('',#14707);
#15296 = STYLED_ITEM('color',(#15297),#8849);
#15297 = PRESENTATION_STYLE_ASSIGNMENT((#15298));
#15298 = SURFACE_STYLE_USAGE(.BOTH.,#15299);
#15299 = SURFACE_SIDE_STYLE('',(#15300));
#15300 = SURFACE_STYLE_FILL_AREA(#15301);
#15301 = FILL_AREA_STYLE('',(#15302));
#15302 = FILL_AREA_STYLE_COLOUR('',#14707);
#15303 = STYLED_ITEM('color',(#15304),#8873);
#15304 = PRESENTATION_STYLE_ASSIGNMENT((#15305));
#15305 = SURFACE_STYLE_USAGE(.BOTH.,#15306);
#15306 = SURFACE_SIDE_STYLE('',(#15307));
#15307 = SURFACE_STYLE_FILL_AREA(#15308);
#15308 = FILL_AREA_STYLE('',(#15309));
#15309 = FILL_AREA_STYLE_COLOUR('',#14707);
#15310 = STYLED_ITEM('color',(#15311),#8897);
#15311 = PRESENTATION_STYLE_ASSIGNMENT((#15312));
#15312 = SURFACE_STYLE_USAGE(.BOTH.,#15313);
#15313 = SURFACE_SIDE_STYLE('',(#15314));
#15314 = SURFACE_STYLE_FILL_AREA(#15315);
#15315 = FILL_AREA_STYLE('',(#15316));
#15316 = FILL_AREA_STYLE_COLOUR('',#14707);
#15317 = STYLED_ITEM('color',(#15318),#8914);
#15318 = PRESENTATION_STYLE_ASSIGNMENT((#15319));
#15319 = SURFACE_STYLE_USAGE(.BOTH.,#15320);
#15320 = SURFACE_SIDE_STYLE('',(#15321));
#15321 = SURFACE_STYLE_FILL_AREA(#15322);
#15322 = FILL_AREA_STYLE('',(#15323));
#15323 = FILL_AREA_STYLE_COLOUR('',#14707);
#15324 = STYLED_ITEM('color',(#15325),#8945);
#15325 = PRESENTATION_STYLE_ASSIGNMENT((#15326));
#15326 = SURFACE_STYLE_USAGE(.BOTH.,#15327);
#15327 = SURFACE_SIDE_STYLE('',(#15328));
#15328 = SURFACE_STYLE_FILL_AREA(#15329);
#15329 = FILL_AREA_STYLE('',(#15330));
#15330 = FILL_AREA_STYLE_COLOUR('',#14707);
#15331 = STYLED_ITEM('color',(#15332),#8969);
#15332 = PRESENTATION_STYLE_ASSIGNMENT((#15333));
#15333 = SURFACE_STYLE_USAGE(.BOTH.,#15334);
#15334 = SURFACE_SIDE_STYLE('',(#15335));
#15335 = SURFACE_STYLE_FILL_AREA(#15336);
#15336 = FILL_AREA_STYLE('',(#15337));
#15337 = FILL_AREA_STYLE_COLOUR('',#14707);
#15338 = STYLED_ITEM('color',(#15339),#8993);
#15339 = PRESENTATION_STYLE_ASSIGNMENT((#15340));
#15340 = SURFACE_STYLE_USAGE(.BOTH.,#15341);
#15341 = SURFACE_SIDE_STYLE('',(#15342));
#15342 = SURFACE_STYLE_FILL_AREA(#15343);
#15343 = FILL_AREA_STYLE('',(#15344));
#15344 = FILL_AREA_STYLE_COLOUR('',#14707);
#15345 = STYLED_ITEM('color',(#15346),#9010);
#15346 = PRESENTATION_STYLE_ASSIGNMENT((#15347));
#15347 = SURFACE_STYLE_USAGE(.BOTH.,#15348);
#15348 = SURFACE_SIDE_STYLE('',(#15349));
#15349 = SURFACE_STYLE_FILL_AREA(#15350);
#15350 = FILL_AREA_STYLE('',(#15351));
#15351 = FILL_AREA_STYLE_COLOUR('',#14707);
#15352 = STYLED_ITEM('color',(#15353),#9041);
#15353 = PRESENTATION_STYLE_ASSIGNMENT((#15354));
#15354 = SURFACE_STYLE_USAGE(.BOTH.,#15355);
#15355 = SURFACE_SIDE_STYLE('',(#15356));
#15356 = SURFACE_STYLE_FILL_AREA(#15357);
#15357 = FILL_AREA_STYLE('',(#15358));
#15358 = FILL_AREA_STYLE_COLOUR('',#14707);
#15359 = STYLED_ITEM('color',(#15360),#9065);
#15360 = PRESENTATION_STYLE_ASSIGNMENT((#15361));
#15361 = SURFACE_STYLE_USAGE(.BOTH.,#15362);
#15362 = SURFACE_SIDE_STYLE('',(#15363));
#15363 = SURFACE_STYLE_FILL_AREA(#15364);
#15364 = FILL_AREA_STYLE('',(#15365));
#15365 = FILL_AREA_STYLE_COLOUR('',#14707);
#15366 = STYLED_ITEM('color',(#15367),#9089);
#15367 = PRESENTATION_STYLE_ASSIGNMENT((#15368));
#15368 = SURFACE_STYLE_USAGE(.BOTH.,#15369);
#15369 = SURFACE_SIDE_STYLE('',(#15370));
#15370 = SURFACE_STYLE_FILL_AREA(#15371);
#15371 = FILL_AREA_STYLE('',(#15372));
#15372 = FILL_AREA_STYLE_COLOUR('',#14707);
#15373 = STYLED_ITEM('color',(#15374),#9106);
#15374 = PRESENTATION_STYLE_ASSIGNMENT((#15375));
#15375 = SURFACE_STYLE_USAGE(.BOTH.,#15376);
#15376 = SURFACE_SIDE_STYLE('',(#15377));
#15377 = SURFACE_STYLE_FILL_AREA(#15378);
#15378 = FILL_AREA_STYLE('',(#15379));
#15379 = FILL_AREA_STYLE_COLOUR('',#14707);
#15380 = STYLED_ITEM('color',(#15381),#9137);
#15381 = PRESENTATION_STYLE_ASSIGNMENT((#15382));
#15382 = SURFACE_STYLE_USAGE(.BOTH.,#15383);
#15383 = SURFACE_SIDE_STYLE('',(#15384));
#15384 = SURFACE_STYLE_FILL_AREA(#15385);
#15385 = FILL_AREA_STYLE('',(#15386));
#15386 = FILL_AREA_STYLE_COLOUR('',#14707);
#15387 = STYLED_ITEM('color',(#15388),#9161);
#15388 = PRESENTATION_STYLE_ASSIGNMENT((#15389));
#15389 = SURFACE_STYLE_USAGE(.BOTH.,#15390);
#15390 = SURFACE_SIDE_STYLE('',(#15391));
#15391 = SURFACE_STYLE_FILL_AREA(#15392);
#15392 = FILL_AREA_STYLE('',(#15393));
#15393 = FILL_AREA_STYLE_COLOUR('',#14707);
#15394 = STYLED_ITEM('color',(#15395),#9185);
#15395 = PRESENTATION_STYLE_ASSIGNMENT((#15396));
#15396 = SURFACE_STYLE_USAGE(.BOTH.,#15397);
#15397 = SURFACE_SIDE_STYLE('',(#15398));
#15398 = SURFACE_STYLE_FILL_AREA(#15399);
#15399 = FILL_AREA_STYLE('',(#15400));
#15400 = FILL_AREA_STYLE_COLOUR('',#14707);
#15401 = STYLED_ITEM('color',(#15402),#9202);
#15402 = PRESENTATION_STYLE_ASSIGNMENT((#15403));
#15403 = SURFACE_STYLE_USAGE(.BOTH.,#15404);
#15404 = SURFACE_SIDE_STYLE('',(#15405));
#15405 = SURFACE_STYLE_FILL_AREA(#15406);
#15406 = FILL_AREA_STYLE('',(#15407));
#15407 = FILL_AREA_STYLE_COLOUR('',#14707);
#15408 = STYLED_ITEM('color',(#15409),#9233);
#15409 = PRESENTATION_STYLE_ASSIGNMENT((#15410));
#15410 = SURFACE_STYLE_USAGE(.BOTH.,#15411);
#15411 = SURFACE_SIDE_STYLE('',(#15412));
#15412 = SURFACE_STYLE_FILL_AREA(#15413);
#15413 = FILL_AREA_STYLE('',(#15414));
#15414 = FILL_AREA_STYLE_COLOUR('',#14707);
#15415 = STYLED_ITEM('color',(#15416),#9257);
#15416 = PRESENTATION_STYLE_ASSIGNMENT((#15417));
#15417 = SURFACE_STYLE_USAGE(.BOTH.,#15418);
#15418 = SURFACE_SIDE_STYLE('',(#15419));
#15419 = SURFACE_STYLE_FILL_AREA(#15420);
#15420 = FILL_AREA_STYLE('',(#15421));
#15421 = FILL_AREA_STYLE_COLOUR('',#14707);
#15422 = STYLED_ITEM('color',(#15423),#9281);
#15423 = PRESENTATION_STYLE_ASSIGNMENT((#15424));
#15424 = SURFACE_STYLE_USAGE(.BOTH.,#15425);
#15425 = SURFACE_SIDE_STYLE('',(#15426));
#15426 = SURFACE_STYLE_FILL_AREA(#15427);
#15427 = FILL_AREA_STYLE('',(#15428));
#15428 = FILL_AREA_STYLE_COLOUR('',#14707);
#15429 = STYLED_ITEM('color',(#15430),#9298);
#15430 = PRESENTATION_STYLE_ASSIGNMENT((#15431));
#15431 = SURFACE_STYLE_USAGE(.BOTH.,#15432);
#15432 = SURFACE_SIDE_STYLE('',(#15433));
#15433 = SURFACE_STYLE_FILL_AREA(#15434);
#15434 = FILL_AREA_STYLE('',(#15435));
#15435 = FILL_AREA_STYLE_COLOUR('',#14707);
#15436 = STYLED_ITEM('color',(#15437),#9329);
#15437 = PRESENTATION_STYLE_ASSIGNMENT((#15438));
#15438 = SURFACE_STYLE_USAGE(.BOTH.,#15439);
#15439 = SURFACE_SIDE_STYLE('',(#15440));
#15440 = SURFACE_STYLE_FILL_AREA(#15441);
#15441 = FILL_AREA_STYLE('',(#15442));
#15442 = FILL_AREA_STYLE_COLOUR('',#14707);
#15443 = STYLED_ITEM('color',(#15444),#9353);
#15444 = PRESENTATION_STYLE_ASSIGNMENT((#15445));
#15445 = SURFACE_STYLE_USAGE(.BOTH.,#15446);
#15446 = SURFACE_SIDE_STYLE('',(#15447));
#15447 = SURFACE_STYLE_FILL_AREA(#15448);
#15448 = FILL_AREA_STYLE('',(#15449));
#15449 = FILL_AREA_STYLE_COLOUR('',#14707);
#15450 = STYLED_ITEM('color',(#15451),#9377);
#15451 = PRESENTATION_STYLE_ASSIGNMENT((#15452));
#15452 = SURFACE_STYLE_USAGE(.BOTH.,#15453);
#15453 = SURFACE_SIDE_STYLE('',(#15454));
#15454 = SURFACE_STYLE_FILL_AREA(#15455);
#15455 = FILL_AREA_STYLE('',(#15456));
#15456 = FILL_AREA_STYLE_COLOUR('',#14707);
#15457 = STYLED_ITEM('color',(#15458),#9394);
#15458 = PRESENTATION_STYLE_ASSIGNMENT((#15459));
#15459 = SURFACE_STYLE_USAGE(.BOTH.,#15460);
#15460 = SURFACE_SIDE_STYLE('',(#15461));
#15461 = SURFACE_STYLE_FILL_AREA(#15462);
#15462 = FILL_AREA_STYLE('',(#15463));
#15463 = FILL_AREA_STYLE_COLOUR('',#14707);
#15464 = STYLED_ITEM('color',(#15465),#9425);
#15465 = PRESENTATION_STYLE_ASSIGNMENT((#15466));
#15466 = SURFACE_STYLE_USAGE(.BOTH.,#15467);
#15467 = SURFACE_SIDE_STYLE('',(#15468));
#15468 = SURFACE_STYLE_FILL_AREA(#15469);
#15469 = FILL_AREA_STYLE('',(#15470));
#15470 = FILL_AREA_STYLE_COLOUR('',#14707);
#15471 = STYLED_ITEM('color',(#15472),#9449);
#15472 = PRESENTATION_STYLE_ASSIGNMENT((#15473));
#15473 = SURFACE_STYLE_USAGE(.BOTH.,#15474);
#15474 = SURFACE_SIDE_STYLE('',(#15475));
#15475 = SURFACE_STYLE_FILL_AREA(#15476);
#15476 = FILL_AREA_STYLE('',(#15477));
#15477 = FILL_AREA_STYLE_COLOUR('',#14707);
#15478 = STYLED_ITEM('color',(#15479),#9473);
#15479 = PRESENTATION_STYLE_ASSIGNMENT((#15480));
#15480 = SURFACE_STYLE_USAGE(.BOTH.,#15481);
#15481 = SURFACE_SIDE_STYLE('',(#15482));
#15482 = SURFACE_STYLE_FILL_AREA(#15483);
#15483 = FILL_AREA_STYLE('',(#15484));
#15484 = FILL_AREA_STYLE_COLOUR('',#14707);
#15485 = STYLED_ITEM('color',(#15486),#9490);
#15486 = PRESENTATION_STYLE_ASSIGNMENT((#15487));
#15487 = SURFACE_STYLE_USAGE(.BOTH.,#15488);
#15488 = SURFACE_SIDE_STYLE('',(#15489));
#15489 = SURFACE_STYLE_FILL_AREA(#15490);
#15490 = FILL_AREA_STYLE('',(#15491));
#15491 = FILL_AREA_STYLE_COLOUR('',#14707);
#15492 = STYLED_ITEM('color',(#15493),#9521);
#15493 = PRESENTATION_STYLE_ASSIGNMENT((#15494));
#15494 = SURFACE_STYLE_USAGE(.BOTH.,#15495);
#15495 = SURFACE_SIDE_STYLE('',(#15496));
#15496 = SURFACE_STYLE_FILL_AREA(#15497);
#15497 = FILL_AREA_STYLE('',(#15498));
#15498 = FILL_AREA_STYLE_COLOUR('',#14707);
#15499 = STYLED_ITEM('color',(#15500),#9545);
#15500 = PRESENTATION_STYLE_ASSIGNMENT((#15501));
#15501 = SURFACE_STYLE_USAGE(.BOTH.,#15502);
#15502 = SURFACE_SIDE_STYLE('',(#15503));
#15503 = SURFACE_STYLE_FILL_AREA(#15504);
#15504 = FILL_AREA_STYLE('',(#15505));
#15505 = FILL_AREA_STYLE_COLOUR('',#14707);
#15506 = STYLED_ITEM('color',(#15507),#9569);
#15507 = PRESENTATION_STYLE_ASSIGNMENT((#15508));
#15508 = SURFACE_STYLE_USAGE(.BOTH.,#15509);
#15509 = SURFACE_SIDE_STYLE('',(#15510));
#15510 = SURFACE_STYLE_FILL_AREA(#15511);
#15511 = FILL_AREA_STYLE('',(#15512));
#15512 = FILL_AREA_STYLE_COLOUR('',#14707);
#15513 = STYLED_ITEM('color',(#15514),#9586);
#15514 = PRESENTATION_STYLE_ASSIGNMENT((#15515));
#15515 = SURFACE_STYLE_USAGE(.BOTH.,#15516);
#15516 = SURFACE_SIDE_STYLE('',(#15517));
#15517 = SURFACE_STYLE_FILL_AREA(#15518);
#15518 = FILL_AREA_STYLE('',(#15519));
#15519 = FILL_AREA_STYLE_COLOUR('',#14707);
#15520 = STYLED_ITEM('color',(#15521),#9617);
#15521 = PRESENTATION_STYLE_ASSIGNMENT((#15522));
#15522 = SURFACE_STYLE_USAGE(.BOTH.,#15523);
#15523 = SURFACE_SIDE_STYLE('',(#15524));
#15524 = SURFACE_STYLE_FILL_AREA(#15525);
#15525 = FILL_AREA_STYLE('',(#15526));
#15526 = FILL_AREA_STYLE_COLOUR('',#14707);
#15527 = STYLED_ITEM('color',(#15528),#9641);
#15528 = PRESENTATION_STYLE_ASSIGNMENT((#15529));
#15529 = SURFACE_STYLE_USAGE(.BOTH.,#15530);
#15530 = SURFACE_SIDE_STYLE('',(#15531));
#15531 = SURFACE_STYLE_FILL_AREA(#15532);
#15532 = FILL_AREA_STYLE('',(#15533));
#15533 = FILL_AREA_STYLE_COLOUR('',#14707);
#15534 = STYLED_ITEM('color',(#15535),#9665);
#15535 = PRESENTATION_STYLE_ASSIGNMENT((#15536));
#15536 = SURFACE_STYLE_USAGE(.BOTH.,#15537);
#15537 = SURFACE_SIDE_STYLE('',(#15538));
#15538 = SURFACE_STYLE_FILL_AREA(#15539);
#15539 = FILL_AREA_STYLE('',(#15540));
#15540 = FILL_AREA_STYLE_COLOUR('',#14707);
#15541 = STYLED_ITEM('color',(#15542),#9682);
#15542 = PRESENTATION_STYLE_ASSIGNMENT((#15543));
#15543 = SURFACE_STYLE_USAGE(.BOTH.,#15544);
#15544 = SURFACE_SIDE_STYLE('',(#15545));
#15545 = SURFACE_STYLE_FILL_AREA(#15546);
#15546 = FILL_AREA_STYLE('',(#15547));
#15547 = FILL_AREA_STYLE_COLOUR('',#14707);
#15548 = STYLED_ITEM('color',(#15549),#9713);
#15549 = PRESENTATION_STYLE_ASSIGNMENT((#15550));
#15550 = SURFACE_STYLE_USAGE(.BOTH.,#15551);
#15551 = SURFACE_SIDE_STYLE('',(#15552));
#15552 = SURFACE_STYLE_FILL_AREA(#15553);
#15553 = FILL_AREA_STYLE('',(#15554));
#15554 = FILL_AREA_STYLE_COLOUR('',#14707);
#15555 = STYLED_ITEM('color',(#15556),#9737);
#15556 = PRESENTATION_STYLE_ASSIGNMENT((#15557));
#15557 = SURFACE_STYLE_USAGE(.BOTH.,#15558);
#15558 = SURFACE_SIDE_STYLE('',(#15559));
#15559 = SURFACE_STYLE_FILL_AREA(#15560);
#15560 = FILL_AREA_STYLE('',(#15561));
#15561 = FILL_AREA_STYLE_COLOUR('',#14707);
#15562 = STYLED_ITEM('color',(#15563),#9761);
#15563 = PRESENTATION_STYLE_ASSIGNMENT((#15564));
#15564 = SURFACE_STYLE_USAGE(.BOTH.,#15565);
#15565 = SURFACE_SIDE_STYLE('',(#15566));
#15566 = SURFACE_STYLE_FILL_AREA(#15567);
#15567 = FILL_AREA_STYLE('',(#15568));
#15568 = FILL_AREA_STYLE_COLOUR('',#14707);
#15569 = STYLED_ITEM('color',(#15570),#9778);
#15570 = PRESENTATION_STYLE_ASSIGNMENT((#15571));
#15571 = SURFACE_STYLE_USAGE(.BOTH.,#15572);
#15572 = SURFACE_SIDE_STYLE('',(#15573));
#15573 = SURFACE_STYLE_FILL_AREA(#15574);
#15574 = FILL_AREA_STYLE('',(#15575));
#15575 = FILL_AREA_STYLE_COLOUR('',#14707);
#15576 = STYLED_ITEM('color',(#15577),#9809);
#15577 = PRESENTATION_STYLE_ASSIGNMENT((#15578));
#15578 = SURFACE_STYLE_USAGE(.BOTH.,#15579);
#15579 = SURFACE_SIDE_STYLE('',(#15580));
#15580 = SURFACE_STYLE_FILL_AREA(#15581);
#15581 = FILL_AREA_STYLE('',(#15582));
#15582 = FILL_AREA_STYLE_COLOUR('',#14707);
#15583 = STYLED_ITEM('color',(#15584),#9833);
#15584 = PRESENTATION_STYLE_ASSIGNMENT((#15585));
#15585 = SURFACE_STYLE_USAGE(.BOTH.,#15586);
#15586 = SURFACE_SIDE_STYLE('',(#15587));
#15587 = SURFACE_STYLE_FILL_AREA(#15588);
#15588 = FILL_AREA_STYLE('',(#15589));
#15589 = FILL_AREA_STYLE_COLOUR('',#14707);
#15590 = STYLED_ITEM('color',(#15591),#9857);
#15591 = PRESENTATION_STYLE_ASSIGNMENT((#15592));
#15592 = SURFACE_STYLE_USAGE(.BOTH.,#15593);
#15593 = SURFACE_SIDE_STYLE('',(#15594));
#15594 = SURFACE_STYLE_FILL_AREA(#15595);
#15595 = FILL_AREA_STYLE('',(#15596));
#15596 = FILL_AREA_STYLE_COLOUR('',#14707);
#15597 = STYLED_ITEM('color',(#15598),#9874);
#15598 = PRESENTATION_STYLE_ASSIGNMENT((#15599));
#15599 = SURFACE_STYLE_USAGE(.BOTH.,#15600);
#15600 = SURFACE_SIDE_STYLE('',(#15601));
#15601 = SURFACE_STYLE_FILL_AREA(#15602);
#15602 = FILL_AREA_STYLE('',(#15603));
#15603 = FILL_AREA_STYLE_COLOUR('',#14707);
#15604 = STYLED_ITEM('color',(#15605),#9886);
#15605 = PRESENTATION_STYLE_ASSIGNMENT((#15606));
#15606 = SURFACE_STYLE_USAGE(.BOTH.,#15607);
#15607 = SURFACE_SIDE_STYLE('',(#15608));
#15608 = SURFACE_STYLE_FILL_AREA(#15609);
#15609 = FILL_AREA_STYLE('',(#15610));
#15610 = FILL_AREA_STYLE_COLOUR('',#14707);
#15611 = STYLED_ITEM('color',(#15612),#9898);
#15612 = PRESENTATION_STYLE_ASSIGNMENT((#15613));
#15613 = SURFACE_STYLE_USAGE(.BOTH.,#15614);
#15614 = SURFACE_SIDE_STYLE('',(#15615));
#15615 = SURFACE_STYLE_FILL_AREA(#15616);
#15616 = FILL_AREA_STYLE('',(#15617));
#15617 = FILL_AREA_STYLE_COLOUR('',#14707);
#15618 = STYLED_ITEM('color',(#15619),#9910);
#15619 = PRESENTATION_STYLE_ASSIGNMENT((#15620));
#15620 = SURFACE_STYLE_USAGE(.BOTH.,#15621);
#15621 = SURFACE_SIDE_STYLE('',(#15622));
#15622 = SURFACE_STYLE_FILL_AREA(#15623);
#15623 = FILL_AREA_STYLE('',(#15624));
#15624 = FILL_AREA_STYLE_COLOUR('',#14707);
#15625 = STYLED_ITEM('color',(#15626),#9922);
#15626 = PRESENTATION_STYLE_ASSIGNMENT((#15627));
#15627 = SURFACE_STYLE_USAGE(.BOTH.,#15628);
#15628 = SURFACE_SIDE_STYLE('',(#15629));
#15629 = SURFACE_STYLE_FILL_AREA(#15630);
#15630 = FILL_AREA_STYLE('',(#15631));
#15631 = FILL_AREA_STYLE_COLOUR('',#14707);
#15632 = STYLED_ITEM('color',(#15633),#9934);
#15633 = PRESENTATION_STYLE_ASSIGNMENT((#15634));
#15634 = SURFACE_STYLE_USAGE(.BOTH.,#15635);
#15635 = SURFACE_SIDE_STYLE('',(#15636));
#15636 = SURFACE_STYLE_FILL_AREA(#15637);
#15637 = FILL_AREA_STYLE('',(#15638));
#15638 = FILL_AREA_STYLE_COLOUR('',#14707);
#15639 = STYLED_ITEM('color',(#15640),#9946);
#15640 = PRESENTATION_STYLE_ASSIGNMENT((#15641));
#15641 = SURFACE_STYLE_USAGE(.BOTH.,#15642);
#15642 = SURFACE_SIDE_STYLE('',(#15643));
#15643 = SURFACE_STYLE_FILL_AREA(#15644);
#15644 = FILL_AREA_STYLE('',(#15645));
#15645 = FILL_AREA_STYLE_COLOUR('',#14707);
#15646 = STYLED_ITEM('color',(#15647),#9958);
#15647 = PRESENTATION_STYLE_ASSIGNMENT((#15648));
#15648 = SURFACE_STYLE_USAGE(.BOTH.,#15649);
#15649 = SURFACE_SIDE_STYLE('',(#15650));
#15650 = SURFACE_STYLE_FILL_AREA(#15651);
#15651 = FILL_AREA_STYLE('',(#15652));
#15652 = FILL_AREA_STYLE_COLOUR('',#14707);
#15653 = STYLED_ITEM('color',(#15654),#9970);
#15654 = PRESENTATION_STYLE_ASSIGNMENT((#15655));
#15655 = SURFACE_STYLE_USAGE(.BOTH.,#15656);
#15656 = SURFACE_SIDE_STYLE('',(#15657));
#15657 = SURFACE_STYLE_FILL_AREA(#15658);
#15658 = FILL_AREA_STYLE('',(#15659));
#15659 = FILL_AREA_STYLE_COLOUR('',#14707);
#15660 = STYLED_ITEM('color',(#15661),#9982);
#15661 = PRESENTATION_STYLE_ASSIGNMENT((#15662));
#15662 = SURFACE_STYLE_USAGE(.BOTH.,#15663);
#15663 = SURFACE_SIDE_STYLE('',(#15664));
#15664 = SURFACE_STYLE_FILL_AREA(#15665);
#15665 = FILL_AREA_STYLE('',(#15666));
#15666 = FILL_AREA_STYLE_COLOUR('',#14707);
#15667 = STYLED_ITEM('color',(#15668),#9994);
#15668 = PRESENTATION_STYLE_ASSIGNMENT((#15669));
#15669 = SURFACE_STYLE_USAGE(.BOTH.,#15670);
#15670 = SURFACE_SIDE_STYLE('',(#15671));
#15671 = SURFACE_STYLE_FILL_AREA(#15672);
#15672 = FILL_AREA_STYLE('',(#15673));
#15673 = FILL_AREA_STYLE_COLOUR('',#14707);
#15674 = STYLED_ITEM('color',(#15675),#10006);
#15675 = PRESENTATION_STYLE_ASSIGNMENT((#15676));
#15676 = SURFACE_STYLE_USAGE(.BOTH.,#15677);
#15677 = SURFACE_SIDE_STYLE('',(#15678));
#15678 = SURFACE_STYLE_FILL_AREA(#15679);
#15679 = FILL_AREA_STYLE('',(#15680));
#15680 = FILL_AREA_STYLE_COLOUR('',#14707);
#15681 = STYLED_ITEM('color',(#15682),#10018);
#15682 = PRESENTATION_STYLE_ASSIGNMENT((#15683));
#15683 = SURFACE_STYLE_USAGE(.BOTH.,#15684);
#15684 = SURFACE_SIDE_STYLE('',(#15685));
#15685 = SURFACE_STYLE_FILL_AREA(#15686);
#15686 = FILL_AREA_STYLE('',(#15687));
#15687 = FILL_AREA_STYLE_COLOUR('',#14707);
#15688 = STYLED_ITEM('color',(#15689),#10030);
#15689 = PRESENTATION_STYLE_ASSIGNMENT((#15690));
#15690 = SURFACE_STYLE_USAGE(.BOTH.,#15691);
#15691 = SURFACE_SIDE_STYLE('',(#15692));
#15692 = SURFACE_STYLE_FILL_AREA(#15693);
#15693 = FILL_AREA_STYLE('',(#15694));
#15694 = FILL_AREA_STYLE_COLOUR('',#14707);
#15695 = STYLED_ITEM('color',(#15696),#10042);
#15696 = PRESENTATION_STYLE_ASSIGNMENT((#15697));
#15697 = SURFACE_STYLE_USAGE(.BOTH.,#15698);
#15698 = SURFACE_SIDE_STYLE('',(#15699));
#15699 = SURFACE_STYLE_FILL_AREA(#15700);
#15700 = FILL_AREA_STYLE('',(#15701));
#15701 = FILL_AREA_STYLE_COLOUR('',#14707);
#15702 = STYLED_ITEM('color',(#15703),#10054);
#15703 = PRESENTATION_STYLE_ASSIGNMENT((#15704));
#15704 = SURFACE_STYLE_USAGE(.BOTH.,#15705);
#15705 = SURFACE_SIDE_STYLE('',(#15706));
#15706 = SURFACE_STYLE_FILL_AREA(#15707);
#15707 = FILL_AREA_STYLE('',(#15708));
#15708 = FILL_AREA_STYLE_COLOUR('',#14707);
#15709 = MECHANICAL_DESIGN_GEOMETRIC_PRESENTATION_REPRESENTATION('',(
    #15710,#15717,#15724,#15731,#15738,#15745,#15752,#15759,#15766,
    #15773,#15780,#15787,#15794,#15801,#15808,#15815,#15822,#15829,
    #15836,#15843,#15850,#15857,#15864,#15871,#15878,#15885,#15892,
    #15899,#15906,#15913,#15920,#15927,#15934,#15941,#15948,#15955,
    #15962,#15969,#15976,#15983,#15990,#15997,#16004,#16011,#16018,
    #16025,#16032,#16039,#16046,#16053,#16060,#16067),#11547);
#15710 = STYLED_ITEM('color',(#15711),#10117);
#15711 = PRESENTATION_STYLE_ASSIGNMENT((#15712));
#15712 = SURFACE_STYLE_USAGE(.BOTH.,#15713);
#15713 = SURFACE_SIDE_STYLE('',(#15714));
#15714 = SURFACE_STYLE_FILL_AREA(#15715);
#15715 = FILL_AREA_STYLE('',(#15716));
#15716 = FILL_AREA_STYLE_COLOUR('',#14342);
#15717 = STYLED_ITEM('color',(#15718),#10157);
#15718 = PRESENTATION_STYLE_ASSIGNMENT((#15719));
#15719 = SURFACE_STYLE_USAGE(.BOTH.,#15720);
#15720 = SURFACE_SIDE_STYLE('',(#15721));
#15721 = SURFACE_STYLE_FILL_AREA(#15722);
#15722 = FILL_AREA_STYLE('',(#15723));
#15723 = FILL_AREA_STYLE_COLOUR('',#14342);
#15724 = STYLED_ITEM('color',(#15725),#10188);
#15725 = PRESENTATION_STYLE_ASSIGNMENT((#15726));
#15726 = SURFACE_STYLE_USAGE(.BOTH.,#15727);
#15727 = SURFACE_SIDE_STYLE('',(#15728));
#15728 = SURFACE_STYLE_FILL_AREA(#15729);
#15729 = FILL_AREA_STYLE('',(#15730));
#15730 = FILL_AREA_STYLE_COLOUR('',#14342);
#15731 = STYLED_ITEM('color',(#15732),#10219);
#15732 = PRESENTATION_STYLE_ASSIGNMENT((#15733));
#15733 = SURFACE_STYLE_USAGE(.BOTH.,#15734);
#15734 = SURFACE_SIDE_STYLE('',(#15735));
#15735 = SURFACE_STYLE_FILL_AREA(#15736);
#15736 = FILL_AREA_STYLE('',(#15737));
#15737 = FILL_AREA_STYLE_COLOUR('',#14342);
#15738 = STYLED_ITEM('color',(#15739),#10384);
#15739 = PRESENTATION_STYLE_ASSIGNMENT((#15740));
#15740 = SURFACE_STYLE_USAGE(.BOTH.,#15741);
#15741 = SURFACE_SIDE_STYLE('',(#15742));
#15742 = SURFACE_STYLE_FILL_AREA(#15743);
#15743 = FILL_AREA_STYLE('',(#15744));
#15744 = FILL_AREA_STYLE_COLOUR('',#14342);
#15745 = STYLED_ITEM('color',(#15746),#10549);
#15746 = PRESENTATION_STYLE_ASSIGNMENT((#15747));
#15747 = SURFACE_STYLE_USAGE(.BOTH.,#15748);
#15748 = SURFACE_SIDE_STYLE('',(#15749));
#15749 = SURFACE_STYLE_FILL_AREA(#15750);
#15750 = FILL_AREA_STYLE('',(#15751));
#15751 = FILL_AREA_STYLE_COLOUR('',#14342);
#15752 = STYLED_ITEM('color',(#15753),#10566);
#15753 = PRESENTATION_STYLE_ASSIGNMENT((#15754));
#15754 = SURFACE_STYLE_USAGE(.BOTH.,#15755);
#15755 = SURFACE_SIDE_STYLE('',(#15756));
#15756 = SURFACE_STYLE_FILL_AREA(#15757);
#15757 = FILL_AREA_STYLE('',(#15758));
#15758 = FILL_AREA_STYLE_COLOUR('',#14342);
#15759 = STYLED_ITEM('color',(#15760),#10583);
#15760 = PRESENTATION_STYLE_ASSIGNMENT((#15761));
#15761 = SURFACE_STYLE_USAGE(.BOTH.,#15762);
#15762 = SURFACE_SIDE_STYLE('',(#15763));
#15763 = SURFACE_STYLE_FILL_AREA(#15764);
#15764 = FILL_AREA_STYLE('',(#15765));
#15765 = FILL_AREA_STYLE_COLOUR('',#14342);
#15766 = STYLED_ITEM('color',(#15767),#10600);
#15767 = PRESENTATION_STYLE_ASSIGNMENT((#15768));
#15768 = SURFACE_STYLE_USAGE(.BOTH.,#15769);
#15769 = SURFACE_SIDE_STYLE('',(#15770));
#15770 = SURFACE_STYLE_FILL_AREA(#15771);
#15771 = FILL_AREA_STYLE('',(#15772));
#15772 = FILL_AREA_STYLE_COLOUR('',#14342);
#15773 = STYLED_ITEM('color',(#15774),#10617);
#15774 = PRESENTATION_STYLE_ASSIGNMENT((#15775));
#15775 = SURFACE_STYLE_USAGE(.BOTH.,#15776);
#15776 = SURFACE_SIDE_STYLE('',(#15777));
#15777 = SURFACE_STYLE_FILL_AREA(#15778);
#15778 = FILL_AREA_STYLE('',(#15779));
#15779 = FILL_AREA_STYLE_COLOUR('',#14342);
#15780 = STYLED_ITEM('color',(#15781),#10634);
#15781 = PRESENTATION_STYLE_ASSIGNMENT((#15782));
#15782 = SURFACE_STYLE_USAGE(.BOTH.,#15783);
#15783 = SURFACE_SIDE_STYLE('',(#15784));
#15784 = SURFACE_STYLE_FILL_AREA(#15785);
#15785 = FILL_AREA_STYLE('',(#15786));
#15786 = FILL_AREA_STYLE_COLOUR('',#14342);
#15787 = STYLED_ITEM('color',(#15788),#10651);
#15788 = PRESENTATION_STYLE_ASSIGNMENT((#15789));
#15789 = SURFACE_STYLE_USAGE(.BOTH.,#15790);
#15790 = SURFACE_SIDE_STYLE('',(#15791));
#15791 = SURFACE_STYLE_FILL_AREA(#15792);
#15792 = FILL_AREA_STYLE('',(#15793));
#15793 = FILL_AREA_STYLE_COLOUR('',#14342);
#15794 = STYLED_ITEM('color',(#15795),#10668);
#15795 = PRESENTATION_STYLE_ASSIGNMENT((#15796));
#15796 = SURFACE_STYLE_USAGE(.BOTH.,#15797);
#15797 = SURFACE_SIDE_STYLE('',(#15798));
#15798 = SURFACE_STYLE_FILL_AREA(#15799);
#15799 = FILL_AREA_STYLE('',(#15800));
#15800 = FILL_AREA_STYLE_COLOUR('',#14342);
#15801 = STYLED_ITEM('color',(#15802),#10685);
#15802 = PRESENTATION_STYLE_ASSIGNMENT((#15803));
#15803 = SURFACE_STYLE_USAGE(.BOTH.,#15804);
#15804 = SURFACE_SIDE_STYLE('',(#15805));
#15805 = SURFACE_STYLE_FILL_AREA(#15806);
#15806 = FILL_AREA_STYLE('',(#15807));
#15807 = FILL_AREA_STYLE_COLOUR('',#14342);
#15808 = STYLED_ITEM('color',(#15809),#10702);
#15809 = PRESENTATION_STYLE_ASSIGNMENT((#15810));
#15810 = SURFACE_STYLE_USAGE(.BOTH.,#15811);
#15811 = SURFACE_SIDE_STYLE('',(#15812));
#15812 = SURFACE_STYLE_FILL_AREA(#15813);
#15813 = FILL_AREA_STYLE('',(#15814));
#15814 = FILL_AREA_STYLE_COLOUR('',#14342);
#15815 = STYLED_ITEM('color',(#15816),#10719);
#15816 = PRESENTATION_STYLE_ASSIGNMENT((#15817));
#15817 = SURFACE_STYLE_USAGE(.BOTH.,#15818);
#15818 = SURFACE_SIDE_STYLE('',(#15819));
#15819 = SURFACE_STYLE_FILL_AREA(#15820);
#15820 = FILL_AREA_STYLE('',(#15821));
#15821 = FILL_AREA_STYLE_COLOUR('',#14342);
#15822 = STYLED_ITEM('color',(#15823),#10731);
#15823 = PRESENTATION_STYLE_ASSIGNMENT((#15824));
#15824 = SURFACE_STYLE_USAGE(.BOTH.,#15825);
#15825 = SURFACE_SIDE_STYLE('',(#15826));
#15826 = SURFACE_STYLE_FILL_AREA(#15827);
#15827 = FILL_AREA_STYLE('',(#15828));
#15828 = FILL_AREA_STYLE_COLOUR('',#14707);
#15829 = STYLED_ITEM('color',(#15830),#10762);
#15830 = PRESENTATION_STYLE_ASSIGNMENT((#15831));
#15831 = SURFACE_STYLE_USAGE(.BOTH.,#15832);
#15832 = SURFACE_SIDE_STYLE('',(#15833));
#15833 = SURFACE_STYLE_FILL_AREA(#15834);
#15834 = FILL_AREA_STYLE('',(#15835));
#15835 = FILL_AREA_STYLE_COLOUR('',#14707);
#15836 = STYLED_ITEM('color',(#15837),#10786);
#15837 = PRESENTATION_STYLE_ASSIGNMENT((#15838));
#15838 = SURFACE_STYLE_USAGE(.BOTH.,#15839);
#15839 = SURFACE_SIDE_STYLE('',(#15840));
#15840 = SURFACE_STYLE_FILL_AREA(#15841);
#15841 = FILL_AREA_STYLE('',(#15842));
#15842 = FILL_AREA_STYLE_COLOUR('',#14707);
#15843 = STYLED_ITEM('color',(#15844),#10810);
#15844 = PRESENTATION_STYLE_ASSIGNMENT((#15845));
#15845 = SURFACE_STYLE_USAGE(.BOTH.,#15846);
#15846 = SURFACE_SIDE_STYLE('',(#15847));
#15847 = SURFACE_STYLE_FILL_AREA(#15848);
#15848 = FILL_AREA_STYLE('',(#15849));
#15849 = FILL_AREA_STYLE_COLOUR('',#14707);
#15850 = STYLED_ITEM('color',(#15851),#10827);
#15851 = PRESENTATION_STYLE_ASSIGNMENT((#15852));
#15852 = SURFACE_STYLE_USAGE(.BOTH.,#15853);
#15853 = SURFACE_SIDE_STYLE('',(#15854));
#15854 = SURFACE_STYLE_FILL_AREA(#15855);
#15855 = FILL_AREA_STYLE('',(#15856));
#15856 = FILL_AREA_STYLE_COLOUR('',#14707);
#15857 = STYLED_ITEM('color',(#15858),#10858);
#15858 = PRESENTATION_STYLE_ASSIGNMENT((#15859));
#15859 = SURFACE_STYLE_USAGE(.BOTH.,#15860);
#15860 = SURFACE_SIDE_STYLE('',(#15861));
#15861 = SURFACE_STYLE_FILL_AREA(#15862);
#15862 = FILL_AREA_STYLE('',(#15863));
#15863 = FILL_AREA_STYLE_COLOUR('',#14707);
#15864 = STYLED_ITEM('color',(#15865),#10882);
#15865 = PRESENTATION_STYLE_ASSIGNMENT((#15866));
#15866 = SURFACE_STYLE_USAGE(.BOTH.,#15867);
#15867 = SURFACE_SIDE_STYLE('',(#15868));
#15868 = SURFACE_STYLE_FILL_AREA(#15869);
#15869 = FILL_AREA_STYLE('',(#15870));
#15870 = FILL_AREA_STYLE_COLOUR('',#14707);
#15871 = STYLED_ITEM('color',(#15872),#10906);
#15872 = PRESENTATION_STYLE_ASSIGNMENT((#15873));
#15873 = SURFACE_STYLE_USAGE(.BOTH.,#15874);
#15874 = SURFACE_SIDE_STYLE('',(#15875));
#15875 = SURFACE_STYLE_FILL_AREA(#15876);
#15876 = FILL_AREA_STYLE('',(#15877));
#15877 = FILL_AREA_STYLE_COLOUR('',#14707);
#15878 = STYLED_ITEM('color',(#15879),#10923);
#15879 = PRESENTATION_STYLE_ASSIGNMENT((#15880));
#15880 = SURFACE_STYLE_USAGE(.BOTH.,#15881);
#15881 = SURFACE_SIDE_STYLE('',(#15882));
#15882 = SURFACE_STYLE_FILL_AREA(#15883);
#15883 = FILL_AREA_STYLE('',(#15884));
#15884 = FILL_AREA_STYLE_COLOUR('',#14707);
#15885 = STYLED_ITEM('color',(#15886),#10954);
#15886 = PRESENTATION_STYLE_ASSIGNMENT((#15887));
#15887 = SURFACE_STYLE_USAGE(.BOTH.,#15888);
#15888 = SURFACE_SIDE_STYLE('',(#15889));
#15889 = SURFACE_STYLE_FILL_AREA(#15890);
#15890 = FILL_AREA_STYLE('',(#15891));
#15891 = FILL_AREA_STYLE_COLOUR('',#14707);
#15892 = STYLED_ITEM('color',(#15893),#10978);
#15893 = PRESENTATION_STYLE_ASSIGNMENT((#15894));
#15894 = SURFACE_STYLE_USAGE(.BOTH.,#15895);
#15895 = SURFACE_SIDE_STYLE('',(#15896));
#15896 = SURFACE_STYLE_FILL_AREA(#15897);
#15897 = FILL_AREA_STYLE('',(#15898));
#15898 = FILL_AREA_STYLE_COLOUR('',#14707);
#15899 = STYLED_ITEM('color',(#15900),#11002);
#15900 = PRESENTATION_STYLE_ASSIGNMENT((#15901));
#15901 = SURFACE_STYLE_USAGE(.BOTH.,#15902);
#15902 = SURFACE_SIDE_STYLE('',(#15903));
#15903 = SURFACE_STYLE_FILL_AREA(#15904);
#15904 = FILL_AREA_STYLE('',(#15905));
#15905 = FILL_AREA_STYLE_COLOUR('',#14707);
#15906 = STYLED_ITEM('color',(#15907),#11019);
#15907 = PRESENTATION_STYLE_ASSIGNMENT((#15908));
#15908 = SURFACE_STYLE_USAGE(.BOTH.,#15909);
#15909 = SURFACE_SIDE_STYLE('',(#15910));
#15910 = SURFACE_STYLE_FILL_AREA(#15911);
#15911 = FILL_AREA_STYLE('',(#15912));
#15912 = FILL_AREA_STYLE_COLOUR('',#14707);
#15913 = STYLED_ITEM('color',(#15914),#11050);
#15914 = PRESENTATION_STYLE_ASSIGNMENT((#15915));
#15915 = SURFACE_STYLE_USAGE(.BOTH.,#15916);
#15916 = SURFACE_SIDE_STYLE('',(#15917));
#15917 = SURFACE_STYLE_FILL_AREA(#15918);
#15918 = FILL_AREA_STYLE('',(#15919));
#15919 = FILL_AREA_STYLE_COLOUR('',#14707);
#15920 = STYLED_ITEM('color',(#15921),#11074);
#15921 = PRESENTATION_STYLE_ASSIGNMENT((#15922));
#15922 = SURFACE_STYLE_USAGE(.BOTH.,#15923);
#15923 = SURFACE_SIDE_STYLE('',(#15924));
#15924 = SURFACE_STYLE_FILL_AREA(#15925);
#15925 = FILL_AREA_STYLE('',(#15926));
#15926 = FILL_AREA_STYLE_COLOUR('',#14707);
#15927 = STYLED_ITEM('color',(#15928),#11098);
#15928 = PRESENTATION_STYLE_ASSIGNMENT((#15929));
#15929 = SURFACE_STYLE_USAGE(.BOTH.,#15930);
#15930 = SURFACE_SIDE_STYLE('',(#15931));
#15931 = SURFACE_STYLE_FILL_AREA(#15932);
#15932 = FILL_AREA_STYLE('',(#15933));
#15933 = FILL_AREA_STYLE_COLOUR('',#14707);
#15934 = STYLED_ITEM('color',(#15935),#11115);
#15935 = PRESENTATION_STYLE_ASSIGNMENT((#15936));
#15936 = SURFACE_STYLE_USAGE(.BOTH.,#15937);
#15937 = SURFACE_SIDE_STYLE('',(#15938));
#15938 = SURFACE_STYLE_FILL_AREA(#15939);
#15939 = FILL_AREA_STYLE('',(#15940));
#15940 = FILL_AREA_STYLE_COLOUR('',#14707);
#15941 = STYLED_ITEM('color',(#15942),#11146);
#15942 = PRESENTATION_STYLE_ASSIGNMENT((#15943));
#15943 = SURFACE_STYLE_USAGE(.BOTH.,#15944);
#15944 = SURFACE_SIDE_STYLE('',(#15945));
#15945 = SURFACE_STYLE_FILL_AREA(#15946);
#15946 = FILL_AREA_STYLE('',(#15947));
#15947 = FILL_AREA_STYLE_COLOUR('',#14707);
#15948 = STYLED_ITEM('color',(#15949),#11170);
#15949 = PRESENTATION_STYLE_ASSIGNMENT((#15950));
#15950 = SURFACE_STYLE_USAGE(.BOTH.,#15951);
#15951 = SURFACE_SIDE_STYLE('',(#15952));
#15952 = SURFACE_STYLE_FILL_AREA(#15953);
#15953 = FILL_AREA_STYLE('',(#15954));
#15954 = FILL_AREA_STYLE_COLOUR('',#14707);
#15955 = STYLED_ITEM('color',(#15956),#11194);
#15956 = PRESENTATION_STYLE_ASSIGNMENT((#15957));
#15957 = SURFACE_STYLE_USAGE(.BOTH.,#15958);
#15958 = SURFACE_SIDE_STYLE('',(#15959));
#15959 = SURFACE_STYLE_FILL_AREA(#15960);
#15960 = FILL_AREA_STYLE('',(#15961));
#15961 = FILL_AREA_STYLE_COLOUR('',#14707);
#15962 = STYLED_ITEM('color',(#15963),#11211);
#15963 = PRESENTATION_STYLE_ASSIGNMENT((#15964));
#15964 = SURFACE_STYLE_USAGE(.BOTH.,#15965);
#15965 = SURFACE_SIDE_STYLE('',(#15966));
#15966 = SURFACE_STYLE_FILL_AREA(#15967);
#15967 = FILL_AREA_STYLE('',(#15968));
#15968 = FILL_AREA_STYLE_COLOUR('',#14707);
#15969 = STYLED_ITEM('color',(#15970),#11242);
#15970 = PRESENTATION_STYLE_ASSIGNMENT((#15971));
#15971 = SURFACE_STYLE_USAGE(.BOTH.,#15972);
#15972 = SURFACE_SIDE_STYLE('',(#15973));
#15973 = SURFACE_STYLE_FILL_AREA(#15974);
#15974 = FILL_AREA_STYLE('',(#15975));
#15975 = FILL_AREA_STYLE_COLOUR('',#14707);
#15976 = STYLED_ITEM('color',(#15977),#11266);
#15977 = PRESENTATION_STYLE_ASSIGNMENT((#15978));
#15978 = SURFACE_STYLE_USAGE(.BOTH.,#15979);
#15979 = SURFACE_SIDE_STYLE('',(#15980));
#15980 = SURFACE_STYLE_FILL_AREA(#15981);
#15981 = FILL_AREA_STYLE('',(#15982));
#15982 = FILL_AREA_STYLE_COLOUR('',#14707);
#15983 = STYLED_ITEM('color',(#15984),#11290);
#15984 = PRESENTATION_STYLE_ASSIGNMENT((#15985));
#15985 = SURFACE_STYLE_USAGE(.BOTH.,#15986);
#15986 = SURFACE_SIDE_STYLE('',(#15987));
#15987 = SURFACE_STYLE_FILL_AREA(#15988);
#15988 = FILL_AREA_STYLE('',(#15989));
#15989 = FILL_AREA_STYLE_COLOUR('',#14707);
#15990 = STYLED_ITEM('color',(#15991),#11307);
#15991 = PRESENTATION_STYLE_ASSIGNMENT((#15992));
#15992 = SURFACE_STYLE_USAGE(.BOTH.,#15993);
#15993 = SURFACE_SIDE_STYLE('',(#15994));
#15994 = SURFACE_STYLE_FILL_AREA(#15995);
#15995 = FILL_AREA_STYLE('',(#15996));
#15996 = FILL_AREA_STYLE_COLOUR('',#14707);
#15997 = STYLED_ITEM('color',(#15998),#11338);
#15998 = PRESENTATION_STYLE_ASSIGNMENT((#15999));
#15999 = SURFACE_STYLE_USAGE(.BOTH.,#16000);
#16000 = SURFACE_SIDE_STYLE('',(#16001));
#16001 = SURFACE_STYLE_FILL_AREA(#16002);
#16002 = FILL_AREA_STYLE('',(#16003));
#16003 = FILL_AREA_STYLE_COLOUR('',#14707);
#16004 = STYLED_ITEM('color',(#16005),#11362);
#16005 = PRESENTATION_STYLE_ASSIGNMENT((#16006));
#16006 = SURFACE_STYLE_USAGE(.BOTH.,#16007);
#16007 = SURFACE_SIDE_STYLE('',(#16008));
#16008 = SURFACE_STYLE_FILL_AREA(#16009);
#16009 = FILL_AREA_STYLE('',(#16010));
#16010 = FILL_AREA_STYLE_COLOUR('',#14707);
#16011 = STYLED_ITEM('color',(#16012),#11386);
#16012 = PRESENTATION_STYLE_ASSIGNMENT((#16013));
#16013 = SURFACE_STYLE_USAGE(.BOTH.,#16014);
#16014 = SURFACE_SIDE_STYLE('',(#16015));
#16015 = SURFACE_STYLE_FILL_AREA(#16016);
#16016 = FILL_AREA_STYLE('',(#16017));
#16017 = FILL_AREA_STYLE_COLOUR('',#14707);
#16018 = STYLED_ITEM('color',(#16019),#11403);
#16019 = PRESENTATION_STYLE_ASSIGNMENT((#16020));
#16020 = SURFACE_STYLE_USAGE(.BOTH.,#16021);
#16021 = SURFACE_SIDE_STYLE('',(#16022));
#16022 = SURFACE_STYLE_FILL_AREA(#16023);
#16023 = FILL_AREA_STYLE('',(#16024));
#16024 = FILL_AREA_STYLE_COLOUR('',#14707);
#16025 = STYLED_ITEM('color',(#16026),#11434);
#16026 = PRESENTATION_STYLE_ASSIGNMENT((#16027));
#16027 = SURFACE_STYLE_USAGE(.BOTH.,#16028);
#16028 = SURFACE_SIDE_STYLE('',(#16029));
#16029 = SURFACE_STYLE_FILL_AREA(#16030);
#16030 = FILL_AREA_STYLE('',(#16031));
#16031 = FILL_AREA_STYLE_COLOUR('',#14707);
#16032 = STYLED_ITEM('color',(#16033),#11458);
#16033 = PRESENTATION_STYLE_ASSIGNMENT((#16034));
#16034 = SURFACE_STYLE_USAGE(.BOTH.,#16035);
#16035 = SURFACE_SIDE_STYLE('',(#16036));
#16036 = SURFACE_STYLE_FILL_AREA(#16037);
#16037 = FILL_AREA_STYLE('',(#16038));
#16038 = FILL_AREA_STYLE_COLOUR('',#14707);
#16039 = STYLED_ITEM('color',(#16040),#11482);
#16040 = PRESENTATION_STYLE_ASSIGNMENT((#16041));
#16041 = SURFACE_STYLE_USAGE(.BOTH.,#16042);
#16042 = SURFACE_SIDE_STYLE('',(#16043));
#16043 = SURFACE_STYLE_FILL_AREA(#16044);
#16044 = FILL_AREA_STYLE('',(#16045));
#16045 = FILL_AREA_STYLE_COLOUR('',#14707);
#16046 = STYLED_ITEM('color',(#16047),#11499);
#16047 = PRESENTATION_STYLE_ASSIGNMENT((#16048));
#16048 = SURFACE_STYLE_USAGE(.BOTH.,#16049);
#16049 = SURFACE_SIDE_STYLE('',(#16050));
#16050 = SURFACE_STYLE_FILL_AREA(#16051);
#16051 = FILL_AREA_STYLE('',(#16052));
#16052 = FILL_AREA_STYLE_COLOUR('',#14707);
#16053 = STYLED_ITEM('color',(#16054),#11511);
#16054 = PRESENTATION_STYLE_ASSIGNMENT((#16055));
#16055 = SURFACE_STYLE_USAGE(.BOTH.,#16056);
#16056 = SURFACE_SIDE_STYLE('',(#16057));
#16057 = SURFACE_STYLE_FILL_AREA(#16058);
#16058 = FILL_AREA_STYLE('',(#16059));
#16059 = FILL_AREA_STYLE_COLOUR('',#14707);
#16060 = STYLED_ITEM('color',(#16061),#11523);
#16061 = PRESENTATION_STYLE_ASSIGNMENT((#16062));
#16062 = SURFACE_STYLE_USAGE(.BOTH.,#16063);
#16063 = SURFACE_SIDE_STYLE('',(#16064));
#16064 = SURFACE_STYLE_FILL_AREA(#16065);
#16065 = FILL_AREA_STYLE('',(#16066));
#16066 = FILL_AREA_STYLE_COLOUR('',#14707);
#16067 = STYLED_ITEM('color',(#16068),#11535);
#16068 = PRESENTATION_STYLE_ASSIGNMENT((#16069));
#16069 = SURFACE_STYLE_USAGE(.BOTH.,#16070);
#16070 = SURFACE_SIDE_STYLE('',(#16071));
#16071 = SURFACE_STYLE_FILL_AREA(#16072);
#16072 = FILL_AREA_STYLE('',(#16073));
#16073 = FILL_AREA_STYLE_COLOUR('',#14707);
#16074 = MECHANICAL_DESIGN_GEOMETRIC_PRESENTATION_REPRESENTATION('',(
    #16075,#16082,#16089,#16096,#16103,#16110,#16117,#16124,#16131,
    #16138,#16145,#16152,#16159,#16166,#16173,#16180,#16187,#16194,
    #16201,#16208,#16215,#16222,#16229,#16236,#16243,#16250,#16257,
    #16264,#16271,#16278,#16285,#16292,#16299,#16306,#16313,#16320,
    #16328,#16335,#16342,#16349,#16356,#16363,#16370,#16377,#16384,
    #16391,#16398,#16405,#16412,#16419),#4486);
#16075 = STYLED_ITEM('color',(#16076),#2965);
#16076 = PRESENTATION_STYLE_ASSIGNMENT((#16077));
#16077 = SURFACE_STYLE_USAGE(.BOTH.,#16078);
#16078 = SURFACE_SIDE_STYLE('',(#16079));
#16079 = SURFACE_STYLE_FILL_AREA(#16080);
#16080 = FILL_AREA_STYLE('',(#16081));
#16081 = FILL_AREA_STYLE_COLOUR('',#14197);
#16082 = STYLED_ITEM('color',(#16083),#3005);
#16083 = PRESENTATION_STYLE_ASSIGNMENT((#16084));
#16084 = SURFACE_STYLE_USAGE(.BOTH.,#16085);
#16085 = SURFACE_SIDE_STYLE('',(#16086));
#16086 = SURFACE_STYLE_FILL_AREA(#16087);
#16087 = FILL_AREA_STYLE('',(#16088));
#16088 = FILL_AREA_STYLE_COLOUR('',#14197);
#16089 = STYLED_ITEM('color',(#16090),#3052);
#16090 = PRESENTATION_STYLE_ASSIGNMENT((#16091));
#16091 = SURFACE_STYLE_USAGE(.BOTH.,#16092);
#16092 = SURFACE_SIDE_STYLE('',(#16093));
#16093 = SURFACE_STYLE_FILL_AREA(#16094);
#16094 = FILL_AREA_STYLE('',(#16095));
#16095 = FILL_AREA_STYLE_COLOUR('',#14197);
#16096 = STYLED_ITEM('color',(#16097),#3131);
#16097 = PRESENTATION_STYLE_ASSIGNMENT((#16098));
#16098 = SURFACE_STYLE_USAGE(.BOTH.,#16099);
#16099 = SURFACE_SIDE_STYLE('',(#16100));
#16100 = SURFACE_STYLE_FILL_AREA(#16101);
#16101 = FILL_AREA_STYLE('',(#16102));
#16102 = FILL_AREA_STYLE_COLOUR('',#14197);
#16103 = STYLED_ITEM('color',(#16104),#3155);
#16104 = PRESENTATION_STYLE_ASSIGNMENT((#16105));
#16105 = SURFACE_STYLE_USAGE(.BOTH.,#16106);
#16106 = SURFACE_SIDE_STYLE('',(#16107));
#16107 = SURFACE_STYLE_FILL_AREA(#16108);
#16108 = FILL_AREA_STYLE('',(#16109));
#16109 = FILL_AREA_STYLE_COLOUR('',#14197);
#16110 = STYLED_ITEM('color',(#16111),#3195);
#16111 = PRESENTATION_STYLE_ASSIGNMENT((#16112));
#16112 = SURFACE_STYLE_USAGE(.BOTH.,#16113);
#16113 = SURFACE_SIDE_STYLE('',(#16114));
#16114 = SURFACE_STYLE_FILL_AREA(#16115);
#16115 = FILL_AREA_STYLE('',(#16116));
#16116 = FILL_AREA_STYLE_COLOUR('',#14197);
#16117 = STYLED_ITEM('color',(#16118),#3226);
#16118 = PRESENTATION_STYLE_ASSIGNMENT((#16119));
#16119 = SURFACE_STYLE_USAGE(.BOTH.,#16120);
#16120 = SURFACE_SIDE_STYLE('',(#16121));
#16121 = SURFACE_STYLE_FILL_AREA(#16122);
#16122 = FILL_AREA_STYLE('',(#16123));
#16123 = FILL_AREA_STYLE_COLOUR('',#14197);
#16124 = STYLED_ITEM('color',(#16125),#3243);
#16125 = PRESENTATION_STYLE_ASSIGNMENT((#16126));
#16126 = SURFACE_STYLE_USAGE(.BOTH.,#16127);
#16127 = SURFACE_SIDE_STYLE('',(#16128));
#16128 = SURFACE_STYLE_FILL_AREA(#16129);
#16129 = FILL_AREA_STYLE('',(#16130));
#16130 = FILL_AREA_STYLE_COLOUR('',#14707);
#16131 = STYLED_ITEM('color',(#16132),#3276);
#16132 = PRESENTATION_STYLE_ASSIGNMENT((#16133));
#16133 = SURFACE_STYLE_USAGE(.BOTH.,#16134);
#16134 = SURFACE_SIDE_STYLE('',(#16135));
#16135 = SURFACE_STYLE_FILL_AREA(#16136);
#16136 = FILL_AREA_STYLE('',(#16137));
#16137 = FILL_AREA_STYLE_COLOUR('',#14197);
#16138 = STYLED_ITEM('color',(#16139),#3300);
#16139 = PRESENTATION_STYLE_ASSIGNMENT((#16140));
#16140 = SURFACE_STYLE_USAGE(.BOTH.,#16141);
#16141 = SURFACE_SIDE_STYLE('',(#16142));
#16142 = SURFACE_STYLE_FILL_AREA(#16143);
#16143 = FILL_AREA_STYLE('',(#16144));
#16144 = FILL_AREA_STYLE_COLOUR('',#14707);
#16145 = STYLED_ITEM('color',(#16146),#3367);
#16146 = PRESENTATION_STYLE_ASSIGNMENT((#16147));
#16147 = SURFACE_STYLE_USAGE(.BOTH.,#16148);
#16148 = SURFACE_SIDE_STYLE('',(#16149));
#16149 = SURFACE_STYLE_FILL_AREA(#16150);
#16150 = FILL_AREA_STYLE('',(#16151));
#16151 = FILL_AREA_STYLE_COLOUR('',#14197);
#16152 = STYLED_ITEM('color',(#16153),#3488);
#16153 = PRESENTATION_STYLE_ASSIGNMENT((#16154));
#16154 = SURFACE_STYLE_USAGE(.BOTH.,#16155);
#16155 = SURFACE_SIDE_STYLE('',(#16156));
#16156 = SURFACE_STYLE_FILL_AREA(#16157);
#16157 = FILL_AREA_STYLE('',(#16158));
#16158 = FILL_AREA_STYLE_COLOUR('',#14707);
#16159 = STYLED_ITEM('color',(#16160),#3555);
#16160 = PRESENTATION_STYLE_ASSIGNMENT((#16161));
#16161 = SURFACE_STYLE_USAGE(.BOTH.,#16162);
#16162 = SURFACE_SIDE_STYLE('',(#16163));
#16163 = SURFACE_STYLE_FILL_AREA(#16164);
#16164 = FILL_AREA_STYLE('',(#16165));
#16165 = FILL_AREA_STYLE_COLOUR('',#14197);
#16166 = STYLED_ITEM('color',(#16167),#3579);
#16167 = PRESENTATION_STYLE_ASSIGNMENT((#16168));
#16168 = SURFACE_STYLE_USAGE(.BOTH.,#16169);
#16169 = SURFACE_SIDE_STYLE('',(#16170));
#16170 = SURFACE_STYLE_FILL_AREA(#16171);
#16171 = FILL_AREA_STYLE('',(#16172));
#16172 = FILL_AREA_STYLE_COLOUR('',#14197);
#16173 = STYLED_ITEM('color',(#16174),#3610);
#16174 = PRESENTATION_STYLE_ASSIGNMENT((#16175));
#16175 = SURFACE_STYLE_USAGE(.BOTH.,#16176);
#16176 = SURFACE_SIDE_STYLE('',(#16177));
#16177 = SURFACE_STYLE_FILL_AREA(#16178);
#16178 = FILL_AREA_STYLE('',(#16179));
#16179 = FILL_AREA_STYLE_COLOUR('',#14707);
#16180 = STYLED_ITEM('color',(#16181),#3643);
#16181 = PRESENTATION_STYLE_ASSIGNMENT((#16182));
#16182 = SURFACE_STYLE_USAGE(.BOTH.,#16183);
#16183 = SURFACE_SIDE_STYLE('',(#16184));
#16184 = SURFACE_STYLE_FILL_AREA(#16185);
#16185 = FILL_AREA_STYLE('',(#16186));
#16186 = FILL_AREA_STYLE_COLOUR('',#14197);
#16187 = STYLED_ITEM('color',(#16188),#3699);
#16188 = PRESENTATION_STYLE_ASSIGNMENT((#16189));
#16189 = SURFACE_STYLE_USAGE(.BOTH.,#16190);
#16190 = SURFACE_SIDE_STYLE('',(#16191));
#16191 = SURFACE_STYLE_FILL_AREA(#16192);
#16192 = FILL_AREA_STYLE('',(#16193));
#16193 = FILL_AREA_STYLE_COLOUR('',#14707);
#16194 = STYLED_ITEM('color',(#16195),#3723);
#16195 = PRESENTATION_STYLE_ASSIGNMENT((#16196));
#16196 = SURFACE_STYLE_USAGE(.BOTH.,#16197);
#16197 = SURFACE_SIDE_STYLE('',(#16198));
#16198 = SURFACE_STYLE_FILL_AREA(#16199);
#16199 = FILL_AREA_STYLE('',(#16200));
#16200 = FILL_AREA_STYLE_COLOUR('',#14707);
#16201 = STYLED_ITEM('color',(#16202),#3747);
#16202 = PRESENTATION_STYLE_ASSIGNMENT((#16203));
#16203 = SURFACE_STYLE_USAGE(.BOTH.,#16204);
#16204 = SURFACE_SIDE_STYLE('',(#16205));
#16205 = SURFACE_STYLE_FILL_AREA(#16206);
#16206 = FILL_AREA_STYLE('',(#16207));
#16207 = FILL_AREA_STYLE_COLOUR('',#14707);
#16208 = STYLED_ITEM('color',(#16209),#3771);
#16209 = PRESENTATION_STYLE_ASSIGNMENT((#16210));
#16210 = SURFACE_STYLE_USAGE(.BOTH.,#16211);
#16211 = SURFACE_SIDE_STYLE('',(#16212));
#16212 = SURFACE_STYLE_FILL_AREA(#16213);
#16213 = FILL_AREA_STYLE('',(#16214));
#16214 = FILL_AREA_STYLE_COLOUR('',#14707);
#16215 = STYLED_ITEM('color',(#16216),#3804);
#16216 = PRESENTATION_STYLE_ASSIGNMENT((#16217));
#16217 = SURFACE_STYLE_USAGE(.BOTH.,#16218);
#16218 = SURFACE_SIDE_STYLE('',(#16219));
#16219 = SURFACE_STYLE_FILL_AREA(#16220);
#16220 = FILL_AREA_STYLE('',(#16221));
#16221 = FILL_AREA_STYLE_COLOUR('',#14707);
#16222 = STYLED_ITEM('color',(#16223),#3816);
#16223 = PRESENTATION_STYLE_ASSIGNMENT((#16224));
#16224 = SURFACE_STYLE_USAGE(.BOTH.,#16225);
#16225 = SURFACE_SIDE_STYLE('',(#16226));
#16226 = SURFACE_STYLE_FILL_AREA(#16227);
#16227 = FILL_AREA_STYLE('',(#16228));
#16228 = FILL_AREA_STYLE_COLOUR('',#14707);
#16229 = STYLED_ITEM('color',(#16230),#3879);
#16230 = PRESENTATION_STYLE_ASSIGNMENT((#16231));
#16231 = SURFACE_STYLE_USAGE(.BOTH.,#16232);
#16232 = SURFACE_SIDE_STYLE('',(#16233));
#16233 = SURFACE_STYLE_FILL_AREA(#16234);
#16234 = FILL_AREA_STYLE('',(#16235));
#16235 = FILL_AREA_STYLE_COLOUR('',#14707);
#16236 = STYLED_ITEM('color',(#16237),#3904);
#16237 = PRESENTATION_STYLE_ASSIGNMENT((#16238));
#16238 = SURFACE_STYLE_USAGE(.BOTH.,#16239);
#16239 = SURFACE_SIDE_STYLE('',(#16240));
#16240 = SURFACE_STYLE_FILL_AREA(#16241);
#16241 = FILL_AREA_STYLE('',(#16242));
#16242 = FILL_AREA_STYLE_COLOUR('',#14707);
#16243 = STYLED_ITEM('color',(#16244),#3921);
#16244 = PRESENTATION_STYLE_ASSIGNMENT((#16245));
#16245 = SURFACE_STYLE_USAGE(.BOTH.,#16246);
#16246 = SURFACE_SIDE_STYLE('',(#16247));
#16247 = SURFACE_STYLE_FILL_AREA(#16248);
#16248 = FILL_AREA_STYLE('',(#16249));
#16249 = FILL_AREA_STYLE_COLOUR('',#14707);
#16250 = STYLED_ITEM('color',(#16251),#3945);
#16251 = PRESENTATION_STYLE_ASSIGNMENT((#16252));
#16252 = SURFACE_STYLE_USAGE(.BOTH.,#16253);
#16253 = SURFACE_SIDE_STYLE('',(#16254));
#16254 = SURFACE_STYLE_FILL_AREA(#16255);
#16255 = FILL_AREA_STYLE('',(#16256));
#16256 = FILL_AREA_STYLE_COLOUR('',#14707);
#16257 = STYLED_ITEM('color',(#16258),#3963);
#16258 = PRESENTATION_STYLE_ASSIGNMENT((#16259));
#16259 = SURFACE_STYLE_USAGE(.BOTH.,#16260);
#16260 = SURFACE_SIDE_STYLE('',(#16261));
#16261 = SURFACE_STYLE_FILL_AREA(#16262);
#16262 = FILL_AREA_STYLE('',(#16263));
#16263 = FILL_AREA_STYLE_COLOUR('',#14707);
#16264 = STYLED_ITEM('color',(#16265),#3981);
#16265 = PRESENTATION_STYLE_ASSIGNMENT((#16266));
#16266 = SURFACE_STYLE_USAGE(.BOTH.,#16267);
#16267 = SURFACE_SIDE_STYLE('',(#16268));
#16268 = SURFACE_STYLE_FILL_AREA(#16269);
#16269 = FILL_AREA_STYLE('',(#16270));
#16270 = FILL_AREA_STYLE_COLOUR('',#14707);
#16271 = STYLED_ITEM('color',(#16272),#3999);
#16272 = PRESENTATION_STYLE_ASSIGNMENT((#16273));
#16273 = SURFACE_STYLE_USAGE(.BOTH.,#16274);
#16274 = SURFACE_SIDE_STYLE('',(#16275));
#16275 = SURFACE_STYLE_FILL_AREA(#16276);
#16276 = FILL_AREA_STYLE('',(#16277));
#16277 = FILL_AREA_STYLE_COLOUR('',#14707);
#16278 = STYLED_ITEM('color',(#16279),#4016);
#16279 = PRESENTATION_STYLE_ASSIGNMENT((#16280));
#16280 = SURFACE_STYLE_USAGE(.BOTH.,#16281);
#16281 = SURFACE_SIDE_STYLE('',(#16282));
#16282 = SURFACE_STYLE_FILL_AREA(#16283);
#16283 = FILL_AREA_STYLE('',(#16284));
#16284 = FILL_AREA_STYLE_COLOUR('',#14707);
#16285 = STYLED_ITEM('color',(#16286),#4033);
#16286 = PRESENTATION_STYLE_ASSIGNMENT((#16287));
#16287 = SURFACE_STYLE_USAGE(.BOTH.,#16288);
#16288 = SURFACE_SIDE_STYLE('',(#16289));
#16289 = SURFACE_STYLE_FILL_AREA(#16290);
#16290 = FILL_AREA_STYLE('',(#16291));
#16291 = FILL_AREA_STYLE_COLOUR('',#14707);
#16292 = STYLED_ITEM('color',(#16293),#4064);
#16293 = PRESENTATION_STYLE_ASSIGNMENT((#16294));
#16294 = SURFACE_STYLE_USAGE(.BOTH.,#16295);
#16295 = SURFACE_SIDE_STYLE('',(#16296));
#16296 = SURFACE_STYLE_FILL_AREA(#16297);
#16297 = FILL_AREA_STYLE('',(#16298));
#16298 = FILL_AREA_STYLE_COLOUR('',#14707);
#16299 = STYLED_ITEM('color',(#16300),#4089);
#16300 = PRESENTATION_STYLE_ASSIGNMENT((#16301));
#16301 = SURFACE_STYLE_USAGE(.BOTH.,#16302);
#16302 = SURFACE_SIDE_STYLE('',(#16303));
#16303 = SURFACE_STYLE_FILL_AREA(#16304);
#16304 = FILL_AREA_STYLE('',(#16305));
#16305 = FILL_AREA_STYLE_COLOUR('',#14707);
#16306 = STYLED_ITEM('color',(#16307),#4114);
#16307 = PRESENTATION_STYLE_ASSIGNMENT((#16308));
#16308 = SURFACE_STYLE_USAGE(.BOTH.,#16309);
#16309 = SURFACE_SIDE_STYLE('',(#16310));
#16310 = SURFACE_STYLE_FILL_AREA(#16311);
#16311 = FILL_AREA_STYLE('',(#16312));
#16312 = FILL_AREA_STYLE_COLOUR('',#14707);
#16313 = STYLED_ITEM('color',(#16314),#4138);
#16314 = PRESENTATION_STYLE_ASSIGNMENT((#16315));
#16315 = SURFACE_STYLE_USAGE(.BOTH.,#16316);
#16316 = SURFACE_SIDE_STYLE('',(#16317));
#16317 = SURFACE_STYLE_FILL_AREA(#16318);
#16318 = FILL_AREA_STYLE('',(#16319));
#16319 = FILL_AREA_STYLE_COLOUR('',#14707);
#16320 = STYLED_ITEM('color',(#16321),#4155);
#16321 = PRESENTATION_STYLE_ASSIGNMENT((#16322));
#16322 = SURFACE_STYLE_USAGE(.BOTH.,#16323);
#16323 = SURFACE_SIDE_STYLE('',(#16324));
#16324 = SURFACE_STYLE_FILL_AREA(#16325);
#16325 = FILL_AREA_STYLE('',(#16326));
#16326 = FILL_AREA_STYLE_COLOUR('',#16327);
#16327 = COLOUR_RGB('',0.340000006699,0.68000001254,0.444999988852);
#16328 = STYLED_ITEM('color',(#16329),#4186);
#16329 = PRESENTATION_STYLE_ASSIGNMENT((#16330));
#16330 = SURFACE_STYLE_USAGE(.BOTH.,#16331);
#16331 = SURFACE_SIDE_STYLE('',(#16332));
#16332 = SURFACE_STYLE_FILL_AREA(#16333);
#16333 = FILL_AREA_STYLE('',(#16334));
#16334 = FILL_AREA_STYLE_COLOUR('',#16327);
#16335 = STYLED_ITEM('color',(#16336),#4210);
#16336 = PRESENTATION_STYLE_ASSIGNMENT((#16337));
#16337 = SURFACE_STYLE_USAGE(.BOTH.,#16338);
#16338 = SURFACE_SIDE_STYLE('',(#16339));
#16339 = SURFACE_STYLE_FILL_AREA(#16340);
#16340 = FILL_AREA_STYLE('',(#16341));
#16341 = FILL_AREA_STYLE_COLOUR('',#16327);
#16342 = STYLED_ITEM('color',(#16343),#4227);
#16343 = PRESENTATION_STYLE_ASSIGNMENT((#16344));
#16344 = SURFACE_STYLE_USAGE(.BOTH.,#16345);
#16345 = SURFACE_SIDE_STYLE('',(#16346));
#16346 = SURFACE_STYLE_FILL_AREA(#16347);
#16347 = FILL_AREA_STYLE('',(#16348));
#16348 = FILL_AREA_STYLE_COLOUR('',#14707);
#16349 = STYLED_ITEM('color',(#16350),#4255);
#16350 = PRESENTATION_STYLE_ASSIGNMENT((#16351));
#16351 = SURFACE_STYLE_USAGE(.BOTH.,#16352);
#16352 = SURFACE_SIDE_STYLE('',(#16353));
#16353 = SURFACE_STYLE_FILL_AREA(#16354);
#16354 = FILL_AREA_STYLE('',(#16355));
#16355 = FILL_AREA_STYLE_COLOUR('',#14707);
#16356 = STYLED_ITEM('color',(#16357),#4280);
#16357 = PRESENTATION_STYLE_ASSIGNMENT((#16358));
#16358 = SURFACE_STYLE_USAGE(.BOTH.,#16359);
#16359 = SURFACE_SIDE_STYLE('',(#16360));
#16360 = SURFACE_STYLE_FILL_AREA(#16361);
#16361 = FILL_AREA_STYLE('',(#16362));
#16362 = FILL_AREA_STYLE_COLOUR('',#14707);
#16363 = STYLED_ITEM('color',(#16364),#4304);
#16364 = PRESENTATION_STYLE_ASSIGNMENT((#16365));
#16365 = SURFACE_STYLE_USAGE(.BOTH.,#16366);
#16366 = SURFACE_SIDE_STYLE('',(#16367));
#16367 = SURFACE_STYLE_FILL_AREA(#16368);
#16368 = FILL_AREA_STYLE('',(#16369));
#16369 = FILL_AREA_STYLE_COLOUR('',#14707);
#16370 = STYLED_ITEM('color',(#16371),#4329);
#16371 = PRESENTATION_STYLE_ASSIGNMENT((#16372));
#16372 = SURFACE_STYLE_USAGE(.BOTH.,#16373);
#16373 = SURFACE_SIDE_STYLE('',(#16374));
#16374 = SURFACE_STYLE_FILL_AREA(#16375);
#16375 = FILL_AREA_STYLE('',(#16376));
#16376 = FILL_AREA_STYLE_COLOUR('',#14707);
#16377 = STYLED_ITEM('color',(#16378),#4376);
#16378 = PRESENTATION_STYLE_ASSIGNMENT((#16379));
#16379 = SURFACE_STYLE_USAGE(.BOTH.,#16380);
#16380 = SURFACE_SIDE_STYLE('',(#16381));
#16381 = SURFACE_STYLE_FILL_AREA(#16382);
#16382 = FILL_AREA_STYLE('',(#16383));
#16383 = FILL_AREA_STYLE_COLOUR('',#14707);
#16384 = STYLED_ITEM('color',(#16385),#4393);
#16385 = PRESENTATION_STYLE_ASSIGNMENT((#16386));
#16386 = SURFACE_STYLE_USAGE(.BOTH.,#16387);
#16387 = SURFACE_SIDE_STYLE('',(#16388));
#16388 = SURFACE_STYLE_FILL_AREA(#16389);
#16389 = FILL_AREA_STYLE('',(#16390));
#16390 = FILL_AREA_STYLE_COLOUR('',#14707);
#16391 = STYLED_ITEM('color',(#16392),#4405);
#16392 = PRESENTATION_STYLE_ASSIGNMENT((#16393));
#16393 = SURFACE_STYLE_USAGE(.BOTH.,#16394);
#16394 = SURFACE_SIDE_STYLE('',(#16395));
#16395 = SURFACE_STYLE_FILL_AREA(#16396);
#16396 = FILL_AREA_STYLE('',(#16397));
#16397 = FILL_AREA_STYLE_COLOUR('',#14707);
#16398 = STYLED_ITEM('color',(#16399),#4427);
#16399 = PRESENTATION_STYLE_ASSIGNMENT((#16400));
#16400 = SURFACE_STYLE_USAGE(.BOTH.,#16401);
#16401 = SURFACE_SIDE_STYLE('',(#16402));
#16402 = SURFACE_STYLE_FILL_AREA(#16403);
#16403 = FILL_AREA_STYLE('',(#16404));
#16404 = FILL_AREA_STYLE_COLOUR('',#14707);
#16405 = STYLED_ITEM('color',(#16406),#4439);
#16406 = PRESENTATION_STYLE_ASSIGNMENT((#16407));
#16407 = SURFACE_STYLE_USAGE(.BOTH.,#16408);
#16408 = SURFACE_SIDE_STYLE('',(#16409));
#16409 = SURFACE_STYLE_FILL_AREA(#16410);
#16410 = FILL_AREA_STYLE('',(#16411));
#16411 = FILL_AREA_STYLE_COLOUR('',#14707);
#16412 = STYLED_ITEM('color',(#16413),#4457);
#16413 = PRESENTATION_STYLE_ASSIGNMENT((#16414));
#16414 = SURFACE_STYLE_USAGE(.BOTH.,#16415);
#16415 = SURFACE_SIDE_STYLE('',(#16416));
#16416 = SURFACE_STYLE_FILL_AREA(#16417);
#16417 = FILL_AREA_STYLE('',(#16418));
#16418 = FILL_AREA_STYLE_COLOUR('',#14707);
#16419 = STYLED_ITEM('color',(#16420),#4475);
#16420 = PRESENTATION_STYLE_ASSIGNMENT((#16421));
#16421 = SURFACE_STYLE_USAGE(.BOTH.,#16422);
#16422 = SURFACE_SIDE_STYLE('',(#16423));
#16423 = SURFACE_STYLE_FILL_AREA(#16424);
#16424 = FILL_AREA_STYLE('',(#16425));
#16425 = FILL_AREA_STYLE_COLOUR('',#16327);
ENDSEC;
END-ISO-10303-21;
