ISO-10303-21;
HEADER;
FILE_DESCRIPTION(('KiCad electronic assembly'),'2;1');
FILE_NAME('.IOX-Plugin-Footprint-1.0A.46e4ee1a.part.step',
  '2026-09-02T15:06:25',('Pcbnew'),('Kicad'),
  'Open CASCADE STEP processor 7.9','KiCad to STEP converter','Unknown'
  );
FILE_SCHEMA(('AUTOMOTIVE_DESIGN { 1 0 10303 214 1 1 1 1 }'));
ENDSEC;
DATA;
#1 = APPLICATION_PROTOCOL_DEFINITION('international standard',
  'automotive_design',2000,#2);
#2 = APPLICATION_CONTEXT(
  'core data for automotive mechanical design processes');
#3 = SHAPE_DEFINITION_REPRESENTATION(#4,#10);
#4 = PRODUCT_DEFINITION_SHAPE('','',#5);
#5 = PRODUCT_DEFINITION('design','',#6,#9);
#6 = PRODUCT_DEFINITION_FORMATION('','',#7);
#7 = PRODUCT('.IOX-Plugin-Footprint-1.0A.46e4ee1a.part 1',
  '.IOX-Plugin-Footprint-1.0A.46e4ee1a.part 1','',(#8));
#8 = PRODUCT_CONTEXT('',#2,'mechanical');
#9 = PRODUCT_DEFINITION_CONTEXT('part definition',#2,'design');
#10 = SHAPE_REPRESENTATION('',(#11,#15,#19,#23,#27),#31);
#11 = AXIS2_PLACEMENT_3D('',#12,#13,#14);
#12 = CARTESIAN_POINT('',(0.,0.,0.));
#13 = DIRECTION('',(0.,0.,1.));
#14 = DIRECTION('',(1.,0.,-0.));
#15 = AXIS2_PLACEMENT_3D('',#16,#17,#18);
#16 = CARTESIAN_POINT('',(158.115,-121.92,-8.5E-02));
#17 = DIRECTION('',(-1.224646799147E-16,-1.359631073447E-32,-1.));
#18 = DIRECTION('',(1.110223024625E-16,-1.,0.));
#19 = AXIS2_PLACEMENT_3D('',#20,#21,#22);
#20 = CARTESIAN_POINT('',(135.255,-121.92,-8.5E-02));
#21 = DIRECTION('',(-1.224646799147E-16,-1.359631073447E-32,-1.));
#22 = DIRECTION('',(1.110223024625E-16,-1.,0.));
#23 = AXIS2_PLACEMENT_3D('',#24,#25,#26);
#24 = CARTESIAN_POINT('',(135.255,-111.76,-8.5E-02));
#25 = DIRECTION('',(-1.224646799147E-16,-1.359631073447E-32,-1.));
#26 = DIRECTION('',(1.110223024625E-16,-1.,0.));
#27 = AXIS2_PLACEMENT_3D('',#28,#29,#30);
#28 = CARTESIAN_POINT('',(0.,0.,0.));
#29 = DIRECTION('',(0.,0.,1.));
#30 = DIRECTION('',(1.,0.,-0.));
#31 = ( GEOMETRIC_REPRESENTATION_CONTEXT(3) 
GLOBAL_UNCERTAINTY_ASSIGNED_CONTEXT((#35)) GLOBAL_UNIT_ASSIGNED_CONTEXT(
(#32,#33,#34)) REPRESENTATION_CONTEXT('Context #1',
  '3D Context with UNIT and UNCERTAINTY') );
#32 = ( LENGTH_UNIT() NAMED_UNIT(*) SI_UNIT(.MILLI.,.METRE.) );
#33 = ( NAMED_UNIT(*) PLANE_ANGLE_UNIT() SI_UNIT($,.RADIAN.) );
#34 = ( NAMED_UNIT(*) SI_UNIT($,.STERADIAN.) SOLID_ANGLE_UNIT() );
#35 = UNCERTAINTY_MEASURE_WITH_UNIT(LENGTH_MEASURE(1.E-07),#32,
  'distance_accuracy_value','confusion accuracy');
#36 = PRODUCT_RELATED_PRODUCT_CATEGORY('part',$,(#7));
#37 = SHAPE_DEFINITION_REPRESENTATION(#38,#44);
#38 = PRODUCT_DEFINITION_SHAPE('','',#39);
#39 = PRODUCT_DEFINITION('design','',#40,#43);
#40 = PRODUCT_DEFINITION_FORMATION('','',#41);
#41 = PRODUCT('PinHeader_1x02_P2.54mm_Vertical',
  'PinHeader_1x02_P2.54mm_Vertical','',(#42));
#42 = PRODUCT_CONTEXT('',#2,'mechanical');
#43 = PRODUCT_DEFINITION_CONTEXT('part definition',#2,'design');
#44 = ADVANCED_BREP_SHAPE_REPRESENTATION('',(#11,#45),#1477);
#45 = MANIFOLD_SOLID_BREP('',#46);
#46 = CLOSED_SHELL('',(#47,#87,#118,#149,#314,#479,#496,#513,#530,#547,
    #564,#581,#598,#615,#632,#649,#661,#692,#716,#740,#757,#788,#812,
    #836,#853,#884,#908,#932,#949,#980,#1004,#1028,#1045,#1076,#1100,
    #1124,#1141,#1172,#1196,#1220,#1237,#1268,#1292,#1316,#1333,#1364,
    #1388,#1412,#1429,#1441,#1453,#1465));
#47 = ADVANCED_FACE('',(#48),#82,.F.);
#48 = FACE_BOUND('',#49,.F.);
#49 = EDGE_LOOP('',(#50,#60,#68,#76));
#50 = ORIENTED_EDGE('',*,*,#51,.T.);
#51 = EDGE_CURVE('',#52,#54,#56,.T.);
#52 = VERTEX_POINT('',#53);
#53 = CARTESIAN_POINT('',(-1.016,1.27,0.));
#54 = VERTEX_POINT('',#55);
#55 = CARTESIAN_POINT('',(-1.016,1.27,2.54));
#56 = LINE('',#57,#58);
#57 = CARTESIAN_POINT('',(-1.016,1.27,0.));
#58 = VECTOR('',#59,1.);
#59 = DIRECTION('',(0.,0.,1.));
#60 = ORIENTED_EDGE('',*,*,#61,.T.);
#61 = EDGE_CURVE('',#54,#62,#64,.T.);
#62 = VERTEX_POINT('',#63);
#63 = CARTESIAN_POINT('',(-1.27,1.016,2.54));
#64 = LINE('',#65,#66);
#65 = CARTESIAN_POINT('',(-1.016,1.27,2.54));
#66 = VECTOR('',#67,1.);
#67 = DIRECTION('',(-0.707106781187,-0.707106781187,0.));
#68 = ORIENTED_EDGE('',*,*,#69,.F.);
#69 = EDGE_CURVE('',#70,#62,#72,.T.);
#70 = VERTEX_POINT('',#71);
#71 = CARTESIAN_POINT('',(-1.27,1.016,0.));
#72 = LINE('',#73,#74);
#73 = CARTESIAN_POINT('',(-1.27,1.016,0.));
#74 = VECTOR('',#75,1.);
#75 = DIRECTION('',(0.,0.,1.));
#76 = ORIENTED_EDGE('',*,*,#77,.F.);
#77 = EDGE_CURVE('',#52,#70,#78,.T.);
#78 = LINE('',#79,#80);
#79 = CARTESIAN_POINT('',(-1.016,1.27,0.));
#80 = VECTOR('',#81,1.);
#81 = DIRECTION('',(-0.707106781187,-0.707106781187,0.));
#82 = PLANE('',#83);
#83 = AXIS2_PLACEMENT_3D('',#84,#85,#86);
#84 = CARTESIAN_POINT('',(-1.016,1.27,0.));
#85 = DIRECTION('',(0.707106781187,-0.707106781187,0.));
#86 = DIRECTION('',(-0.707106781187,-0.707106781187,0.));
#87 = ADVANCED_FACE('',(#88),#113,.F.);
#88 = FACE_BOUND('',#89,.F.);
#89 = EDGE_LOOP('',(#90,#100,#106,#107));
#90 = ORIENTED_EDGE('',*,*,#91,.T.);
#91 = EDGE_CURVE('',#92,#94,#96,.T.);
#92 = VERTEX_POINT('',#93);
#93 = CARTESIAN_POINT('',(1.016,1.27,0.));
#94 = VERTEX_POINT('',#95);
#95 = CARTESIAN_POINT('',(1.016,1.27,2.54));
#96 = LINE('',#97,#98);
#97 = CARTESIAN_POINT('',(1.016,1.27,0.));
#98 = VECTOR('',#99,1.);
#99 = DIRECTION('',(0.,0.,1.));
#100 = ORIENTED_EDGE('',*,*,#101,.T.);
#101 = EDGE_CURVE('',#94,#54,#102,.T.);
#102 = LINE('',#103,#104);
#103 = CARTESIAN_POINT('',(1.016,1.27,2.54));
#104 = VECTOR('',#105,1.);
#105 = DIRECTION('',(-1.,0.,0.));
#106 = ORIENTED_EDGE('',*,*,#51,.F.);
#107 = ORIENTED_EDGE('',*,*,#108,.F.);
#108 = EDGE_CURVE('',#92,#52,#109,.T.);
#109 = LINE('',#110,#111);
#110 = CARTESIAN_POINT('',(1.016,1.27,0.));
#111 = VECTOR('',#112,1.);
#112 = DIRECTION('',(-1.,0.,0.));
#113 = PLANE('',#114);
#114 = AXIS2_PLACEMENT_3D('',#115,#116,#117);
#115 = CARTESIAN_POINT('',(1.016,1.27,0.));
#116 = DIRECTION('',(0.,-1.,0.));
#117 = DIRECTION('',(-1.,0.,0.));
#118 = ADVANCED_FACE('',(#119),#144,.F.);
#119 = FACE_BOUND('',#120,.F.);
#120 = EDGE_LOOP('',(#121,#122,#130,#138));
#121 = ORIENTED_EDGE('',*,*,#69,.T.);
#122 = ORIENTED_EDGE('',*,*,#123,.T.);
#123 = EDGE_CURVE('',#62,#124,#126,.T.);
#124 = VERTEX_POINT('',#125);
#125 = CARTESIAN_POINT('',(-1.27,-1.016,2.54));
#126 = LINE('',#127,#128);
#127 = CARTESIAN_POINT('',(-1.27,1.016,2.54));
#128 = VECTOR('',#129,1.);
#129 = DIRECTION('',(0.,-1.,0.));
#130 = ORIENTED_EDGE('',*,*,#131,.F.);
#131 = EDGE_CURVE('',#132,#124,#134,.T.);
#132 = VERTEX_POINT('',#133);
#133 = CARTESIAN_POINT('',(-1.27,-1.016,0.));
#134 = LINE('',#135,#136);
#135 = CARTESIAN_POINT('',(-1.27,-1.016,0.));
#136 = VECTOR('',#137,1.);
#137 = DIRECTION('',(0.,0.,1.));
#138 = ORIENTED_EDGE('',*,*,#139,.F.);
#139 = EDGE_CURVE('',#70,#132,#140,.T.);
#140 = LINE('',#141,#142);
#141 = CARTESIAN_POINT('',(-1.27,1.016,0.));
#142 = VECTOR('',#143,1.);
#143 = DIRECTION('',(0.,-1.,0.));
#144 = PLANE('',#145);
#145 = AXIS2_PLACEMENT_3D('',#146,#147,#148);
#146 = CARTESIAN_POINT('',(-1.27,1.016,0.));
#147 = DIRECTION('',(1.,0.,0.));
#148 = DIRECTION('',(0.,-1.,0.));
#149 = ADVANCED_FACE('',(#150,#241,#275),#309,.F.);
#150 = FACE_BOUND('',#151,.F.);
#151 = EDGE_LOOP('',(#152,#153,#154,#162,#170,#178,#186,#194,#202,#210,
    #218,#226,#234,#240));
#152 = ORIENTED_EDGE('',*,*,#77,.T.);
#153 = ORIENTED_EDGE('',*,*,#139,.T.);
#154 = ORIENTED_EDGE('',*,*,#155,.T.);
#155 = EDGE_CURVE('',#132,#156,#158,.T.);
#156 = VERTEX_POINT('',#157);
#157 = CARTESIAN_POINT('',(-1.016,-1.27,0.));
#158 = LINE('',#159,#160);
#159 = CARTESIAN_POINT('',(-1.27,-1.016,0.));
#160 = VECTOR('',#161,1.);
#161 = DIRECTION('',(0.707106781187,-0.707106781187,0.));
#162 = ORIENTED_EDGE('',*,*,#163,.T.);
#163 = EDGE_CURVE('',#156,#164,#166,.T.);
#164 = VERTEX_POINT('',#165);
#165 = CARTESIAN_POINT('',(-1.27,-1.524,0.));
#166 = LINE('',#167,#168);
#167 = CARTESIAN_POINT('',(-1.016,-1.27,0.));
#168 = VECTOR('',#169,1.);
#169 = DIRECTION('',(-0.707106781187,-0.707106781187,0.));
#170 = ORIENTED_EDGE('',*,*,#171,.T.);
#171 = EDGE_CURVE('',#164,#172,#174,.T.);
#172 = VERTEX_POINT('',#173);
#173 = CARTESIAN_POINT('',(-1.27,-3.556,0.));
#174 = LINE('',#175,#176);
#175 = CARTESIAN_POINT('',(-1.27,-1.524,0.));
#176 = VECTOR('',#177,1.);
#177 = DIRECTION('',(0.,-1.,0.));
#178 = ORIENTED_EDGE('',*,*,#179,.T.);
#179 = EDGE_CURVE('',#172,#180,#182,.T.);
#180 = VERTEX_POINT('',#181);
#181 = CARTESIAN_POINT('',(-1.016,-3.81,0.));
#182 = LINE('',#183,#184);
#183 = CARTESIAN_POINT('',(-1.27,-3.556,0.));
#184 = VECTOR('',#185,1.);
#185 = DIRECTION('',(0.707106781187,-0.707106781187,0.));
#186 = ORIENTED_EDGE('',*,*,#187,.T.);
#187 = EDGE_CURVE('',#180,#188,#190,.T.);
#188 = VERTEX_POINT('',#189);
#189 = CARTESIAN_POINT('',(1.016,-3.81,0.));
#190 = LINE('',#191,#192);
#191 = CARTESIAN_POINT('',(-1.016,-3.81,0.));
#192 = VECTOR('',#193,1.);
#193 = DIRECTION('',(1.,0.,0.));
#194 = ORIENTED_EDGE('',*,*,#195,.T.);
#195 = EDGE_CURVE('',#188,#196,#198,.T.);
#196 = VERTEX_POINT('',#197);
#197 = CARTESIAN_POINT('',(1.27,-3.556,0.));
#198 = LINE('',#199,#200);
#199 = CARTESIAN_POINT('',(1.016,-3.81,0.));
#200 = VECTOR('',#201,1.);
#201 = DIRECTION('',(0.707106781187,0.707106781187,0.));
#202 = ORIENTED_EDGE('',*,*,#203,.T.);
#203 = EDGE_CURVE('',#196,#204,#206,.T.);
#204 = VERTEX_POINT('',#205);
#205 = CARTESIAN_POINT('',(1.27,-1.524,0.));
#206 = LINE('',#207,#208);
#207 = CARTESIAN_POINT('',(1.27,-3.556,0.));
#208 = VECTOR('',#209,1.);
#209 = DIRECTION('',(0.,1.,0.));
#210 = ORIENTED_EDGE('',*,*,#211,.T.);
#211 = EDGE_CURVE('',#204,#212,#214,.T.);
#212 = VERTEX_POINT('',#213);
#213 = CARTESIAN_POINT('',(1.016,-1.27,0.));
#214 = LINE('',#215,#216);
#215 = CARTESIAN_POINT('',(1.27,-1.524,0.));
#216 = VECTOR('',#217,1.);
#217 = DIRECTION('',(-0.707106781187,0.707106781187,0.));
#218 = ORIENTED_EDGE('',*,*,#219,.T.);
#219 = EDGE_CURVE('',#212,#220,#222,.T.);
#220 = VERTEX_POINT('',#221);
#221 = CARTESIAN_POINT('',(1.27,-1.016,0.));
#222 = LINE('',#223,#224);
#223 = CARTESIAN_POINT('',(1.016,-1.27,0.));
#224 = VECTOR('',#225,1.);
#225 = DIRECTION('',(0.707106781187,0.707106781187,0.));
#226 = ORIENTED_EDGE('',*,*,#227,.T.);
#227 = EDGE_CURVE('',#220,#228,#230,.T.);
#228 = VERTEX_POINT('',#229);
#229 = CARTESIAN_POINT('',(1.27,1.016,0.));
#230 = LINE('',#231,#232);
#231 = CARTESIAN_POINT('',(1.27,-1.016,0.));
#232 = VECTOR('',#233,1.);
#233 = DIRECTION('',(0.,1.,0.));
#234 = ORIENTED_EDGE('',*,*,#235,.T.);
#235 = EDGE_CURVE('',#228,#92,#236,.T.);
#236 = LINE('',#237,#238);
#237 = CARTESIAN_POINT('',(1.27,1.016,0.));
#238 = VECTOR('',#239,1.);
#239 = DIRECTION('',(-0.707106781187,0.707106781187,0.));
#240 = ORIENTED_EDGE('',*,*,#108,.T.);
#241 = FACE_BOUND('',#242,.F.);
#242 = EDGE_LOOP('',(#243,#253,#261,#269));
#243 = ORIENTED_EDGE('',*,*,#244,.T.);
#244 = EDGE_CURVE('',#245,#247,#249,.T.);
#245 = VERTEX_POINT('',#246);
#246 = CARTESIAN_POINT('',(0.32,-0.32,0.));
#247 = VERTEX_POINT('',#248);
#248 = CARTESIAN_POINT('',(-0.32,-0.32,0.));
#249 = LINE('',#250,#251);
#250 = CARTESIAN_POINT('',(-0.16,-0.32,0.));
#251 = VECTOR('',#252,1.);
#252 = DIRECTION('',(-1.,0.,0.));
#253 = ORIENTED_EDGE('',*,*,#254,.T.);
#254 = EDGE_CURVE('',#247,#255,#257,.T.);
#255 = VERTEX_POINT('',#256);
#256 = CARTESIAN_POINT('',(-0.32,0.32,0.));
#257 = LINE('',#258,#259);
#258 = CARTESIAN_POINT('',(-0.32,-0.795,0.));
#259 = VECTOR('',#260,1.);
#260 = DIRECTION('',(0.,1.,0.));
#261 = ORIENTED_EDGE('',*,*,#262,.F.);
#262 = EDGE_CURVE('',#263,#255,#265,.T.);
#263 = VERTEX_POINT('',#264);
#264 = CARTESIAN_POINT('',(0.32,0.32,0.));
#265 = LINE('',#266,#267);
#266 = CARTESIAN_POINT('',(-0.16,0.32,0.));
#267 = VECTOR('',#268,1.);
#268 = DIRECTION('',(-1.,0.,0.));
#269 = ORIENTED_EDGE('',*,*,#270,.F.);
#270 = EDGE_CURVE('',#245,#263,#271,.T.);
#271 = LINE('',#272,#273);
#272 = CARTESIAN_POINT('',(0.32,-0.795,0.));
#273 = VECTOR('',#274,1.);
#274 = DIRECTION('',(0.,1.,0.));
#275 = FACE_BOUND('',#276,.F.);
#276 = EDGE_LOOP('',(#277,#287,#295,#303));
#277 = ORIENTED_EDGE('',*,*,#278,.T.);
#278 = EDGE_CURVE('',#279,#281,#283,.T.);
#279 = VERTEX_POINT('',#280);
#280 = CARTESIAN_POINT('',(0.32,-2.86,0.));
#281 = VERTEX_POINT('',#282);
#282 = CARTESIAN_POINT('',(-0.32,-2.86,0.));
#283 = LINE('',#284,#285);
#284 = CARTESIAN_POINT('',(-0.16,-2.86,0.));
#285 = VECTOR('',#286,1.);
#286 = DIRECTION('',(-1.,0.,0.));
#287 = ORIENTED_EDGE('',*,*,#288,.T.);
#288 = EDGE_CURVE('',#281,#289,#291,.T.);
#289 = VERTEX_POINT('',#290);
#290 = CARTESIAN_POINT('',(-0.32,-2.22,0.));
#291 = LINE('',#292,#293);
#292 = CARTESIAN_POINT('',(-0.32,-2.065,0.));
#293 = VECTOR('',#294,1.);
#294 = DIRECTION('',(0.,1.,0.));
#295 = ORIENTED_EDGE('',*,*,#296,.F.);
#296 = EDGE_CURVE('',#297,#289,#299,.T.);
#297 = VERTEX_POINT('',#298);
#298 = CARTESIAN_POINT('',(0.32,-2.22,0.));
#299 = LINE('',#300,#301);
#300 = CARTESIAN_POINT('',(-0.16,-2.22,0.));
#301 = VECTOR('',#302,1.);
#302 = DIRECTION('',(-1.,0.,0.));
#303 = ORIENTED_EDGE('',*,*,#304,.F.);
#304 = EDGE_CURVE('',#279,#297,#305,.T.);
#305 = LINE('',#306,#307);
#306 = CARTESIAN_POINT('',(0.32,-2.065,0.));
#307 = VECTOR('',#308,1.);
#308 = DIRECTION('',(0.,1.,0.));
#309 = PLANE('',#310);
#310 = AXIS2_PLACEMENT_3D('',#311,#312,#313);
#311 = CARTESIAN_POINT('',(1.473843703412E-17,-1.27,0.));
#312 = DIRECTION('',(0.,0.,1.));
#313 = DIRECTION('',(1.,0.,-0.));
#314 = ADVANCED_FACE('',(#315,#406,#440),#474,.T.);
#315 = FACE_BOUND('',#316,.T.);
#316 = EDGE_LOOP('',(#317,#318,#319,#327,#335,#343,#351,#359,#367,#375,
    #383,#391,#399,#405));
#317 = ORIENTED_EDGE('',*,*,#61,.T.);
#318 = ORIENTED_EDGE('',*,*,#123,.T.);
#319 = ORIENTED_EDGE('',*,*,#320,.T.);
#320 = EDGE_CURVE('',#124,#321,#323,.T.);
#321 = VERTEX_POINT('',#322);
#322 = CARTESIAN_POINT('',(-1.016,-1.27,2.54));
#323 = LINE('',#324,#325);
#324 = CARTESIAN_POINT('',(-1.27,-1.016,2.54));
#325 = VECTOR('',#326,1.);
#326 = DIRECTION('',(0.707106781187,-0.707106781187,0.));
#327 = ORIENTED_EDGE('',*,*,#328,.T.);
#328 = EDGE_CURVE('',#321,#329,#331,.T.);
#329 = VERTEX_POINT('',#330);
#330 = CARTESIAN_POINT('',(-1.27,-1.524,2.54));
#331 = LINE('',#332,#333);
#332 = CARTESIAN_POINT('',(-1.016,-1.27,2.54));
#333 = VECTOR('',#334,1.);
#334 = DIRECTION('',(-0.707106781187,-0.707106781187,0.));
#335 = ORIENTED_EDGE('',*,*,#336,.T.);
#336 = EDGE_CURVE('',#329,#337,#339,.T.);
#337 = VERTEX_POINT('',#338);
#338 = CARTESIAN_POINT('',(-1.27,-3.556,2.54));
#339 = LINE('',#340,#341);
#340 = CARTESIAN_POINT('',(-1.27,-1.524,2.54));
#341 = VECTOR('',#342,1.);
#342 = DIRECTION('',(0.,-1.,0.));
#343 = ORIENTED_EDGE('',*,*,#344,.T.);
#344 = EDGE_CURVE('',#337,#345,#347,.T.);
#345 = VERTEX_POINT('',#346);
#346 = CARTESIAN_POINT('',(-1.016,-3.81,2.54));
#347 = LINE('',#348,#349);
#348 = CARTESIAN_POINT('',(-1.27,-3.556,2.54));
#349 = VECTOR('',#350,1.);
#350 = DIRECTION('',(0.707106781187,-0.707106781187,0.));
#351 = ORIENTED_EDGE('',*,*,#352,.T.);
#352 = EDGE_CURVE('',#345,#353,#355,.T.);
#353 = VERTEX_POINT('',#354);
#354 = CARTESIAN_POINT('',(1.016,-3.81,2.54));
#355 = LINE('',#356,#357);
#356 = CARTESIAN_POINT('',(-1.016,-3.81,2.54));
#357 = VECTOR('',#358,1.);
#358 = DIRECTION('',(1.,0.,0.));
#359 = ORIENTED_EDGE('',*,*,#360,.T.);
#360 = EDGE_CURVE('',#353,#361,#363,.T.);
#361 = VERTEX_POINT('',#362);
#362 = CARTESIAN_POINT('',(1.27,-3.556,2.54));
#363 = LINE('',#364,#365);
#364 = CARTESIAN_POINT('',(1.016,-3.81,2.54));
#365 = VECTOR('',#366,1.);
#366 = DIRECTION('',(0.707106781187,0.707106781187,0.));
#367 = ORIENTED_EDGE('',*,*,#368,.T.);
#368 = EDGE_CURVE('',#361,#369,#371,.T.);
#369 = VERTEX_POINT('',#370);
#370 = CARTESIAN_POINT('',(1.27,-1.524,2.54));
#371 = LINE('',#372,#373);
#372 = CARTESIAN_POINT('',(1.27,-3.556,2.54));
#373 = VECTOR('',#374,1.);
#374 = DIRECTION('',(0.,1.,0.));
#375 = ORIENTED_EDGE('',*,*,#376,.T.);
#376 = EDGE_CURVE('',#369,#377,#379,.T.);
#377 = VERTEX_POINT('',#378);
#378 = CARTESIAN_POINT('',(1.016,-1.27,2.54));
#379 = LINE('',#380,#381);
#380 = CARTESIAN_POINT('',(1.27,-1.524,2.54));
#381 = VECTOR('',#382,1.);
#382 = DIRECTION('',(-0.707106781187,0.707106781187,0.));
#383 = ORIENTED_EDGE('',*,*,#384,.T.);
#384 = EDGE_CURVE('',#377,#385,#387,.T.);
#385 = VERTEX_POINT('',#386);
#386 = CARTESIAN_POINT('',(1.27,-1.016,2.54));
#387 = LINE('',#388,#389);
#388 = CARTESIAN_POINT('',(1.016,-1.27,2.54));
#389 = VECTOR('',#390,1.);
#390 = DIRECTION('',(0.707106781187,0.707106781187,0.));
#391 = ORIENTED_EDGE('',*,*,#392,.T.);
#392 = EDGE_CURVE('',#385,#393,#395,.T.);
#393 = VERTEX_POINT('',#394);
#394 = CARTESIAN_POINT('',(1.27,1.016,2.54));
#395 = LINE('',#396,#397);
#396 = CARTESIAN_POINT('',(1.27,-1.016,2.54));
#397 = VECTOR('',#398,1.);
#398 = DIRECTION('',(0.,1.,0.));
#399 = ORIENTED_EDGE('',*,*,#400,.T.);
#400 = EDGE_CURVE('',#393,#94,#401,.T.);
#401 = LINE('',#402,#403);
#402 = CARTESIAN_POINT('',(1.27,1.016,2.54));
#403 = VECTOR('',#404,1.);
#404 = DIRECTION('',(-0.707106781187,0.707106781187,0.));
#405 = ORIENTED_EDGE('',*,*,#101,.T.);
#406 = FACE_BOUND('',#407,.T.);
#407 = EDGE_LOOP('',(#408,#418,#426,#434));
#408 = ORIENTED_EDGE('',*,*,#409,.T.);
#409 = EDGE_CURVE('',#410,#412,#414,.T.);
#410 = VERTEX_POINT('',#411);
#411 = CARTESIAN_POINT('',(0.32,-0.32,2.54));
#412 = VERTEX_POINT('',#413);
#413 = CARTESIAN_POINT('',(-0.32,-0.32,2.54));
#414 = LINE('',#415,#416);
#415 = CARTESIAN_POINT('',(-0.16,-0.32,2.54));
#416 = VECTOR('',#417,1.);
#417 = DIRECTION('',(-1.,0.,0.));
#418 = ORIENTED_EDGE('',*,*,#419,.T.);
#419 = EDGE_CURVE('',#412,#420,#422,.T.);
#420 = VERTEX_POINT('',#421);
#421 = CARTESIAN_POINT('',(-0.32,0.32,2.54));
#422 = LINE('',#423,#424);
#423 = CARTESIAN_POINT('',(-0.32,-0.795,2.54));
#424 = VECTOR('',#425,1.);
#425 = DIRECTION('',(0.,1.,0.));
#426 = ORIENTED_EDGE('',*,*,#427,.F.);
#427 = EDGE_CURVE('',#428,#420,#430,.T.);
#428 = VERTEX_POINT('',#429);
#429 = CARTESIAN_POINT('',(0.32,0.32,2.54));
#430 = LINE('',#431,#432);
#431 = CARTESIAN_POINT('',(-0.16,0.32,2.54));
#432 = VECTOR('',#433,1.);
#433 = DIRECTION('',(-1.,0.,0.));
#434 = ORIENTED_EDGE('',*,*,#435,.F.);
#435 = EDGE_CURVE('',#410,#428,#436,.T.);
#436 = LINE('',#437,#438);
#437 = CARTESIAN_POINT('',(0.32,-0.795,2.54));
#438 = VECTOR('',#439,1.);
#439 = DIRECTION('',(0.,1.,0.));
#440 = FACE_BOUND('',#441,.T.);
#441 = EDGE_LOOP('',(#442,#452,#460,#468));
#442 = ORIENTED_EDGE('',*,*,#443,.T.);
#443 = EDGE_CURVE('',#444,#446,#448,.T.);
#444 = VERTEX_POINT('',#445);
#445 = CARTESIAN_POINT('',(0.32,-2.86,2.54));
#446 = VERTEX_POINT('',#447);
#447 = CARTESIAN_POINT('',(-0.32,-2.86,2.54));
#448 = LINE('',#449,#450);
#449 = CARTESIAN_POINT('',(-0.16,-2.86,2.54));
#450 = VECTOR('',#451,1.);
#451 = DIRECTION('',(-1.,0.,0.));
#452 = ORIENTED_EDGE('',*,*,#453,.T.);
#453 = EDGE_CURVE('',#446,#454,#456,.T.);
#454 = VERTEX_POINT('',#455);
#455 = CARTESIAN_POINT('',(-0.32,-2.22,2.54));
#456 = LINE('',#457,#458);
#457 = CARTESIAN_POINT('',(-0.32,-2.065,2.54));
#458 = VECTOR('',#459,1.);
#459 = DIRECTION('',(0.,1.,0.));
#460 = ORIENTED_EDGE('',*,*,#461,.F.);
#461 = EDGE_CURVE('',#462,#454,#464,.T.);
#462 = VERTEX_POINT('',#463);
#463 = CARTESIAN_POINT('',(0.32,-2.22,2.54));
#464 = LINE('',#465,#466);
#465 = CARTESIAN_POINT('',(-0.16,-2.22,2.54));
#466 = VECTOR('',#467,1.);
#467 = DIRECTION('',(-1.,0.,0.));
#468 = ORIENTED_EDGE('',*,*,#469,.F.);
#469 = EDGE_CURVE('',#444,#462,#470,.T.);
#470 = LINE('',#471,#472);
#471 = CARTESIAN_POINT('',(0.32,-2.065,2.54));
#472 = VECTOR('',#473,1.);
#473 = DIRECTION('',(0.,1.,0.));
#474 = PLANE('',#475);
#475 = AXIS2_PLACEMENT_3D('',#476,#477,#478);
#476 = CARTESIAN_POINT('',(1.473843703412E-17,-1.27,2.54));
#477 = DIRECTION('',(0.,0.,1.));
#478 = DIRECTION('',(1.,0.,-0.));
#479 = ADVANCED_FACE('',(#480),#491,.F.);
#480 = FACE_BOUND('',#481,.F.);
#481 = EDGE_LOOP('',(#482,#488,#489,#490));
#482 = ORIENTED_EDGE('',*,*,#483,.T.);
#483 = EDGE_CURVE('',#228,#393,#484,.T.);
#484 = LINE('',#485,#486);
#485 = CARTESIAN_POINT('',(1.27,1.016,0.));
#486 = VECTOR('',#487,1.);
#487 = DIRECTION('',(0.,0.,1.));
#488 = ORIENTED_EDGE('',*,*,#400,.T.);
#489 = ORIENTED_EDGE('',*,*,#91,.F.);
#490 = ORIENTED_EDGE('',*,*,#235,.F.);
#491 = PLANE('',#492);
#492 = AXIS2_PLACEMENT_3D('',#493,#494,#495);
#493 = CARTESIAN_POINT('',(1.27,1.016,0.));
#494 = DIRECTION('',(-0.707106781187,-0.707106781187,0.));
#495 = DIRECTION('',(-0.707106781187,0.707106781187,0.));
#496 = ADVANCED_FACE('',(#497),#508,.F.);
#497 = FACE_BOUND('',#498,.F.);
#498 = EDGE_LOOP('',(#499,#500,#501,#507));
#499 = ORIENTED_EDGE('',*,*,#131,.T.);
#500 = ORIENTED_EDGE('',*,*,#320,.T.);
#501 = ORIENTED_EDGE('',*,*,#502,.F.);
#502 = EDGE_CURVE('',#156,#321,#503,.T.);
#503 = LINE('',#504,#505);
#504 = CARTESIAN_POINT('',(-1.016,-1.27,0.));
#505 = VECTOR('',#506,1.);
#506 = DIRECTION('',(0.,0.,1.));
#507 = ORIENTED_EDGE('',*,*,#155,.F.);
#508 = PLANE('',#509);
#509 = AXIS2_PLACEMENT_3D('',#510,#511,#512);
#510 = CARTESIAN_POINT('',(-1.27,-1.016,0.));
#511 = DIRECTION('',(0.707106781187,0.707106781187,0.));
#512 = DIRECTION('',(0.707106781187,-0.707106781187,0.));
#513 = ADVANCED_FACE('',(#514),#525,.F.);
#514 = FACE_BOUND('',#515,.F.);
#515 = EDGE_LOOP('',(#516,#522,#523,#524));
#516 = ORIENTED_EDGE('',*,*,#517,.T.);
#517 = EDGE_CURVE('',#220,#385,#518,.T.);
#518 = LINE('',#519,#520);
#519 = CARTESIAN_POINT('',(1.27,-1.016,0.));
#520 = VECTOR('',#521,1.);
#521 = DIRECTION('',(0.,0.,1.));
#522 = ORIENTED_EDGE('',*,*,#392,.T.);
#523 = ORIENTED_EDGE('',*,*,#483,.F.);
#524 = ORIENTED_EDGE('',*,*,#227,.F.);
#525 = PLANE('',#526);
#526 = AXIS2_PLACEMENT_3D('',#527,#528,#529);
#527 = CARTESIAN_POINT('',(1.27,-1.016,0.));
#528 = DIRECTION('',(-1.,0.,0.));
#529 = DIRECTION('',(0.,1.,0.));
#530 = ADVANCED_FACE('',(#531),#542,.F.);
#531 = FACE_BOUND('',#532,.F.);
#532 = EDGE_LOOP('',(#533,#534,#535,#541));
#533 = ORIENTED_EDGE('',*,*,#502,.T.);
#534 = ORIENTED_EDGE('',*,*,#328,.T.);
#535 = ORIENTED_EDGE('',*,*,#536,.F.);
#536 = EDGE_CURVE('',#164,#329,#537,.T.);
#537 = LINE('',#538,#539);
#538 = CARTESIAN_POINT('',(-1.27,-1.524,0.));
#539 = VECTOR('',#540,1.);
#540 = DIRECTION('',(0.,0.,1.));
#541 = ORIENTED_EDGE('',*,*,#163,.F.);
#542 = PLANE('',#543);
#543 = AXIS2_PLACEMENT_3D('',#544,#545,#546);
#544 = CARTESIAN_POINT('',(-1.016,-1.27,0.));
#545 = DIRECTION('',(0.707106781187,-0.707106781187,0.));
#546 = DIRECTION('',(-0.707106781187,-0.707106781187,0.));
#547 = ADVANCED_FACE('',(#548),#559,.F.);
#548 = FACE_BOUND('',#549,.F.);
#549 = EDGE_LOOP('',(#550,#556,#557,#558));
#550 = ORIENTED_EDGE('',*,*,#551,.T.);
#551 = EDGE_CURVE('',#212,#377,#552,.T.);
#552 = LINE('',#553,#554);
#553 = CARTESIAN_POINT('',(1.016,-1.27,0.));
#554 = VECTOR('',#555,1.);
#555 = DIRECTION('',(0.,0.,1.));
#556 = ORIENTED_EDGE('',*,*,#384,.T.);
#557 = ORIENTED_EDGE('',*,*,#517,.F.);
#558 = ORIENTED_EDGE('',*,*,#219,.F.);
#559 = PLANE('',#560);
#560 = AXIS2_PLACEMENT_3D('',#561,#562,#563);
#561 = CARTESIAN_POINT('',(1.016,-1.27,0.));
#562 = DIRECTION('',(-0.707106781187,0.707106781187,0.));
#563 = DIRECTION('',(0.707106781187,0.707106781187,0.));
#564 = ADVANCED_FACE('',(#565),#576,.F.);
#565 = FACE_BOUND('',#566,.F.);
#566 = EDGE_LOOP('',(#567,#568,#569,#575));
#567 = ORIENTED_EDGE('',*,*,#536,.T.);
#568 = ORIENTED_EDGE('',*,*,#336,.T.);
#569 = ORIENTED_EDGE('',*,*,#570,.F.);
#570 = EDGE_CURVE('',#172,#337,#571,.T.);
#571 = LINE('',#572,#573);
#572 = CARTESIAN_POINT('',(-1.27,-3.556,0.));
#573 = VECTOR('',#574,1.);
#574 = DIRECTION('',(0.,0.,1.));
#575 = ORIENTED_EDGE('',*,*,#171,.F.);
#576 = PLANE('',#577);
#577 = AXIS2_PLACEMENT_3D('',#578,#579,#580);
#578 = CARTESIAN_POINT('',(-1.27,-1.524,0.));
#579 = DIRECTION('',(1.,0.,0.));
#580 = DIRECTION('',(0.,-1.,0.));
#581 = ADVANCED_FACE('',(#582),#593,.F.);
#582 = FACE_BOUND('',#583,.F.);
#583 = EDGE_LOOP('',(#584,#590,#591,#592));
#584 = ORIENTED_EDGE('',*,*,#585,.T.);
#585 = EDGE_CURVE('',#204,#369,#586,.T.);
#586 = LINE('',#587,#588);
#587 = CARTESIAN_POINT('',(1.27,-1.524,0.));
#588 = VECTOR('',#589,1.);
#589 = DIRECTION('',(0.,0.,1.));
#590 = ORIENTED_EDGE('',*,*,#376,.T.);
#591 = ORIENTED_EDGE('',*,*,#551,.F.);
#592 = ORIENTED_EDGE('',*,*,#211,.F.);
#593 = PLANE('',#594);
#594 = AXIS2_PLACEMENT_3D('',#595,#596,#597);
#595 = CARTESIAN_POINT('',(1.27,-1.524,0.));
#596 = DIRECTION('',(-0.707106781187,-0.707106781187,0.));
#597 = DIRECTION('',(-0.707106781187,0.707106781187,0.));
#598 = ADVANCED_FACE('',(#599),#610,.F.);
#599 = FACE_BOUND('',#600,.F.);
#600 = EDGE_LOOP('',(#601,#602,#603,#609));
#601 = ORIENTED_EDGE('',*,*,#570,.T.);
#602 = ORIENTED_EDGE('',*,*,#344,.T.);
#603 = ORIENTED_EDGE('',*,*,#604,.F.);
#604 = EDGE_CURVE('',#180,#345,#605,.T.);
#605 = LINE('',#606,#607);
#606 = CARTESIAN_POINT('',(-1.016,-3.81,0.));
#607 = VECTOR('',#608,1.);
#608 = DIRECTION('',(0.,0.,1.));
#609 = ORIENTED_EDGE('',*,*,#179,.F.);
#610 = PLANE('',#611);
#611 = AXIS2_PLACEMENT_3D('',#612,#613,#614);
#612 = CARTESIAN_POINT('',(-1.27,-3.556,0.));
#613 = DIRECTION('',(0.707106781187,0.707106781187,0.));
#614 = DIRECTION('',(0.707106781187,-0.707106781187,0.));
#615 = ADVANCED_FACE('',(#616),#627,.F.);
#616 = FACE_BOUND('',#617,.F.);
#617 = EDGE_LOOP('',(#618,#624,#625,#626));
#618 = ORIENTED_EDGE('',*,*,#619,.T.);
#619 = EDGE_CURVE('',#196,#361,#620,.T.);
#620 = LINE('',#621,#622);
#621 = CARTESIAN_POINT('',(1.27,-3.556,0.));
#622 = VECTOR('',#623,1.);
#623 = DIRECTION('',(0.,0.,1.));
#624 = ORIENTED_EDGE('',*,*,#368,.T.);
#625 = ORIENTED_EDGE('',*,*,#585,.F.);
#626 = ORIENTED_EDGE('',*,*,#203,.F.);
#627 = PLANE('',#628);
#628 = AXIS2_PLACEMENT_3D('',#629,#630,#631);
#629 = CARTESIAN_POINT('',(1.27,-3.556,0.));
#630 = DIRECTION('',(-1.,0.,0.));
#631 = DIRECTION('',(0.,1.,0.));
#632 = ADVANCED_FACE('',(#633),#644,.F.);
#633 = FACE_BOUND('',#634,.F.);
#634 = EDGE_LOOP('',(#635,#636,#637,#643));
#635 = ORIENTED_EDGE('',*,*,#604,.T.);
#636 = ORIENTED_EDGE('',*,*,#352,.T.);
#637 = ORIENTED_EDGE('',*,*,#638,.F.);
#638 = EDGE_CURVE('',#188,#353,#639,.T.);
#639 = LINE('',#640,#641);
#640 = CARTESIAN_POINT('',(1.016,-3.81,0.));
#641 = VECTOR('',#642,1.);
#642 = DIRECTION('',(0.,0.,1.));
#643 = ORIENTED_EDGE('',*,*,#187,.F.);
#644 = PLANE('',#645);
#645 = AXIS2_PLACEMENT_3D('',#646,#647,#648);
#646 = CARTESIAN_POINT('',(-1.016,-3.81,0.));
#647 = DIRECTION('',(0.,1.,0.));
#648 = DIRECTION('',(1.,0.,0.));
#649 = ADVANCED_FACE('',(#650),#656,.F.);
#650 = FACE_BOUND('',#651,.F.);
#651 = EDGE_LOOP('',(#652,#653,#654,#655));
#652 = ORIENTED_EDGE('',*,*,#638,.T.);
#653 = ORIENTED_EDGE('',*,*,#360,.T.);
#654 = ORIENTED_EDGE('',*,*,#619,.F.);
#655 = ORIENTED_EDGE('',*,*,#195,.F.);
#656 = PLANE('',#657);
#657 = AXIS2_PLACEMENT_3D('',#658,#659,#660);
#658 = CARTESIAN_POINT('',(1.016,-3.81,0.));
#659 = DIRECTION('',(-0.707106781187,0.707106781187,0.));
#660 = DIRECTION('',(0.707106781187,0.707106781187,0.));
#661 = ADVANCED_FACE('',(#662),#687,.F.);
#662 = FACE_BOUND('',#663,.F.);
#663 = EDGE_LOOP('',(#664,#672,#680,#686));
#664 = ORIENTED_EDGE('',*,*,#665,.F.);
#665 = EDGE_CURVE('',#666,#245,#668,.T.);
#666 = VERTEX_POINT('',#667);
#667 = CARTESIAN_POINT('',(0.32,-0.32,-2.84));
#668 = LINE('',#669,#670);
#669 = CARTESIAN_POINT('',(0.32,-0.32,-3.));
#670 = VECTOR('',#671,1.);
#671 = DIRECTION('',(0.,0.,1.));
#672 = ORIENTED_EDGE('',*,*,#673,.F.);
#673 = EDGE_CURVE('',#674,#666,#676,.T.);
#674 = VERTEX_POINT('',#675);
#675 = CARTESIAN_POINT('',(-0.32,-0.32,-2.84));
#676 = LINE('',#677,#678);
#677 = CARTESIAN_POINT('',(-0.32,-0.32,-2.84));
#678 = VECTOR('',#679,1.);
#679 = DIRECTION('',(1.,0.,0.));
#680 = ORIENTED_EDGE('',*,*,#681,.T.);
#681 = EDGE_CURVE('',#674,#247,#682,.T.);
#682 = LINE('',#683,#684);
#683 = CARTESIAN_POINT('',(-0.32,-0.32,-3.));
#684 = VECTOR('',#685,1.);
#685 = DIRECTION('',(0.,0.,1.));
#686 = ORIENTED_EDGE('',*,*,#244,.F.);
#687 = PLANE('',#688);
#688 = AXIS2_PLACEMENT_3D('',#689,#690,#691);
#689 = CARTESIAN_POINT('',(-0.32,-0.32,-3.));
#690 = DIRECTION('',(0.,1.,0.));
#691 = DIRECTION('',(0.,-0.,1.));
#692 = ADVANCED_FACE('',(#693),#711,.T.);
#693 = FACE_BOUND('',#694,.T.);
#694 = EDGE_LOOP('',(#695,#696,#704,#710));
#695 = ORIENTED_EDGE('',*,*,#665,.F.);
#696 = ORIENTED_EDGE('',*,*,#697,.T.);
#697 = EDGE_CURVE('',#666,#698,#700,.T.);
#698 = VERTEX_POINT('',#699);
#699 = CARTESIAN_POINT('',(0.32,0.32,-2.84));
#700 = LINE('',#701,#702);
#701 = CARTESIAN_POINT('',(0.32,-0.32,-2.84));
#702 = VECTOR('',#703,1.);
#703 = DIRECTION('',(0.,1.,0.));
#704 = ORIENTED_EDGE('',*,*,#705,.T.);
#705 = EDGE_CURVE('',#698,#263,#706,.T.);
#706 = LINE('',#707,#708);
#707 = CARTESIAN_POINT('',(0.32,0.32,-3.));
#708 = VECTOR('',#709,1.);
#709 = DIRECTION('',(0.,0.,1.));
#710 = ORIENTED_EDGE('',*,*,#270,.F.);
#711 = PLANE('',#712);
#712 = AXIS2_PLACEMENT_3D('',#713,#714,#715);
#713 = CARTESIAN_POINT('',(0.32,-0.32,-3.));
#714 = DIRECTION('',(1.,0.,0.));
#715 = DIRECTION('',(0.,0.,1.));
#716 = ADVANCED_FACE('',(#717),#735,.T.);
#717 = FACE_BOUND('',#718,.T.);
#718 = EDGE_LOOP('',(#719,#720,#728,#734));
#719 = ORIENTED_EDGE('',*,*,#705,.F.);
#720 = ORIENTED_EDGE('',*,*,#721,.F.);
#721 = EDGE_CURVE('',#722,#698,#724,.T.);
#722 = VERTEX_POINT('',#723);
#723 = CARTESIAN_POINT('',(-0.32,0.32,-2.84));
#724 = LINE('',#725,#726);
#725 = CARTESIAN_POINT('',(-0.32,0.32,-2.84));
#726 = VECTOR('',#727,1.);
#727 = DIRECTION('',(1.,0.,0.));
#728 = ORIENTED_EDGE('',*,*,#729,.T.);
#729 = EDGE_CURVE('',#722,#255,#730,.T.);
#730 = LINE('',#731,#732);
#731 = CARTESIAN_POINT('',(-0.32,0.32,-3.));
#732 = VECTOR('',#733,1.);
#733 = DIRECTION('',(0.,0.,1.));
#734 = ORIENTED_EDGE('',*,*,#262,.F.);
#735 = PLANE('',#736);
#736 = AXIS2_PLACEMENT_3D('',#737,#738,#739);
#737 = CARTESIAN_POINT('',(-0.32,0.32,-3.));
#738 = DIRECTION('',(0.,1.,0.));
#739 = DIRECTION('',(0.,-0.,1.));
#740 = ADVANCED_FACE('',(#741),#752,.F.);
#741 = FACE_BOUND('',#742,.F.);
#742 = EDGE_LOOP('',(#743,#744,#750,#751));
#743 = ORIENTED_EDGE('',*,*,#681,.F.);
#744 = ORIENTED_EDGE('',*,*,#745,.T.);
#745 = EDGE_CURVE('',#674,#722,#746,.T.);
#746 = LINE('',#747,#748);
#747 = CARTESIAN_POINT('',(-0.32,-0.32,-2.84));
#748 = VECTOR('',#749,1.);
#749 = DIRECTION('',(0.,1.,0.));
#750 = ORIENTED_EDGE('',*,*,#729,.T.);
#751 = ORIENTED_EDGE('',*,*,#254,.F.);
#752 = PLANE('',#753);
#753 = AXIS2_PLACEMENT_3D('',#754,#755,#756);
#754 = CARTESIAN_POINT('',(-0.32,-0.32,-3.));
#755 = DIRECTION('',(1.,0.,0.));
#756 = DIRECTION('',(0.,0.,1.));
#757 = ADVANCED_FACE('',(#758),#783,.F.);
#758 = FACE_BOUND('',#759,.F.);
#759 = EDGE_LOOP('',(#760,#768,#776,#782));
#760 = ORIENTED_EDGE('',*,*,#761,.F.);
#761 = EDGE_CURVE('',#762,#279,#764,.T.);
#762 = VERTEX_POINT('',#763);
#763 = CARTESIAN_POINT('',(0.32,-2.86,-2.84));
#764 = LINE('',#765,#766);
#765 = CARTESIAN_POINT('',(0.32,-2.86,-3.));
#766 = VECTOR('',#767,1.);
#767 = DIRECTION('',(0.,0.,1.));
#768 = ORIENTED_EDGE('',*,*,#769,.F.);
#769 = EDGE_CURVE('',#770,#762,#772,.T.);
#770 = VERTEX_POINT('',#771);
#771 = CARTESIAN_POINT('',(-0.32,-2.86,-2.84));
#772 = LINE('',#773,#774);
#773 = CARTESIAN_POINT('',(-0.32,-2.86,-2.84));
#774 = VECTOR('',#775,1.);
#775 = DIRECTION('',(1.,0.,0.));
#776 = ORIENTED_EDGE('',*,*,#777,.T.);
#777 = EDGE_CURVE('',#770,#281,#778,.T.);
#778 = LINE('',#779,#780);
#779 = CARTESIAN_POINT('',(-0.32,-2.86,-3.));
#780 = VECTOR('',#781,1.);
#781 = DIRECTION('',(0.,0.,1.));
#782 = ORIENTED_EDGE('',*,*,#278,.F.);
#783 = PLANE('',#784);
#784 = AXIS2_PLACEMENT_3D('',#785,#786,#787);
#785 = CARTESIAN_POINT('',(-0.32,-2.86,-3.));
#786 = DIRECTION('',(0.,1.,0.));
#787 = DIRECTION('',(0.,-0.,1.));
#788 = ADVANCED_FACE('',(#789),#807,.T.);
#789 = FACE_BOUND('',#790,.T.);
#790 = EDGE_LOOP('',(#791,#792,#800,#806));
#791 = ORIENTED_EDGE('',*,*,#761,.F.);
#792 = ORIENTED_EDGE('',*,*,#793,.T.);
#793 = EDGE_CURVE('',#762,#794,#796,.T.);
#794 = VERTEX_POINT('',#795);
#795 = CARTESIAN_POINT('',(0.32,-2.22,-2.84));
#796 = LINE('',#797,#798);
#797 = CARTESIAN_POINT('',(0.32,-2.86,-2.84));
#798 = VECTOR('',#799,1.);
#799 = DIRECTION('',(0.,1.,0.));
#800 = ORIENTED_EDGE('',*,*,#801,.T.);
#801 = EDGE_CURVE('',#794,#297,#802,.T.);
#802 = LINE('',#803,#804);
#803 = CARTESIAN_POINT('',(0.32,-2.22,-3.));
#804 = VECTOR('',#805,1.);
#805 = DIRECTION('',(0.,0.,1.));
#806 = ORIENTED_EDGE('',*,*,#304,.F.);
#807 = PLANE('',#808);
#808 = AXIS2_PLACEMENT_3D('',#809,#810,#811);
#809 = CARTESIAN_POINT('',(0.32,-2.86,-3.));
#810 = DIRECTION('',(1.,0.,0.));
#811 = DIRECTION('',(0.,0.,1.));
#812 = ADVANCED_FACE('',(#813),#831,.T.);
#813 = FACE_BOUND('',#814,.T.);
#814 = EDGE_LOOP('',(#815,#816,#824,#830));
#815 = ORIENTED_EDGE('',*,*,#801,.F.);
#816 = ORIENTED_EDGE('',*,*,#817,.F.);
#817 = EDGE_CURVE('',#818,#794,#820,.T.);
#818 = VERTEX_POINT('',#819);
#819 = CARTESIAN_POINT('',(-0.32,-2.22,-2.84));
#820 = LINE('',#821,#822);
#821 = CARTESIAN_POINT('',(-0.32,-2.22,-2.84));
#822 = VECTOR('',#823,1.);
#823 = DIRECTION('',(1.,0.,0.));
#824 = ORIENTED_EDGE('',*,*,#825,.T.);
#825 = EDGE_CURVE('',#818,#289,#826,.T.);
#826 = LINE('',#827,#828);
#827 = CARTESIAN_POINT('',(-0.32,-2.22,-3.));
#828 = VECTOR('',#829,1.);
#829 = DIRECTION('',(0.,0.,1.));
#830 = ORIENTED_EDGE('',*,*,#296,.F.);
#831 = PLANE('',#832);
#832 = AXIS2_PLACEMENT_3D('',#833,#834,#835);
#833 = CARTESIAN_POINT('',(-0.32,-2.22,-3.));
#834 = DIRECTION('',(0.,1.,0.));
#835 = DIRECTION('',(0.,-0.,1.));
#836 = ADVANCED_FACE('',(#837),#848,.F.);
#837 = FACE_BOUND('',#838,.F.);
#838 = EDGE_LOOP('',(#839,#840,#846,#847));
#839 = ORIENTED_EDGE('',*,*,#777,.F.);
#840 = ORIENTED_EDGE('',*,*,#841,.T.);
#841 = EDGE_CURVE('',#770,#818,#842,.T.);
#842 = LINE('',#843,#844);
#843 = CARTESIAN_POINT('',(-0.32,-2.86,-2.84));
#844 = VECTOR('',#845,1.);
#845 = DIRECTION('',(0.,1.,0.));
#846 = ORIENTED_EDGE('',*,*,#825,.T.);
#847 = ORIENTED_EDGE('',*,*,#288,.F.);
#848 = PLANE('',#849);
#849 = AXIS2_PLACEMENT_3D('',#850,#851,#852);
#850 = CARTESIAN_POINT('',(-0.32,-2.86,-3.));
#851 = DIRECTION('',(1.,0.,0.));
#852 = DIRECTION('',(0.,0.,1.));
#853 = ADVANCED_FACE('',(#854),#879,.F.);
#854 = FACE_BOUND('',#855,.F.);
#855 = EDGE_LOOP('',(#856,#864,#865,#873));
#856 = ORIENTED_EDGE('',*,*,#857,.F.);
#857 = EDGE_CURVE('',#410,#858,#860,.T.);
#858 = VERTEX_POINT('',#859);
#859 = CARTESIAN_POINT('',(0.32,-0.32,8.38));
#860 = LINE('',#861,#862);
#861 = CARTESIAN_POINT('',(0.32,-0.32,-3.));
#862 = VECTOR('',#863,1.);
#863 = DIRECTION('',(0.,0.,1.));
#864 = ORIENTED_EDGE('',*,*,#409,.T.);
#865 = ORIENTED_EDGE('',*,*,#866,.T.);
#866 = EDGE_CURVE('',#412,#867,#869,.T.);
#867 = VERTEX_POINT('',#868);
#868 = CARTESIAN_POINT('',(-0.32,-0.32,8.38));
#869 = LINE('',#870,#871);
#870 = CARTESIAN_POINT('',(-0.32,-0.32,-3.));
#871 = VECTOR('',#872,1.);
#872 = DIRECTION('',(0.,0.,1.));
#873 = ORIENTED_EDGE('',*,*,#874,.T.);
#874 = EDGE_CURVE('',#867,#858,#875,.T.);
#875 = LINE('',#876,#877);
#876 = CARTESIAN_POINT('',(-0.32,-0.32,8.38));
#877 = VECTOR('',#878,1.);
#878 = DIRECTION('',(1.,0.,0.));
#879 = PLANE('',#880);
#880 = AXIS2_PLACEMENT_3D('',#881,#882,#883);
#881 = CARTESIAN_POINT('',(-0.32,-0.32,-3.));
#882 = DIRECTION('',(0.,1.,0.));
#883 = DIRECTION('',(0.,-0.,1.));
#884 = ADVANCED_FACE('',(#885),#903,.T.);
#885 = FACE_BOUND('',#886,.T.);
#886 = EDGE_LOOP('',(#887,#888,#889,#897));
#887 = ORIENTED_EDGE('',*,*,#857,.F.);
#888 = ORIENTED_EDGE('',*,*,#435,.T.);
#889 = ORIENTED_EDGE('',*,*,#890,.T.);
#890 = EDGE_CURVE('',#428,#891,#893,.T.);
#891 = VERTEX_POINT('',#892);
#892 = CARTESIAN_POINT('',(0.32,0.32,8.38));
#893 = LINE('',#894,#895);
#894 = CARTESIAN_POINT('',(0.32,0.32,-3.));
#895 = VECTOR('',#896,1.);
#896 = DIRECTION('',(0.,0.,1.));
#897 = ORIENTED_EDGE('',*,*,#898,.F.);
#898 = EDGE_CURVE('',#858,#891,#899,.T.);
#899 = LINE('',#900,#901);
#900 = CARTESIAN_POINT('',(0.32,-0.32,8.38));
#901 = VECTOR('',#902,1.);
#902 = DIRECTION('',(0.,1.,0.));
#903 = PLANE('',#904);
#904 = AXIS2_PLACEMENT_3D('',#905,#906,#907);
#905 = CARTESIAN_POINT('',(0.32,-0.32,-3.));
#906 = DIRECTION('',(1.,0.,0.));
#907 = DIRECTION('',(0.,0.,1.));
#908 = ADVANCED_FACE('',(#909),#927,.T.);
#909 = FACE_BOUND('',#910,.T.);
#910 = EDGE_LOOP('',(#911,#912,#913,#921));
#911 = ORIENTED_EDGE('',*,*,#890,.F.);
#912 = ORIENTED_EDGE('',*,*,#427,.T.);
#913 = ORIENTED_EDGE('',*,*,#914,.T.);
#914 = EDGE_CURVE('',#420,#915,#917,.T.);
#915 = VERTEX_POINT('',#916);
#916 = CARTESIAN_POINT('',(-0.32,0.32,8.38));
#917 = LINE('',#918,#919);
#918 = CARTESIAN_POINT('',(-0.32,0.32,-3.));
#919 = VECTOR('',#920,1.);
#920 = DIRECTION('',(0.,0.,1.));
#921 = ORIENTED_EDGE('',*,*,#922,.T.);
#922 = EDGE_CURVE('',#915,#891,#923,.T.);
#923 = LINE('',#924,#925);
#924 = CARTESIAN_POINT('',(-0.32,0.32,8.38));
#925 = VECTOR('',#926,1.);
#926 = DIRECTION('',(1.,0.,0.));
#927 = PLANE('',#928);
#928 = AXIS2_PLACEMENT_3D('',#929,#930,#931);
#929 = CARTESIAN_POINT('',(-0.32,0.32,-3.));
#930 = DIRECTION('',(0.,1.,0.));
#931 = DIRECTION('',(0.,-0.,1.));
#932 = ADVANCED_FACE('',(#933),#944,.F.);
#933 = FACE_BOUND('',#934,.F.);
#934 = EDGE_LOOP('',(#935,#936,#937,#938));
#935 = ORIENTED_EDGE('',*,*,#866,.F.);
#936 = ORIENTED_EDGE('',*,*,#419,.T.);
#937 = ORIENTED_EDGE('',*,*,#914,.T.);
#938 = ORIENTED_EDGE('',*,*,#939,.F.);
#939 = EDGE_CURVE('',#867,#915,#940,.T.);
#940 = LINE('',#941,#942);
#941 = CARTESIAN_POINT('',(-0.32,-0.32,8.38));
#942 = VECTOR('',#943,1.);
#943 = DIRECTION('',(0.,1.,0.));
#944 = PLANE('',#945);
#945 = AXIS2_PLACEMENT_3D('',#946,#947,#948);
#946 = CARTESIAN_POINT('',(-0.32,-0.32,-3.));
#947 = DIRECTION('',(1.,0.,0.));
#948 = DIRECTION('',(0.,0.,1.));
#949 = ADVANCED_FACE('',(#950),#975,.F.);
#950 = FACE_BOUND('',#951,.F.);
#951 = EDGE_LOOP('',(#952,#960,#961,#969));
#952 = ORIENTED_EDGE('',*,*,#953,.F.);
#953 = EDGE_CURVE('',#444,#954,#956,.T.);
#954 = VERTEX_POINT('',#955);
#955 = CARTESIAN_POINT('',(0.32,-2.86,8.38));
#956 = LINE('',#957,#958);
#957 = CARTESIAN_POINT('',(0.32,-2.86,-3.));
#958 = VECTOR('',#959,1.);
#959 = DIRECTION('',(0.,0.,1.));
#960 = ORIENTED_EDGE('',*,*,#443,.T.);
#961 = ORIENTED_EDGE('',*,*,#962,.T.);
#962 = EDGE_CURVE('',#446,#963,#965,.T.);
#963 = VERTEX_POINT('',#964);
#964 = CARTESIAN_POINT('',(-0.32,-2.86,8.38));
#965 = LINE('',#966,#967);
#966 = CARTESIAN_POINT('',(-0.32,-2.86,-3.));
#967 = VECTOR('',#968,1.);
#968 = DIRECTION('',(0.,0.,1.));
#969 = ORIENTED_EDGE('',*,*,#970,.T.);
#970 = EDGE_CURVE('',#963,#954,#971,.T.);
#971 = LINE('',#972,#973);
#972 = CARTESIAN_POINT('',(-0.32,-2.86,8.38));
#973 = VECTOR('',#974,1.);
#974 = DIRECTION('',(1.,0.,0.));
#975 = PLANE('',#976);
#976 = AXIS2_PLACEMENT_3D('',#977,#978,#979);
#977 = CARTESIAN_POINT('',(-0.32,-2.86,-3.));
#978 = DIRECTION('',(0.,1.,0.));
#979 = DIRECTION('',(0.,-0.,1.));
#980 = ADVANCED_FACE('',(#981),#999,.T.);
#981 = FACE_BOUND('',#982,.T.);
#982 = EDGE_LOOP('',(#983,#984,#985,#993));
#983 = ORIENTED_EDGE('',*,*,#953,.F.);
#984 = ORIENTED_EDGE('',*,*,#469,.T.);
#985 = ORIENTED_EDGE('',*,*,#986,.T.);
#986 = EDGE_CURVE('',#462,#987,#989,.T.);
#987 = VERTEX_POINT('',#988);
#988 = CARTESIAN_POINT('',(0.32,-2.22,8.38));
#989 = LINE('',#990,#991);
#990 = CARTESIAN_POINT('',(0.32,-2.22,-3.));
#991 = VECTOR('',#992,1.);
#992 = DIRECTION('',(0.,0.,1.));
#993 = ORIENTED_EDGE('',*,*,#994,.F.);
#994 = EDGE_CURVE('',#954,#987,#995,.T.);
#995 = LINE('',#996,#997);
#996 = CARTESIAN_POINT('',(0.32,-2.86,8.38));
#997 = VECTOR('',#998,1.);
#998 = DIRECTION('',(0.,1.,0.));
#999 = PLANE('',#1000);
#1000 = AXIS2_PLACEMENT_3D('',#1001,#1002,#1003);
#1001 = CARTESIAN_POINT('',(0.32,-2.86,-3.));
#1002 = DIRECTION('',(1.,0.,0.));
#1003 = DIRECTION('',(0.,0.,1.));
#1004 = ADVANCED_FACE('',(#1005),#1023,.T.);
#1005 = FACE_BOUND('',#1006,.T.);
#1006 = EDGE_LOOP('',(#1007,#1008,#1009,#1017));
#1007 = ORIENTED_EDGE('',*,*,#986,.F.);
#1008 = ORIENTED_EDGE('',*,*,#461,.T.);
#1009 = ORIENTED_EDGE('',*,*,#1010,.T.);
#1010 = EDGE_CURVE('',#454,#1011,#1013,.T.);
#1011 = VERTEX_POINT('',#1012);
#1012 = CARTESIAN_POINT('',(-0.32,-2.22,8.38));
#1013 = LINE('',#1014,#1015);
#1014 = CARTESIAN_POINT('',(-0.32,-2.22,-3.));
#1015 = VECTOR('',#1016,1.);
#1016 = DIRECTION('',(0.,0.,1.));
#1017 = ORIENTED_EDGE('',*,*,#1018,.T.);
#1018 = EDGE_CURVE('',#1011,#987,#1019,.T.);
#1019 = LINE('',#1020,#1021);
#1020 = CARTESIAN_POINT('',(-0.32,-2.22,8.38));
#1021 = VECTOR('',#1022,1.);
#1022 = DIRECTION('',(1.,0.,0.));
#1023 = PLANE('',#1024);
#1024 = AXIS2_PLACEMENT_3D('',#1025,#1026,#1027);
#1025 = CARTESIAN_POINT('',(-0.32,-2.22,-3.));
#1026 = DIRECTION('',(0.,1.,0.));
#1027 = DIRECTION('',(0.,-0.,1.));
#1028 = ADVANCED_FACE('',(#1029),#1040,.F.);
#1029 = FACE_BOUND('',#1030,.F.);
#1030 = EDGE_LOOP('',(#1031,#1032,#1033,#1034));
#1031 = ORIENTED_EDGE('',*,*,#962,.F.);
#1032 = ORIENTED_EDGE('',*,*,#453,.T.);
#1033 = ORIENTED_EDGE('',*,*,#1010,.T.);
#1034 = ORIENTED_EDGE('',*,*,#1035,.F.);
#1035 = EDGE_CURVE('',#963,#1011,#1036,.T.);
#1036 = LINE('',#1037,#1038);
#1037 = CARTESIAN_POINT('',(-0.32,-2.86,8.38));
#1038 = VECTOR('',#1039,1.);
#1039 = DIRECTION('',(0.,1.,0.));
#1040 = PLANE('',#1041);
#1041 = AXIS2_PLACEMENT_3D('',#1042,#1043,#1044);
#1042 = CARTESIAN_POINT('',(-0.32,-2.86,-3.));
#1043 = DIRECTION('',(1.,0.,0.));
#1044 = DIRECTION('',(0.,0.,1.));
#1045 = ADVANCED_FACE('',(#1046),#1071,.T.);
#1046 = FACE_BOUND('',#1047,.F.);
#1047 = EDGE_LOOP('',(#1048,#1056,#1057,#1065));
#1048 = ORIENTED_EDGE('',*,*,#1049,.F.);
#1049 = EDGE_CURVE('',#674,#1050,#1052,.T.);
#1050 = VERTEX_POINT('',#1051);
#1051 = CARTESIAN_POINT('',(-0.16,-0.16,-3.));
#1052 = LINE('',#1053,#1054);
#1053 = CARTESIAN_POINT('',(-0.266666666667,-0.266666666667,
    -2.893333333333));
#1054 = VECTOR('',#1055,1.);
#1055 = DIRECTION('',(0.57735026919,0.57735026919,-0.57735026919));
#1056 = ORIENTED_EDGE('',*,*,#673,.T.);
#1057 = ORIENTED_EDGE('',*,*,#1058,.T.);
#1058 = EDGE_CURVE('',#666,#1059,#1061,.T.);
#1059 = VERTEX_POINT('',#1060);
#1060 = CARTESIAN_POINT('',(0.16,-0.16,-3.));
#1061 = LINE('',#1062,#1063);
#1062 = CARTESIAN_POINT('',(0.16,-0.16,-3.));
#1063 = VECTOR('',#1064,1.);
#1064 = DIRECTION('',(-0.57735026919,0.57735026919,-0.57735026919));
#1065 = ORIENTED_EDGE('',*,*,#1066,.F.);
#1066 = EDGE_CURVE('',#1050,#1059,#1067,.T.);
#1067 = LINE('',#1068,#1069);
#1068 = CARTESIAN_POINT('',(-0.32,-0.16,-3.));
#1069 = VECTOR('',#1070,1.);
#1070 = DIRECTION('',(1.,0.,0.));
#1071 = PLANE('',#1072);
#1072 = AXIS2_PLACEMENT_3D('',#1073,#1074,#1075);
#1073 = CARTESIAN_POINT('',(-0.32,-0.24,-2.92));
#1074 = DIRECTION('',(1.735167508357E-18,-0.707106781187,-0.707106781187
    ));
#1075 = DIRECTION('',(-1.,-1.226948711654E-18,-1.226948711654E-18));
#1076 = ADVANCED_FACE('',(#1077),#1095,.F.);
#1077 = FACE_BOUND('',#1078,.F.);
#1078 = EDGE_LOOP('',(#1079,#1080,#1081,#1089));
#1079 = ORIENTED_EDGE('',*,*,#1058,.F.);
#1080 = ORIENTED_EDGE('',*,*,#697,.T.);
#1081 = ORIENTED_EDGE('',*,*,#1082,.T.);
#1082 = EDGE_CURVE('',#698,#1083,#1085,.T.);
#1083 = VERTEX_POINT('',#1084);
#1084 = CARTESIAN_POINT('',(0.16,0.16,-3.));
#1085 = LINE('',#1086,#1087);
#1086 = CARTESIAN_POINT('',(5.333333333333E-02,5.333333333333E-02,
    -3.106666666667));
#1087 = VECTOR('',#1088,1.);
#1088 = DIRECTION('',(-0.57735026919,-0.57735026919,-0.57735026919));
#1089 = ORIENTED_EDGE('',*,*,#1090,.F.);
#1090 = EDGE_CURVE('',#1059,#1083,#1091,.T.);
#1091 = LINE('',#1092,#1093);
#1092 = CARTESIAN_POINT('',(0.16,-0.32,-3.));
#1093 = VECTOR('',#1094,1.);
#1094 = DIRECTION('',(0.,1.,0.));
#1095 = PLANE('',#1096);
#1096 = AXIS2_PLACEMENT_3D('',#1097,#1098,#1099);
#1097 = CARTESIAN_POINT('',(0.24,-0.32,-2.92));
#1098 = DIRECTION('',(-0.707106781187,1.735167508357E-18,0.707106781187)
  );
#1099 = DIRECTION('',(1.226948711654E-18,1.,-1.226948711654E-18));
#1100 = ADVANCED_FACE('',(#1101),#1119,.F.);
#1101 = FACE_BOUND('',#1102,.T.);
#1102 = EDGE_LOOP('',(#1103,#1111,#1112,#1113));
#1103 = ORIENTED_EDGE('',*,*,#1104,.F.);
#1104 = EDGE_CURVE('',#722,#1105,#1107,.T.);
#1105 = VERTEX_POINT('',#1106);
#1106 = CARTESIAN_POINT('',(-0.16,0.16,-3.));
#1107 = LINE('',#1108,#1109);
#1108 = CARTESIAN_POINT('',(-0.16,0.16,-3.));
#1109 = VECTOR('',#1110,1.);
#1110 = DIRECTION('',(0.57735026919,-0.57735026919,-0.57735026919));
#1111 = ORIENTED_EDGE('',*,*,#721,.T.);
#1112 = ORIENTED_EDGE('',*,*,#1082,.T.);
#1113 = ORIENTED_EDGE('',*,*,#1114,.F.);
#1114 = EDGE_CURVE('',#1105,#1083,#1115,.T.);
#1115 = LINE('',#1116,#1117);
#1116 = CARTESIAN_POINT('',(-0.32,0.16,-3.));
#1117 = VECTOR('',#1118,1.);
#1118 = DIRECTION('',(1.,0.,0.));
#1119 = PLANE('',#1120);
#1120 = AXIS2_PLACEMENT_3D('',#1121,#1122,#1123);
#1121 = CARTESIAN_POINT('',(-0.32,0.24,-2.92));
#1122 = DIRECTION('',(-1.735167508357E-18,-0.707106781187,0.707106781187
    ));
#1123 = DIRECTION('',(-1.,1.226948711654E-18,-1.226948711654E-18));
#1124 = ADVANCED_FACE('',(#1125),#1136,.T.);
#1125 = FACE_BOUND('',#1126,.T.);
#1126 = EDGE_LOOP('',(#1127,#1128,#1129,#1130));
#1127 = ORIENTED_EDGE('',*,*,#1049,.F.);
#1128 = ORIENTED_EDGE('',*,*,#745,.T.);
#1129 = ORIENTED_EDGE('',*,*,#1104,.T.);
#1130 = ORIENTED_EDGE('',*,*,#1131,.F.);
#1131 = EDGE_CURVE('',#1050,#1105,#1132,.T.);
#1132 = LINE('',#1133,#1134);
#1133 = CARTESIAN_POINT('',(-0.16,-0.32,-3.));
#1134 = VECTOR('',#1135,1.);
#1135 = DIRECTION('',(0.,1.,0.));
#1136 = PLANE('',#1137);
#1137 = AXIS2_PLACEMENT_3D('',#1138,#1139,#1140);
#1138 = CARTESIAN_POINT('',(-0.24,-0.32,-2.92));
#1139 = DIRECTION('',(-0.707106781187,-1.735167508357E-18,
    -0.707106781187));
#1140 = DIRECTION('',(-1.226948711654E-18,1.,-1.226948711654E-18));
#1141 = ADVANCED_FACE('',(#1142),#1167,.T.);
#1142 = FACE_BOUND('',#1143,.F.);
#1143 = EDGE_LOOP('',(#1144,#1152,#1153,#1161));
#1144 = ORIENTED_EDGE('',*,*,#1145,.F.);
#1145 = EDGE_CURVE('',#770,#1146,#1148,.T.);
#1146 = VERTEX_POINT('',#1147);
#1147 = CARTESIAN_POINT('',(-0.16,-2.7,-3.));
#1148 = LINE('',#1149,#1150);
#1149 = CARTESIAN_POINT('',(-0.266666666667,-2.806666666667,
    -2.893333333333));
#1150 = VECTOR('',#1151,1.);
#1151 = DIRECTION('',(0.57735026919,0.57735026919,-0.57735026919));
#1152 = ORIENTED_EDGE('',*,*,#769,.T.);
#1153 = ORIENTED_EDGE('',*,*,#1154,.T.);
#1154 = EDGE_CURVE('',#762,#1155,#1157,.T.);
#1155 = VERTEX_POINT('',#1156);
#1156 = CARTESIAN_POINT('',(0.16,-2.7,-3.));
#1157 = LINE('',#1158,#1159);
#1158 = CARTESIAN_POINT('',(0.16,-2.7,-3.));
#1159 = VECTOR('',#1160,1.);
#1160 = DIRECTION('',(-0.57735026919,0.57735026919,-0.57735026919));
#1161 = ORIENTED_EDGE('',*,*,#1162,.F.);
#1162 = EDGE_CURVE('',#1146,#1155,#1163,.T.);
#1163 = LINE('',#1164,#1165);
#1164 = CARTESIAN_POINT('',(-0.32,-2.7,-3.));
#1165 = VECTOR('',#1166,1.);
#1166 = DIRECTION('',(1.,0.,0.));
#1167 = PLANE('',#1168);
#1168 = AXIS2_PLACEMENT_3D('',#1169,#1170,#1171);
#1169 = CARTESIAN_POINT('',(-0.32,-2.78,-2.92));
#1170 = DIRECTION('',(1.735167508357E-18,-0.707106781187,-0.707106781187
    ));
#1171 = DIRECTION('',(-1.,-1.226948711654E-18,-1.226948711654E-18));
#1172 = ADVANCED_FACE('',(#1173),#1191,.F.);
#1173 = FACE_BOUND('',#1174,.F.);
#1174 = EDGE_LOOP('',(#1175,#1176,#1177,#1185));
#1175 = ORIENTED_EDGE('',*,*,#1154,.F.);
#1176 = ORIENTED_EDGE('',*,*,#793,.T.);
#1177 = ORIENTED_EDGE('',*,*,#1178,.T.);
#1178 = EDGE_CURVE('',#794,#1179,#1181,.T.);
#1179 = VERTEX_POINT('',#1180);
#1180 = CARTESIAN_POINT('',(0.16,-2.38,-3.));
#1181 = LINE('',#1182,#1183);
#1182 = CARTESIAN_POINT('',(5.333333333333E-02,-2.486666666667,
    -3.106666666667));
#1183 = VECTOR('',#1184,1.);
#1184 = DIRECTION('',(-0.57735026919,-0.57735026919,-0.57735026919));
#1185 = ORIENTED_EDGE('',*,*,#1186,.F.);
#1186 = EDGE_CURVE('',#1155,#1179,#1187,.T.);
#1187 = LINE('',#1188,#1189);
#1188 = CARTESIAN_POINT('',(0.16,-2.86,-3.));
#1189 = VECTOR('',#1190,1.);
#1190 = DIRECTION('',(0.,1.,0.));
#1191 = PLANE('',#1192);
#1192 = AXIS2_PLACEMENT_3D('',#1193,#1194,#1195);
#1193 = CARTESIAN_POINT('',(0.24,-2.86,-2.92));
#1194 = DIRECTION('',(-0.707106781187,1.735167508357E-18,0.707106781187)
  );
#1195 = DIRECTION('',(1.226948711654E-18,1.,-1.226948711654E-18));
#1196 = ADVANCED_FACE('',(#1197),#1215,.F.);
#1197 = FACE_BOUND('',#1198,.T.);
#1198 = EDGE_LOOP('',(#1199,#1207,#1208,#1209));
#1199 = ORIENTED_EDGE('',*,*,#1200,.F.);
#1200 = EDGE_CURVE('',#818,#1201,#1203,.T.);
#1201 = VERTEX_POINT('',#1202);
#1202 = CARTESIAN_POINT('',(-0.16,-2.38,-3.));
#1203 = LINE('',#1204,#1205);
#1204 = CARTESIAN_POINT('',(-0.16,-2.38,-3.));
#1205 = VECTOR('',#1206,1.);
#1206 = DIRECTION('',(0.57735026919,-0.57735026919,-0.57735026919));
#1207 = ORIENTED_EDGE('',*,*,#817,.T.);
#1208 = ORIENTED_EDGE('',*,*,#1178,.T.);
#1209 = ORIENTED_EDGE('',*,*,#1210,.F.);
#1210 = EDGE_CURVE('',#1201,#1179,#1211,.T.);
#1211 = LINE('',#1212,#1213);
#1212 = CARTESIAN_POINT('',(-0.32,-2.38,-3.));
#1213 = VECTOR('',#1214,1.);
#1214 = DIRECTION('',(1.,0.,0.));
#1215 = PLANE('',#1216);
#1216 = AXIS2_PLACEMENT_3D('',#1217,#1218,#1219);
#1217 = CARTESIAN_POINT('',(-0.32,-2.3,-2.92));
#1218 = DIRECTION('',(-1.735167508357E-18,-0.707106781187,0.707106781187
    ));
#1219 = DIRECTION('',(-1.,1.226948711654E-18,-1.226948711654E-18));
#1220 = ADVANCED_FACE('',(#1221),#1232,.T.);
#1221 = FACE_BOUND('',#1222,.T.);
#1222 = EDGE_LOOP('',(#1223,#1224,#1225,#1226));
#1223 = ORIENTED_EDGE('',*,*,#1145,.F.);
#1224 = ORIENTED_EDGE('',*,*,#841,.T.);
#1225 = ORIENTED_EDGE('',*,*,#1200,.T.);
#1226 = ORIENTED_EDGE('',*,*,#1227,.F.);
#1227 = EDGE_CURVE('',#1146,#1201,#1228,.T.);
#1228 = LINE('',#1229,#1230);
#1229 = CARTESIAN_POINT('',(-0.16,-2.86,-3.));
#1230 = VECTOR('',#1231,1.);
#1231 = DIRECTION('',(0.,1.,0.));
#1232 = PLANE('',#1233);
#1233 = AXIS2_PLACEMENT_3D('',#1234,#1235,#1236);
#1234 = CARTESIAN_POINT('',(-0.24,-2.86,-2.92));
#1235 = DIRECTION('',(-0.707106781187,-1.735167508357E-18,
    -0.707106781187));
#1236 = DIRECTION('',(-1.226948711654E-18,1.,-1.226948711654E-18));
#1237 = ADVANCED_FACE('',(#1238),#1263,.F.);
#1238 = FACE_BOUND('',#1239,.T.);
#1239 = EDGE_LOOP('',(#1240,#1248,#1249,#1257));
#1240 = ORIENTED_EDGE('',*,*,#1241,.F.);
#1241 = EDGE_CURVE('',#867,#1242,#1244,.T.);
#1242 = VERTEX_POINT('',#1243);
#1243 = CARTESIAN_POINT('',(-0.16,-0.16,8.54));
#1244 = LINE('',#1245,#1246);
#1245 = CARTESIAN_POINT('',(-0.266666666667,-0.266666666667,
    8.433333333333));
#1246 = VECTOR('',#1247,1.);
#1247 = DIRECTION('',(0.57735026919,0.57735026919,0.57735026919));
#1248 = ORIENTED_EDGE('',*,*,#874,.T.);
#1249 = ORIENTED_EDGE('',*,*,#1250,.T.);
#1250 = EDGE_CURVE('',#858,#1251,#1253,.T.);
#1251 = VERTEX_POINT('',#1252);
#1252 = CARTESIAN_POINT('',(0.16,-0.16,8.54));
#1253 = LINE('',#1254,#1255);
#1254 = CARTESIAN_POINT('',(0.16,-0.16,8.54));
#1255 = VECTOR('',#1256,1.);
#1256 = DIRECTION('',(-0.57735026919,0.57735026919,0.57735026919));
#1257 = ORIENTED_EDGE('',*,*,#1258,.F.);
#1258 = EDGE_CURVE('',#1242,#1251,#1259,.T.);
#1259 = LINE('',#1260,#1261);
#1260 = CARTESIAN_POINT('',(-0.32,-0.16,8.54));
#1261 = VECTOR('',#1262,1.);
#1262 = DIRECTION('',(1.,0.,0.));
#1263 = PLANE('',#1264);
#1264 = AXIS2_PLACEMENT_3D('',#1265,#1266,#1267);
#1265 = CARTESIAN_POINT('',(-0.32,-0.24,8.46));
#1266 = DIRECTION('',(-1.735167508357E-18,0.707106781187,-0.707106781187
    ));
#1267 = DIRECTION('',(-1.,-1.226948711654E-18,1.226948711654E-18));
#1268 = ADVANCED_FACE('',(#1269),#1287,.T.);
#1269 = FACE_BOUND('',#1270,.T.);
#1270 = EDGE_LOOP('',(#1271,#1272,#1273,#1281));
#1271 = ORIENTED_EDGE('',*,*,#1250,.F.);
#1272 = ORIENTED_EDGE('',*,*,#898,.T.);
#1273 = ORIENTED_EDGE('',*,*,#1274,.T.);
#1274 = EDGE_CURVE('',#891,#1275,#1277,.T.);
#1275 = VERTEX_POINT('',#1276);
#1276 = CARTESIAN_POINT('',(0.16,0.16,8.54));
#1277 = LINE('',#1278,#1279);
#1278 = CARTESIAN_POINT('',(5.333333333333E-02,5.333333333333E-02,
    8.646666666667));
#1279 = VECTOR('',#1280,1.);
#1280 = DIRECTION('',(-0.57735026919,-0.57735026919,0.57735026919));
#1281 = ORIENTED_EDGE('',*,*,#1282,.F.);
#1282 = EDGE_CURVE('',#1251,#1275,#1283,.T.);
#1283 = LINE('',#1284,#1285);
#1284 = CARTESIAN_POINT('',(0.16,-0.32,8.54));
#1285 = VECTOR('',#1286,1.);
#1286 = DIRECTION('',(0.,1.,0.));
#1287 = PLANE('',#1288);
#1288 = AXIS2_PLACEMENT_3D('',#1289,#1290,#1291);
#1289 = CARTESIAN_POINT('',(0.24,-0.32,8.46));
#1290 = DIRECTION('',(0.707106781187,-1.735167508357E-18,0.707106781187)
  );
#1291 = DIRECTION('',(1.226948711654E-18,1.,1.226948711654E-18));
#1292 = ADVANCED_FACE('',(#1293),#1311,.T.);
#1293 = FACE_BOUND('',#1294,.F.);
#1294 = EDGE_LOOP('',(#1295,#1303,#1304,#1305));
#1295 = ORIENTED_EDGE('',*,*,#1296,.F.);
#1296 = EDGE_CURVE('',#915,#1297,#1299,.T.);
#1297 = VERTEX_POINT('',#1298);
#1298 = CARTESIAN_POINT('',(-0.16,0.16,8.54));
#1299 = LINE('',#1300,#1301);
#1300 = CARTESIAN_POINT('',(-0.16,0.16,8.54));
#1301 = VECTOR('',#1302,1.);
#1302 = DIRECTION('',(0.57735026919,-0.57735026919,0.57735026919));
#1303 = ORIENTED_EDGE('',*,*,#922,.T.);
#1304 = ORIENTED_EDGE('',*,*,#1274,.T.);
#1305 = ORIENTED_EDGE('',*,*,#1306,.F.);
#1306 = EDGE_CURVE('',#1297,#1275,#1307,.T.);
#1307 = LINE('',#1308,#1309);
#1308 = CARTESIAN_POINT('',(-0.32,0.16,8.54));
#1309 = VECTOR('',#1310,1.);
#1310 = DIRECTION('',(1.,0.,0.));
#1311 = PLANE('',#1312);
#1312 = AXIS2_PLACEMENT_3D('',#1313,#1314,#1315);
#1313 = CARTESIAN_POINT('',(-0.32,0.24,8.46));
#1314 = DIRECTION('',(1.735167508357E-18,0.707106781187,0.707106781187)
  );
#1315 = DIRECTION('',(-1.,1.226948711654E-18,1.226948711654E-18));
#1316 = ADVANCED_FACE('',(#1317),#1328,.F.);
#1317 = FACE_BOUND('',#1318,.F.);
#1318 = EDGE_LOOP('',(#1319,#1320,#1321,#1322));
#1319 = ORIENTED_EDGE('',*,*,#1241,.F.);
#1320 = ORIENTED_EDGE('',*,*,#939,.T.);
#1321 = ORIENTED_EDGE('',*,*,#1296,.T.);
#1322 = ORIENTED_EDGE('',*,*,#1323,.F.);
#1323 = EDGE_CURVE('',#1242,#1297,#1324,.T.);
#1324 = LINE('',#1325,#1326);
#1325 = CARTESIAN_POINT('',(-0.16,-0.32,8.54));
#1326 = VECTOR('',#1327,1.);
#1327 = DIRECTION('',(0.,1.,0.));
#1328 = PLANE('',#1329);
#1329 = AXIS2_PLACEMENT_3D('',#1330,#1331,#1332);
#1330 = CARTESIAN_POINT('',(-0.24,-0.32,8.46));
#1331 = DIRECTION('',(0.707106781187,1.735167508357E-18,-0.707106781187)
  );
#1332 = DIRECTION('',(-1.226948711654E-18,1.,1.226948711654E-18));
#1333 = ADVANCED_FACE('',(#1334),#1359,.F.);
#1334 = FACE_BOUND('',#1335,.T.);
#1335 = EDGE_LOOP('',(#1336,#1344,#1345,#1353));
#1336 = ORIENTED_EDGE('',*,*,#1337,.F.);
#1337 = EDGE_CURVE('',#963,#1338,#1340,.T.);
#1338 = VERTEX_POINT('',#1339);
#1339 = CARTESIAN_POINT('',(-0.16,-2.7,8.54));
#1340 = LINE('',#1341,#1342);
#1341 = CARTESIAN_POINT('',(-0.266666666667,-2.806666666667,
    8.433333333333));
#1342 = VECTOR('',#1343,1.);
#1343 = DIRECTION('',(0.57735026919,0.57735026919,0.57735026919));
#1344 = ORIENTED_EDGE('',*,*,#970,.T.);
#1345 = ORIENTED_EDGE('',*,*,#1346,.T.);
#1346 = EDGE_CURVE('',#954,#1347,#1349,.T.);
#1347 = VERTEX_POINT('',#1348);
#1348 = CARTESIAN_POINT('',(0.16,-2.7,8.54));
#1349 = LINE('',#1350,#1351);
#1350 = CARTESIAN_POINT('',(0.16,-2.7,8.54));
#1351 = VECTOR('',#1352,1.);
#1352 = DIRECTION('',(-0.57735026919,0.57735026919,0.57735026919));
#1353 = ORIENTED_EDGE('',*,*,#1354,.F.);
#1354 = EDGE_CURVE('',#1338,#1347,#1355,.T.);
#1355 = LINE('',#1356,#1357);
#1356 = CARTESIAN_POINT('',(-0.32,-2.7,8.54));
#1357 = VECTOR('',#1358,1.);
#1358 = DIRECTION('',(1.,0.,0.));
#1359 = PLANE('',#1360);
#1360 = AXIS2_PLACEMENT_3D('',#1361,#1362,#1363);
#1361 = CARTESIAN_POINT('',(-0.32,-2.78,8.46));
#1362 = DIRECTION('',(-1.735167508357E-18,0.707106781187,-0.707106781187
    ));
#1363 = DIRECTION('',(-1.,-1.226948711654E-18,1.226948711654E-18));
#1364 = ADVANCED_FACE('',(#1365),#1383,.T.);
#1365 = FACE_BOUND('',#1366,.T.);
#1366 = EDGE_LOOP('',(#1367,#1368,#1369,#1377));
#1367 = ORIENTED_EDGE('',*,*,#1346,.F.);
#1368 = ORIENTED_EDGE('',*,*,#994,.T.);
#1369 = ORIENTED_EDGE('',*,*,#1370,.T.);
#1370 = EDGE_CURVE('',#987,#1371,#1373,.T.);
#1371 = VERTEX_POINT('',#1372);
#1372 = CARTESIAN_POINT('',(0.16,-2.38,8.54));
#1373 = LINE('',#1374,#1375);
#1374 = CARTESIAN_POINT('',(5.333333333333E-02,-2.486666666667,
    8.646666666667));
#1375 = VECTOR('',#1376,1.);
#1376 = DIRECTION('',(-0.57735026919,-0.57735026919,0.57735026919));
#1377 = ORIENTED_EDGE('',*,*,#1378,.F.);
#1378 = EDGE_CURVE('',#1347,#1371,#1379,.T.);
#1379 = LINE('',#1380,#1381);
#1380 = CARTESIAN_POINT('',(0.16,-2.86,8.54));
#1381 = VECTOR('',#1382,1.);
#1382 = DIRECTION('',(0.,1.,0.));
#1383 = PLANE('',#1384);
#1384 = AXIS2_PLACEMENT_3D('',#1385,#1386,#1387);
#1385 = CARTESIAN_POINT('',(0.24,-2.86,8.46));
#1386 = DIRECTION('',(0.707106781187,-1.735167508357E-18,0.707106781187)
  );
#1387 = DIRECTION('',(1.226948711654E-18,1.,1.226948711654E-18));
#1388 = ADVANCED_FACE('',(#1389),#1407,.T.);
#1389 = FACE_BOUND('',#1390,.F.);
#1390 = EDGE_LOOP('',(#1391,#1399,#1400,#1401));
#1391 = ORIENTED_EDGE('',*,*,#1392,.F.);
#1392 = EDGE_CURVE('',#1011,#1393,#1395,.T.);
#1393 = VERTEX_POINT('',#1394);
#1394 = CARTESIAN_POINT('',(-0.16,-2.38,8.54));
#1395 = LINE('',#1396,#1397);
#1396 = CARTESIAN_POINT('',(-0.16,-2.38,8.54));
#1397 = VECTOR('',#1398,1.);
#1398 = DIRECTION('',(0.57735026919,-0.57735026919,0.57735026919));
#1399 = ORIENTED_EDGE('',*,*,#1018,.T.);
#1400 = ORIENTED_EDGE('',*,*,#1370,.T.);
#1401 = ORIENTED_EDGE('',*,*,#1402,.F.);
#1402 = EDGE_CURVE('',#1393,#1371,#1403,.T.);
#1403 = LINE('',#1404,#1405);
#1404 = CARTESIAN_POINT('',(-0.32,-2.38,8.54));
#1405 = VECTOR('',#1406,1.);
#1406 = DIRECTION('',(1.,0.,0.));
#1407 = PLANE('',#1408);
#1408 = AXIS2_PLACEMENT_3D('',#1409,#1410,#1411);
#1409 = CARTESIAN_POINT('',(-0.32,-2.3,8.46));
#1410 = DIRECTION('',(1.735167508357E-18,0.707106781187,0.707106781187)
  );
#1411 = DIRECTION('',(-1.,1.226948711654E-18,1.226948711654E-18));
#1412 = ADVANCED_FACE('',(#1413),#1424,.F.);
#1413 = FACE_BOUND('',#1414,.F.);
#1414 = EDGE_LOOP('',(#1415,#1416,#1417,#1418));
#1415 = ORIENTED_EDGE('',*,*,#1337,.F.);
#1416 = ORIENTED_EDGE('',*,*,#1035,.T.);
#1417 = ORIENTED_EDGE('',*,*,#1392,.T.);
#1418 = ORIENTED_EDGE('',*,*,#1419,.F.);
#1419 = EDGE_CURVE('',#1338,#1393,#1420,.T.);
#1420 = LINE('',#1421,#1422);
#1421 = CARTESIAN_POINT('',(-0.16,-2.86,8.54));
#1422 = VECTOR('',#1423,1.);
#1423 = DIRECTION('',(0.,1.,0.));
#1424 = PLANE('',#1425);
#1425 = AXIS2_PLACEMENT_3D('',#1426,#1427,#1428);
#1426 = CARTESIAN_POINT('',(-0.24,-2.86,8.46));
#1427 = DIRECTION('',(0.707106781187,1.735167508357E-18,-0.707106781187)
  );
#1428 = DIRECTION('',(-1.226948711654E-18,1.,1.226948711654E-18));
#1429 = ADVANCED_FACE('',(#1430),#1436,.F.);
#1430 = FACE_BOUND('',#1431,.F.);
#1431 = EDGE_LOOP('',(#1432,#1433,#1434,#1435));
#1432 = ORIENTED_EDGE('',*,*,#1131,.F.);
#1433 = ORIENTED_EDGE('',*,*,#1066,.T.);
#1434 = ORIENTED_EDGE('',*,*,#1090,.T.);
#1435 = ORIENTED_EDGE('',*,*,#1114,.F.);
#1436 = PLANE('',#1437);
#1437 = AXIS2_PLACEMENT_3D('',#1438,#1439,#1440);
#1438 = CARTESIAN_POINT('',(-0.32,-0.32,-3.));
#1439 = DIRECTION('',(0.,0.,1.));
#1440 = DIRECTION('',(1.,0.,-0.));
#1441 = ADVANCED_FACE('',(#1442),#1448,.F.);
#1442 = FACE_BOUND('',#1443,.F.);
#1443 = EDGE_LOOP('',(#1444,#1445,#1446,#1447));
#1444 = ORIENTED_EDGE('',*,*,#1227,.F.);
#1445 = ORIENTED_EDGE('',*,*,#1162,.T.);
#1446 = ORIENTED_EDGE('',*,*,#1186,.T.);
#1447 = ORIENTED_EDGE('',*,*,#1210,.F.);
#1448 = PLANE('',#1449);
#1449 = AXIS2_PLACEMENT_3D('',#1450,#1451,#1452);
#1450 = CARTESIAN_POINT('',(-0.32,-2.86,-3.));
#1451 = DIRECTION('',(0.,0.,1.));
#1452 = DIRECTION('',(1.,0.,-0.));
#1453 = ADVANCED_FACE('',(#1454),#1460,.T.);
#1454 = FACE_BOUND('',#1455,.T.);
#1455 = EDGE_LOOP('',(#1456,#1457,#1458,#1459));
#1456 = ORIENTED_EDGE('',*,*,#1306,.F.);
#1457 = ORIENTED_EDGE('',*,*,#1323,.F.);
#1458 = ORIENTED_EDGE('',*,*,#1258,.T.);
#1459 = ORIENTED_EDGE('',*,*,#1282,.T.);
#1460 = PLANE('',#1461);
#1461 = AXIS2_PLACEMENT_3D('',#1462,#1463,#1464);
#1462 = CARTESIAN_POINT('',(-0.32,-0.32,8.54));
#1463 = DIRECTION('',(0.,0.,1.));
#1464 = DIRECTION('',(1.,0.,-0.));
#1465 = ADVANCED_FACE('',(#1466),#1472,.T.);
#1466 = FACE_BOUND('',#1467,.T.);
#1467 = EDGE_LOOP('',(#1468,#1469,#1470,#1471));
#1468 = ORIENTED_EDGE('',*,*,#1402,.F.);
#1469 = ORIENTED_EDGE('',*,*,#1419,.F.);
#1470 = ORIENTED_EDGE('',*,*,#1354,.T.);
#1471 = ORIENTED_EDGE('',*,*,#1378,.T.);
#1472 = PLANE('',#1473);
#1473 = AXIS2_PLACEMENT_3D('',#1474,#1475,#1476);
#1474 = CARTESIAN_POINT('',(-0.32,-2.86,8.54));
#1475 = DIRECTION('',(0.,0.,1.));
#1476 = DIRECTION('',(1.,0.,-0.));
#1477 = ( GEOMETRIC_REPRESENTATION_CONTEXT(3) 
GLOBAL_UNCERTAINTY_ASSIGNED_CONTEXT((#1481)) 
GLOBAL_UNIT_ASSIGNED_CONTEXT((#1478,#1479,#1480)) REPRESENTATION_CONTEXT
('Context #1','3D Context with UNIT and UNCERTAINTY') );
#1478 = ( LENGTH_UNIT() NAMED_UNIT(*) SI_UNIT(.MILLI.,.METRE.) );
#1479 = ( NAMED_UNIT(*) PLANE_ANGLE_UNIT() SI_UNIT($,.RADIAN.) );
#1480 = ( NAMED_UNIT(*) SI_UNIT($,.STERADIAN.) SOLID_ANGLE_UNIT() );
#1481 = UNCERTAINTY_MEASURE_WITH_UNIT(LENGTH_MEASURE(1.E-07),#1478,
  'distance_accuracy_value','confusion accuracy');
#1482 = CONTEXT_DEPENDENT_SHAPE_REPRESENTATION(#1483,#1485);
#1483 = ( REPRESENTATION_RELATIONSHIP('','',#44,#10) 
REPRESENTATION_RELATIONSHIP_WITH_TRANSFORMATION(#1484) 
SHAPE_REPRESENTATION_RELATIONSHIP() );
#1484 = ITEM_DEFINED_TRANSFORMATION('','',#11,#15);
#1485 = PRODUCT_DEFINITION_SHAPE('Placement','Placement of an item',
  #1486);
#1486 = NEXT_ASSEMBLY_USAGE_OCCURRENCE('1','J3','',#5,#39,$);
#1487 = PRODUCT_RELATED_PRODUCT_CATEGORY('part',$,(#41));
#1488 = SHAPE_DEFINITION_REPRESENTATION(#1489,#1495);
#1489 = PRODUCT_DEFINITION_SHAPE('','',#1490);
#1490 = PRODUCT_DEFINITION('design','',#1491,#1494);
#1491 = PRODUCT_DEFINITION_FORMATION('','',#1492);
#1492 = PRODUCT('PinHeader_1x08_P2.54mm_Vertical',
  'PinHeader_1x08_P2.54mm_Vertical','',(#1493));
#1493 = PRODUCT_CONTEXT('',#2,'mechanical');
#1494 = PRODUCT_DEFINITION_CONTEXT('part definition',#2,'design');
#1495 = ADVANCED_BREP_SHAPE_REPRESENTATION('',(#11,#1496),#6972);
#1496 = MANIFOLD_SOLID_BREP('',#1497);
#1497 = CLOSED_SHELL('',(#1498,#1538,#1569,#1600,#2257,#2914,#2931,#2948
    ,#2965,#2982,#2999,#3016,#3033,#3050,#3067,#3084,#3101,#3118,#3135,
    #3152,#3169,#3186,#3203,#3220,#3237,#3254,#3271,#3288,#3305,#3322,
    #3339,#3356,#3373,#3390,#3407,#3424,#3441,#3458,#3475,#3492,#3509,
    #3526,#3543,#3560,#3577,#3594,#3611,#3628,#3645,#3662,#3679,#3696,
    #3708,#3739,#3763,#3787,#3804,#3835,#3859,#3883,#3900,#3931,#3955,
    #3979,#3996,#4027,#4051,#4075,#4092,#4123,#4147,#4171,#4188,#4219,
    #4243,#4267,#4284,#4315,#4339,#4363,#4380,#4411,#4435,#4459,#4476,
    #4507,#4531,#4555,#4572,#4603,#4627,#4651,#4668,#4699,#4723,#4747,
    #4764,#4795,#4819,#4843,#4860,#4891,#4915,#4939,#4956,#4987,#5011,
    #5035,#5052,#5083,#5107,#5131,#5148,#5179,#5203,#5227,#5244,#5275,
    #5299,#5323,#5340,#5371,#5395,#5419,#5436,#5467,#5491,#5515,#5532,
    #5563,#5587,#5611,#5628,#5659,#5683,#5707,#5724,#5755,#5779,#5803,
    #5820,#5851,#5875,#5899,#5916,#5947,#5971,#5995,#6012,#6043,#6067,
    #6091,#6108,#6139,#6163,#6187,#6204,#6235,#6259,#6283,#6300,#6331,
    #6355,#6379,#6396,#6427,#6451,#6475,#6492,#6523,#6547,#6571,#6588,
    #6619,#6643,#6667,#6684,#6715,#6739,#6763,#6780,#6792,#6804,#6816,
    #6828,#6840,#6852,#6864,#6876,#6888,#6900,#6912,#6924,#6936,#6948,
    #6960));
#1498 = ADVANCED_FACE('',(#1499),#1533,.F.);
#1499 = FACE_BOUND('',#1500,.F.);
#1500 = EDGE_LOOP('',(#1501,#1511,#1519,#1527));
#1501 = ORIENTED_EDGE('',*,*,#1502,.T.);
#1502 = EDGE_CURVE('',#1503,#1505,#1507,.T.);
#1503 = VERTEX_POINT('',#1504);
#1504 = CARTESIAN_POINT('',(-1.016,1.27,0.));
#1505 = VERTEX_POINT('',#1506);
#1506 = CARTESIAN_POINT('',(-1.016,1.27,2.54));
#1507 = LINE('',#1508,#1509);
#1508 = CARTESIAN_POINT('',(-1.016,1.27,0.));
#1509 = VECTOR('',#1510,1.);
#1510 = DIRECTION('',(0.,0.,1.));
#1511 = ORIENTED_EDGE('',*,*,#1512,.T.);
#1512 = EDGE_CURVE('',#1505,#1513,#1515,.T.);
#1513 = VERTEX_POINT('',#1514);
#1514 = CARTESIAN_POINT('',(-1.27,1.016,2.54));
#1515 = LINE('',#1516,#1517);
#1516 = CARTESIAN_POINT('',(-1.016,1.27,2.54));
#1517 = VECTOR('',#1518,1.);
#1518 = DIRECTION('',(-0.707106781187,-0.707106781187,0.));
#1519 = ORIENTED_EDGE('',*,*,#1520,.F.);
#1520 = EDGE_CURVE('',#1521,#1513,#1523,.T.);
#1521 = VERTEX_POINT('',#1522);
#1522 = CARTESIAN_POINT('',(-1.27,1.016,0.));
#1523 = LINE('',#1524,#1525);
#1524 = CARTESIAN_POINT('',(-1.27,1.016,0.));
#1525 = VECTOR('',#1526,1.);
#1526 = DIRECTION('',(0.,0.,1.));
#1527 = ORIENTED_EDGE('',*,*,#1528,.F.);
#1528 = EDGE_CURVE('',#1503,#1521,#1529,.T.);
#1529 = LINE('',#1530,#1531);
#1530 = CARTESIAN_POINT('',(-1.016,1.27,0.));
#1531 = VECTOR('',#1532,1.);
#1532 = DIRECTION('',(-0.707106781187,-0.707106781187,0.));
#1533 = PLANE('',#1534);
#1534 = AXIS2_PLACEMENT_3D('',#1535,#1536,#1537);
#1535 = CARTESIAN_POINT('',(-1.016,1.27,0.));
#1536 = DIRECTION('',(0.707106781187,-0.707106781187,0.));
#1537 = DIRECTION('',(-0.707106781187,-0.707106781187,0.));
#1538 = ADVANCED_FACE('',(#1539),#1564,.F.);
#1539 = FACE_BOUND('',#1540,.F.);
#1540 = EDGE_LOOP('',(#1541,#1551,#1557,#1558));
#1541 = ORIENTED_EDGE('',*,*,#1542,.T.);
#1542 = EDGE_CURVE('',#1543,#1545,#1547,.T.);
#1543 = VERTEX_POINT('',#1544);
#1544 = CARTESIAN_POINT('',(1.016,1.27,0.));
#1545 = VERTEX_POINT('',#1546);
#1546 = CARTESIAN_POINT('',(1.016,1.27,2.54));
#1547 = LINE('',#1548,#1549);
#1548 = CARTESIAN_POINT('',(1.016,1.27,0.));
#1549 = VECTOR('',#1550,1.);
#1550 = DIRECTION('',(0.,0.,1.));
#1551 = ORIENTED_EDGE('',*,*,#1552,.T.);
#1552 = EDGE_CURVE('',#1545,#1505,#1553,.T.);
#1553 = LINE('',#1554,#1555);
#1554 = CARTESIAN_POINT('',(1.016,1.27,2.54));
#1555 = VECTOR('',#1556,1.);
#1556 = DIRECTION('',(-1.,0.,0.));
#1557 = ORIENTED_EDGE('',*,*,#1502,.F.);
#1558 = ORIENTED_EDGE('',*,*,#1559,.F.);
#1559 = EDGE_CURVE('',#1543,#1503,#1560,.T.);
#1560 = LINE('',#1561,#1562);
#1561 = CARTESIAN_POINT('',(1.016,1.27,0.));
#1562 = VECTOR('',#1563,1.);
#1563 = DIRECTION('',(-1.,0.,0.));
#1564 = PLANE('',#1565);
#1565 = AXIS2_PLACEMENT_3D('',#1566,#1567,#1568);
#1566 = CARTESIAN_POINT('',(1.016,1.27,0.));
#1567 = DIRECTION('',(0.,-1.,0.));
#1568 = DIRECTION('',(-1.,0.,0.));
#1569 = ADVANCED_FACE('',(#1570),#1595,.F.);
#1570 = FACE_BOUND('',#1571,.F.);
#1571 = EDGE_LOOP('',(#1572,#1573,#1581,#1589));
#1572 = ORIENTED_EDGE('',*,*,#1520,.T.);
#1573 = ORIENTED_EDGE('',*,*,#1574,.T.);
#1574 = EDGE_CURVE('',#1513,#1575,#1577,.T.);
#1575 = VERTEX_POINT('',#1576);
#1576 = CARTESIAN_POINT('',(-1.27,-1.016,2.54));
#1577 = LINE('',#1578,#1579);
#1578 = CARTESIAN_POINT('',(-1.27,1.016,2.54));
#1579 = VECTOR('',#1580,1.);
#1580 = DIRECTION('',(0.,-1.,0.));
#1581 = ORIENTED_EDGE('',*,*,#1582,.F.);
#1582 = EDGE_CURVE('',#1583,#1575,#1585,.T.);
#1583 = VERTEX_POINT('',#1584);
#1584 = CARTESIAN_POINT('',(-1.27,-1.016,0.));
#1585 = LINE('',#1586,#1587);
#1586 = CARTESIAN_POINT('',(-1.27,-1.016,0.));
#1587 = VECTOR('',#1588,1.);
#1588 = DIRECTION('',(0.,0.,1.));
#1589 = ORIENTED_EDGE('',*,*,#1590,.F.);
#1590 = EDGE_CURVE('',#1521,#1583,#1591,.T.);
#1591 = LINE('',#1592,#1593);
#1592 = CARTESIAN_POINT('',(-1.27,1.016,0.));
#1593 = VECTOR('',#1594,1.);
#1594 = DIRECTION('',(0.,-1.,0.));
#1595 = PLANE('',#1596);
#1596 = AXIS2_PLACEMENT_3D('',#1597,#1598,#1599);
#1597 = CARTESIAN_POINT('',(-1.27,1.016,0.));
#1598 = DIRECTION('',(1.,0.,0.));
#1599 = DIRECTION('',(0.,-1.,0.));
#1600 = ADVANCED_FACE('',(#1601,#1980,#2014,#2048,#2082,#2116,#2150,
    #2184,#2218),#2252,.F.);
#1601 = FACE_BOUND('',#1602,.F.);
#1602 = EDGE_LOOP('',(#1603,#1604,#1605,#1613,#1621,#1629,#1637,#1645,
    #1653,#1661,#1669,#1677,#1685,#1693,#1701,#1709,#1717,#1725,#1733,
    #1741,#1749,#1757,#1765,#1773,#1781,#1789,#1797,#1805,#1813,#1821,
    #1829,#1837,#1845,#1853,#1861,#1869,#1877,#1885,#1893,#1901,#1909,
    #1917,#1925,#1933,#1941,#1949,#1957,#1965,#1973,#1979));
#1603 = ORIENTED_EDGE('',*,*,#1528,.T.);
#1604 = ORIENTED_EDGE('',*,*,#1590,.T.);
#1605 = ORIENTED_EDGE('',*,*,#1606,.T.);
#1606 = EDGE_CURVE('',#1583,#1607,#1609,.T.);
#1607 = VERTEX_POINT('',#1608);
#1608 = CARTESIAN_POINT('',(-1.016,-1.27,0.));
#1609 = LINE('',#1610,#1611);
#1610 = CARTESIAN_POINT('',(-1.27,-1.016,0.));
#1611 = VECTOR('',#1612,1.);
#1612 = DIRECTION('',(0.707106781187,-0.707106781187,0.));
#1613 = ORIENTED_EDGE('',*,*,#1614,.T.);
#1614 = EDGE_CURVE('',#1607,#1615,#1617,.T.);
#1615 = VERTEX_POINT('',#1616);
#1616 = CARTESIAN_POINT('',(-1.27,-1.524,0.));
#1617 = LINE('',#1618,#1619);
#1618 = CARTESIAN_POINT('',(-1.016,-1.27,0.));
#1619 = VECTOR('',#1620,1.);
#1620 = DIRECTION('',(-0.707106781187,-0.707106781187,0.));
#1621 = ORIENTED_EDGE('',*,*,#1622,.T.);
#1622 = EDGE_CURVE('',#1615,#1623,#1625,.T.);
#1623 = VERTEX_POINT('',#1624);
#1624 = CARTESIAN_POINT('',(-1.27,-3.556,0.));
#1625 = LINE('',#1626,#1627);
#1626 = CARTESIAN_POINT('',(-1.27,-1.524,0.));
#1627 = VECTOR('',#1628,1.);
#1628 = DIRECTION('',(0.,-1.,0.));
#1629 = ORIENTED_EDGE('',*,*,#1630,.T.);
#1630 = EDGE_CURVE('',#1623,#1631,#1633,.T.);
#1631 = VERTEX_POINT('',#1632);
#1632 = CARTESIAN_POINT('',(-1.016,-3.81,0.));
#1633 = LINE('',#1634,#1635);
#1634 = CARTESIAN_POINT('',(-1.27,-3.556,0.));
#1635 = VECTOR('',#1636,1.);
#1636 = DIRECTION('',(0.707106781187,-0.707106781187,0.));
#1637 = ORIENTED_EDGE('',*,*,#1638,.T.);
#1638 = EDGE_CURVE('',#1631,#1639,#1641,.T.);
#1639 = VERTEX_POINT('',#1640);
#1640 = CARTESIAN_POINT('',(-1.27,-4.064,0.));
#1641 = LINE('',#1642,#1643);
#1642 = CARTESIAN_POINT('',(-1.016,-3.81,0.));
#1643 = VECTOR('',#1644,1.);
#1644 = DIRECTION('',(-0.707106781187,-0.707106781187,0.));
#1645 = ORIENTED_EDGE('',*,*,#1646,.T.);
#1646 = EDGE_CURVE('',#1639,#1647,#1649,.T.);
#1647 = VERTEX_POINT('',#1648);
#1648 = CARTESIAN_POINT('',(-1.27,-6.096,0.));
#1649 = LINE('',#1650,#1651);
#1650 = CARTESIAN_POINT('',(-1.27,-4.064,0.));
#1651 = VECTOR('',#1652,1.);
#1652 = DIRECTION('',(0.,-1.,0.));
#1653 = ORIENTED_EDGE('',*,*,#1654,.T.);
#1654 = EDGE_CURVE('',#1647,#1655,#1657,.T.);
#1655 = VERTEX_POINT('',#1656);
#1656 = CARTESIAN_POINT('',(-1.016,-6.35,0.));
#1657 = LINE('',#1658,#1659);
#1658 = CARTESIAN_POINT('',(-1.27,-6.096,0.));
#1659 = VECTOR('',#1660,1.);
#1660 = DIRECTION('',(0.707106781187,-0.707106781187,0.));
#1661 = ORIENTED_EDGE('',*,*,#1662,.T.);
#1662 = EDGE_CURVE('',#1655,#1663,#1665,.T.);
#1663 = VERTEX_POINT('',#1664);
#1664 = CARTESIAN_POINT('',(-1.27,-6.604,0.));
#1665 = LINE('',#1666,#1667);
#1666 = CARTESIAN_POINT('',(-1.016,-6.35,0.));
#1667 = VECTOR('',#1668,1.);
#1668 = DIRECTION('',(-0.707106781187,-0.707106781187,0.));
#1669 = ORIENTED_EDGE('',*,*,#1670,.T.);
#1670 = EDGE_CURVE('',#1663,#1671,#1673,.T.);
#1671 = VERTEX_POINT('',#1672);
#1672 = CARTESIAN_POINT('',(-1.27,-8.636,0.));
#1673 = LINE('',#1674,#1675);
#1674 = CARTESIAN_POINT('',(-1.27,-6.604,0.));
#1675 = VECTOR('',#1676,1.);
#1676 = DIRECTION('',(0.,-1.,0.));
#1677 = ORIENTED_EDGE('',*,*,#1678,.T.);
#1678 = EDGE_CURVE('',#1671,#1679,#1681,.T.);
#1679 = VERTEX_POINT('',#1680);
#1680 = CARTESIAN_POINT('',(-1.016,-8.89,0.));
#1681 = LINE('',#1682,#1683);
#1682 = CARTESIAN_POINT('',(-1.27,-8.636,0.));
#1683 = VECTOR('',#1684,1.);
#1684 = DIRECTION('',(0.707106781187,-0.707106781187,0.));
#1685 = ORIENTED_EDGE('',*,*,#1686,.T.);
#1686 = EDGE_CURVE('',#1679,#1687,#1689,.T.);
#1687 = VERTEX_POINT('',#1688);
#1688 = CARTESIAN_POINT('',(-1.27,-9.144,0.));
#1689 = LINE('',#1690,#1691);
#1690 = CARTESIAN_POINT('',(-1.016,-8.89,0.));
#1691 = VECTOR('',#1692,1.);
#1692 = DIRECTION('',(-0.707106781187,-0.707106781187,0.));
#1693 = ORIENTED_EDGE('',*,*,#1694,.T.);
#1694 = EDGE_CURVE('',#1687,#1695,#1697,.T.);
#1695 = VERTEX_POINT('',#1696);
#1696 = CARTESIAN_POINT('',(-1.27,-11.176,0.));
#1697 = LINE('',#1698,#1699);
#1698 = CARTESIAN_POINT('',(-1.27,-9.144,0.));
#1699 = VECTOR('',#1700,1.);
#1700 = DIRECTION('',(0.,-1.,0.));
#1701 = ORIENTED_EDGE('',*,*,#1702,.T.);
#1702 = EDGE_CURVE('',#1695,#1703,#1705,.T.);
#1703 = VERTEX_POINT('',#1704);
#1704 = CARTESIAN_POINT('',(-1.016,-11.43,0.));
#1705 = LINE('',#1706,#1707);
#1706 = CARTESIAN_POINT('',(-1.27,-11.176,0.));
#1707 = VECTOR('',#1708,1.);
#1708 = DIRECTION('',(0.707106781187,-0.707106781187,0.));
#1709 = ORIENTED_EDGE('',*,*,#1710,.T.);
#1710 = EDGE_CURVE('',#1703,#1711,#1713,.T.);
#1711 = VERTEX_POINT('',#1712);
#1712 = CARTESIAN_POINT('',(-1.27,-11.684,0.));
#1713 = LINE('',#1714,#1715);
#1714 = CARTESIAN_POINT('',(-1.016,-11.43,0.));
#1715 = VECTOR('',#1716,1.);
#1716 = DIRECTION('',(-0.707106781187,-0.707106781187,0.));
#1717 = ORIENTED_EDGE('',*,*,#1718,.T.);
#1718 = EDGE_CURVE('',#1711,#1719,#1721,.T.);
#1719 = VERTEX_POINT('',#1720);
#1720 = CARTESIAN_POINT('',(-1.27,-13.716,0.));
#1721 = LINE('',#1722,#1723);
#1722 = CARTESIAN_POINT('',(-1.27,-11.684,0.));
#1723 = VECTOR('',#1724,1.);
#1724 = DIRECTION('',(0.,-1.,0.));
#1725 = ORIENTED_EDGE('',*,*,#1726,.T.);
#1726 = EDGE_CURVE('',#1719,#1727,#1729,.T.);
#1727 = VERTEX_POINT('',#1728);
#1728 = CARTESIAN_POINT('',(-1.016,-13.97,0.));
#1729 = LINE('',#1730,#1731);
#1730 = CARTESIAN_POINT('',(-1.27,-13.716,0.));
#1731 = VECTOR('',#1732,1.);
#1732 = DIRECTION('',(0.707106781187,-0.707106781187,0.));
#1733 = ORIENTED_EDGE('',*,*,#1734,.T.);
#1734 = EDGE_CURVE('',#1727,#1735,#1737,.T.);
#1735 = VERTEX_POINT('',#1736);
#1736 = CARTESIAN_POINT('',(-1.27,-14.224,0.));
#1737 = LINE('',#1738,#1739);
#1738 = CARTESIAN_POINT('',(-1.016,-13.97,0.));
#1739 = VECTOR('',#1740,1.);
#1740 = DIRECTION('',(-0.707106781187,-0.707106781187,0.));
#1741 = ORIENTED_EDGE('',*,*,#1742,.T.);
#1742 = EDGE_CURVE('',#1735,#1743,#1745,.T.);
#1743 = VERTEX_POINT('',#1744);
#1744 = CARTESIAN_POINT('',(-1.27,-16.256,0.));
#1745 = LINE('',#1746,#1747);
#1746 = CARTESIAN_POINT('',(-1.27,-14.224,0.));
#1747 = VECTOR('',#1748,1.);
#1748 = DIRECTION('',(0.,-1.,0.));
#1749 = ORIENTED_EDGE('',*,*,#1750,.T.);
#1750 = EDGE_CURVE('',#1743,#1751,#1753,.T.);
#1751 = VERTEX_POINT('',#1752);
#1752 = CARTESIAN_POINT('',(-1.016,-16.51,0.));
#1753 = LINE('',#1754,#1755);
#1754 = CARTESIAN_POINT('',(-1.27,-16.256,0.));
#1755 = VECTOR('',#1756,1.);
#1756 = DIRECTION('',(0.707106781187,-0.707106781187,0.));
#1757 = ORIENTED_EDGE('',*,*,#1758,.T.);
#1758 = EDGE_CURVE('',#1751,#1759,#1761,.T.);
#1759 = VERTEX_POINT('',#1760);
#1760 = CARTESIAN_POINT('',(-1.27,-16.764,0.));
#1761 = LINE('',#1762,#1763);
#1762 = CARTESIAN_POINT('',(-1.016,-16.51,0.));
#1763 = VECTOR('',#1764,1.);
#1764 = DIRECTION('',(-0.707106781187,-0.707106781187,0.));
#1765 = ORIENTED_EDGE('',*,*,#1766,.T.);
#1766 = EDGE_CURVE('',#1759,#1767,#1769,.T.);
#1767 = VERTEX_POINT('',#1768);
#1768 = CARTESIAN_POINT('',(-1.27,-18.796,0.));
#1769 = LINE('',#1770,#1771);
#1770 = CARTESIAN_POINT('',(-1.27,-16.764,0.));
#1771 = VECTOR('',#1772,1.);
#1772 = DIRECTION('',(0.,-1.,0.));
#1773 = ORIENTED_EDGE('',*,*,#1774,.T.);
#1774 = EDGE_CURVE('',#1767,#1775,#1777,.T.);
#1775 = VERTEX_POINT('',#1776);
#1776 = CARTESIAN_POINT('',(-1.016,-19.05,0.));
#1777 = LINE('',#1778,#1779);
#1778 = CARTESIAN_POINT('',(-1.27,-18.796,0.));
#1779 = VECTOR('',#1780,1.);
#1780 = DIRECTION('',(0.707106781187,-0.707106781187,0.));
#1781 = ORIENTED_EDGE('',*,*,#1782,.T.);
#1782 = EDGE_CURVE('',#1775,#1783,#1785,.T.);
#1783 = VERTEX_POINT('',#1784);
#1784 = CARTESIAN_POINT('',(1.016,-19.05,0.));
#1785 = LINE('',#1786,#1787);
#1786 = CARTESIAN_POINT('',(-1.016,-19.05,0.));
#1787 = VECTOR('',#1788,1.);
#1788 = DIRECTION('',(1.,0.,0.));
#1789 = ORIENTED_EDGE('',*,*,#1790,.T.);
#1790 = EDGE_CURVE('',#1783,#1791,#1793,.T.);
#1791 = VERTEX_POINT('',#1792);
#1792 = CARTESIAN_POINT('',(1.27,-18.796,0.));
#1793 = LINE('',#1794,#1795);
#1794 = CARTESIAN_POINT('',(1.016,-19.05,0.));
#1795 = VECTOR('',#1796,1.);
#1796 = DIRECTION('',(0.707106781187,0.707106781187,0.));
#1797 = ORIENTED_EDGE('',*,*,#1798,.T.);
#1798 = EDGE_CURVE('',#1791,#1799,#1801,.T.);
#1799 = VERTEX_POINT('',#1800);
#1800 = CARTESIAN_POINT('',(1.27,-16.764,0.));
#1801 = LINE('',#1802,#1803);
#1802 = CARTESIAN_POINT('',(1.27,-18.796,0.));
#1803 = VECTOR('',#1804,1.);
#1804 = DIRECTION('',(0.,1.,0.));
#1805 = ORIENTED_EDGE('',*,*,#1806,.T.);
#1806 = EDGE_CURVE('',#1799,#1807,#1809,.T.);
#1807 = VERTEX_POINT('',#1808);
#1808 = CARTESIAN_POINT('',(1.016,-16.51,0.));
#1809 = LINE('',#1810,#1811);
#1810 = CARTESIAN_POINT('',(1.27,-16.764,0.));
#1811 = VECTOR('',#1812,1.);
#1812 = DIRECTION('',(-0.707106781187,0.707106781187,0.));
#1813 = ORIENTED_EDGE('',*,*,#1814,.T.);
#1814 = EDGE_CURVE('',#1807,#1815,#1817,.T.);
#1815 = VERTEX_POINT('',#1816);
#1816 = CARTESIAN_POINT('',(1.27,-16.256,0.));
#1817 = LINE('',#1818,#1819);
#1818 = CARTESIAN_POINT('',(1.016,-16.51,0.));
#1819 = VECTOR('',#1820,1.);
#1820 = DIRECTION('',(0.707106781187,0.707106781187,0.));
#1821 = ORIENTED_EDGE('',*,*,#1822,.T.);
#1822 = EDGE_CURVE('',#1815,#1823,#1825,.T.);
#1823 = VERTEX_POINT('',#1824);
#1824 = CARTESIAN_POINT('',(1.27,-14.224,0.));
#1825 = LINE('',#1826,#1827);
#1826 = CARTESIAN_POINT('',(1.27,-16.256,0.));
#1827 = VECTOR('',#1828,1.);
#1828 = DIRECTION('',(0.,1.,0.));
#1829 = ORIENTED_EDGE('',*,*,#1830,.T.);
#1830 = EDGE_CURVE('',#1823,#1831,#1833,.T.);
#1831 = VERTEX_POINT('',#1832);
#1832 = CARTESIAN_POINT('',(1.016,-13.97,0.));
#1833 = LINE('',#1834,#1835);
#1834 = CARTESIAN_POINT('',(1.27,-14.224,0.));
#1835 = VECTOR('',#1836,1.);
#1836 = DIRECTION('',(-0.707106781187,0.707106781187,0.));
#1837 = ORIENTED_EDGE('',*,*,#1838,.T.);
#1838 = EDGE_CURVE('',#1831,#1839,#1841,.T.);
#1839 = VERTEX_POINT('',#1840);
#1840 = CARTESIAN_POINT('',(1.27,-13.716,0.));
#1841 = LINE('',#1842,#1843);
#1842 = CARTESIAN_POINT('',(1.016,-13.97,0.));
#1843 = VECTOR('',#1844,1.);
#1844 = DIRECTION('',(0.707106781187,0.707106781187,0.));
#1845 = ORIENTED_EDGE('',*,*,#1846,.T.);
#1846 = EDGE_CURVE('',#1839,#1847,#1849,.T.);
#1847 = VERTEX_POINT('',#1848);
#1848 = CARTESIAN_POINT('',(1.27,-11.684,0.));
#1849 = LINE('',#1850,#1851);
#1850 = CARTESIAN_POINT('',(1.27,-13.716,0.));
#1851 = VECTOR('',#1852,1.);
#1852 = DIRECTION('',(0.,1.,0.));
#1853 = ORIENTED_EDGE('',*,*,#1854,.T.);
#1854 = EDGE_CURVE('',#1847,#1855,#1857,.T.);
#1855 = VERTEX_POINT('',#1856);
#1856 = CARTESIAN_POINT('',(1.016,-11.43,0.));
#1857 = LINE('',#1858,#1859);
#1858 = CARTESIAN_POINT('',(1.27,-11.684,0.));
#1859 = VECTOR('',#1860,1.);
#1860 = DIRECTION('',(-0.707106781187,0.707106781187,0.));
#1861 = ORIENTED_EDGE('',*,*,#1862,.T.);
#1862 = EDGE_CURVE('',#1855,#1863,#1865,.T.);
#1863 = VERTEX_POINT('',#1864);
#1864 = CARTESIAN_POINT('',(1.27,-11.176,0.));
#1865 = LINE('',#1866,#1867);
#1866 = CARTESIAN_POINT('',(1.016,-11.43,0.));
#1867 = VECTOR('',#1868,1.);
#1868 = DIRECTION('',(0.707106781187,0.707106781187,0.));
#1869 = ORIENTED_EDGE('',*,*,#1870,.T.);
#1870 = EDGE_CURVE('',#1863,#1871,#1873,.T.);
#1871 = VERTEX_POINT('',#1872);
#1872 = CARTESIAN_POINT('',(1.27,-9.144,0.));
#1873 = LINE('',#1874,#1875);
#1874 = CARTESIAN_POINT('',(1.27,-11.176,0.));
#1875 = VECTOR('',#1876,1.);
#1876 = DIRECTION('',(0.,1.,0.));
#1877 = ORIENTED_EDGE('',*,*,#1878,.T.);
#1878 = EDGE_CURVE('',#1871,#1879,#1881,.T.);
#1879 = VERTEX_POINT('',#1880);
#1880 = CARTESIAN_POINT('',(1.016,-8.89,0.));
#1881 = LINE('',#1882,#1883);
#1882 = CARTESIAN_POINT('',(1.27,-9.144,0.));
#1883 = VECTOR('',#1884,1.);
#1884 = DIRECTION('',(-0.707106781187,0.707106781187,0.));
#1885 = ORIENTED_EDGE('',*,*,#1886,.T.);
#1886 = EDGE_CURVE('',#1879,#1887,#1889,.T.);
#1887 = VERTEX_POINT('',#1888);
#1888 = CARTESIAN_POINT('',(1.27,-8.636,0.));
#1889 = LINE('',#1890,#1891);
#1890 = CARTESIAN_POINT('',(1.016,-8.89,0.));
#1891 = VECTOR('',#1892,1.);
#1892 = DIRECTION('',(0.707106781187,0.707106781187,0.));
#1893 = ORIENTED_EDGE('',*,*,#1894,.T.);
#1894 = EDGE_CURVE('',#1887,#1895,#1897,.T.);
#1895 = VERTEX_POINT('',#1896);
#1896 = CARTESIAN_POINT('',(1.27,-6.604,0.));
#1897 = LINE('',#1898,#1899);
#1898 = CARTESIAN_POINT('',(1.27,-8.636,0.));
#1899 = VECTOR('',#1900,1.);
#1900 = DIRECTION('',(0.,1.,0.));
#1901 = ORIENTED_EDGE('',*,*,#1902,.T.);
#1902 = EDGE_CURVE('',#1895,#1903,#1905,.T.);
#1903 = VERTEX_POINT('',#1904);
#1904 = CARTESIAN_POINT('',(1.016,-6.35,0.));
#1905 = LINE('',#1906,#1907);
#1906 = CARTESIAN_POINT('',(1.27,-6.604,0.));
#1907 = VECTOR('',#1908,1.);
#1908 = DIRECTION('',(-0.707106781187,0.707106781187,0.));
#1909 = ORIENTED_EDGE('',*,*,#1910,.T.);
#1910 = EDGE_CURVE('',#1903,#1911,#1913,.T.);
#1911 = VERTEX_POINT('',#1912);
#1912 = CARTESIAN_POINT('',(1.27,-6.096,0.));
#1913 = LINE('',#1914,#1915);
#1914 = CARTESIAN_POINT('',(1.016,-6.35,0.));
#1915 = VECTOR('',#1916,1.);
#1916 = DIRECTION('',(0.707106781187,0.707106781187,0.));
#1917 = ORIENTED_EDGE('',*,*,#1918,.T.);
#1918 = EDGE_CURVE('',#1911,#1919,#1921,.T.);
#1919 = VERTEX_POINT('',#1920);
#1920 = CARTESIAN_POINT('',(1.27,-4.064,0.));
#1921 = LINE('',#1922,#1923);
#1922 = CARTESIAN_POINT('',(1.27,-6.096,0.));
#1923 = VECTOR('',#1924,1.);
#1924 = DIRECTION('',(0.,1.,0.));
#1925 = ORIENTED_EDGE('',*,*,#1926,.T.);
#1926 = EDGE_CURVE('',#1919,#1927,#1929,.T.);
#1927 = VERTEX_POINT('',#1928);
#1928 = CARTESIAN_POINT('',(1.016,-3.81,0.));
#1929 = LINE('',#1930,#1931);
#1930 = CARTESIAN_POINT('',(1.27,-4.064,0.));
#1931 = VECTOR('',#1932,1.);
#1932 = DIRECTION('',(-0.707106781187,0.707106781187,0.));
#1933 = ORIENTED_EDGE('',*,*,#1934,.T.);
#1934 = EDGE_CURVE('',#1927,#1935,#1937,.T.);
#1935 = VERTEX_POINT('',#1936);
#1936 = CARTESIAN_POINT('',(1.27,-3.556,0.));
#1937 = LINE('',#1938,#1939);
#1938 = CARTESIAN_POINT('',(1.016,-3.81,0.));
#1939 = VECTOR('',#1940,1.);
#1940 = DIRECTION('',(0.707106781187,0.707106781187,0.));
#1941 = ORIENTED_EDGE('',*,*,#1942,.T.);
#1942 = EDGE_CURVE('',#1935,#1943,#1945,.T.);
#1943 = VERTEX_POINT('',#1944);
#1944 = CARTESIAN_POINT('',(1.27,-1.524,0.));
#1945 = LINE('',#1946,#1947);
#1946 = CARTESIAN_POINT('',(1.27,-3.556,0.));
#1947 = VECTOR('',#1948,1.);
#1948 = DIRECTION('',(0.,1.,0.));
#1949 = ORIENTED_EDGE('',*,*,#1950,.T.);
#1950 = EDGE_CURVE('',#1943,#1951,#1953,.T.);
#1951 = VERTEX_POINT('',#1952);
#1952 = CARTESIAN_POINT('',(1.016,-1.27,0.));
#1953 = LINE('',#1954,#1955);
#1954 = CARTESIAN_POINT('',(1.27,-1.524,0.));
#1955 = VECTOR('',#1956,1.);
#1956 = DIRECTION('',(-0.707106781187,0.707106781187,0.));
#1957 = ORIENTED_EDGE('',*,*,#1958,.T.);
#1958 = EDGE_CURVE('',#1951,#1959,#1961,.T.);
#1959 = VERTEX_POINT('',#1960);
#1960 = CARTESIAN_POINT('',(1.27,-1.016,0.));
#1961 = LINE('',#1962,#1963);
#1962 = CARTESIAN_POINT('',(1.016,-1.27,0.));
#1963 = VECTOR('',#1964,1.);
#1964 = DIRECTION('',(0.707106781187,0.707106781187,0.));
#1965 = ORIENTED_EDGE('',*,*,#1966,.T.);
#1966 = EDGE_CURVE('',#1959,#1967,#1969,.T.);
#1967 = VERTEX_POINT('',#1968);
#1968 = CARTESIAN_POINT('',(1.27,1.016,0.));
#1969 = LINE('',#1970,#1971);
#1970 = CARTESIAN_POINT('',(1.27,-1.016,0.));
#1971 = VECTOR('',#1972,1.);
#1972 = DIRECTION('',(0.,1.,0.));
#1973 = ORIENTED_EDGE('',*,*,#1974,.T.);
#1974 = EDGE_CURVE('',#1967,#1543,#1975,.T.);
#1975 = LINE('',#1976,#1977);
#1976 = CARTESIAN_POINT('',(1.27,1.016,0.));
#1977 = VECTOR('',#1978,1.);
#1978 = DIRECTION('',(-0.707106781187,0.707106781187,0.));
#1979 = ORIENTED_EDGE('',*,*,#1559,.T.);
#1980 = FACE_BOUND('',#1981,.F.);
#1981 = EDGE_LOOP('',(#1982,#1992,#2000,#2008));
#1982 = ORIENTED_EDGE('',*,*,#1983,.T.);
#1983 = EDGE_CURVE('',#1984,#1986,#1988,.T.);
#1984 = VERTEX_POINT('',#1985);
#1985 = CARTESIAN_POINT('',(0.32,-18.1,0.));
#1986 = VERTEX_POINT('',#1987);
#1987 = CARTESIAN_POINT('',(-0.32,-18.1,0.));
#1988 = LINE('',#1989,#1990);
#1989 = CARTESIAN_POINT('',(-0.16,-18.1,0.));
#1990 = VECTOR('',#1991,1.);
#1991 = DIRECTION('',(-1.,0.,0.));
#1992 = ORIENTED_EDGE('',*,*,#1993,.T.);
#1993 = EDGE_CURVE('',#1986,#1994,#1996,.T.);
#1994 = VERTEX_POINT('',#1995);
#1995 = CARTESIAN_POINT('',(-0.32,-17.46,0.));
#1996 = LINE('',#1997,#1998);
#1997 = CARTESIAN_POINT('',(-0.32,-13.495,0.));
#1998 = VECTOR('',#1999,1.);
#1999 = DIRECTION('',(0.,1.,0.));
#2000 = ORIENTED_EDGE('',*,*,#2001,.F.);
#2001 = EDGE_CURVE('',#2002,#1994,#2004,.T.);
#2002 = VERTEX_POINT('',#2003);
#2003 = CARTESIAN_POINT('',(0.32,-17.46,0.));
#2004 = LINE('',#2005,#2006);
#2005 = CARTESIAN_POINT('',(-0.16,-17.46,0.));
#2006 = VECTOR('',#2007,1.);
#2007 = DIRECTION('',(-1.,0.,0.));
#2008 = ORIENTED_EDGE('',*,*,#2009,.F.);
#2009 = EDGE_CURVE('',#1984,#2002,#2010,.T.);
#2010 = LINE('',#2011,#2012);
#2011 = CARTESIAN_POINT('',(0.32,-13.495,0.));
#2012 = VECTOR('',#2013,1.);
#2013 = DIRECTION('',(0.,1.,0.));
#2014 = FACE_BOUND('',#2015,.F.);
#2015 = EDGE_LOOP('',(#2016,#2026,#2034,#2042));
#2016 = ORIENTED_EDGE('',*,*,#2017,.F.);
#2017 = EDGE_CURVE('',#2018,#2020,#2022,.T.);
#2018 = VERTEX_POINT('',#2019);
#2019 = CARTESIAN_POINT('',(0.32,-14.92,0.));
#2020 = VERTEX_POINT('',#2021);
#2021 = CARTESIAN_POINT('',(-0.32,-14.92,0.));
#2022 = LINE('',#2023,#2024);
#2023 = CARTESIAN_POINT('',(-0.16,-14.92,0.));
#2024 = VECTOR('',#2025,1.);
#2025 = DIRECTION('',(-1.,0.,0.));
#2026 = ORIENTED_EDGE('',*,*,#2027,.F.);
#2027 = EDGE_CURVE('',#2028,#2018,#2030,.T.);
#2028 = VERTEX_POINT('',#2029);
#2029 = CARTESIAN_POINT('',(0.32,-15.56,0.));
#2030 = LINE('',#2031,#2032);
#2031 = CARTESIAN_POINT('',(0.32,-12.225,0.));
#2032 = VECTOR('',#2033,1.);
#2033 = DIRECTION('',(0.,1.,0.));
#2034 = ORIENTED_EDGE('',*,*,#2035,.T.);
#2035 = EDGE_CURVE('',#2028,#2036,#2038,.T.);
#2036 = VERTEX_POINT('',#2037);
#2037 = CARTESIAN_POINT('',(-0.32,-15.56,0.));
#2038 = LINE('',#2039,#2040);
#2039 = CARTESIAN_POINT('',(-0.16,-15.56,0.));
#2040 = VECTOR('',#2041,1.);
#2041 = DIRECTION('',(-1.,0.,0.));
#2042 = ORIENTED_EDGE('',*,*,#2043,.T.);
#2043 = EDGE_CURVE('',#2036,#2020,#2044,.T.);
#2044 = LINE('',#2045,#2046);
#2045 = CARTESIAN_POINT('',(-0.32,-12.225,0.));
#2046 = VECTOR('',#2047,1.);
#2047 = DIRECTION('',(0.,1.,0.));
#2048 = FACE_BOUND('',#2049,.F.);
#2049 = EDGE_LOOP('',(#2050,#2060,#2068,#2076));
#2050 = ORIENTED_EDGE('',*,*,#2051,.F.);
#2051 = EDGE_CURVE('',#2052,#2054,#2056,.T.);
#2052 = VERTEX_POINT('',#2053);
#2053 = CARTESIAN_POINT('',(0.32,-7.94,0.));
#2054 = VERTEX_POINT('',#2055);
#2055 = CARTESIAN_POINT('',(0.32,-7.3,0.));
#2056 = LINE('',#2057,#2058);
#2057 = CARTESIAN_POINT('',(0.32,-8.415,0.));
#2058 = VECTOR('',#2059,1.);
#2059 = DIRECTION('',(0.,1.,0.));
#2060 = ORIENTED_EDGE('',*,*,#2061,.T.);
#2061 = EDGE_CURVE('',#2052,#2062,#2064,.T.);
#2062 = VERTEX_POINT('',#2063);
#2063 = CARTESIAN_POINT('',(-0.32,-7.94,0.));
#2064 = LINE('',#2065,#2066);
#2065 = CARTESIAN_POINT('',(-0.16,-7.94,0.));
#2066 = VECTOR('',#2067,1.);
#2067 = DIRECTION('',(-1.,0.,0.));
#2068 = ORIENTED_EDGE('',*,*,#2069,.T.);
#2069 = EDGE_CURVE('',#2062,#2070,#2072,.T.);
#2070 = VERTEX_POINT('',#2071);
#2071 = CARTESIAN_POINT('',(-0.32,-7.3,0.));
#2072 = LINE('',#2073,#2074);
#2073 = CARTESIAN_POINT('',(-0.32,-8.415,0.));
#2074 = VECTOR('',#2075,1.);
#2075 = DIRECTION('',(0.,1.,0.));
#2076 = ORIENTED_EDGE('',*,*,#2077,.F.);
#2077 = EDGE_CURVE('',#2054,#2070,#2078,.T.);
#2078 = LINE('',#2079,#2080);
#2079 = CARTESIAN_POINT('',(-0.16,-7.3,0.));
#2080 = VECTOR('',#2081,1.);
#2081 = DIRECTION('',(-1.,0.,0.));
#2082 = FACE_BOUND('',#2083,.F.);
#2083 = EDGE_LOOP('',(#2084,#2094,#2102,#2110));
#2084 = ORIENTED_EDGE('',*,*,#2085,.F.);
#2085 = EDGE_CURVE('',#2086,#2088,#2090,.T.);
#2086 = VERTEX_POINT('',#2087);
#2087 = CARTESIAN_POINT('',(0.32,-12.38,0.));
#2088 = VERTEX_POINT('',#2089);
#2089 = CARTESIAN_POINT('',(-0.32,-12.38,0.));
#2090 = LINE('',#2091,#2092);
#2091 = CARTESIAN_POINT('',(-0.16,-12.38,0.));
#2092 = VECTOR('',#2093,1.);
#2093 = DIRECTION('',(-1.,0.,0.));
#2094 = ORIENTED_EDGE('',*,*,#2095,.F.);
#2095 = EDGE_CURVE('',#2096,#2086,#2098,.T.);
#2096 = VERTEX_POINT('',#2097);
#2097 = CARTESIAN_POINT('',(0.32,-13.02,0.));
#2098 = LINE('',#2099,#2100);
#2099 = CARTESIAN_POINT('',(0.32,-10.955,0.));
#2100 = VECTOR('',#2101,1.);
#2101 = DIRECTION('',(0.,1.,0.));
#2102 = ORIENTED_EDGE('',*,*,#2103,.T.);
#2103 = EDGE_CURVE('',#2096,#2104,#2106,.T.);
#2104 = VERTEX_POINT('',#2105);
#2105 = CARTESIAN_POINT('',(-0.32,-13.02,0.));
#2106 = LINE('',#2107,#2108);
#2107 = CARTESIAN_POINT('',(-0.16,-13.02,0.));
#2108 = VECTOR('',#2109,1.);
#2109 = DIRECTION('',(-1.,0.,0.));
#2110 = ORIENTED_EDGE('',*,*,#2111,.T.);
#2111 = EDGE_CURVE('',#2104,#2088,#2112,.T.);
#2112 = LINE('',#2113,#2114);
#2113 = CARTESIAN_POINT('',(-0.32,-10.955,0.));
#2114 = VECTOR('',#2115,1.);
#2115 = DIRECTION('',(0.,1.,0.));
#2116 = FACE_BOUND('',#2117,.F.);
#2117 = EDGE_LOOP('',(#2118,#2128,#2136,#2144));
#2118 = ORIENTED_EDGE('',*,*,#2119,.F.);
#2119 = EDGE_CURVE('',#2120,#2122,#2124,.T.);
#2120 = VERTEX_POINT('',#2121);
#2121 = CARTESIAN_POINT('',(0.32,-10.48,0.));
#2122 = VERTEX_POINT('',#2123);
#2123 = CARTESIAN_POINT('',(0.32,-9.84,0.));
#2124 = LINE('',#2125,#2126);
#2125 = CARTESIAN_POINT('',(0.32,-9.685,0.));
#2126 = VECTOR('',#2127,1.);
#2127 = DIRECTION('',(0.,1.,0.));
#2128 = ORIENTED_EDGE('',*,*,#2129,.T.);
#2129 = EDGE_CURVE('',#2120,#2130,#2132,.T.);
#2130 = VERTEX_POINT('',#2131);
#2131 = CARTESIAN_POINT('',(-0.32,-10.48,0.));
#2132 = LINE('',#2133,#2134);
#2133 = CARTESIAN_POINT('',(-0.16,-10.48,0.));
#2134 = VECTOR('',#2135,1.);
#2135 = DIRECTION('',(-1.,0.,0.));
#2136 = ORIENTED_EDGE('',*,*,#2137,.T.);
#2137 = EDGE_CURVE('',#2130,#2138,#2140,.T.);
#2138 = VERTEX_POINT('',#2139);
#2139 = CARTESIAN_POINT('',(-0.32,-9.84,0.));
#2140 = LINE('',#2141,#2142);
#2141 = CARTESIAN_POINT('',(-0.32,-9.685,0.));
#2142 = VECTOR('',#2143,1.);
#2143 = DIRECTION('',(0.,1.,0.));
#2144 = ORIENTED_EDGE('',*,*,#2145,.F.);
#2145 = EDGE_CURVE('',#2122,#2138,#2146,.T.);
#2146 = LINE('',#2147,#2148);
#2147 = CARTESIAN_POINT('',(-0.16,-9.84,0.));
#2148 = VECTOR('',#2149,1.);
#2149 = DIRECTION('',(-1.,0.,0.));
#2150 = FACE_BOUND('',#2151,.F.);
#2151 = EDGE_LOOP('',(#2152,#2162,#2170,#2178));
#2152 = ORIENTED_EDGE('',*,*,#2153,.F.);
#2153 = EDGE_CURVE('',#2154,#2156,#2158,.T.);
#2154 = VERTEX_POINT('',#2155);
#2155 = CARTESIAN_POINT('',(0.32,-2.22,0.));
#2156 = VERTEX_POINT('',#2157);
#2157 = CARTESIAN_POINT('',(-0.32,-2.22,0.));
#2158 = LINE('',#2159,#2160);
#2159 = CARTESIAN_POINT('',(-0.16,-2.22,0.));
#2160 = VECTOR('',#2161,1.);
#2161 = DIRECTION('',(-1.,0.,0.));
#2162 = ORIENTED_EDGE('',*,*,#2163,.F.);
#2163 = EDGE_CURVE('',#2164,#2154,#2166,.T.);
#2164 = VERTEX_POINT('',#2165);
#2165 = CARTESIAN_POINT('',(0.32,-2.86,0.));
#2166 = LINE('',#2167,#2168);
#2167 = CARTESIAN_POINT('',(0.32,-5.875,0.));
#2168 = VECTOR('',#2169,1.);
#2169 = DIRECTION('',(0.,1.,0.));
#2170 = ORIENTED_EDGE('',*,*,#2171,.T.);
#2171 = EDGE_CURVE('',#2164,#2172,#2174,.T.);
#2172 = VERTEX_POINT('',#2173);
#2173 = CARTESIAN_POINT('',(-0.32,-2.86,0.));
#2174 = LINE('',#2175,#2176);
#2175 = CARTESIAN_POINT('',(-0.16,-2.86,0.));
#2176 = VECTOR('',#2177,1.);
#2177 = DIRECTION('',(-1.,0.,0.));
#2178 = ORIENTED_EDGE('',*,*,#2179,.T.);
#2179 = EDGE_CURVE('',#2172,#2156,#2180,.T.);
#2180 = LINE('',#2181,#2182);
#2181 = CARTESIAN_POINT('',(-0.32,-5.875,0.));
#2182 = VECTOR('',#2183,1.);
#2183 = DIRECTION('',(0.,1.,0.));
#2184 = FACE_BOUND('',#2185,.F.);
#2185 = EDGE_LOOP('',(#2186,#2196,#2204,#2212));
#2186 = ORIENTED_EDGE('',*,*,#2187,.T.);
#2187 = EDGE_CURVE('',#2188,#2190,#2192,.T.);
#2188 = VERTEX_POINT('',#2189);
#2189 = CARTESIAN_POINT('',(0.32,-5.4,0.));
#2190 = VERTEX_POINT('',#2191);
#2191 = CARTESIAN_POINT('',(-0.32,-5.4,0.));
#2192 = LINE('',#2193,#2194);
#2193 = CARTESIAN_POINT('',(-0.16,-5.4,0.));
#2194 = VECTOR('',#2195,1.);
#2195 = DIRECTION('',(-1.,0.,0.));
#2196 = ORIENTED_EDGE('',*,*,#2197,.T.);
#2197 = EDGE_CURVE('',#2190,#2198,#2200,.T.);
#2198 = VERTEX_POINT('',#2199);
#2199 = CARTESIAN_POINT('',(-0.32,-4.76,0.));
#2200 = LINE('',#2201,#2202);
#2201 = CARTESIAN_POINT('',(-0.32,-7.145,0.));
#2202 = VECTOR('',#2203,1.);
#2203 = DIRECTION('',(0.,1.,0.));
#2204 = ORIENTED_EDGE('',*,*,#2205,.F.);
#2205 = EDGE_CURVE('',#2206,#2198,#2208,.T.);
#2206 = VERTEX_POINT('',#2207);
#2207 = CARTESIAN_POINT('',(0.32,-4.76,0.));
#2208 = LINE('',#2209,#2210);
#2209 = CARTESIAN_POINT('',(-0.16,-4.76,0.));
#2210 = VECTOR('',#2211,1.);
#2211 = DIRECTION('',(-1.,0.,0.));
#2212 = ORIENTED_EDGE('',*,*,#2213,.F.);
#2213 = EDGE_CURVE('',#2188,#2206,#2214,.T.);
#2214 = LINE('',#2215,#2216);
#2215 = CARTESIAN_POINT('',(0.32,-7.145,0.));
#2216 = VECTOR('',#2217,1.);
#2217 = DIRECTION('',(0.,1.,0.));
#2218 = FACE_BOUND('',#2219,.F.);
#2219 = EDGE_LOOP('',(#2220,#2230,#2238,#2246));
#2220 = ORIENTED_EDGE('',*,*,#2221,.F.);
#2221 = EDGE_CURVE('',#2222,#2224,#2226,.T.);
#2222 = VERTEX_POINT('',#2223);
#2223 = CARTESIAN_POINT('',(0.32,-0.32,0.));
#2224 = VERTEX_POINT('',#2225);
#2225 = CARTESIAN_POINT('',(0.32,0.32,0.));
#2226 = LINE('',#2227,#2228);
#2227 = CARTESIAN_POINT('',(0.32,-4.605,0.));
#2228 = VECTOR('',#2229,1.);
#2229 = DIRECTION('',(0.,1.,0.));
#2230 = ORIENTED_EDGE('',*,*,#2231,.T.);
#2231 = EDGE_CURVE('',#2222,#2232,#2234,.T.);
#2232 = VERTEX_POINT('',#2233);
#2233 = CARTESIAN_POINT('',(-0.32,-0.32,0.));
#2234 = LINE('',#2235,#2236);
#2235 = CARTESIAN_POINT('',(-0.16,-0.32,0.));
#2236 = VECTOR('',#2237,1.);
#2237 = DIRECTION('',(-1.,0.,0.));
#2238 = ORIENTED_EDGE('',*,*,#2239,.T.);
#2239 = EDGE_CURVE('',#2232,#2240,#2242,.T.);
#2240 = VERTEX_POINT('',#2241);
#2241 = CARTESIAN_POINT('',(-0.32,0.32,0.));
#2242 = LINE('',#2243,#2244);
#2243 = CARTESIAN_POINT('',(-0.32,-4.605,0.));
#2244 = VECTOR('',#2245,1.);
#2245 = DIRECTION('',(0.,1.,0.));
#2246 = ORIENTED_EDGE('',*,*,#2247,.F.);
#2247 = EDGE_CURVE('',#2224,#2240,#2248,.T.);
#2248 = LINE('',#2249,#2250);
#2249 = CARTESIAN_POINT('',(-0.16,0.32,0.));
#2250 = VECTOR('',#2251,1.);
#2251 = DIRECTION('',(-1.,0.,0.));
#2252 = PLANE('',#2253);
#2253 = AXIS2_PLACEMENT_3D('',#2254,#2255,#2256);
#2254 = CARTESIAN_POINT('',(-1.38573690222E-17,-8.89,0.));
#2255 = DIRECTION('',(0.,0.,1.));
#2256 = DIRECTION('',(1.,0.,-0.));
#2257 = ADVANCED_FACE('',(#2258,#2637,#2671,#2705,#2739,#2773,#2807,
    #2841,#2875),#2909,.T.);
#2258 = FACE_BOUND('',#2259,.T.);
#2259 = EDGE_LOOP('',(#2260,#2261,#2262,#2270,#2278,#2286,#2294,#2302,
    #2310,#2318,#2326,#2334,#2342,#2350,#2358,#2366,#2374,#2382,#2390,
    #2398,#2406,#2414,#2422,#2430,#2438,#2446,#2454,#2462,#2470,#2478,
    #2486,#2494,#2502,#2510,#2518,#2526,#2534,#2542,#2550,#2558,#2566,
    #2574,#2582,#2590,#2598,#2606,#2614,#2622,#2630,#2636));
#2260 = ORIENTED_EDGE('',*,*,#1512,.T.);
#2261 = ORIENTED_EDGE('',*,*,#1574,.T.);
#2262 = ORIENTED_EDGE('',*,*,#2263,.T.);
#2263 = EDGE_CURVE('',#1575,#2264,#2266,.T.);
#2264 = VERTEX_POINT('',#2265);
#2265 = CARTESIAN_POINT('',(-1.016,-1.27,2.54));
#2266 = LINE('',#2267,#2268);
#2267 = CARTESIAN_POINT('',(-1.27,-1.016,2.54));
#2268 = VECTOR('',#2269,1.);
#2269 = DIRECTION('',(0.707106781187,-0.707106781187,0.));
#2270 = ORIENTED_EDGE('',*,*,#2271,.T.);
#2271 = EDGE_CURVE('',#2264,#2272,#2274,.T.);
#2272 = VERTEX_POINT('',#2273);
#2273 = CARTESIAN_POINT('',(-1.27,-1.524,2.54));
#2274 = LINE('',#2275,#2276);
#2275 = CARTESIAN_POINT('',(-1.016,-1.27,2.54));
#2276 = VECTOR('',#2277,1.);
#2277 = DIRECTION('',(-0.707106781187,-0.707106781187,0.));
#2278 = ORIENTED_EDGE('',*,*,#2279,.T.);
#2279 = EDGE_CURVE('',#2272,#2280,#2282,.T.);
#2280 = VERTEX_POINT('',#2281);
#2281 = CARTESIAN_POINT('',(-1.27,-3.556,2.54));
#2282 = LINE('',#2283,#2284);
#2283 = CARTESIAN_POINT('',(-1.27,-1.524,2.54));
#2284 = VECTOR('',#2285,1.);
#2285 = DIRECTION('',(0.,-1.,0.));
#2286 = ORIENTED_EDGE('',*,*,#2287,.T.);
#2287 = EDGE_CURVE('',#2280,#2288,#2290,.T.);
#2288 = VERTEX_POINT('',#2289);
#2289 = CARTESIAN_POINT('',(-1.016,-3.81,2.54));
#2290 = LINE('',#2291,#2292);
#2291 = CARTESIAN_POINT('',(-1.27,-3.556,2.54));
#2292 = VECTOR('',#2293,1.);
#2293 = DIRECTION('',(0.707106781187,-0.707106781187,0.));
#2294 = ORIENTED_EDGE('',*,*,#2295,.T.);
#2295 = EDGE_CURVE('',#2288,#2296,#2298,.T.);
#2296 = VERTEX_POINT('',#2297);
#2297 = CARTESIAN_POINT('',(-1.27,-4.064,2.54));
#2298 = LINE('',#2299,#2300);
#2299 = CARTESIAN_POINT('',(-1.016,-3.81,2.54));
#2300 = VECTOR('',#2301,1.);
#2301 = DIRECTION('',(-0.707106781187,-0.707106781187,0.));
#2302 = ORIENTED_EDGE('',*,*,#2303,.T.);
#2303 = EDGE_CURVE('',#2296,#2304,#2306,.T.);
#2304 = VERTEX_POINT('',#2305);
#2305 = CARTESIAN_POINT('',(-1.27,-6.096,2.54));
#2306 = LINE('',#2307,#2308);
#2307 = CARTESIAN_POINT('',(-1.27,-4.064,2.54));
#2308 = VECTOR('',#2309,1.);
#2309 = DIRECTION('',(0.,-1.,0.));
#2310 = ORIENTED_EDGE('',*,*,#2311,.T.);
#2311 = EDGE_CURVE('',#2304,#2312,#2314,.T.);
#2312 = VERTEX_POINT('',#2313);
#2313 = CARTESIAN_POINT('',(-1.016,-6.35,2.54));
#2314 = LINE('',#2315,#2316);
#2315 = CARTESIAN_POINT('',(-1.27,-6.096,2.54));
#2316 = VECTOR('',#2317,1.);
#2317 = DIRECTION('',(0.707106781187,-0.707106781187,0.));
#2318 = ORIENTED_EDGE('',*,*,#2319,.T.);
#2319 = EDGE_CURVE('',#2312,#2320,#2322,.T.);
#2320 = VERTEX_POINT('',#2321);
#2321 = CARTESIAN_POINT('',(-1.27,-6.604,2.54));
#2322 = LINE('',#2323,#2324);
#2323 = CARTESIAN_POINT('',(-1.016,-6.35,2.54));
#2324 = VECTOR('',#2325,1.);
#2325 = DIRECTION('',(-0.707106781187,-0.707106781187,0.));
#2326 = ORIENTED_EDGE('',*,*,#2327,.T.);
#2327 = EDGE_CURVE('',#2320,#2328,#2330,.T.);
#2328 = VERTEX_POINT('',#2329);
#2329 = CARTESIAN_POINT('',(-1.27,-8.636,2.54));
#2330 = LINE('',#2331,#2332);
#2331 = CARTESIAN_POINT('',(-1.27,-6.604,2.54));
#2332 = VECTOR('',#2333,1.);
#2333 = DIRECTION('',(0.,-1.,0.));
#2334 = ORIENTED_EDGE('',*,*,#2335,.T.);
#2335 = EDGE_CURVE('',#2328,#2336,#2338,.T.);
#2336 = VERTEX_POINT('',#2337);
#2337 = CARTESIAN_POINT('',(-1.016,-8.89,2.54));
#2338 = LINE('',#2339,#2340);
#2339 = CARTESIAN_POINT('',(-1.27,-8.636,2.54));
#2340 = VECTOR('',#2341,1.);
#2341 = DIRECTION('',(0.707106781187,-0.707106781187,0.));
#2342 = ORIENTED_EDGE('',*,*,#2343,.T.);
#2343 = EDGE_CURVE('',#2336,#2344,#2346,.T.);
#2344 = VERTEX_POINT('',#2345);
#2345 = CARTESIAN_POINT('',(-1.27,-9.144,2.54));
#2346 = LINE('',#2347,#2348);
#2347 = CARTESIAN_POINT('',(-1.016,-8.89,2.54));
#2348 = VECTOR('',#2349,1.);
#2349 = DIRECTION('',(-0.707106781187,-0.707106781187,0.));
#2350 = ORIENTED_EDGE('',*,*,#2351,.T.);
#2351 = EDGE_CURVE('',#2344,#2352,#2354,.T.);
#2352 = VERTEX_POINT('',#2353);
#2353 = CARTESIAN_POINT('',(-1.27,-11.176,2.54));
#2354 = LINE('',#2355,#2356);
#2355 = CARTESIAN_POINT('',(-1.27,-9.144,2.54));
#2356 = VECTOR('',#2357,1.);
#2357 = DIRECTION('',(0.,-1.,0.));
#2358 = ORIENTED_EDGE('',*,*,#2359,.T.);
#2359 = EDGE_CURVE('',#2352,#2360,#2362,.T.);
#2360 = VERTEX_POINT('',#2361);
#2361 = CARTESIAN_POINT('',(-1.016,-11.43,2.54));
#2362 = LINE('',#2363,#2364);
#2363 = CARTESIAN_POINT('',(-1.27,-11.176,2.54));
#2364 = VECTOR('',#2365,1.);
#2365 = DIRECTION('',(0.707106781187,-0.707106781187,0.));
#2366 = ORIENTED_EDGE('',*,*,#2367,.T.);
#2367 = EDGE_CURVE('',#2360,#2368,#2370,.T.);
#2368 = VERTEX_POINT('',#2369);
#2369 = CARTESIAN_POINT('',(-1.27,-11.684,2.54));
#2370 = LINE('',#2371,#2372);
#2371 = CARTESIAN_POINT('',(-1.016,-11.43,2.54));
#2372 = VECTOR('',#2373,1.);
#2373 = DIRECTION('',(-0.707106781187,-0.707106781187,0.));
#2374 = ORIENTED_EDGE('',*,*,#2375,.T.);
#2375 = EDGE_CURVE('',#2368,#2376,#2378,.T.);
#2376 = VERTEX_POINT('',#2377);
#2377 = CARTESIAN_POINT('',(-1.27,-13.716,2.54));
#2378 = LINE('',#2379,#2380);
#2379 = CARTESIAN_POINT('',(-1.27,-11.684,2.54));
#2380 = VECTOR('',#2381,1.);
#2381 = DIRECTION('',(0.,-1.,0.));
#2382 = ORIENTED_EDGE('',*,*,#2383,.T.);
#2383 = EDGE_CURVE('',#2376,#2384,#2386,.T.);
#2384 = VERTEX_POINT('',#2385);
#2385 = CARTESIAN_POINT('',(-1.016,-13.97,2.54));
#2386 = LINE('',#2387,#2388);
#2387 = CARTESIAN_POINT('',(-1.27,-13.716,2.54));
#2388 = VECTOR('',#2389,1.);
#2389 = DIRECTION('',(0.707106781187,-0.707106781187,0.));
#2390 = ORIENTED_EDGE('',*,*,#2391,.T.);
#2391 = EDGE_CURVE('',#2384,#2392,#2394,.T.);
#2392 = VERTEX_POINT('',#2393);
#2393 = CARTESIAN_POINT('',(-1.27,-14.224,2.54));
#2394 = LINE('',#2395,#2396);
#2395 = CARTESIAN_POINT('',(-1.016,-13.97,2.54));
#2396 = VECTOR('',#2397,1.);
#2397 = DIRECTION('',(-0.707106781187,-0.707106781187,0.));
#2398 = ORIENTED_EDGE('',*,*,#2399,.T.);
#2399 = EDGE_CURVE('',#2392,#2400,#2402,.T.);
#2400 = VERTEX_POINT('',#2401);
#2401 = CARTESIAN_POINT('',(-1.27,-16.256,2.54));
#2402 = LINE('',#2403,#2404);
#2403 = CARTESIAN_POINT('',(-1.27,-14.224,2.54));
#2404 = VECTOR('',#2405,1.);
#2405 = DIRECTION('',(0.,-1.,0.));
#2406 = ORIENTED_EDGE('',*,*,#2407,.T.);
#2407 = EDGE_CURVE('',#2400,#2408,#2410,.T.);
#2408 = VERTEX_POINT('',#2409);
#2409 = CARTESIAN_POINT('',(-1.016,-16.51,2.54));
#2410 = LINE('',#2411,#2412);
#2411 = CARTESIAN_POINT('',(-1.27,-16.256,2.54));
#2412 = VECTOR('',#2413,1.);
#2413 = DIRECTION('',(0.707106781187,-0.707106781187,0.));
#2414 = ORIENTED_EDGE('',*,*,#2415,.T.);
#2415 = EDGE_CURVE('',#2408,#2416,#2418,.T.);
#2416 = VERTEX_POINT('',#2417);
#2417 = CARTESIAN_POINT('',(-1.27,-16.764,2.54));
#2418 = LINE('',#2419,#2420);
#2419 = CARTESIAN_POINT('',(-1.016,-16.51,2.54));
#2420 = VECTOR('',#2421,1.);
#2421 = DIRECTION('',(-0.707106781187,-0.707106781187,0.));
#2422 = ORIENTED_EDGE('',*,*,#2423,.T.);
#2423 = EDGE_CURVE('',#2416,#2424,#2426,.T.);
#2424 = VERTEX_POINT('',#2425);
#2425 = CARTESIAN_POINT('',(-1.27,-18.796,2.54));
#2426 = LINE('',#2427,#2428);
#2427 = CARTESIAN_POINT('',(-1.27,-16.764,2.54));
#2428 = VECTOR('',#2429,1.);
#2429 = DIRECTION('',(0.,-1.,0.));
#2430 = ORIENTED_EDGE('',*,*,#2431,.T.);
#2431 = EDGE_CURVE('',#2424,#2432,#2434,.T.);
#2432 = VERTEX_POINT('',#2433);
#2433 = CARTESIAN_POINT('',(-1.016,-19.05,2.54));
#2434 = LINE('',#2435,#2436);
#2435 = CARTESIAN_POINT('',(-1.27,-18.796,2.54));
#2436 = VECTOR('',#2437,1.);
#2437 = DIRECTION('',(0.707106781187,-0.707106781187,0.));
#2438 = ORIENTED_EDGE('',*,*,#2439,.T.);
#2439 = EDGE_CURVE('',#2432,#2440,#2442,.T.);
#2440 = VERTEX_POINT('',#2441);
#2441 = CARTESIAN_POINT('',(1.016,-19.05,2.54));
#2442 = LINE('',#2443,#2444);
#2443 = CARTESIAN_POINT('',(-1.016,-19.05,2.54));
#2444 = VECTOR('',#2445,1.);
#2445 = DIRECTION('',(1.,0.,0.));
#2446 = ORIENTED_EDGE('',*,*,#2447,.T.);
#2447 = EDGE_CURVE('',#2440,#2448,#2450,.T.);
#2448 = VERTEX_POINT('',#2449);
#2449 = CARTESIAN_POINT('',(1.27,-18.796,2.54));
#2450 = LINE('',#2451,#2452);
#2451 = CARTESIAN_POINT('',(1.016,-19.05,2.54));
#2452 = VECTOR('',#2453,1.);
#2453 = DIRECTION('',(0.707106781187,0.707106781187,0.));
#2454 = ORIENTED_EDGE('',*,*,#2455,.T.);
#2455 = EDGE_CURVE('',#2448,#2456,#2458,.T.);
#2456 = VERTEX_POINT('',#2457);
#2457 = CARTESIAN_POINT('',(1.27,-16.764,2.54));
#2458 = LINE('',#2459,#2460);
#2459 = CARTESIAN_POINT('',(1.27,-18.796,2.54));
#2460 = VECTOR('',#2461,1.);
#2461 = DIRECTION('',(0.,1.,0.));
#2462 = ORIENTED_EDGE('',*,*,#2463,.T.);
#2463 = EDGE_CURVE('',#2456,#2464,#2466,.T.);
#2464 = VERTEX_POINT('',#2465);
#2465 = CARTESIAN_POINT('',(1.016,-16.51,2.54));
#2466 = LINE('',#2467,#2468);
#2467 = CARTESIAN_POINT('',(1.27,-16.764,2.54));
#2468 = VECTOR('',#2469,1.);
#2469 = DIRECTION('',(-0.707106781187,0.707106781187,0.));
#2470 = ORIENTED_EDGE('',*,*,#2471,.T.);
#2471 = EDGE_CURVE('',#2464,#2472,#2474,.T.);
#2472 = VERTEX_POINT('',#2473);
#2473 = CARTESIAN_POINT('',(1.27,-16.256,2.54));
#2474 = LINE('',#2475,#2476);
#2475 = CARTESIAN_POINT('',(1.016,-16.51,2.54));
#2476 = VECTOR('',#2477,1.);
#2477 = DIRECTION('',(0.707106781187,0.707106781187,0.));
#2478 = ORIENTED_EDGE('',*,*,#2479,.T.);
#2479 = EDGE_CURVE('',#2472,#2480,#2482,.T.);
#2480 = VERTEX_POINT('',#2481);
#2481 = CARTESIAN_POINT('',(1.27,-14.224,2.54));
#2482 = LINE('',#2483,#2484);
#2483 = CARTESIAN_POINT('',(1.27,-16.256,2.54));
#2484 = VECTOR('',#2485,1.);
#2485 = DIRECTION('',(0.,1.,0.));
#2486 = ORIENTED_EDGE('',*,*,#2487,.T.);
#2487 = EDGE_CURVE('',#2480,#2488,#2490,.T.);
#2488 = VERTEX_POINT('',#2489);
#2489 = CARTESIAN_POINT('',(1.016,-13.97,2.54));
#2490 = LINE('',#2491,#2492);
#2491 = CARTESIAN_POINT('',(1.27,-14.224,2.54));
#2492 = VECTOR('',#2493,1.);
#2493 = DIRECTION('',(-0.707106781187,0.707106781187,0.));
#2494 = ORIENTED_EDGE('',*,*,#2495,.T.);
#2495 = EDGE_CURVE('',#2488,#2496,#2498,.T.);
#2496 = VERTEX_POINT('',#2497);
#2497 = CARTESIAN_POINT('',(1.27,-13.716,2.54));
#2498 = LINE('',#2499,#2500);
#2499 = CARTESIAN_POINT('',(1.016,-13.97,2.54));
#2500 = VECTOR('',#2501,1.);
#2501 = DIRECTION('',(0.707106781187,0.707106781187,0.));
#2502 = ORIENTED_EDGE('',*,*,#2503,.T.);
#2503 = EDGE_CURVE('',#2496,#2504,#2506,.T.);
#2504 = VERTEX_POINT('',#2505);
#2505 = CARTESIAN_POINT('',(1.27,-11.684,2.54));
#2506 = LINE('',#2507,#2508);
#2507 = CARTESIAN_POINT('',(1.27,-13.716,2.54));
#2508 = VECTOR('',#2509,1.);
#2509 = DIRECTION('',(0.,1.,0.));
#2510 = ORIENTED_EDGE('',*,*,#2511,.T.);
#2511 = EDGE_CURVE('',#2504,#2512,#2514,.T.);
#2512 = VERTEX_POINT('',#2513);
#2513 = CARTESIAN_POINT('',(1.016,-11.43,2.54));
#2514 = LINE('',#2515,#2516);
#2515 = CARTESIAN_POINT('',(1.27,-11.684,2.54));
#2516 = VECTOR('',#2517,1.);
#2517 = DIRECTION('',(-0.707106781187,0.707106781187,0.));
#2518 = ORIENTED_EDGE('',*,*,#2519,.T.);
#2519 = EDGE_CURVE('',#2512,#2520,#2522,.T.);
#2520 = VERTEX_POINT('',#2521);
#2521 = CARTESIAN_POINT('',(1.27,-11.176,2.54));
#2522 = LINE('',#2523,#2524);
#2523 = CARTESIAN_POINT('',(1.016,-11.43,2.54));
#2524 = VECTOR('',#2525,1.);
#2525 = DIRECTION('',(0.707106781187,0.707106781187,0.));
#2526 = ORIENTED_EDGE('',*,*,#2527,.T.);
#2527 = EDGE_CURVE('',#2520,#2528,#2530,.T.);
#2528 = VERTEX_POINT('',#2529);
#2529 = CARTESIAN_POINT('',(1.27,-9.144,2.54));
#2530 = LINE('',#2531,#2532);
#2531 = CARTESIAN_POINT('',(1.27,-11.176,2.54));
#2532 = VECTOR('',#2533,1.);
#2533 = DIRECTION('',(0.,1.,0.));
#2534 = ORIENTED_EDGE('',*,*,#2535,.T.);
#2535 = EDGE_CURVE('',#2528,#2536,#2538,.T.);
#2536 = VERTEX_POINT('',#2537);
#2537 = CARTESIAN_POINT('',(1.016,-8.89,2.54));
#2538 = LINE('',#2539,#2540);
#2539 = CARTESIAN_POINT('',(1.27,-9.144,2.54));
#2540 = VECTOR('',#2541,1.);
#2541 = DIRECTION('',(-0.707106781187,0.707106781187,0.));
#2542 = ORIENTED_EDGE('',*,*,#2543,.T.);
#2543 = EDGE_CURVE('',#2536,#2544,#2546,.T.);
#2544 = VERTEX_POINT('',#2545);
#2545 = CARTESIAN_POINT('',(1.27,-8.636,2.54));
#2546 = LINE('',#2547,#2548);
#2547 = CARTESIAN_POINT('',(1.016,-8.89,2.54));
#2548 = VECTOR('',#2549,1.);
#2549 = DIRECTION('',(0.707106781187,0.707106781187,0.));
#2550 = ORIENTED_EDGE('',*,*,#2551,.T.);
#2551 = EDGE_CURVE('',#2544,#2552,#2554,.T.);
#2552 = VERTEX_POINT('',#2553);
#2553 = CARTESIAN_POINT('',(1.27,-6.604,2.54));
#2554 = LINE('',#2555,#2556);
#2555 = CARTESIAN_POINT('',(1.27,-8.636,2.54));
#2556 = VECTOR('',#2557,1.);
#2557 = DIRECTION('',(0.,1.,0.));
#2558 = ORIENTED_EDGE('',*,*,#2559,.T.);
#2559 = EDGE_CURVE('',#2552,#2560,#2562,.T.);
#2560 = VERTEX_POINT('',#2561);
#2561 = CARTESIAN_POINT('',(1.016,-6.35,2.54));
#2562 = LINE('',#2563,#2564);
#2563 = CARTESIAN_POINT('',(1.27,-6.604,2.54));
#2564 = VECTOR('',#2565,1.);
#2565 = DIRECTION('',(-0.707106781187,0.707106781187,0.));
#2566 = ORIENTED_EDGE('',*,*,#2567,.T.);
#2567 = EDGE_CURVE('',#2560,#2568,#2570,.T.);
#2568 = VERTEX_POINT('',#2569);
#2569 = CARTESIAN_POINT('',(1.27,-6.096,2.54));
#2570 = LINE('',#2571,#2572);
#2571 = CARTESIAN_POINT('',(1.016,-6.35,2.54));
#2572 = VECTOR('',#2573,1.);
#2573 = DIRECTION('',(0.707106781187,0.707106781187,0.));
#2574 = ORIENTED_EDGE('',*,*,#2575,.T.);
#2575 = EDGE_CURVE('',#2568,#2576,#2578,.T.);
#2576 = VERTEX_POINT('',#2577);
#2577 = CARTESIAN_POINT('',(1.27,-4.064,2.54));
#2578 = LINE('',#2579,#2580);
#2579 = CARTESIAN_POINT('',(1.27,-6.096,2.54));
#2580 = VECTOR('',#2581,1.);
#2581 = DIRECTION('',(0.,1.,0.));
#2582 = ORIENTED_EDGE('',*,*,#2583,.T.);
#2583 = EDGE_CURVE('',#2576,#2584,#2586,.T.);
#2584 = VERTEX_POINT('',#2585);
#2585 = CARTESIAN_POINT('',(1.016,-3.81,2.54));
#2586 = LINE('',#2587,#2588);
#2587 = CARTESIAN_POINT('',(1.27,-4.064,2.54));
#2588 = VECTOR('',#2589,1.);
#2589 = DIRECTION('',(-0.707106781187,0.707106781187,0.));
#2590 = ORIENTED_EDGE('',*,*,#2591,.T.);
#2591 = EDGE_CURVE('',#2584,#2592,#2594,.T.);
#2592 = VERTEX_POINT('',#2593);
#2593 = CARTESIAN_POINT('',(1.27,-3.556,2.54));
#2594 = LINE('',#2595,#2596);
#2595 = CARTESIAN_POINT('',(1.016,-3.81,2.54));
#2596 = VECTOR('',#2597,1.);
#2597 = DIRECTION('',(0.707106781187,0.707106781187,0.));
#2598 = ORIENTED_EDGE('',*,*,#2599,.T.);
#2599 = EDGE_CURVE('',#2592,#2600,#2602,.T.);
#2600 = VERTEX_POINT('',#2601);
#2601 = CARTESIAN_POINT('',(1.27,-1.524,2.54));
#2602 = LINE('',#2603,#2604);
#2603 = CARTESIAN_POINT('',(1.27,-3.556,2.54));
#2604 = VECTOR('',#2605,1.);
#2605 = DIRECTION('',(0.,1.,0.));
#2606 = ORIENTED_EDGE('',*,*,#2607,.T.);
#2607 = EDGE_CURVE('',#2600,#2608,#2610,.T.);
#2608 = VERTEX_POINT('',#2609);
#2609 = CARTESIAN_POINT('',(1.016,-1.27,2.54));
#2610 = LINE('',#2611,#2612);
#2611 = CARTESIAN_POINT('',(1.27,-1.524,2.54));
#2612 = VECTOR('',#2613,1.);
#2613 = DIRECTION('',(-0.707106781187,0.707106781187,0.));
#2614 = ORIENTED_EDGE('',*,*,#2615,.T.);
#2615 = EDGE_CURVE('',#2608,#2616,#2618,.T.);
#2616 = VERTEX_POINT('',#2617);
#2617 = CARTESIAN_POINT('',(1.27,-1.016,2.54));
#2618 = LINE('',#2619,#2620);
#2619 = CARTESIAN_POINT('',(1.016,-1.27,2.54));
#2620 = VECTOR('',#2621,1.);
#2621 = DIRECTION('',(0.707106781187,0.707106781187,0.));
#2622 = ORIENTED_EDGE('',*,*,#2623,.T.);
#2623 = EDGE_CURVE('',#2616,#2624,#2626,.T.);
#2624 = VERTEX_POINT('',#2625);
#2625 = CARTESIAN_POINT('',(1.27,1.016,2.54));
#2626 = LINE('',#2627,#2628);
#2627 = CARTESIAN_POINT('',(1.27,-1.016,2.54));
#2628 = VECTOR('',#2629,1.);
#2629 = DIRECTION('',(0.,1.,0.));
#2630 = ORIENTED_EDGE('',*,*,#2631,.T.);
#2631 = EDGE_CURVE('',#2624,#1545,#2632,.T.);
#2632 = LINE('',#2633,#2634);
#2633 = CARTESIAN_POINT('',(1.27,1.016,2.54));
#2634 = VECTOR('',#2635,1.);
#2635 = DIRECTION('',(-0.707106781187,0.707106781187,0.));
#2636 = ORIENTED_EDGE('',*,*,#1552,.T.);
#2637 = FACE_BOUND('',#2638,.T.);
#2638 = EDGE_LOOP('',(#2639,#2649,#2657,#2665));
#2639 = ORIENTED_EDGE('',*,*,#2640,.T.);
#2640 = EDGE_CURVE('',#2641,#2643,#2645,.T.);
#2641 = VERTEX_POINT('',#2642);
#2642 = CARTESIAN_POINT('',(0.32,-18.1,2.54));
#2643 = VERTEX_POINT('',#2644);
#2644 = CARTESIAN_POINT('',(-0.32,-18.1,2.54));
#2645 = LINE('',#2646,#2647);
#2646 = CARTESIAN_POINT('',(-0.16,-18.1,2.54));
#2647 = VECTOR('',#2648,1.);
#2648 = DIRECTION('',(-1.,0.,0.));
#2649 = ORIENTED_EDGE('',*,*,#2650,.T.);
#2650 = EDGE_CURVE('',#2643,#2651,#2653,.T.);
#2651 = VERTEX_POINT('',#2652);
#2652 = CARTESIAN_POINT('',(-0.32,-17.46,2.54));
#2653 = LINE('',#2654,#2655);
#2654 = CARTESIAN_POINT('',(-0.32,-13.495,2.54));
#2655 = VECTOR('',#2656,1.);
#2656 = DIRECTION('',(0.,1.,0.));
#2657 = ORIENTED_EDGE('',*,*,#2658,.F.);
#2658 = EDGE_CURVE('',#2659,#2651,#2661,.T.);
#2659 = VERTEX_POINT('',#2660);
#2660 = CARTESIAN_POINT('',(0.32,-17.46,2.54));
#2661 = LINE('',#2662,#2663);
#2662 = CARTESIAN_POINT('',(-0.16,-17.46,2.54));
#2663 = VECTOR('',#2664,1.);
#2664 = DIRECTION('',(-1.,0.,0.));
#2665 = ORIENTED_EDGE('',*,*,#2666,.F.);
#2666 = EDGE_CURVE('',#2641,#2659,#2667,.T.);
#2667 = LINE('',#2668,#2669);
#2668 = CARTESIAN_POINT('',(0.32,-13.495,2.54));
#2669 = VECTOR('',#2670,1.);
#2670 = DIRECTION('',(0.,1.,0.));
#2671 = FACE_BOUND('',#2672,.T.);
#2672 = EDGE_LOOP('',(#2673,#2683,#2691,#2699));
#2673 = ORIENTED_EDGE('',*,*,#2674,.F.);
#2674 = EDGE_CURVE('',#2675,#2677,#2679,.T.);
#2675 = VERTEX_POINT('',#2676);
#2676 = CARTESIAN_POINT('',(0.32,-14.92,2.54));
#2677 = VERTEX_POINT('',#2678);
#2678 = CARTESIAN_POINT('',(-0.32,-14.92,2.54));
#2679 = LINE('',#2680,#2681);
#2680 = CARTESIAN_POINT('',(-0.16,-14.92,2.54));
#2681 = VECTOR('',#2682,1.);
#2682 = DIRECTION('',(-1.,0.,0.));
#2683 = ORIENTED_EDGE('',*,*,#2684,.F.);
#2684 = EDGE_CURVE('',#2685,#2675,#2687,.T.);
#2685 = VERTEX_POINT('',#2686);
#2686 = CARTESIAN_POINT('',(0.32,-15.56,2.54));
#2687 = LINE('',#2688,#2689);
#2688 = CARTESIAN_POINT('',(0.32,-12.225,2.54));
#2689 = VECTOR('',#2690,1.);
#2690 = DIRECTION('',(0.,1.,0.));
#2691 = ORIENTED_EDGE('',*,*,#2692,.T.);
#2692 = EDGE_CURVE('',#2685,#2693,#2695,.T.);
#2693 = VERTEX_POINT('',#2694);
#2694 = CARTESIAN_POINT('',(-0.32,-15.56,2.54));
#2695 = LINE('',#2696,#2697);
#2696 = CARTESIAN_POINT('',(-0.16,-15.56,2.54));
#2697 = VECTOR('',#2698,1.);
#2698 = DIRECTION('',(-1.,0.,0.));
#2699 = ORIENTED_EDGE('',*,*,#2700,.T.);
#2700 = EDGE_CURVE('',#2693,#2677,#2701,.T.);
#2701 = LINE('',#2702,#2703);
#2702 = CARTESIAN_POINT('',(-0.32,-12.225,2.54));
#2703 = VECTOR('',#2704,1.);
#2704 = DIRECTION('',(0.,1.,0.));
#2705 = FACE_BOUND('',#2706,.T.);
#2706 = EDGE_LOOP('',(#2707,#2717,#2725,#2733));
#2707 = ORIENTED_EDGE('',*,*,#2708,.F.);
#2708 = EDGE_CURVE('',#2709,#2711,#2713,.T.);
#2709 = VERTEX_POINT('',#2710);
#2710 = CARTESIAN_POINT('',(0.32,-7.94,2.54));
#2711 = VERTEX_POINT('',#2712);
#2712 = CARTESIAN_POINT('',(0.32,-7.3,2.54));
#2713 = LINE('',#2714,#2715);
#2714 = CARTESIAN_POINT('',(0.32,-8.415,2.54));
#2715 = VECTOR('',#2716,1.);
#2716 = DIRECTION('',(0.,1.,0.));
#2717 = ORIENTED_EDGE('',*,*,#2718,.T.);
#2718 = EDGE_CURVE('',#2709,#2719,#2721,.T.);
#2719 = VERTEX_POINT('',#2720);
#2720 = CARTESIAN_POINT('',(-0.32,-7.94,2.54));
#2721 = LINE('',#2722,#2723);
#2722 = CARTESIAN_POINT('',(-0.16,-7.94,2.54));
#2723 = VECTOR('',#2724,1.);
#2724 = DIRECTION('',(-1.,0.,0.));
#2725 = ORIENTED_EDGE('',*,*,#2726,.T.);
#2726 = EDGE_CURVE('',#2719,#2727,#2729,.T.);
#2727 = VERTEX_POINT('',#2728);
#2728 = CARTESIAN_POINT('',(-0.32,-7.3,2.54));
#2729 = LINE('',#2730,#2731);
#2730 = CARTESIAN_POINT('',(-0.32,-8.415,2.54));
#2731 = VECTOR('',#2732,1.);
#2732 = DIRECTION('',(0.,1.,0.));
#2733 = ORIENTED_EDGE('',*,*,#2734,.F.);
#2734 = EDGE_CURVE('',#2711,#2727,#2735,.T.);
#2735 = LINE('',#2736,#2737);
#2736 = CARTESIAN_POINT('',(-0.16,-7.3,2.54));
#2737 = VECTOR('',#2738,1.);
#2738 = DIRECTION('',(-1.,0.,0.));
#2739 = FACE_BOUND('',#2740,.T.);
#2740 = EDGE_LOOP('',(#2741,#2751,#2759,#2767));
#2741 = ORIENTED_EDGE('',*,*,#2742,.F.);
#2742 = EDGE_CURVE('',#2743,#2745,#2747,.T.);
#2743 = VERTEX_POINT('',#2744);
#2744 = CARTESIAN_POINT('',(0.32,-12.38,2.54));
#2745 = VERTEX_POINT('',#2746);
#2746 = CARTESIAN_POINT('',(-0.32,-12.38,2.54));
#2747 = LINE('',#2748,#2749);
#2748 = CARTESIAN_POINT('',(-0.16,-12.38,2.54));
#2749 = VECTOR('',#2750,1.);
#2750 = DIRECTION('',(-1.,0.,0.));
#2751 = ORIENTED_EDGE('',*,*,#2752,.F.);
#2752 = EDGE_CURVE('',#2753,#2743,#2755,.T.);
#2753 = VERTEX_POINT('',#2754);
#2754 = CARTESIAN_POINT('',(0.32,-13.02,2.54));
#2755 = LINE('',#2756,#2757);
#2756 = CARTESIAN_POINT('',(0.32,-10.955,2.54));
#2757 = VECTOR('',#2758,1.);
#2758 = DIRECTION('',(0.,1.,0.));
#2759 = ORIENTED_EDGE('',*,*,#2760,.T.);
#2760 = EDGE_CURVE('',#2753,#2761,#2763,.T.);
#2761 = VERTEX_POINT('',#2762);
#2762 = CARTESIAN_POINT('',(-0.32,-13.02,2.54));
#2763 = LINE('',#2764,#2765);
#2764 = CARTESIAN_POINT('',(-0.16,-13.02,2.54));
#2765 = VECTOR('',#2766,1.);
#2766 = DIRECTION('',(-1.,0.,0.));
#2767 = ORIENTED_EDGE('',*,*,#2768,.T.);
#2768 = EDGE_CURVE('',#2761,#2745,#2769,.T.);
#2769 = LINE('',#2770,#2771);
#2770 = CARTESIAN_POINT('',(-0.32,-10.955,2.54));
#2771 = VECTOR('',#2772,1.);
#2772 = DIRECTION('',(0.,1.,0.));
#2773 = FACE_BOUND('',#2774,.T.);
#2774 = EDGE_LOOP('',(#2775,#2785,#2793,#2801));
#2775 = ORIENTED_EDGE('',*,*,#2776,.F.);
#2776 = EDGE_CURVE('',#2777,#2779,#2781,.T.);
#2777 = VERTEX_POINT('',#2778);
#2778 = CARTESIAN_POINT('',(0.32,-10.48,2.54));
#2779 = VERTEX_POINT('',#2780);
#2780 = CARTESIAN_POINT('',(0.32,-9.84,2.54));
#2781 = LINE('',#2782,#2783);
#2782 = CARTESIAN_POINT('',(0.32,-9.685,2.54));
#2783 = VECTOR('',#2784,1.);
#2784 = DIRECTION('',(0.,1.,0.));
#2785 = ORIENTED_EDGE('',*,*,#2786,.T.);
#2786 = EDGE_CURVE('',#2777,#2787,#2789,.T.);
#2787 = VERTEX_POINT('',#2788);
#2788 = CARTESIAN_POINT('',(-0.32,-10.48,2.54));
#2789 = LINE('',#2790,#2791);
#2790 = CARTESIAN_POINT('',(-0.16,-10.48,2.54));
#2791 = VECTOR('',#2792,1.);
#2792 = DIRECTION('',(-1.,0.,0.));
#2793 = ORIENTED_EDGE('',*,*,#2794,.T.);
#2794 = EDGE_CURVE('',#2787,#2795,#2797,.T.);
#2795 = VERTEX_POINT('',#2796);
#2796 = CARTESIAN_POINT('',(-0.32,-9.84,2.54));
#2797 = LINE('',#2798,#2799);
#2798 = CARTESIAN_POINT('',(-0.32,-9.685,2.54));
#2799 = VECTOR('',#2800,1.);
#2800 = DIRECTION('',(0.,1.,0.));
#2801 = ORIENTED_EDGE('',*,*,#2802,.F.);
#2802 = EDGE_CURVE('',#2779,#2795,#2803,.T.);
#2803 = LINE('',#2804,#2805);
#2804 = CARTESIAN_POINT('',(-0.16,-9.84,2.54));
#2805 = VECTOR('',#2806,1.);
#2806 = DIRECTION('',(-1.,0.,0.));
#2807 = FACE_BOUND('',#2808,.T.);
#2808 = EDGE_LOOP('',(#2809,#2819,#2827,#2835));
#2809 = ORIENTED_EDGE('',*,*,#2810,.F.);
#2810 = EDGE_CURVE('',#2811,#2813,#2815,.T.);
#2811 = VERTEX_POINT('',#2812);
#2812 = CARTESIAN_POINT('',(0.32,-2.22,2.54));
#2813 = VERTEX_POINT('',#2814);
#2814 = CARTESIAN_POINT('',(-0.32,-2.22,2.54));
#2815 = LINE('',#2816,#2817);
#2816 = CARTESIAN_POINT('',(-0.16,-2.22,2.54));
#2817 = VECTOR('',#2818,1.);
#2818 = DIRECTION('',(-1.,0.,0.));
#2819 = ORIENTED_EDGE('',*,*,#2820,.F.);
#2820 = EDGE_CURVE('',#2821,#2811,#2823,.T.);
#2821 = VERTEX_POINT('',#2822);
#2822 = CARTESIAN_POINT('',(0.32,-2.86,2.54));
#2823 = LINE('',#2824,#2825);
#2824 = CARTESIAN_POINT('',(0.32,-5.875,2.54));
#2825 = VECTOR('',#2826,1.);
#2826 = DIRECTION('',(0.,1.,0.));
#2827 = ORIENTED_EDGE('',*,*,#2828,.T.);
#2828 = EDGE_CURVE('',#2821,#2829,#2831,.T.);
#2829 = VERTEX_POINT('',#2830);
#2830 = CARTESIAN_POINT('',(-0.32,-2.86,2.54));
#2831 = LINE('',#2832,#2833);
#2832 = CARTESIAN_POINT('',(-0.16,-2.86,2.54));
#2833 = VECTOR('',#2834,1.);
#2834 = DIRECTION('',(-1.,0.,0.));
#2835 = ORIENTED_EDGE('',*,*,#2836,.T.);
#2836 = EDGE_CURVE('',#2829,#2813,#2837,.T.);
#2837 = LINE('',#2838,#2839);
#2838 = CARTESIAN_POINT('',(-0.32,-5.875,2.54));
#2839 = VECTOR('',#2840,1.);
#2840 = DIRECTION('',(0.,1.,0.));
#2841 = FACE_BOUND('',#2842,.T.);
#2842 = EDGE_LOOP('',(#2843,#2853,#2861,#2869));
#2843 = ORIENTED_EDGE('',*,*,#2844,.T.);
#2844 = EDGE_CURVE('',#2845,#2847,#2849,.T.);
#2845 = VERTEX_POINT('',#2846);
#2846 = CARTESIAN_POINT('',(0.32,-5.4,2.54));
#2847 = VERTEX_POINT('',#2848);
#2848 = CARTESIAN_POINT('',(-0.32,-5.4,2.54));
#2849 = LINE('',#2850,#2851);
#2850 = CARTESIAN_POINT('',(-0.16,-5.4,2.54));
#2851 = VECTOR('',#2852,1.);
#2852 = DIRECTION('',(-1.,0.,0.));
#2853 = ORIENTED_EDGE('',*,*,#2854,.T.);
#2854 = EDGE_CURVE('',#2847,#2855,#2857,.T.);
#2855 = VERTEX_POINT('',#2856);
#2856 = CARTESIAN_POINT('',(-0.32,-4.76,2.54));
#2857 = LINE('',#2858,#2859);
#2858 = CARTESIAN_POINT('',(-0.32,-7.145,2.54));
#2859 = VECTOR('',#2860,1.);
#2860 = DIRECTION('',(0.,1.,0.));
#2861 = ORIENTED_EDGE('',*,*,#2862,.F.);
#2862 = EDGE_CURVE('',#2863,#2855,#2865,.T.);
#2863 = VERTEX_POINT('',#2864);
#2864 = CARTESIAN_POINT('',(0.32,-4.76,2.54));
#2865 = LINE('',#2866,#2867);
#2866 = CARTESIAN_POINT('',(-0.16,-4.76,2.54));
#2867 = VECTOR('',#2868,1.);
#2868 = DIRECTION('',(-1.,0.,0.));
#2869 = ORIENTED_EDGE('',*,*,#2870,.F.);
#2870 = EDGE_CURVE('',#2845,#2863,#2871,.T.);
#2871 = LINE('',#2872,#2873);
#2872 = CARTESIAN_POINT('',(0.32,-7.145,2.54));
#2873 = VECTOR('',#2874,1.);
#2874 = DIRECTION('',(0.,1.,0.));
#2875 = FACE_BOUND('',#2876,.T.);
#2876 = EDGE_LOOP('',(#2877,#2887,#2895,#2903));
#2877 = ORIENTED_EDGE('',*,*,#2878,.F.);
#2878 = EDGE_CURVE('',#2879,#2881,#2883,.T.);
#2879 = VERTEX_POINT('',#2880);
#2880 = CARTESIAN_POINT('',(0.32,-0.32,2.54));
#2881 = VERTEX_POINT('',#2882);
#2882 = CARTESIAN_POINT('',(0.32,0.32,2.54));
#2883 = LINE('',#2884,#2885);
#2884 = CARTESIAN_POINT('',(0.32,-4.605,2.54));
#2885 = VECTOR('',#2886,1.);
#2886 = DIRECTION('',(0.,1.,0.));
#2887 = ORIENTED_EDGE('',*,*,#2888,.T.);
#2888 = EDGE_CURVE('',#2879,#2889,#2891,.T.);
#2889 = VERTEX_POINT('',#2890);
#2890 = CARTESIAN_POINT('',(-0.32,-0.32,2.54));
#2891 = LINE('',#2892,#2893);
#2892 = CARTESIAN_POINT('',(-0.16,-0.32,2.54));
#2893 = VECTOR('',#2894,1.);
#2894 = DIRECTION('',(-1.,0.,0.));
#2895 = ORIENTED_EDGE('',*,*,#2896,.T.);
#2896 = EDGE_CURVE('',#2889,#2897,#2899,.T.);
#2897 = VERTEX_POINT('',#2898);
#2898 = CARTESIAN_POINT('',(-0.32,0.32,2.54));
#2899 = LINE('',#2900,#2901);
#2900 = CARTESIAN_POINT('',(-0.32,-4.605,2.54));
#2901 = VECTOR('',#2902,1.);
#2902 = DIRECTION('',(0.,1.,0.));
#2903 = ORIENTED_EDGE('',*,*,#2904,.F.);
#2904 = EDGE_CURVE('',#2881,#2897,#2905,.T.);
#2905 = LINE('',#2906,#2907);
#2906 = CARTESIAN_POINT('',(-0.16,0.32,2.54));
#2907 = VECTOR('',#2908,1.);
#2908 = DIRECTION('',(-1.,0.,0.));
#2909 = PLANE('',#2910);
#2910 = AXIS2_PLACEMENT_3D('',#2911,#2912,#2913);
#2911 = CARTESIAN_POINT('',(-1.38573690222E-17,-8.89,2.54));
#2912 = DIRECTION('',(0.,0.,1.));
#2913 = DIRECTION('',(1.,0.,-0.));
#2914 = ADVANCED_FACE('',(#2915),#2926,.F.);
#2915 = FACE_BOUND('',#2916,.F.);
#2916 = EDGE_LOOP('',(#2917,#2923,#2924,#2925));
#2917 = ORIENTED_EDGE('',*,*,#2918,.T.);
#2918 = EDGE_CURVE('',#1967,#2624,#2919,.T.);
#2919 = LINE('',#2920,#2921);
#2920 = CARTESIAN_POINT('',(1.27,1.016,0.));
#2921 = VECTOR('',#2922,1.);
#2922 = DIRECTION('',(0.,0.,1.));
#2923 = ORIENTED_EDGE('',*,*,#2631,.T.);
#2924 = ORIENTED_EDGE('',*,*,#1542,.F.);
#2925 = ORIENTED_EDGE('',*,*,#1974,.F.);
#2926 = PLANE('',#2927);
#2927 = AXIS2_PLACEMENT_3D('',#2928,#2929,#2930);
#2928 = CARTESIAN_POINT('',(1.27,1.016,0.));
#2929 = DIRECTION('',(-0.707106781187,-0.707106781187,0.));
#2930 = DIRECTION('',(-0.707106781187,0.707106781187,0.));
#2931 = ADVANCED_FACE('',(#2932),#2943,.F.);
#2932 = FACE_BOUND('',#2933,.F.);
#2933 = EDGE_LOOP('',(#2934,#2935,#2936,#2942));
#2934 = ORIENTED_EDGE('',*,*,#1582,.T.);
#2935 = ORIENTED_EDGE('',*,*,#2263,.T.);
#2936 = ORIENTED_EDGE('',*,*,#2937,.F.);
#2937 = EDGE_CURVE('',#1607,#2264,#2938,.T.);
#2938 = LINE('',#2939,#2940);
#2939 = CARTESIAN_POINT('',(-1.016,-1.27,0.));
#2940 = VECTOR('',#2941,1.);
#2941 = DIRECTION('',(0.,0.,1.));
#2942 = ORIENTED_EDGE('',*,*,#1606,.F.);
#2943 = PLANE('',#2944);
#2944 = AXIS2_PLACEMENT_3D('',#2945,#2946,#2947);
#2945 = CARTESIAN_POINT('',(-1.27,-1.016,0.));
#2946 = DIRECTION('',(0.707106781187,0.707106781187,0.));
#2947 = DIRECTION('',(0.707106781187,-0.707106781187,0.));
#2948 = ADVANCED_FACE('',(#2949),#2960,.F.);
#2949 = FACE_BOUND('',#2950,.F.);
#2950 = EDGE_LOOP('',(#2951,#2957,#2958,#2959));
#2951 = ORIENTED_EDGE('',*,*,#2952,.T.);
#2952 = EDGE_CURVE('',#1959,#2616,#2953,.T.);
#2953 = LINE('',#2954,#2955);
#2954 = CARTESIAN_POINT('',(1.27,-1.016,0.));
#2955 = VECTOR('',#2956,1.);
#2956 = DIRECTION('',(0.,0.,1.));
#2957 = ORIENTED_EDGE('',*,*,#2623,.T.);
#2958 = ORIENTED_EDGE('',*,*,#2918,.F.);
#2959 = ORIENTED_EDGE('',*,*,#1966,.F.);
#2960 = PLANE('',#2961);
#2961 = AXIS2_PLACEMENT_3D('',#2962,#2963,#2964);
#2962 = CARTESIAN_POINT('',(1.27,-1.016,0.));
#2963 = DIRECTION('',(-1.,0.,0.));
#2964 = DIRECTION('',(0.,1.,0.));
#2965 = ADVANCED_FACE('',(#2966),#2977,.F.);
#2966 = FACE_BOUND('',#2967,.F.);
#2967 = EDGE_LOOP('',(#2968,#2969,#2970,#2976));
#2968 = ORIENTED_EDGE('',*,*,#2937,.T.);
#2969 = ORIENTED_EDGE('',*,*,#2271,.T.);
#2970 = ORIENTED_EDGE('',*,*,#2971,.F.);
#2971 = EDGE_CURVE('',#1615,#2272,#2972,.T.);
#2972 = LINE('',#2973,#2974);
#2973 = CARTESIAN_POINT('',(-1.27,-1.524,0.));
#2974 = VECTOR('',#2975,1.);
#2975 = DIRECTION('',(0.,0.,1.));
#2976 = ORIENTED_EDGE('',*,*,#1614,.F.);
#2977 = PLANE('',#2978);
#2978 = AXIS2_PLACEMENT_3D('',#2979,#2980,#2981);
#2979 = CARTESIAN_POINT('',(-1.016,-1.27,0.));
#2980 = DIRECTION('',(0.707106781187,-0.707106781187,0.));
#2981 = DIRECTION('',(-0.707106781187,-0.707106781187,0.));
#2982 = ADVANCED_FACE('',(#2983),#2994,.F.);
#2983 = FACE_BOUND('',#2984,.F.);
#2984 = EDGE_LOOP('',(#2985,#2991,#2992,#2993));
#2985 = ORIENTED_EDGE('',*,*,#2986,.T.);
#2986 = EDGE_CURVE('',#1951,#2608,#2987,.T.);
#2987 = LINE('',#2988,#2989);
#2988 = CARTESIAN_POINT('',(1.016,-1.27,0.));
#2989 = VECTOR('',#2990,1.);
#2990 = DIRECTION('',(0.,0.,1.));
#2991 = ORIENTED_EDGE('',*,*,#2615,.T.);
#2992 = ORIENTED_EDGE('',*,*,#2952,.F.);
#2993 = ORIENTED_EDGE('',*,*,#1958,.F.);
#2994 = PLANE('',#2995);
#2995 = AXIS2_PLACEMENT_3D('',#2996,#2997,#2998);
#2996 = CARTESIAN_POINT('',(1.016,-1.27,0.));
#2997 = DIRECTION('',(-0.707106781187,0.707106781187,0.));
#2998 = DIRECTION('',(0.707106781187,0.707106781187,0.));
#2999 = ADVANCED_FACE('',(#3000),#3011,.F.);
#3000 = FACE_BOUND('',#3001,.F.);
#3001 = EDGE_LOOP('',(#3002,#3003,#3004,#3010));
#3002 = ORIENTED_EDGE('',*,*,#2971,.T.);
#3003 = ORIENTED_EDGE('',*,*,#2279,.T.);
#3004 = ORIENTED_EDGE('',*,*,#3005,.F.);
#3005 = EDGE_CURVE('',#1623,#2280,#3006,.T.);
#3006 = LINE('',#3007,#3008);
#3007 = CARTESIAN_POINT('',(-1.27,-3.556,0.));
#3008 = VECTOR('',#3009,1.);
#3009 = DIRECTION('',(0.,0.,1.));
#3010 = ORIENTED_EDGE('',*,*,#1622,.F.);
#3011 = PLANE('',#3012);
#3012 = AXIS2_PLACEMENT_3D('',#3013,#3014,#3015);
#3013 = CARTESIAN_POINT('',(-1.27,-1.524,0.));
#3014 = DIRECTION('',(1.,0.,0.));
#3015 = DIRECTION('',(0.,-1.,0.));
#3016 = ADVANCED_FACE('',(#3017),#3028,.F.);
#3017 = FACE_BOUND('',#3018,.F.);
#3018 = EDGE_LOOP('',(#3019,#3025,#3026,#3027));
#3019 = ORIENTED_EDGE('',*,*,#3020,.T.);
#3020 = EDGE_CURVE('',#1943,#2600,#3021,.T.);
#3021 = LINE('',#3022,#3023);
#3022 = CARTESIAN_POINT('',(1.27,-1.524,0.));
#3023 = VECTOR('',#3024,1.);
#3024 = DIRECTION('',(0.,0.,1.));
#3025 = ORIENTED_EDGE('',*,*,#2607,.T.);
#3026 = ORIENTED_EDGE('',*,*,#2986,.F.);
#3027 = ORIENTED_EDGE('',*,*,#1950,.F.);
#3028 = PLANE('',#3029);
#3029 = AXIS2_PLACEMENT_3D('',#3030,#3031,#3032);
#3030 = CARTESIAN_POINT('',(1.27,-1.524,0.));
#3031 = DIRECTION('',(-0.707106781187,-0.707106781187,0.));
#3032 = DIRECTION('',(-0.707106781187,0.707106781187,0.));
#3033 = ADVANCED_FACE('',(#3034),#3045,.F.);
#3034 = FACE_BOUND('',#3035,.F.);
#3035 = EDGE_LOOP('',(#3036,#3037,#3038,#3044));
#3036 = ORIENTED_EDGE('',*,*,#3005,.T.);
#3037 = ORIENTED_EDGE('',*,*,#2287,.T.);
#3038 = ORIENTED_EDGE('',*,*,#3039,.F.);
#3039 = EDGE_CURVE('',#1631,#2288,#3040,.T.);
#3040 = LINE('',#3041,#3042);
#3041 = CARTESIAN_POINT('',(-1.016,-3.81,0.));
#3042 = VECTOR('',#3043,1.);
#3043 = DIRECTION('',(0.,0.,1.));
#3044 = ORIENTED_EDGE('',*,*,#1630,.F.);
#3045 = PLANE('',#3046);
#3046 = AXIS2_PLACEMENT_3D('',#3047,#3048,#3049);
#3047 = CARTESIAN_POINT('',(-1.27,-3.556,0.));
#3048 = DIRECTION('',(0.707106781187,0.707106781187,0.));
#3049 = DIRECTION('',(0.707106781187,-0.707106781187,0.));
#3050 = ADVANCED_FACE('',(#3051),#3062,.F.);
#3051 = FACE_BOUND('',#3052,.F.);
#3052 = EDGE_LOOP('',(#3053,#3059,#3060,#3061));
#3053 = ORIENTED_EDGE('',*,*,#3054,.T.);
#3054 = EDGE_CURVE('',#1935,#2592,#3055,.T.);
#3055 = LINE('',#3056,#3057);
#3056 = CARTESIAN_POINT('',(1.27,-3.556,0.));
#3057 = VECTOR('',#3058,1.);
#3058 = DIRECTION('',(0.,0.,1.));
#3059 = ORIENTED_EDGE('',*,*,#2599,.T.);
#3060 = ORIENTED_EDGE('',*,*,#3020,.F.);
#3061 = ORIENTED_EDGE('',*,*,#1942,.F.);
#3062 = PLANE('',#3063);
#3063 = AXIS2_PLACEMENT_3D('',#3064,#3065,#3066);
#3064 = CARTESIAN_POINT('',(1.27,-3.556,0.));
#3065 = DIRECTION('',(-1.,0.,0.));
#3066 = DIRECTION('',(0.,1.,0.));
#3067 = ADVANCED_FACE('',(#3068),#3079,.F.);
#3068 = FACE_BOUND('',#3069,.F.);
#3069 = EDGE_LOOP('',(#3070,#3071,#3072,#3078));
#3070 = ORIENTED_EDGE('',*,*,#3039,.T.);
#3071 = ORIENTED_EDGE('',*,*,#2295,.T.);
#3072 = ORIENTED_EDGE('',*,*,#3073,.F.);
#3073 = EDGE_CURVE('',#1639,#2296,#3074,.T.);
#3074 = LINE('',#3075,#3076);
#3075 = CARTESIAN_POINT('',(-1.27,-4.064,0.));
#3076 = VECTOR('',#3077,1.);
#3077 = DIRECTION('',(0.,0.,1.));
#3078 = ORIENTED_EDGE('',*,*,#1638,.F.);
#3079 = PLANE('',#3080);
#3080 = AXIS2_PLACEMENT_3D('',#3081,#3082,#3083);
#3081 = CARTESIAN_POINT('',(-1.016,-3.81,0.));
#3082 = DIRECTION('',(0.707106781187,-0.707106781187,0.));
#3083 = DIRECTION('',(-0.707106781187,-0.707106781187,0.));
#3084 = ADVANCED_FACE('',(#3085),#3096,.F.);
#3085 = FACE_BOUND('',#3086,.F.);
#3086 = EDGE_LOOP('',(#3087,#3093,#3094,#3095));
#3087 = ORIENTED_EDGE('',*,*,#3088,.T.);
#3088 = EDGE_CURVE('',#1927,#2584,#3089,.T.);
#3089 = LINE('',#3090,#3091);
#3090 = CARTESIAN_POINT('',(1.016,-3.81,0.));
#3091 = VECTOR('',#3092,1.);
#3092 = DIRECTION('',(0.,0.,1.));
#3093 = ORIENTED_EDGE('',*,*,#2591,.T.);
#3094 = ORIENTED_EDGE('',*,*,#3054,.F.);
#3095 = ORIENTED_EDGE('',*,*,#1934,.F.);
#3096 = PLANE('',#3097);
#3097 = AXIS2_PLACEMENT_3D('',#3098,#3099,#3100);
#3098 = CARTESIAN_POINT('',(1.016,-3.81,0.));
#3099 = DIRECTION('',(-0.707106781187,0.707106781187,0.));
#3100 = DIRECTION('',(0.707106781187,0.707106781187,0.));
#3101 = ADVANCED_FACE('',(#3102),#3113,.F.);
#3102 = FACE_BOUND('',#3103,.F.);
#3103 = EDGE_LOOP('',(#3104,#3105,#3106,#3112));
#3104 = ORIENTED_EDGE('',*,*,#3073,.T.);
#3105 = ORIENTED_EDGE('',*,*,#2303,.T.);
#3106 = ORIENTED_EDGE('',*,*,#3107,.F.);
#3107 = EDGE_CURVE('',#1647,#2304,#3108,.T.);
#3108 = LINE('',#3109,#3110);
#3109 = CARTESIAN_POINT('',(-1.27,-6.096,0.));
#3110 = VECTOR('',#3111,1.);
#3111 = DIRECTION('',(0.,0.,1.));
#3112 = ORIENTED_EDGE('',*,*,#1646,.F.);
#3113 = PLANE('',#3114);
#3114 = AXIS2_PLACEMENT_3D('',#3115,#3116,#3117);
#3115 = CARTESIAN_POINT('',(-1.27,-4.064,0.));
#3116 = DIRECTION('',(1.,0.,0.));
#3117 = DIRECTION('',(0.,-1.,0.));
#3118 = ADVANCED_FACE('',(#3119),#3130,.F.);
#3119 = FACE_BOUND('',#3120,.F.);
#3120 = EDGE_LOOP('',(#3121,#3127,#3128,#3129));
#3121 = ORIENTED_EDGE('',*,*,#3122,.T.);
#3122 = EDGE_CURVE('',#1919,#2576,#3123,.T.);
#3123 = LINE('',#3124,#3125);
#3124 = CARTESIAN_POINT('',(1.27,-4.064,0.));
#3125 = VECTOR('',#3126,1.);
#3126 = DIRECTION('',(0.,0.,1.));
#3127 = ORIENTED_EDGE('',*,*,#2583,.T.);
#3128 = ORIENTED_EDGE('',*,*,#3088,.F.);
#3129 = ORIENTED_EDGE('',*,*,#1926,.F.);
#3130 = PLANE('',#3131);
#3131 = AXIS2_PLACEMENT_3D('',#3132,#3133,#3134);
#3132 = CARTESIAN_POINT('',(1.27,-4.064,0.));
#3133 = DIRECTION('',(-0.707106781187,-0.707106781187,0.));
#3134 = DIRECTION('',(-0.707106781187,0.707106781187,0.));
#3135 = ADVANCED_FACE('',(#3136),#3147,.F.);
#3136 = FACE_BOUND('',#3137,.F.);
#3137 = EDGE_LOOP('',(#3138,#3139,#3140,#3146));
#3138 = ORIENTED_EDGE('',*,*,#3107,.T.);
#3139 = ORIENTED_EDGE('',*,*,#2311,.T.);
#3140 = ORIENTED_EDGE('',*,*,#3141,.F.);
#3141 = EDGE_CURVE('',#1655,#2312,#3142,.T.);
#3142 = LINE('',#3143,#3144);
#3143 = CARTESIAN_POINT('',(-1.016,-6.35,0.));
#3144 = VECTOR('',#3145,1.);
#3145 = DIRECTION('',(0.,0.,1.));
#3146 = ORIENTED_EDGE('',*,*,#1654,.F.);
#3147 = PLANE('',#3148);
#3148 = AXIS2_PLACEMENT_3D('',#3149,#3150,#3151);
#3149 = CARTESIAN_POINT('',(-1.27,-6.096,0.));
#3150 = DIRECTION('',(0.707106781187,0.707106781187,0.));
#3151 = DIRECTION('',(0.707106781187,-0.707106781187,0.));
#3152 = ADVANCED_FACE('',(#3153),#3164,.F.);
#3153 = FACE_BOUND('',#3154,.F.);
#3154 = EDGE_LOOP('',(#3155,#3161,#3162,#3163));
#3155 = ORIENTED_EDGE('',*,*,#3156,.T.);
#3156 = EDGE_CURVE('',#1911,#2568,#3157,.T.);
#3157 = LINE('',#3158,#3159);
#3158 = CARTESIAN_POINT('',(1.27,-6.096,0.));
#3159 = VECTOR('',#3160,1.);
#3160 = DIRECTION('',(0.,0.,1.));
#3161 = ORIENTED_EDGE('',*,*,#2575,.T.);
#3162 = ORIENTED_EDGE('',*,*,#3122,.F.);
#3163 = ORIENTED_EDGE('',*,*,#1918,.F.);
#3164 = PLANE('',#3165);
#3165 = AXIS2_PLACEMENT_3D('',#3166,#3167,#3168);
#3166 = CARTESIAN_POINT('',(1.27,-6.096,0.));
#3167 = DIRECTION('',(-1.,0.,0.));
#3168 = DIRECTION('',(0.,1.,0.));
#3169 = ADVANCED_FACE('',(#3170),#3181,.F.);
#3170 = FACE_BOUND('',#3171,.F.);
#3171 = EDGE_LOOP('',(#3172,#3173,#3174,#3180));
#3172 = ORIENTED_EDGE('',*,*,#3141,.T.);
#3173 = ORIENTED_EDGE('',*,*,#2319,.T.);
#3174 = ORIENTED_EDGE('',*,*,#3175,.F.);
#3175 = EDGE_CURVE('',#1663,#2320,#3176,.T.);
#3176 = LINE('',#3177,#3178);
#3177 = CARTESIAN_POINT('',(-1.27,-6.604,0.));
#3178 = VECTOR('',#3179,1.);
#3179 = DIRECTION('',(0.,0.,1.));
#3180 = ORIENTED_EDGE('',*,*,#1662,.F.);
#3181 = PLANE('',#3182);
#3182 = AXIS2_PLACEMENT_3D('',#3183,#3184,#3185);
#3183 = CARTESIAN_POINT('',(-1.016,-6.35,0.));
#3184 = DIRECTION('',(0.707106781187,-0.707106781187,0.));
#3185 = DIRECTION('',(-0.707106781187,-0.707106781187,0.));
#3186 = ADVANCED_FACE('',(#3187),#3198,.F.);
#3187 = FACE_BOUND('',#3188,.F.);
#3188 = EDGE_LOOP('',(#3189,#3195,#3196,#3197));
#3189 = ORIENTED_EDGE('',*,*,#3190,.T.);
#3190 = EDGE_CURVE('',#1903,#2560,#3191,.T.);
#3191 = LINE('',#3192,#3193);
#3192 = CARTESIAN_POINT('',(1.016,-6.35,0.));
#3193 = VECTOR('',#3194,1.);
#3194 = DIRECTION('',(0.,0.,1.));
#3195 = ORIENTED_EDGE('',*,*,#2567,.T.);
#3196 = ORIENTED_EDGE('',*,*,#3156,.F.);
#3197 = ORIENTED_EDGE('',*,*,#1910,.F.);
#3198 = PLANE('',#3199);
#3199 = AXIS2_PLACEMENT_3D('',#3200,#3201,#3202);
#3200 = CARTESIAN_POINT('',(1.016,-6.35,0.));
#3201 = DIRECTION('',(-0.707106781187,0.707106781187,0.));
#3202 = DIRECTION('',(0.707106781187,0.707106781187,0.));
#3203 = ADVANCED_FACE('',(#3204),#3215,.F.);
#3204 = FACE_BOUND('',#3205,.F.);
#3205 = EDGE_LOOP('',(#3206,#3207,#3208,#3214));
#3206 = ORIENTED_EDGE('',*,*,#3175,.T.);
#3207 = ORIENTED_EDGE('',*,*,#2327,.T.);
#3208 = ORIENTED_EDGE('',*,*,#3209,.F.);
#3209 = EDGE_CURVE('',#1671,#2328,#3210,.T.);
#3210 = LINE('',#3211,#3212);
#3211 = CARTESIAN_POINT('',(-1.27,-8.636,0.));
#3212 = VECTOR('',#3213,1.);
#3213 = DIRECTION('',(0.,0.,1.));
#3214 = ORIENTED_EDGE('',*,*,#1670,.F.);
#3215 = PLANE('',#3216);
#3216 = AXIS2_PLACEMENT_3D('',#3217,#3218,#3219);
#3217 = CARTESIAN_POINT('',(-1.27,-6.604,0.));
#3218 = DIRECTION('',(1.,0.,0.));
#3219 = DIRECTION('',(0.,-1.,0.));
#3220 = ADVANCED_FACE('',(#3221),#3232,.F.);
#3221 = FACE_BOUND('',#3222,.F.);
#3222 = EDGE_LOOP('',(#3223,#3229,#3230,#3231));
#3223 = ORIENTED_EDGE('',*,*,#3224,.T.);
#3224 = EDGE_CURVE('',#1895,#2552,#3225,.T.);
#3225 = LINE('',#3226,#3227);
#3226 = CARTESIAN_POINT('',(1.27,-6.604,0.));
#3227 = VECTOR('',#3228,1.);
#3228 = DIRECTION('',(0.,0.,1.));
#3229 = ORIENTED_EDGE('',*,*,#2559,.T.);
#3230 = ORIENTED_EDGE('',*,*,#3190,.F.);
#3231 = ORIENTED_EDGE('',*,*,#1902,.F.);
#3232 = PLANE('',#3233);
#3233 = AXIS2_PLACEMENT_3D('',#3234,#3235,#3236);
#3234 = CARTESIAN_POINT('',(1.27,-6.604,0.));
#3235 = DIRECTION('',(-0.707106781187,-0.707106781187,0.));
#3236 = DIRECTION('',(-0.707106781187,0.707106781187,0.));
#3237 = ADVANCED_FACE('',(#3238),#3249,.F.);
#3238 = FACE_BOUND('',#3239,.F.);
#3239 = EDGE_LOOP('',(#3240,#3241,#3242,#3248));
#3240 = ORIENTED_EDGE('',*,*,#3209,.T.);
#3241 = ORIENTED_EDGE('',*,*,#2335,.T.);
#3242 = ORIENTED_EDGE('',*,*,#3243,.F.);
#3243 = EDGE_CURVE('',#1679,#2336,#3244,.T.);
#3244 = LINE('',#3245,#3246);
#3245 = CARTESIAN_POINT('',(-1.016,-8.89,0.));
#3246 = VECTOR('',#3247,1.);
#3247 = DIRECTION('',(0.,0.,1.));
#3248 = ORIENTED_EDGE('',*,*,#1678,.F.);
#3249 = PLANE('',#3250);
#3250 = AXIS2_PLACEMENT_3D('',#3251,#3252,#3253);
#3251 = CARTESIAN_POINT('',(-1.27,-8.636,0.));
#3252 = DIRECTION('',(0.707106781187,0.707106781187,0.));
#3253 = DIRECTION('',(0.707106781187,-0.707106781187,0.));
#3254 = ADVANCED_FACE('',(#3255),#3266,.F.);
#3255 = FACE_BOUND('',#3256,.F.);
#3256 = EDGE_LOOP('',(#3257,#3263,#3264,#3265));
#3257 = ORIENTED_EDGE('',*,*,#3258,.T.);
#3258 = EDGE_CURVE('',#1887,#2544,#3259,.T.);
#3259 = LINE('',#3260,#3261);
#3260 = CARTESIAN_POINT('',(1.27,-8.636,0.));
#3261 = VECTOR('',#3262,1.);
#3262 = DIRECTION('',(0.,0.,1.));
#3263 = ORIENTED_EDGE('',*,*,#2551,.T.);
#3264 = ORIENTED_EDGE('',*,*,#3224,.F.);
#3265 = ORIENTED_EDGE('',*,*,#1894,.F.);
#3266 = PLANE('',#3267);
#3267 = AXIS2_PLACEMENT_3D('',#3268,#3269,#3270);
#3268 = CARTESIAN_POINT('',(1.27,-8.636,0.));
#3269 = DIRECTION('',(-1.,0.,0.));
#3270 = DIRECTION('',(0.,1.,0.));
#3271 = ADVANCED_FACE('',(#3272),#3283,.F.);
#3272 = FACE_BOUND('',#3273,.F.);
#3273 = EDGE_LOOP('',(#3274,#3275,#3276,#3282));
#3274 = ORIENTED_EDGE('',*,*,#3243,.T.);
#3275 = ORIENTED_EDGE('',*,*,#2343,.T.);
#3276 = ORIENTED_EDGE('',*,*,#3277,.F.);
#3277 = EDGE_CURVE('',#1687,#2344,#3278,.T.);
#3278 = LINE('',#3279,#3280);
#3279 = CARTESIAN_POINT('',(-1.27,-9.144,0.));
#3280 = VECTOR('',#3281,1.);
#3281 = DIRECTION('',(0.,0.,1.));
#3282 = ORIENTED_EDGE('',*,*,#1686,.F.);
#3283 = PLANE('',#3284);
#3284 = AXIS2_PLACEMENT_3D('',#3285,#3286,#3287);
#3285 = CARTESIAN_POINT('',(-1.016,-8.89,0.));
#3286 = DIRECTION('',(0.707106781187,-0.707106781187,0.));
#3287 = DIRECTION('',(-0.707106781187,-0.707106781187,0.));
#3288 = ADVANCED_FACE('',(#3289),#3300,.F.);
#3289 = FACE_BOUND('',#3290,.F.);
#3290 = EDGE_LOOP('',(#3291,#3297,#3298,#3299));
#3291 = ORIENTED_EDGE('',*,*,#3292,.T.);
#3292 = EDGE_CURVE('',#1879,#2536,#3293,.T.);
#3293 = LINE('',#3294,#3295);
#3294 = CARTESIAN_POINT('',(1.016,-8.89,0.));
#3295 = VECTOR('',#3296,1.);
#3296 = DIRECTION('',(0.,0.,1.));
#3297 = ORIENTED_EDGE('',*,*,#2543,.T.);
#3298 = ORIENTED_EDGE('',*,*,#3258,.F.);
#3299 = ORIENTED_EDGE('',*,*,#1886,.F.);
#3300 = PLANE('',#3301);
#3301 = AXIS2_PLACEMENT_3D('',#3302,#3303,#3304);
#3302 = CARTESIAN_POINT('',(1.016,-8.89,0.));
#3303 = DIRECTION('',(-0.707106781187,0.707106781187,0.));
#3304 = DIRECTION('',(0.707106781187,0.707106781187,0.));
#3305 = ADVANCED_FACE('',(#3306),#3317,.F.);
#3306 = FACE_BOUND('',#3307,.F.);
#3307 = EDGE_LOOP('',(#3308,#3309,#3310,#3316));
#3308 = ORIENTED_EDGE('',*,*,#3277,.T.);
#3309 = ORIENTED_EDGE('',*,*,#2351,.T.);
#3310 = ORIENTED_EDGE('',*,*,#3311,.F.);
#3311 = EDGE_CURVE('',#1695,#2352,#3312,.T.);
#3312 = LINE('',#3313,#3314);
#3313 = CARTESIAN_POINT('',(-1.27,-11.176,0.));
#3314 = VECTOR('',#3315,1.);
#3315 = DIRECTION('',(0.,0.,1.));
#3316 = ORIENTED_EDGE('',*,*,#1694,.F.);
#3317 = PLANE('',#3318);
#3318 = AXIS2_PLACEMENT_3D('',#3319,#3320,#3321);
#3319 = CARTESIAN_POINT('',(-1.27,-9.144,0.));
#3320 = DIRECTION('',(1.,0.,0.));
#3321 = DIRECTION('',(0.,-1.,0.));
#3322 = ADVANCED_FACE('',(#3323),#3334,.F.);
#3323 = FACE_BOUND('',#3324,.F.);
#3324 = EDGE_LOOP('',(#3325,#3331,#3332,#3333));
#3325 = ORIENTED_EDGE('',*,*,#3326,.T.);
#3326 = EDGE_CURVE('',#1871,#2528,#3327,.T.);
#3327 = LINE('',#3328,#3329);
#3328 = CARTESIAN_POINT('',(1.27,-9.144,0.));
#3329 = VECTOR('',#3330,1.);
#3330 = DIRECTION('',(0.,0.,1.));
#3331 = ORIENTED_EDGE('',*,*,#2535,.T.);
#3332 = ORIENTED_EDGE('',*,*,#3292,.F.);
#3333 = ORIENTED_EDGE('',*,*,#1878,.F.);
#3334 = PLANE('',#3335);
#3335 = AXIS2_PLACEMENT_3D('',#3336,#3337,#3338);
#3336 = CARTESIAN_POINT('',(1.27,-9.144,0.));
#3337 = DIRECTION('',(-0.707106781187,-0.707106781187,0.));
#3338 = DIRECTION('',(-0.707106781187,0.707106781187,0.));
#3339 = ADVANCED_FACE('',(#3340),#3351,.F.);
#3340 = FACE_BOUND('',#3341,.F.);
#3341 = EDGE_LOOP('',(#3342,#3343,#3344,#3350));
#3342 = ORIENTED_EDGE('',*,*,#3311,.T.);
#3343 = ORIENTED_EDGE('',*,*,#2359,.T.);
#3344 = ORIENTED_EDGE('',*,*,#3345,.F.);
#3345 = EDGE_CURVE('',#1703,#2360,#3346,.T.);
#3346 = LINE('',#3347,#3348);
#3347 = CARTESIAN_POINT('',(-1.016,-11.43,0.));
#3348 = VECTOR('',#3349,1.);
#3349 = DIRECTION('',(0.,0.,1.));
#3350 = ORIENTED_EDGE('',*,*,#1702,.F.);
#3351 = PLANE('',#3352);
#3352 = AXIS2_PLACEMENT_3D('',#3353,#3354,#3355);
#3353 = CARTESIAN_POINT('',(-1.27,-11.176,0.));
#3354 = DIRECTION('',(0.707106781187,0.707106781187,0.));
#3355 = DIRECTION('',(0.707106781187,-0.707106781187,0.));
#3356 = ADVANCED_FACE('',(#3357),#3368,.F.);
#3357 = FACE_BOUND('',#3358,.F.);
#3358 = EDGE_LOOP('',(#3359,#3365,#3366,#3367));
#3359 = ORIENTED_EDGE('',*,*,#3360,.T.);
#3360 = EDGE_CURVE('',#1863,#2520,#3361,.T.);
#3361 = LINE('',#3362,#3363);
#3362 = CARTESIAN_POINT('',(1.27,-11.176,0.));
#3363 = VECTOR('',#3364,1.);
#3364 = DIRECTION('',(0.,0.,1.));
#3365 = ORIENTED_EDGE('',*,*,#2527,.T.);
#3366 = ORIENTED_EDGE('',*,*,#3326,.F.);
#3367 = ORIENTED_EDGE('',*,*,#1870,.F.);
#3368 = PLANE('',#3369);
#3369 = AXIS2_PLACEMENT_3D('',#3370,#3371,#3372);
#3370 = CARTESIAN_POINT('',(1.27,-11.176,0.));
#3371 = DIRECTION('',(-1.,0.,0.));
#3372 = DIRECTION('',(0.,1.,0.));
#3373 = ADVANCED_FACE('',(#3374),#3385,.F.);
#3374 = FACE_BOUND('',#3375,.F.);
#3375 = EDGE_LOOP('',(#3376,#3377,#3378,#3384));
#3376 = ORIENTED_EDGE('',*,*,#3345,.T.);
#3377 = ORIENTED_EDGE('',*,*,#2367,.T.);
#3378 = ORIENTED_EDGE('',*,*,#3379,.F.);
#3379 = EDGE_CURVE('',#1711,#2368,#3380,.T.);
#3380 = LINE('',#3381,#3382);
#3381 = CARTESIAN_POINT('',(-1.27,-11.684,0.));
#3382 = VECTOR('',#3383,1.);
#3383 = DIRECTION('',(0.,0.,1.));
#3384 = ORIENTED_EDGE('',*,*,#1710,.F.);
#3385 = PLANE('',#3386);
#3386 = AXIS2_PLACEMENT_3D('',#3387,#3388,#3389);
#3387 = CARTESIAN_POINT('',(-1.016,-11.43,0.));
#3388 = DIRECTION('',(0.707106781187,-0.707106781187,0.));
#3389 = DIRECTION('',(-0.707106781187,-0.707106781187,0.));
#3390 = ADVANCED_FACE('',(#3391),#3402,.F.);
#3391 = FACE_BOUND('',#3392,.F.);
#3392 = EDGE_LOOP('',(#3393,#3399,#3400,#3401));
#3393 = ORIENTED_EDGE('',*,*,#3394,.T.);
#3394 = EDGE_CURVE('',#1855,#2512,#3395,.T.);
#3395 = LINE('',#3396,#3397);
#3396 = CARTESIAN_POINT('',(1.016,-11.43,0.));
#3397 = VECTOR('',#3398,1.);
#3398 = DIRECTION('',(0.,0.,1.));
#3399 = ORIENTED_EDGE('',*,*,#2519,.T.);
#3400 = ORIENTED_EDGE('',*,*,#3360,.F.);
#3401 = ORIENTED_EDGE('',*,*,#1862,.F.);
#3402 = PLANE('',#3403);
#3403 = AXIS2_PLACEMENT_3D('',#3404,#3405,#3406);
#3404 = CARTESIAN_POINT('',(1.016,-11.43,0.));
#3405 = DIRECTION('',(-0.707106781187,0.707106781187,0.));
#3406 = DIRECTION('',(0.707106781187,0.707106781187,0.));
#3407 = ADVANCED_FACE('',(#3408),#3419,.F.);
#3408 = FACE_BOUND('',#3409,.F.);
#3409 = EDGE_LOOP('',(#3410,#3411,#3412,#3418));
#3410 = ORIENTED_EDGE('',*,*,#3379,.T.);
#3411 = ORIENTED_EDGE('',*,*,#2375,.T.);
#3412 = ORIENTED_EDGE('',*,*,#3413,.F.);
#3413 = EDGE_CURVE('',#1719,#2376,#3414,.T.);
#3414 = LINE('',#3415,#3416);
#3415 = CARTESIAN_POINT('',(-1.27,-13.716,0.));
#3416 = VECTOR('',#3417,1.);
#3417 = DIRECTION('',(0.,0.,1.));
#3418 = ORIENTED_EDGE('',*,*,#1718,.F.);
#3419 = PLANE('',#3420);
#3420 = AXIS2_PLACEMENT_3D('',#3421,#3422,#3423);
#3421 = CARTESIAN_POINT('',(-1.27,-11.684,0.));
#3422 = DIRECTION('',(1.,0.,0.));
#3423 = DIRECTION('',(0.,-1.,0.));
#3424 = ADVANCED_FACE('',(#3425),#3436,.F.);
#3425 = FACE_BOUND('',#3426,.F.);
#3426 = EDGE_LOOP('',(#3427,#3433,#3434,#3435));
#3427 = ORIENTED_EDGE('',*,*,#3428,.T.);
#3428 = EDGE_CURVE('',#1847,#2504,#3429,.T.);
#3429 = LINE('',#3430,#3431);
#3430 = CARTESIAN_POINT('',(1.27,-11.684,0.));
#3431 = VECTOR('',#3432,1.);
#3432 = DIRECTION('',(0.,0.,1.));
#3433 = ORIENTED_EDGE('',*,*,#2511,.T.);
#3434 = ORIENTED_EDGE('',*,*,#3394,.F.);
#3435 = ORIENTED_EDGE('',*,*,#1854,.F.);
#3436 = PLANE('',#3437);
#3437 = AXIS2_PLACEMENT_3D('',#3438,#3439,#3440);
#3438 = CARTESIAN_POINT('',(1.27,-11.684,0.));
#3439 = DIRECTION('',(-0.707106781187,-0.707106781187,0.));
#3440 = DIRECTION('',(-0.707106781187,0.707106781187,0.));
#3441 = ADVANCED_FACE('',(#3442),#3453,.F.);
#3442 = FACE_BOUND('',#3443,.F.);
#3443 = EDGE_LOOP('',(#3444,#3445,#3446,#3452));
#3444 = ORIENTED_EDGE('',*,*,#3413,.T.);
#3445 = ORIENTED_EDGE('',*,*,#2383,.T.);
#3446 = ORIENTED_EDGE('',*,*,#3447,.F.);
#3447 = EDGE_CURVE('',#1727,#2384,#3448,.T.);
#3448 = LINE('',#3449,#3450);
#3449 = CARTESIAN_POINT('',(-1.016,-13.97,0.));
#3450 = VECTOR('',#3451,1.);
#3451 = DIRECTION('',(0.,0.,1.));
#3452 = ORIENTED_EDGE('',*,*,#1726,.F.);
#3453 = PLANE('',#3454);
#3454 = AXIS2_PLACEMENT_3D('',#3455,#3456,#3457);
#3455 = CARTESIAN_POINT('',(-1.27,-13.716,0.));
#3456 = DIRECTION('',(0.707106781187,0.707106781187,0.));
#3457 = DIRECTION('',(0.707106781187,-0.707106781187,0.));
#3458 = ADVANCED_FACE('',(#3459),#3470,.F.);
#3459 = FACE_BOUND('',#3460,.F.);
#3460 = EDGE_LOOP('',(#3461,#3467,#3468,#3469));
#3461 = ORIENTED_EDGE('',*,*,#3462,.T.);
#3462 = EDGE_CURVE('',#1839,#2496,#3463,.T.);
#3463 = LINE('',#3464,#3465);
#3464 = CARTESIAN_POINT('',(1.27,-13.716,0.));
#3465 = VECTOR('',#3466,1.);
#3466 = DIRECTION('',(0.,0.,1.));
#3467 = ORIENTED_EDGE('',*,*,#2503,.T.);
#3468 = ORIENTED_EDGE('',*,*,#3428,.F.);
#3469 = ORIENTED_EDGE('',*,*,#1846,.F.);
#3470 = PLANE('',#3471);
#3471 = AXIS2_PLACEMENT_3D('',#3472,#3473,#3474);
#3472 = CARTESIAN_POINT('',(1.27,-13.716,0.));
#3473 = DIRECTION('',(-1.,0.,0.));
#3474 = DIRECTION('',(0.,1.,0.));
#3475 = ADVANCED_FACE('',(#3476),#3487,.F.);
#3476 = FACE_BOUND('',#3477,.F.);
#3477 = EDGE_LOOP('',(#3478,#3479,#3480,#3486));
#3478 = ORIENTED_EDGE('',*,*,#3447,.T.);
#3479 = ORIENTED_EDGE('',*,*,#2391,.T.);
#3480 = ORIENTED_EDGE('',*,*,#3481,.F.);
#3481 = EDGE_CURVE('',#1735,#2392,#3482,.T.);
#3482 = LINE('',#3483,#3484);
#3483 = CARTESIAN_POINT('',(-1.27,-14.224,0.));
#3484 = VECTOR('',#3485,1.);
#3485 = DIRECTION('',(0.,0.,1.));
#3486 = ORIENTED_EDGE('',*,*,#1734,.F.);
#3487 = PLANE('',#3488);
#3488 = AXIS2_PLACEMENT_3D('',#3489,#3490,#3491);
#3489 = CARTESIAN_POINT('',(-1.016,-13.97,0.));
#3490 = DIRECTION('',(0.707106781187,-0.707106781187,0.));
#3491 = DIRECTION('',(-0.707106781187,-0.707106781187,0.));
#3492 = ADVANCED_FACE('',(#3493),#3504,.F.);
#3493 = FACE_BOUND('',#3494,.F.);
#3494 = EDGE_LOOP('',(#3495,#3501,#3502,#3503));
#3495 = ORIENTED_EDGE('',*,*,#3496,.T.);
#3496 = EDGE_CURVE('',#1831,#2488,#3497,.T.);
#3497 = LINE('',#3498,#3499);
#3498 = CARTESIAN_POINT('',(1.016,-13.97,0.));
#3499 = VECTOR('',#3500,1.);
#3500 = DIRECTION('',(0.,0.,1.));
#3501 = ORIENTED_EDGE('',*,*,#2495,.T.);
#3502 = ORIENTED_EDGE('',*,*,#3462,.F.);
#3503 = ORIENTED_EDGE('',*,*,#1838,.F.);
#3504 = PLANE('',#3505);
#3505 = AXIS2_PLACEMENT_3D('',#3506,#3507,#3508);
#3506 = CARTESIAN_POINT('',(1.016,-13.97,0.));
#3507 = DIRECTION('',(-0.707106781187,0.707106781187,0.));
#3508 = DIRECTION('',(0.707106781187,0.707106781187,0.));
#3509 = ADVANCED_FACE('',(#3510),#3521,.F.);
#3510 = FACE_BOUND('',#3511,.F.);
#3511 = EDGE_LOOP('',(#3512,#3513,#3514,#3520));
#3512 = ORIENTED_EDGE('',*,*,#3481,.T.);
#3513 = ORIENTED_EDGE('',*,*,#2399,.T.);
#3514 = ORIENTED_EDGE('',*,*,#3515,.F.);
#3515 = EDGE_CURVE('',#1743,#2400,#3516,.T.);
#3516 = LINE('',#3517,#3518);
#3517 = CARTESIAN_POINT('',(-1.27,-16.256,0.));
#3518 = VECTOR('',#3519,1.);
#3519 = DIRECTION('',(0.,0.,1.));
#3520 = ORIENTED_EDGE('',*,*,#1742,.F.);
#3521 = PLANE('',#3522);
#3522 = AXIS2_PLACEMENT_3D('',#3523,#3524,#3525);
#3523 = CARTESIAN_POINT('',(-1.27,-14.224,0.));
#3524 = DIRECTION('',(1.,0.,0.));
#3525 = DIRECTION('',(0.,-1.,0.));
#3526 = ADVANCED_FACE('',(#3527),#3538,.F.);
#3527 = FACE_BOUND('',#3528,.F.);
#3528 = EDGE_LOOP('',(#3529,#3535,#3536,#3537));
#3529 = ORIENTED_EDGE('',*,*,#3530,.T.);
#3530 = EDGE_CURVE('',#1823,#2480,#3531,.T.);
#3531 = LINE('',#3532,#3533);
#3532 = CARTESIAN_POINT('',(1.27,-14.224,0.));
#3533 = VECTOR('',#3534,1.);
#3534 = DIRECTION('',(0.,0.,1.));
#3535 = ORIENTED_EDGE('',*,*,#2487,.T.);
#3536 = ORIENTED_EDGE('',*,*,#3496,.F.);
#3537 = ORIENTED_EDGE('',*,*,#1830,.F.);
#3538 = PLANE('',#3539);
#3539 = AXIS2_PLACEMENT_3D('',#3540,#3541,#3542);
#3540 = CARTESIAN_POINT('',(1.27,-14.224,0.));
#3541 = DIRECTION('',(-0.707106781187,-0.707106781187,0.));
#3542 = DIRECTION('',(-0.707106781187,0.707106781187,0.));
#3543 = ADVANCED_FACE('',(#3544),#3555,.F.);
#3544 = FACE_BOUND('',#3545,.F.);
#3545 = EDGE_LOOP('',(#3546,#3547,#3548,#3554));
#3546 = ORIENTED_EDGE('',*,*,#3515,.T.);
#3547 = ORIENTED_EDGE('',*,*,#2407,.T.);
#3548 = ORIENTED_EDGE('',*,*,#3549,.F.);
#3549 = EDGE_CURVE('',#1751,#2408,#3550,.T.);
#3550 = LINE('',#3551,#3552);
#3551 = CARTESIAN_POINT('',(-1.016,-16.51,0.));
#3552 = VECTOR('',#3553,1.);
#3553 = DIRECTION('',(0.,0.,1.));
#3554 = ORIENTED_EDGE('',*,*,#1750,.F.);
#3555 = PLANE('',#3556);
#3556 = AXIS2_PLACEMENT_3D('',#3557,#3558,#3559);
#3557 = CARTESIAN_POINT('',(-1.27,-16.256,0.));
#3558 = DIRECTION('',(0.707106781187,0.707106781187,0.));
#3559 = DIRECTION('',(0.707106781187,-0.707106781187,0.));
#3560 = ADVANCED_FACE('',(#3561),#3572,.F.);
#3561 = FACE_BOUND('',#3562,.F.);
#3562 = EDGE_LOOP('',(#3563,#3569,#3570,#3571));
#3563 = ORIENTED_EDGE('',*,*,#3564,.T.);
#3564 = EDGE_CURVE('',#1815,#2472,#3565,.T.);
#3565 = LINE('',#3566,#3567);
#3566 = CARTESIAN_POINT('',(1.27,-16.256,0.));
#3567 = VECTOR('',#3568,1.);
#3568 = DIRECTION('',(0.,0.,1.));
#3569 = ORIENTED_EDGE('',*,*,#2479,.T.);
#3570 = ORIENTED_EDGE('',*,*,#3530,.F.);
#3571 = ORIENTED_EDGE('',*,*,#1822,.F.);
#3572 = PLANE('',#3573);
#3573 = AXIS2_PLACEMENT_3D('',#3574,#3575,#3576);
#3574 = CARTESIAN_POINT('',(1.27,-16.256,0.));
#3575 = DIRECTION('',(-1.,0.,0.));
#3576 = DIRECTION('',(0.,1.,0.));
#3577 = ADVANCED_FACE('',(#3578),#3589,.F.);
#3578 = FACE_BOUND('',#3579,.F.);
#3579 = EDGE_LOOP('',(#3580,#3581,#3582,#3588));
#3580 = ORIENTED_EDGE('',*,*,#3549,.T.);
#3581 = ORIENTED_EDGE('',*,*,#2415,.T.);
#3582 = ORIENTED_EDGE('',*,*,#3583,.F.);
#3583 = EDGE_CURVE('',#1759,#2416,#3584,.T.);
#3584 = LINE('',#3585,#3586);
#3585 = CARTESIAN_POINT('',(-1.27,-16.764,0.));
#3586 = VECTOR('',#3587,1.);
#3587 = DIRECTION('',(0.,0.,1.));
#3588 = ORIENTED_EDGE('',*,*,#1758,.F.);
#3589 = PLANE('',#3590);
#3590 = AXIS2_PLACEMENT_3D('',#3591,#3592,#3593);
#3591 = CARTESIAN_POINT('',(-1.016,-16.51,0.));
#3592 = DIRECTION('',(0.707106781187,-0.707106781187,0.));
#3593 = DIRECTION('',(-0.707106781187,-0.707106781187,0.));
#3594 = ADVANCED_FACE('',(#3595),#3606,.F.);
#3595 = FACE_BOUND('',#3596,.F.);
#3596 = EDGE_LOOP('',(#3597,#3603,#3604,#3605));
#3597 = ORIENTED_EDGE('',*,*,#3598,.T.);
#3598 = EDGE_CURVE('',#1807,#2464,#3599,.T.);
#3599 = LINE('',#3600,#3601);
#3600 = CARTESIAN_POINT('',(1.016,-16.51,0.));
#3601 = VECTOR('',#3602,1.);
#3602 = DIRECTION('',(0.,0.,1.));
#3603 = ORIENTED_EDGE('',*,*,#2471,.T.);
#3604 = ORIENTED_EDGE('',*,*,#3564,.F.);
#3605 = ORIENTED_EDGE('',*,*,#1814,.F.);
#3606 = PLANE('',#3607);
#3607 = AXIS2_PLACEMENT_3D('',#3608,#3609,#3610);
#3608 = CARTESIAN_POINT('',(1.016,-16.51,0.));
#3609 = DIRECTION('',(-0.707106781187,0.707106781187,0.));
#3610 = DIRECTION('',(0.707106781187,0.707106781187,0.));
#3611 = ADVANCED_FACE('',(#3612),#3623,.F.);
#3612 = FACE_BOUND('',#3613,.F.);
#3613 = EDGE_LOOP('',(#3614,#3615,#3616,#3622));
#3614 = ORIENTED_EDGE('',*,*,#3583,.T.);
#3615 = ORIENTED_EDGE('',*,*,#2423,.T.);
#3616 = ORIENTED_EDGE('',*,*,#3617,.F.);
#3617 = EDGE_CURVE('',#1767,#2424,#3618,.T.);
#3618 = LINE('',#3619,#3620);
#3619 = CARTESIAN_POINT('',(-1.27,-18.796,0.));
#3620 = VECTOR('',#3621,1.);
#3621 = DIRECTION('',(0.,0.,1.));
#3622 = ORIENTED_EDGE('',*,*,#1766,.F.);
#3623 = PLANE('',#3624);
#3624 = AXIS2_PLACEMENT_3D('',#3625,#3626,#3627);
#3625 = CARTESIAN_POINT('',(-1.27,-16.764,0.));
#3626 = DIRECTION('',(1.,0.,0.));
#3627 = DIRECTION('',(0.,-1.,0.));
#3628 = ADVANCED_FACE('',(#3629),#3640,.F.);
#3629 = FACE_BOUND('',#3630,.F.);
#3630 = EDGE_LOOP('',(#3631,#3637,#3638,#3639));
#3631 = ORIENTED_EDGE('',*,*,#3632,.T.);
#3632 = EDGE_CURVE('',#1799,#2456,#3633,.T.);
#3633 = LINE('',#3634,#3635);
#3634 = CARTESIAN_POINT('',(1.27,-16.764,0.));
#3635 = VECTOR('',#3636,1.);
#3636 = DIRECTION('',(0.,0.,1.));
#3637 = ORIENTED_EDGE('',*,*,#2463,.T.);
#3638 = ORIENTED_EDGE('',*,*,#3598,.F.);
#3639 = ORIENTED_EDGE('',*,*,#1806,.F.);
#3640 = PLANE('',#3641);
#3641 = AXIS2_PLACEMENT_3D('',#3642,#3643,#3644);
#3642 = CARTESIAN_POINT('',(1.27,-16.764,0.));
#3643 = DIRECTION('',(-0.707106781187,-0.707106781187,0.));
#3644 = DIRECTION('',(-0.707106781187,0.707106781187,0.));
#3645 = ADVANCED_FACE('',(#3646),#3657,.F.);
#3646 = FACE_BOUND('',#3647,.F.);
#3647 = EDGE_LOOP('',(#3648,#3649,#3650,#3656));
#3648 = ORIENTED_EDGE('',*,*,#3617,.T.);
#3649 = ORIENTED_EDGE('',*,*,#2431,.T.);
#3650 = ORIENTED_EDGE('',*,*,#3651,.F.);
#3651 = EDGE_CURVE('',#1775,#2432,#3652,.T.);
#3652 = LINE('',#3653,#3654);
#3653 = CARTESIAN_POINT('',(-1.016,-19.05,0.));
#3654 = VECTOR('',#3655,1.);
#3655 = DIRECTION('',(0.,0.,1.));
#3656 = ORIENTED_EDGE('',*,*,#1774,.F.);
#3657 = PLANE('',#3658);
#3658 = AXIS2_PLACEMENT_3D('',#3659,#3660,#3661);
#3659 = CARTESIAN_POINT('',(-1.27,-18.796,0.));
#3660 = DIRECTION('',(0.707106781187,0.707106781187,0.));
#3661 = DIRECTION('',(0.707106781187,-0.707106781187,0.));
#3662 = ADVANCED_FACE('',(#3663),#3674,.F.);
#3663 = FACE_BOUND('',#3664,.F.);
#3664 = EDGE_LOOP('',(#3665,#3671,#3672,#3673));
#3665 = ORIENTED_EDGE('',*,*,#3666,.T.);
#3666 = EDGE_CURVE('',#1791,#2448,#3667,.T.);
#3667 = LINE('',#3668,#3669);
#3668 = CARTESIAN_POINT('',(1.27,-18.796,0.));
#3669 = VECTOR('',#3670,1.);
#3670 = DIRECTION('',(0.,0.,1.));
#3671 = ORIENTED_EDGE('',*,*,#2455,.T.);
#3672 = ORIENTED_EDGE('',*,*,#3632,.F.);
#3673 = ORIENTED_EDGE('',*,*,#1798,.F.);
#3674 = PLANE('',#3675);
#3675 = AXIS2_PLACEMENT_3D('',#3676,#3677,#3678);
#3676 = CARTESIAN_POINT('',(1.27,-18.796,0.));
#3677 = DIRECTION('',(-1.,0.,0.));
#3678 = DIRECTION('',(0.,1.,0.));
#3679 = ADVANCED_FACE('',(#3680),#3691,.F.);
#3680 = FACE_BOUND('',#3681,.F.);
#3681 = EDGE_LOOP('',(#3682,#3683,#3684,#3690));
#3682 = ORIENTED_EDGE('',*,*,#3651,.T.);
#3683 = ORIENTED_EDGE('',*,*,#2439,.T.);
#3684 = ORIENTED_EDGE('',*,*,#3685,.F.);
#3685 = EDGE_CURVE('',#1783,#2440,#3686,.T.);
#3686 = LINE('',#3687,#3688);
#3687 = CARTESIAN_POINT('',(1.016,-19.05,0.));
#3688 = VECTOR('',#3689,1.);
#3689 = DIRECTION('',(0.,0.,1.));
#3690 = ORIENTED_EDGE('',*,*,#1782,.F.);
#3691 = PLANE('',#3692);
#3692 = AXIS2_PLACEMENT_3D('',#3693,#3694,#3695);
#3693 = CARTESIAN_POINT('',(-1.016,-19.05,0.));
#3694 = DIRECTION('',(0.,1.,0.));
#3695 = DIRECTION('',(1.,0.,0.));
#3696 = ADVANCED_FACE('',(#3697),#3703,.F.);
#3697 = FACE_BOUND('',#3698,.F.);
#3698 = EDGE_LOOP('',(#3699,#3700,#3701,#3702));
#3699 = ORIENTED_EDGE('',*,*,#3685,.T.);
#3700 = ORIENTED_EDGE('',*,*,#2447,.T.);
#3701 = ORIENTED_EDGE('',*,*,#3666,.F.);
#3702 = ORIENTED_EDGE('',*,*,#1790,.F.);
#3703 = PLANE('',#3704);
#3704 = AXIS2_PLACEMENT_3D('',#3705,#3706,#3707);
#3705 = CARTESIAN_POINT('',(1.016,-19.05,0.));
#3706 = DIRECTION('',(-0.707106781187,0.707106781187,0.));
#3707 = DIRECTION('',(0.707106781187,0.707106781187,0.));
#3708 = ADVANCED_FACE('',(#3709),#3734,.F.);
#3709 = FACE_BOUND('',#3710,.F.);
#3710 = EDGE_LOOP('',(#3711,#3719,#3727,#3733));
#3711 = ORIENTED_EDGE('',*,*,#3712,.F.);
#3712 = EDGE_CURVE('',#3713,#1984,#3715,.T.);
#3713 = VERTEX_POINT('',#3714);
#3714 = CARTESIAN_POINT('',(0.32,-18.1,-2.84));
#3715 = LINE('',#3716,#3717);
#3716 = CARTESIAN_POINT('',(0.32,-18.1,-3.));
#3717 = VECTOR('',#3718,1.);
#3718 = DIRECTION('',(0.,0.,1.));
#3719 = ORIENTED_EDGE('',*,*,#3720,.F.);
#3720 = EDGE_CURVE('',#3721,#3713,#3723,.T.);
#3721 = VERTEX_POINT('',#3722);
#3722 = CARTESIAN_POINT('',(-0.32,-18.1,-2.84));
#3723 = LINE('',#3724,#3725);
#3724 = CARTESIAN_POINT('',(-0.32,-18.1,-2.84));
#3725 = VECTOR('',#3726,1.);
#3726 = DIRECTION('',(1.,0.,0.));
#3727 = ORIENTED_EDGE('',*,*,#3728,.T.);
#3728 = EDGE_CURVE('',#3721,#1986,#3729,.T.);
#3729 = LINE('',#3730,#3731);
#3730 = CARTESIAN_POINT('',(-0.32,-18.1,-3.));
#3731 = VECTOR('',#3732,1.);
#3732 = DIRECTION('',(0.,0.,1.));
#3733 = ORIENTED_EDGE('',*,*,#1983,.F.);
#3734 = PLANE('',#3735);
#3735 = AXIS2_PLACEMENT_3D('',#3736,#3737,#3738);
#3736 = CARTESIAN_POINT('',(-0.32,-18.1,-3.));
#3737 = DIRECTION('',(0.,1.,0.));
#3738 = DIRECTION('',(0.,-0.,1.));
#3739 = ADVANCED_FACE('',(#3740),#3758,.T.);
#3740 = FACE_BOUND('',#3741,.T.);
#3741 = EDGE_LOOP('',(#3742,#3743,#3751,#3757));
#3742 = ORIENTED_EDGE('',*,*,#3712,.F.);
#3743 = ORIENTED_EDGE('',*,*,#3744,.T.);
#3744 = EDGE_CURVE('',#3713,#3745,#3747,.T.);
#3745 = VERTEX_POINT('',#3746);
#3746 = CARTESIAN_POINT('',(0.32,-17.46,-2.84));
#3747 = LINE('',#3748,#3749);
#3748 = CARTESIAN_POINT('',(0.32,-18.1,-2.84));
#3749 = VECTOR('',#3750,1.);
#3750 = DIRECTION('',(0.,1.,0.));
#3751 = ORIENTED_EDGE('',*,*,#3752,.T.);
#3752 = EDGE_CURVE('',#3745,#2002,#3753,.T.);
#3753 = LINE('',#3754,#3755);
#3754 = CARTESIAN_POINT('',(0.32,-17.46,-3.));
#3755 = VECTOR('',#3756,1.);
#3756 = DIRECTION('',(0.,0.,1.));
#3757 = ORIENTED_EDGE('',*,*,#2009,.F.);
#3758 = PLANE('',#3759);
#3759 = AXIS2_PLACEMENT_3D('',#3760,#3761,#3762);
#3760 = CARTESIAN_POINT('',(0.32,-18.1,-3.));
#3761 = DIRECTION('',(1.,0.,0.));
#3762 = DIRECTION('',(0.,0.,1.));
#3763 = ADVANCED_FACE('',(#3764),#3782,.T.);
#3764 = FACE_BOUND('',#3765,.T.);
#3765 = EDGE_LOOP('',(#3766,#3767,#3775,#3781));
#3766 = ORIENTED_EDGE('',*,*,#3752,.F.);
#3767 = ORIENTED_EDGE('',*,*,#3768,.F.);
#3768 = EDGE_CURVE('',#3769,#3745,#3771,.T.);
#3769 = VERTEX_POINT('',#3770);
#3770 = CARTESIAN_POINT('',(-0.32,-17.46,-2.84));
#3771 = LINE('',#3772,#3773);
#3772 = CARTESIAN_POINT('',(-0.32,-17.46,-2.84));
#3773 = VECTOR('',#3774,1.);
#3774 = DIRECTION('',(1.,0.,0.));
#3775 = ORIENTED_EDGE('',*,*,#3776,.T.);
#3776 = EDGE_CURVE('',#3769,#1994,#3777,.T.);
#3777 = LINE('',#3778,#3779);
#3778 = CARTESIAN_POINT('',(-0.32,-17.46,-3.));
#3779 = VECTOR('',#3780,1.);
#3780 = DIRECTION('',(0.,0.,1.));
#3781 = ORIENTED_EDGE('',*,*,#2001,.F.);
#3782 = PLANE('',#3783);
#3783 = AXIS2_PLACEMENT_3D('',#3784,#3785,#3786);
#3784 = CARTESIAN_POINT('',(-0.32,-17.46,-3.));
#3785 = DIRECTION('',(0.,1.,0.));
#3786 = DIRECTION('',(0.,-0.,1.));
#3787 = ADVANCED_FACE('',(#3788),#3799,.F.);
#3788 = FACE_BOUND('',#3789,.F.);
#3789 = EDGE_LOOP('',(#3790,#3791,#3797,#3798));
#3790 = ORIENTED_EDGE('',*,*,#3728,.F.);
#3791 = ORIENTED_EDGE('',*,*,#3792,.T.);
#3792 = EDGE_CURVE('',#3721,#3769,#3793,.T.);
#3793 = LINE('',#3794,#3795);
#3794 = CARTESIAN_POINT('',(-0.32,-18.1,-2.84));
#3795 = VECTOR('',#3796,1.);
#3796 = DIRECTION('',(0.,1.,0.));
#3797 = ORIENTED_EDGE('',*,*,#3776,.T.);
#3798 = ORIENTED_EDGE('',*,*,#1993,.F.);
#3799 = PLANE('',#3800);
#3800 = AXIS2_PLACEMENT_3D('',#3801,#3802,#3803);
#3801 = CARTESIAN_POINT('',(-0.32,-18.1,-3.));
#3802 = DIRECTION('',(1.,0.,0.));
#3803 = DIRECTION('',(0.,0.,1.));
#3804 = ADVANCED_FACE('',(#3805),#3830,.T.);
#3805 = FACE_BOUND('',#3806,.T.);
#3806 = EDGE_LOOP('',(#3807,#3815,#3823,#3829));
#3807 = ORIENTED_EDGE('',*,*,#3808,.F.);
#3808 = EDGE_CURVE('',#3809,#2018,#3811,.T.);
#3809 = VERTEX_POINT('',#3810);
#3810 = CARTESIAN_POINT('',(0.32,-14.92,-2.84));
#3811 = LINE('',#3812,#3813);
#3812 = CARTESIAN_POINT('',(0.32,-14.92,-3.));
#3813 = VECTOR('',#3814,1.);
#3814 = DIRECTION('',(0.,0.,1.));
#3815 = ORIENTED_EDGE('',*,*,#3816,.F.);
#3816 = EDGE_CURVE('',#3817,#3809,#3819,.T.);
#3817 = VERTEX_POINT('',#3818);
#3818 = CARTESIAN_POINT('',(-0.32,-14.92,-2.84));
#3819 = LINE('',#3820,#3821);
#3820 = CARTESIAN_POINT('',(-0.32,-14.92,-2.84));
#3821 = VECTOR('',#3822,1.);
#3822 = DIRECTION('',(1.,0.,0.));
#3823 = ORIENTED_EDGE('',*,*,#3824,.T.);
#3824 = EDGE_CURVE('',#3817,#2020,#3825,.T.);
#3825 = LINE('',#3826,#3827);
#3826 = CARTESIAN_POINT('',(-0.32,-14.92,-3.));
#3827 = VECTOR('',#3828,1.);
#3828 = DIRECTION('',(0.,0.,1.));
#3829 = ORIENTED_EDGE('',*,*,#2017,.F.);
#3830 = PLANE('',#3831);
#3831 = AXIS2_PLACEMENT_3D('',#3832,#3833,#3834);
#3832 = CARTESIAN_POINT('',(-0.32,-14.92,-3.));
#3833 = DIRECTION('',(0.,1.,0.));
#3834 = DIRECTION('',(0.,-0.,1.));
#3835 = ADVANCED_FACE('',(#3836),#3854,.F.);
#3836 = FACE_BOUND('',#3837,.F.);
#3837 = EDGE_LOOP('',(#3838,#3846,#3852,#3853));
#3838 = ORIENTED_EDGE('',*,*,#3839,.F.);
#3839 = EDGE_CURVE('',#3840,#2036,#3842,.T.);
#3840 = VERTEX_POINT('',#3841);
#3841 = CARTESIAN_POINT('',(-0.32,-15.56,-2.84));
#3842 = LINE('',#3843,#3844);
#3843 = CARTESIAN_POINT('',(-0.32,-15.56,-3.));
#3844 = VECTOR('',#3845,1.);
#3845 = DIRECTION('',(0.,0.,1.));
#3846 = ORIENTED_EDGE('',*,*,#3847,.T.);
#3847 = EDGE_CURVE('',#3840,#3817,#3848,.T.);
#3848 = LINE('',#3849,#3850);
#3849 = CARTESIAN_POINT('',(-0.32,-15.56,-2.84));
#3850 = VECTOR('',#3851,1.);
#3851 = DIRECTION('',(0.,1.,0.));
#3852 = ORIENTED_EDGE('',*,*,#3824,.T.);
#3853 = ORIENTED_EDGE('',*,*,#2043,.F.);
#3854 = PLANE('',#3855);
#3855 = AXIS2_PLACEMENT_3D('',#3856,#3857,#3858);
#3856 = CARTESIAN_POINT('',(-0.32,-15.56,-3.));
#3857 = DIRECTION('',(1.,0.,0.));
#3858 = DIRECTION('',(0.,0.,1.));
#3859 = ADVANCED_FACE('',(#3860),#3878,.F.);
#3860 = FACE_BOUND('',#3861,.F.);
#3861 = EDGE_LOOP('',(#3862,#3870,#3876,#3877));
#3862 = ORIENTED_EDGE('',*,*,#3863,.F.);
#3863 = EDGE_CURVE('',#3864,#2028,#3866,.T.);
#3864 = VERTEX_POINT('',#3865);
#3865 = CARTESIAN_POINT('',(0.32,-15.56,-2.84));
#3866 = LINE('',#3867,#3868);
#3867 = CARTESIAN_POINT('',(0.32,-15.56,-3.));
#3868 = VECTOR('',#3869,1.);
#3869 = DIRECTION('',(0.,0.,1.));
#3870 = ORIENTED_EDGE('',*,*,#3871,.F.);
#3871 = EDGE_CURVE('',#3840,#3864,#3872,.T.);
#3872 = LINE('',#3873,#3874);
#3873 = CARTESIAN_POINT('',(-0.32,-15.56,-2.84));
#3874 = VECTOR('',#3875,1.);
#3875 = DIRECTION('',(1.,0.,0.));
#3876 = ORIENTED_EDGE('',*,*,#3839,.T.);
#3877 = ORIENTED_EDGE('',*,*,#2035,.F.);
#3878 = PLANE('',#3879);
#3879 = AXIS2_PLACEMENT_3D('',#3880,#3881,#3882);
#3880 = CARTESIAN_POINT('',(-0.32,-15.56,-3.));
#3881 = DIRECTION('',(0.,1.,0.));
#3882 = DIRECTION('',(0.,-0.,1.));
#3883 = ADVANCED_FACE('',(#3884),#3895,.T.);
#3884 = FACE_BOUND('',#3885,.T.);
#3885 = EDGE_LOOP('',(#3886,#3887,#3893,#3894));
#3886 = ORIENTED_EDGE('',*,*,#3863,.F.);
#3887 = ORIENTED_EDGE('',*,*,#3888,.T.);
#3888 = EDGE_CURVE('',#3864,#3809,#3889,.T.);
#3889 = LINE('',#3890,#3891);
#3890 = CARTESIAN_POINT('',(0.32,-15.56,-2.84));
#3891 = VECTOR('',#3892,1.);
#3892 = DIRECTION('',(0.,1.,0.));
#3893 = ORIENTED_EDGE('',*,*,#3808,.T.);
#3894 = ORIENTED_EDGE('',*,*,#2027,.F.);
#3895 = PLANE('',#3896);
#3896 = AXIS2_PLACEMENT_3D('',#3897,#3898,#3899);
#3897 = CARTESIAN_POINT('',(0.32,-15.56,-3.));
#3898 = DIRECTION('',(1.,0.,0.));
#3899 = DIRECTION('',(0.,0.,1.));
#3900 = ADVANCED_FACE('',(#3901),#3926,.T.);
#3901 = FACE_BOUND('',#3902,.T.);
#3902 = EDGE_LOOP('',(#3903,#3911,#3919,#3925));
#3903 = ORIENTED_EDGE('',*,*,#3904,.F.);
#3904 = EDGE_CURVE('',#3905,#2052,#3907,.T.);
#3905 = VERTEX_POINT('',#3906);
#3906 = CARTESIAN_POINT('',(0.32,-7.94,-2.84));
#3907 = LINE('',#3908,#3909);
#3908 = CARTESIAN_POINT('',(0.32,-7.94,-3.));
#3909 = VECTOR('',#3910,1.);
#3910 = DIRECTION('',(0.,0.,1.));
#3911 = ORIENTED_EDGE('',*,*,#3912,.T.);
#3912 = EDGE_CURVE('',#3905,#3913,#3915,.T.);
#3913 = VERTEX_POINT('',#3914);
#3914 = CARTESIAN_POINT('',(0.32,-7.3,-2.84));
#3915 = LINE('',#3916,#3917);
#3916 = CARTESIAN_POINT('',(0.32,-7.94,-2.84));
#3917 = VECTOR('',#3918,1.);
#3918 = DIRECTION('',(0.,1.,0.));
#3919 = ORIENTED_EDGE('',*,*,#3920,.T.);
#3920 = EDGE_CURVE('',#3913,#2054,#3921,.T.);
#3921 = LINE('',#3922,#3923);
#3922 = CARTESIAN_POINT('',(0.32,-7.3,-3.));
#3923 = VECTOR('',#3924,1.);
#3924 = DIRECTION('',(0.,0.,1.));
#3925 = ORIENTED_EDGE('',*,*,#2051,.F.);
#3926 = PLANE('',#3927);
#3927 = AXIS2_PLACEMENT_3D('',#3928,#3929,#3930);
#3928 = CARTESIAN_POINT('',(0.32,-7.94,-3.));
#3929 = DIRECTION('',(1.,0.,0.));
#3930 = DIRECTION('',(0.,0.,1.));
#3931 = ADVANCED_FACE('',(#3932),#3950,.T.);
#3932 = FACE_BOUND('',#3933,.T.);
#3933 = EDGE_LOOP('',(#3934,#3935,#3943,#3949));
#3934 = ORIENTED_EDGE('',*,*,#3920,.F.);
#3935 = ORIENTED_EDGE('',*,*,#3936,.F.);
#3936 = EDGE_CURVE('',#3937,#3913,#3939,.T.);
#3937 = VERTEX_POINT('',#3938);
#3938 = CARTESIAN_POINT('',(-0.32,-7.3,-2.84));
#3939 = LINE('',#3940,#3941);
#3940 = CARTESIAN_POINT('',(-0.32,-7.3,-2.84));
#3941 = VECTOR('',#3942,1.);
#3942 = DIRECTION('',(1.,0.,0.));
#3943 = ORIENTED_EDGE('',*,*,#3944,.T.);
#3944 = EDGE_CURVE('',#3937,#2070,#3945,.T.);
#3945 = LINE('',#3946,#3947);
#3946 = CARTESIAN_POINT('',(-0.32,-7.3,-3.));
#3947 = VECTOR('',#3948,1.);
#3948 = DIRECTION('',(0.,0.,1.));
#3949 = ORIENTED_EDGE('',*,*,#2077,.F.);
#3950 = PLANE('',#3951);
#3951 = AXIS2_PLACEMENT_3D('',#3952,#3953,#3954);
#3952 = CARTESIAN_POINT('',(-0.32,-7.3,-3.));
#3953 = DIRECTION('',(0.,1.,0.));
#3954 = DIRECTION('',(0.,-0.,1.));
#3955 = ADVANCED_FACE('',(#3956),#3974,.F.);
#3956 = FACE_BOUND('',#3957,.F.);
#3957 = EDGE_LOOP('',(#3958,#3966,#3972,#3973));
#3958 = ORIENTED_EDGE('',*,*,#3959,.F.);
#3959 = EDGE_CURVE('',#3960,#2062,#3962,.T.);
#3960 = VERTEX_POINT('',#3961);
#3961 = CARTESIAN_POINT('',(-0.32,-7.94,-2.84));
#3962 = LINE('',#3963,#3964);
#3963 = CARTESIAN_POINT('',(-0.32,-7.94,-3.));
#3964 = VECTOR('',#3965,1.);
#3965 = DIRECTION('',(0.,0.,1.));
#3966 = ORIENTED_EDGE('',*,*,#3967,.T.);
#3967 = EDGE_CURVE('',#3960,#3937,#3968,.T.);
#3968 = LINE('',#3969,#3970);
#3969 = CARTESIAN_POINT('',(-0.32,-7.94,-2.84));
#3970 = VECTOR('',#3971,1.);
#3971 = DIRECTION('',(0.,1.,0.));
#3972 = ORIENTED_EDGE('',*,*,#3944,.T.);
#3973 = ORIENTED_EDGE('',*,*,#2069,.F.);
#3974 = PLANE('',#3975);
#3975 = AXIS2_PLACEMENT_3D('',#3976,#3977,#3978);
#3976 = CARTESIAN_POINT('',(-0.32,-7.94,-3.));
#3977 = DIRECTION('',(1.,0.,0.));
#3978 = DIRECTION('',(0.,0.,1.));
#3979 = ADVANCED_FACE('',(#3980),#3991,.F.);
#3980 = FACE_BOUND('',#3981,.F.);
#3981 = EDGE_LOOP('',(#3982,#3983,#3989,#3990));
#3982 = ORIENTED_EDGE('',*,*,#3904,.F.);
#3983 = ORIENTED_EDGE('',*,*,#3984,.F.);
#3984 = EDGE_CURVE('',#3960,#3905,#3985,.T.);
#3985 = LINE('',#3986,#3987);
#3986 = CARTESIAN_POINT('',(-0.32,-7.94,-2.84));
#3987 = VECTOR('',#3988,1.);
#3988 = DIRECTION('',(1.,0.,0.));
#3989 = ORIENTED_EDGE('',*,*,#3959,.T.);
#3990 = ORIENTED_EDGE('',*,*,#2061,.F.);
#3991 = PLANE('',#3992);
#3992 = AXIS2_PLACEMENT_3D('',#3993,#3994,#3995);
#3993 = CARTESIAN_POINT('',(-0.32,-7.94,-3.));
#3994 = DIRECTION('',(0.,1.,0.));
#3995 = DIRECTION('',(0.,-0.,1.));
#3996 = ADVANCED_FACE('',(#3997),#4022,.T.);
#3997 = FACE_BOUND('',#3998,.T.);
#3998 = EDGE_LOOP('',(#3999,#4007,#4015,#4021));
#3999 = ORIENTED_EDGE('',*,*,#4000,.F.);
#4000 = EDGE_CURVE('',#4001,#2086,#4003,.T.);
#4001 = VERTEX_POINT('',#4002);
#4002 = CARTESIAN_POINT('',(0.32,-12.38,-2.84));
#4003 = LINE('',#4004,#4005);
#4004 = CARTESIAN_POINT('',(0.32,-12.38,-3.));
#4005 = VECTOR('',#4006,1.);
#4006 = DIRECTION('',(0.,0.,1.));
#4007 = ORIENTED_EDGE('',*,*,#4008,.F.);
#4008 = EDGE_CURVE('',#4009,#4001,#4011,.T.);
#4009 = VERTEX_POINT('',#4010);
#4010 = CARTESIAN_POINT('',(-0.32,-12.38,-2.84));
#4011 = LINE('',#4012,#4013);
#4012 = CARTESIAN_POINT('',(-0.32,-12.38,-2.84));
#4013 = VECTOR('',#4014,1.);
#4014 = DIRECTION('',(1.,0.,0.));
#4015 = ORIENTED_EDGE('',*,*,#4016,.T.);
#4016 = EDGE_CURVE('',#4009,#2088,#4017,.T.);
#4017 = LINE('',#4018,#4019);
#4018 = CARTESIAN_POINT('',(-0.32,-12.38,-3.));
#4019 = VECTOR('',#4020,1.);
#4020 = DIRECTION('',(0.,0.,1.));
#4021 = ORIENTED_EDGE('',*,*,#2085,.F.);
#4022 = PLANE('',#4023);
#4023 = AXIS2_PLACEMENT_3D('',#4024,#4025,#4026);
#4024 = CARTESIAN_POINT('',(-0.32,-12.38,-3.));
#4025 = DIRECTION('',(0.,1.,0.));
#4026 = DIRECTION('',(0.,-0.,1.));
#4027 = ADVANCED_FACE('',(#4028),#4046,.F.);
#4028 = FACE_BOUND('',#4029,.F.);
#4029 = EDGE_LOOP('',(#4030,#4038,#4044,#4045));
#4030 = ORIENTED_EDGE('',*,*,#4031,.F.);
#4031 = EDGE_CURVE('',#4032,#2104,#4034,.T.);
#4032 = VERTEX_POINT('',#4033);
#4033 = CARTESIAN_POINT('',(-0.32,-13.02,-2.84));
#4034 = LINE('',#4035,#4036);
#4035 = CARTESIAN_POINT('',(-0.32,-13.02,-3.));
#4036 = VECTOR('',#4037,1.);
#4037 = DIRECTION('',(0.,0.,1.));
#4038 = ORIENTED_EDGE('',*,*,#4039,.T.);
#4039 = EDGE_CURVE('',#4032,#4009,#4040,.T.);
#4040 = LINE('',#4041,#4042);
#4041 = CARTESIAN_POINT('',(-0.32,-13.02,-2.84));
#4042 = VECTOR('',#4043,1.);
#4043 = DIRECTION('',(0.,1.,0.));
#4044 = ORIENTED_EDGE('',*,*,#4016,.T.);
#4045 = ORIENTED_EDGE('',*,*,#2111,.F.);
#4046 = PLANE('',#4047);
#4047 = AXIS2_PLACEMENT_3D('',#4048,#4049,#4050);
#4048 = CARTESIAN_POINT('',(-0.32,-13.02,-3.));
#4049 = DIRECTION('',(1.,0.,0.));
#4050 = DIRECTION('',(0.,0.,1.));
#4051 = ADVANCED_FACE('',(#4052),#4070,.F.);
#4052 = FACE_BOUND('',#4053,.F.);
#4053 = EDGE_LOOP('',(#4054,#4062,#4068,#4069));
#4054 = ORIENTED_EDGE('',*,*,#4055,.F.);
#4055 = EDGE_CURVE('',#4056,#2096,#4058,.T.);
#4056 = VERTEX_POINT('',#4057);
#4057 = CARTESIAN_POINT('',(0.32,-13.02,-2.84));
#4058 = LINE('',#4059,#4060);
#4059 = CARTESIAN_POINT('',(0.32,-13.02,-3.));
#4060 = VECTOR('',#4061,1.);
#4061 = DIRECTION('',(0.,0.,1.));
#4062 = ORIENTED_EDGE('',*,*,#4063,.F.);
#4063 = EDGE_CURVE('',#4032,#4056,#4064,.T.);
#4064 = LINE('',#4065,#4066);
#4065 = CARTESIAN_POINT('',(-0.32,-13.02,-2.84));
#4066 = VECTOR('',#4067,1.);
#4067 = DIRECTION('',(1.,0.,0.));
#4068 = ORIENTED_EDGE('',*,*,#4031,.T.);
#4069 = ORIENTED_EDGE('',*,*,#2103,.F.);
#4070 = PLANE('',#4071);
#4071 = AXIS2_PLACEMENT_3D('',#4072,#4073,#4074);
#4072 = CARTESIAN_POINT('',(-0.32,-13.02,-3.));
#4073 = DIRECTION('',(0.,1.,0.));
#4074 = DIRECTION('',(0.,-0.,1.));
#4075 = ADVANCED_FACE('',(#4076),#4087,.T.);
#4076 = FACE_BOUND('',#4077,.T.);
#4077 = EDGE_LOOP('',(#4078,#4079,#4085,#4086));
#4078 = ORIENTED_EDGE('',*,*,#4055,.F.);
#4079 = ORIENTED_EDGE('',*,*,#4080,.T.);
#4080 = EDGE_CURVE('',#4056,#4001,#4081,.T.);
#4081 = LINE('',#4082,#4083);
#4082 = CARTESIAN_POINT('',(0.32,-13.02,-2.84));
#4083 = VECTOR('',#4084,1.);
#4084 = DIRECTION('',(0.,1.,0.));
#4085 = ORIENTED_EDGE('',*,*,#4000,.T.);
#4086 = ORIENTED_EDGE('',*,*,#2095,.F.);
#4087 = PLANE('',#4088);
#4088 = AXIS2_PLACEMENT_3D('',#4089,#4090,#4091);
#4089 = CARTESIAN_POINT('',(0.32,-13.02,-3.));
#4090 = DIRECTION('',(1.,0.,0.));
#4091 = DIRECTION('',(0.,0.,1.));
#4092 = ADVANCED_FACE('',(#4093),#4118,.T.);
#4093 = FACE_BOUND('',#4094,.T.);
#4094 = EDGE_LOOP('',(#4095,#4103,#4111,#4117));
#4095 = ORIENTED_EDGE('',*,*,#4096,.F.);
#4096 = EDGE_CURVE('',#4097,#2120,#4099,.T.);
#4097 = VERTEX_POINT('',#4098);
#4098 = CARTESIAN_POINT('',(0.32,-10.48,-2.84));
#4099 = LINE('',#4100,#4101);
#4100 = CARTESIAN_POINT('',(0.32,-10.48,-3.));
#4101 = VECTOR('',#4102,1.);
#4102 = DIRECTION('',(0.,0.,1.));
#4103 = ORIENTED_EDGE('',*,*,#4104,.T.);
#4104 = EDGE_CURVE('',#4097,#4105,#4107,.T.);
#4105 = VERTEX_POINT('',#4106);
#4106 = CARTESIAN_POINT('',(0.32,-9.84,-2.84));
#4107 = LINE('',#4108,#4109);
#4108 = CARTESIAN_POINT('',(0.32,-10.48,-2.84));
#4109 = VECTOR('',#4110,1.);
#4110 = DIRECTION('',(0.,1.,0.));
#4111 = ORIENTED_EDGE('',*,*,#4112,.T.);
#4112 = EDGE_CURVE('',#4105,#2122,#4113,.T.);
#4113 = LINE('',#4114,#4115);
#4114 = CARTESIAN_POINT('',(0.32,-9.84,-3.));
#4115 = VECTOR('',#4116,1.);
#4116 = DIRECTION('',(0.,0.,1.));
#4117 = ORIENTED_EDGE('',*,*,#2119,.F.);
#4118 = PLANE('',#4119);
#4119 = AXIS2_PLACEMENT_3D('',#4120,#4121,#4122);
#4120 = CARTESIAN_POINT('',(0.32,-10.48,-3.));
#4121 = DIRECTION('',(1.,0.,0.));
#4122 = DIRECTION('',(0.,0.,1.));
#4123 = ADVANCED_FACE('',(#4124),#4142,.T.);
#4124 = FACE_BOUND('',#4125,.T.);
#4125 = EDGE_LOOP('',(#4126,#4127,#4135,#4141));
#4126 = ORIENTED_EDGE('',*,*,#4112,.F.);
#4127 = ORIENTED_EDGE('',*,*,#4128,.F.);
#4128 = EDGE_CURVE('',#4129,#4105,#4131,.T.);
#4129 = VERTEX_POINT('',#4130);
#4130 = CARTESIAN_POINT('',(-0.32,-9.84,-2.84));
#4131 = LINE('',#4132,#4133);
#4132 = CARTESIAN_POINT('',(-0.32,-9.84,-2.84));
#4133 = VECTOR('',#4134,1.);
#4134 = DIRECTION('',(1.,0.,0.));
#4135 = ORIENTED_EDGE('',*,*,#4136,.T.);
#4136 = EDGE_CURVE('',#4129,#2138,#4137,.T.);
#4137 = LINE('',#4138,#4139);
#4138 = CARTESIAN_POINT('',(-0.32,-9.84,-3.));
#4139 = VECTOR('',#4140,1.);
#4140 = DIRECTION('',(0.,0.,1.));
#4141 = ORIENTED_EDGE('',*,*,#2145,.F.);
#4142 = PLANE('',#4143);
#4143 = AXIS2_PLACEMENT_3D('',#4144,#4145,#4146);
#4144 = CARTESIAN_POINT('',(-0.32,-9.84,-3.));
#4145 = DIRECTION('',(0.,1.,0.));
#4146 = DIRECTION('',(0.,-0.,1.));
#4147 = ADVANCED_FACE('',(#4148),#4166,.F.);
#4148 = FACE_BOUND('',#4149,.F.);
#4149 = EDGE_LOOP('',(#4150,#4158,#4164,#4165));
#4150 = ORIENTED_EDGE('',*,*,#4151,.F.);
#4151 = EDGE_CURVE('',#4152,#2130,#4154,.T.);
#4152 = VERTEX_POINT('',#4153);
#4153 = CARTESIAN_POINT('',(-0.32,-10.48,-2.84));
#4154 = LINE('',#4155,#4156);
#4155 = CARTESIAN_POINT('',(-0.32,-10.48,-3.));
#4156 = VECTOR('',#4157,1.);
#4157 = DIRECTION('',(0.,0.,1.));
#4158 = ORIENTED_EDGE('',*,*,#4159,.T.);
#4159 = EDGE_CURVE('',#4152,#4129,#4160,.T.);
#4160 = LINE('',#4161,#4162);
#4161 = CARTESIAN_POINT('',(-0.32,-10.48,-2.84));
#4162 = VECTOR('',#4163,1.);
#4163 = DIRECTION('',(0.,1.,0.));
#4164 = ORIENTED_EDGE('',*,*,#4136,.T.);
#4165 = ORIENTED_EDGE('',*,*,#2137,.F.);
#4166 = PLANE('',#4167);
#4167 = AXIS2_PLACEMENT_3D('',#4168,#4169,#4170);
#4168 = CARTESIAN_POINT('',(-0.32,-10.48,-3.));
#4169 = DIRECTION('',(1.,0.,0.));
#4170 = DIRECTION('',(0.,0.,1.));
#4171 = ADVANCED_FACE('',(#4172),#4183,.F.);
#4172 = FACE_BOUND('',#4173,.F.);
#4173 = EDGE_LOOP('',(#4174,#4175,#4181,#4182));
#4174 = ORIENTED_EDGE('',*,*,#4096,.F.);
#4175 = ORIENTED_EDGE('',*,*,#4176,.F.);
#4176 = EDGE_CURVE('',#4152,#4097,#4177,.T.);
#4177 = LINE('',#4178,#4179);
#4178 = CARTESIAN_POINT('',(-0.32,-10.48,-2.84));
#4179 = VECTOR('',#4180,1.);
#4180 = DIRECTION('',(1.,0.,0.));
#4181 = ORIENTED_EDGE('',*,*,#4151,.T.);
#4182 = ORIENTED_EDGE('',*,*,#2129,.F.);
#4183 = PLANE('',#4184);
#4184 = AXIS2_PLACEMENT_3D('',#4185,#4186,#4187);
#4185 = CARTESIAN_POINT('',(-0.32,-10.48,-3.));
#4186 = DIRECTION('',(0.,1.,0.));
#4187 = DIRECTION('',(0.,-0.,1.));
#4188 = ADVANCED_FACE('',(#4189),#4214,.T.);
#4189 = FACE_BOUND('',#4190,.T.);
#4190 = EDGE_LOOP('',(#4191,#4199,#4207,#4213));
#4191 = ORIENTED_EDGE('',*,*,#4192,.F.);
#4192 = EDGE_CURVE('',#4193,#2154,#4195,.T.);
#4193 = VERTEX_POINT('',#4194);
#4194 = CARTESIAN_POINT('',(0.32,-2.22,-2.84));
#4195 = LINE('',#4196,#4197);
#4196 = CARTESIAN_POINT('',(0.32,-2.22,-3.));
#4197 = VECTOR('',#4198,1.);
#4198 = DIRECTION('',(0.,0.,1.));
#4199 = ORIENTED_EDGE('',*,*,#4200,.F.);
#4200 = EDGE_CURVE('',#4201,#4193,#4203,.T.);
#4201 = VERTEX_POINT('',#4202);
#4202 = CARTESIAN_POINT('',(-0.32,-2.22,-2.84));
#4203 = LINE('',#4204,#4205);
#4204 = CARTESIAN_POINT('',(-0.32,-2.22,-2.84));
#4205 = VECTOR('',#4206,1.);
#4206 = DIRECTION('',(1.,0.,0.));
#4207 = ORIENTED_EDGE('',*,*,#4208,.T.);
#4208 = EDGE_CURVE('',#4201,#2156,#4209,.T.);
#4209 = LINE('',#4210,#4211);
#4210 = CARTESIAN_POINT('',(-0.32,-2.22,-3.));
#4211 = VECTOR('',#4212,1.);
#4212 = DIRECTION('',(0.,0.,1.));
#4213 = ORIENTED_EDGE('',*,*,#2153,.F.);
#4214 = PLANE('',#4215);
#4215 = AXIS2_PLACEMENT_3D('',#4216,#4217,#4218);
#4216 = CARTESIAN_POINT('',(-0.32,-2.22,-3.));
#4217 = DIRECTION('',(0.,1.,0.));
#4218 = DIRECTION('',(0.,-0.,1.));
#4219 = ADVANCED_FACE('',(#4220),#4238,.F.);
#4220 = FACE_BOUND('',#4221,.F.);
#4221 = EDGE_LOOP('',(#4222,#4230,#4236,#4237));
#4222 = ORIENTED_EDGE('',*,*,#4223,.F.);
#4223 = EDGE_CURVE('',#4224,#2172,#4226,.T.);
#4224 = VERTEX_POINT('',#4225);
#4225 = CARTESIAN_POINT('',(-0.32,-2.86,-2.84));
#4226 = LINE('',#4227,#4228);
#4227 = CARTESIAN_POINT('',(-0.32,-2.86,-3.));
#4228 = VECTOR('',#4229,1.);
#4229 = DIRECTION('',(0.,0.,1.));
#4230 = ORIENTED_EDGE('',*,*,#4231,.T.);
#4231 = EDGE_CURVE('',#4224,#4201,#4232,.T.);
#4232 = LINE('',#4233,#4234);
#4233 = CARTESIAN_POINT('',(-0.32,-2.86,-2.84));
#4234 = VECTOR('',#4235,1.);
#4235 = DIRECTION('',(0.,1.,0.));
#4236 = ORIENTED_EDGE('',*,*,#4208,.T.);
#4237 = ORIENTED_EDGE('',*,*,#2179,.F.);
#4238 = PLANE('',#4239);
#4239 = AXIS2_PLACEMENT_3D('',#4240,#4241,#4242);
#4240 = CARTESIAN_POINT('',(-0.32,-2.86,-3.));
#4241 = DIRECTION('',(1.,0.,0.));
#4242 = DIRECTION('',(0.,0.,1.));
#4243 = ADVANCED_FACE('',(#4244),#4262,.F.);
#4244 = FACE_BOUND('',#4245,.F.);
#4245 = EDGE_LOOP('',(#4246,#4254,#4260,#4261));
#4246 = ORIENTED_EDGE('',*,*,#4247,.F.);
#4247 = EDGE_CURVE('',#4248,#2164,#4250,.T.);
#4248 = VERTEX_POINT('',#4249);
#4249 = CARTESIAN_POINT('',(0.32,-2.86,-2.84));
#4250 = LINE('',#4251,#4252);
#4251 = CARTESIAN_POINT('',(0.32,-2.86,-3.));
#4252 = VECTOR('',#4253,1.);
#4253 = DIRECTION('',(0.,0.,1.));
#4254 = ORIENTED_EDGE('',*,*,#4255,.F.);
#4255 = EDGE_CURVE('',#4224,#4248,#4256,.T.);
#4256 = LINE('',#4257,#4258);
#4257 = CARTESIAN_POINT('',(-0.32,-2.86,-2.84));
#4258 = VECTOR('',#4259,1.);
#4259 = DIRECTION('',(1.,0.,0.));
#4260 = ORIENTED_EDGE('',*,*,#4223,.T.);
#4261 = ORIENTED_EDGE('',*,*,#2171,.F.);
#4262 = PLANE('',#4263);
#4263 = AXIS2_PLACEMENT_3D('',#4264,#4265,#4266);
#4264 = CARTESIAN_POINT('',(-0.32,-2.86,-3.));
#4265 = DIRECTION('',(0.,1.,0.));
#4266 = DIRECTION('',(0.,-0.,1.));
#4267 = ADVANCED_FACE('',(#4268),#4279,.T.);
#4268 = FACE_BOUND('',#4269,.T.);
#4269 = EDGE_LOOP('',(#4270,#4271,#4277,#4278));
#4270 = ORIENTED_EDGE('',*,*,#4247,.F.);
#4271 = ORIENTED_EDGE('',*,*,#4272,.T.);
#4272 = EDGE_CURVE('',#4248,#4193,#4273,.T.);
#4273 = LINE('',#4274,#4275);
#4274 = CARTESIAN_POINT('',(0.32,-2.86,-2.84));
#4275 = VECTOR('',#4276,1.);
#4276 = DIRECTION('',(0.,1.,0.));
#4277 = ORIENTED_EDGE('',*,*,#4192,.T.);
#4278 = ORIENTED_EDGE('',*,*,#2163,.F.);
#4279 = PLANE('',#4280);
#4280 = AXIS2_PLACEMENT_3D('',#4281,#4282,#4283);
#4281 = CARTESIAN_POINT('',(0.32,-2.86,-3.));
#4282 = DIRECTION('',(1.,0.,0.));
#4283 = DIRECTION('',(0.,0.,1.));
#4284 = ADVANCED_FACE('',(#4285),#4310,.F.);
#4285 = FACE_BOUND('',#4286,.F.);
#4286 = EDGE_LOOP('',(#4287,#4295,#4303,#4309));
#4287 = ORIENTED_EDGE('',*,*,#4288,.F.);
#4288 = EDGE_CURVE('',#4289,#2188,#4291,.T.);
#4289 = VERTEX_POINT('',#4290);
#4290 = CARTESIAN_POINT('',(0.32,-5.4,-2.84));
#4291 = LINE('',#4292,#4293);
#4292 = CARTESIAN_POINT('',(0.32,-5.4,-3.));
#4293 = VECTOR('',#4294,1.);
#4294 = DIRECTION('',(0.,0.,1.));
#4295 = ORIENTED_EDGE('',*,*,#4296,.F.);
#4296 = EDGE_CURVE('',#4297,#4289,#4299,.T.);
#4297 = VERTEX_POINT('',#4298);
#4298 = CARTESIAN_POINT('',(-0.32,-5.4,-2.84));
#4299 = LINE('',#4300,#4301);
#4300 = CARTESIAN_POINT('',(-0.32,-5.4,-2.84));
#4301 = VECTOR('',#4302,1.);
#4302 = DIRECTION('',(1.,0.,0.));
#4303 = ORIENTED_EDGE('',*,*,#4304,.T.);
#4304 = EDGE_CURVE('',#4297,#2190,#4305,.T.);
#4305 = LINE('',#4306,#4307);
#4306 = CARTESIAN_POINT('',(-0.32,-5.4,-3.));
#4307 = VECTOR('',#4308,1.);
#4308 = DIRECTION('',(0.,0.,1.));
#4309 = ORIENTED_EDGE('',*,*,#2187,.F.);
#4310 = PLANE('',#4311);
#4311 = AXIS2_PLACEMENT_3D('',#4312,#4313,#4314);
#4312 = CARTESIAN_POINT('',(-0.32,-5.4,-3.));
#4313 = DIRECTION('',(0.,1.,0.));
#4314 = DIRECTION('',(0.,-0.,1.));
#4315 = ADVANCED_FACE('',(#4316),#4334,.T.);
#4316 = FACE_BOUND('',#4317,.T.);
#4317 = EDGE_LOOP('',(#4318,#4319,#4327,#4333));
#4318 = ORIENTED_EDGE('',*,*,#4288,.F.);
#4319 = ORIENTED_EDGE('',*,*,#4320,.T.);
#4320 = EDGE_CURVE('',#4289,#4321,#4323,.T.);
#4321 = VERTEX_POINT('',#4322);
#4322 = CARTESIAN_POINT('',(0.32,-4.76,-2.84));
#4323 = LINE('',#4324,#4325);
#4324 = CARTESIAN_POINT('',(0.32,-5.4,-2.84));
#4325 = VECTOR('',#4326,1.);
#4326 = DIRECTION('',(0.,1.,0.));
#4327 = ORIENTED_EDGE('',*,*,#4328,.T.);
#4328 = EDGE_CURVE('',#4321,#2206,#4329,.T.);
#4329 = LINE('',#4330,#4331);
#4330 = CARTESIAN_POINT('',(0.32,-4.76,-3.));
#4331 = VECTOR('',#4332,1.);
#4332 = DIRECTION('',(0.,0.,1.));
#4333 = ORIENTED_EDGE('',*,*,#2213,.F.);
#4334 = PLANE('',#4335);
#4335 = AXIS2_PLACEMENT_3D('',#4336,#4337,#4338);
#4336 = CARTESIAN_POINT('',(0.32,-5.4,-3.));
#4337 = DIRECTION('',(1.,0.,0.));
#4338 = DIRECTION('',(0.,0.,1.));
#4339 = ADVANCED_FACE('',(#4340),#4358,.T.);
#4340 = FACE_BOUND('',#4341,.T.);
#4341 = EDGE_LOOP('',(#4342,#4343,#4351,#4357));
#4342 = ORIENTED_EDGE('',*,*,#4328,.F.);
#4343 = ORIENTED_EDGE('',*,*,#4344,.F.);
#4344 = EDGE_CURVE('',#4345,#4321,#4347,.T.);
#4345 = VERTEX_POINT('',#4346);
#4346 = CARTESIAN_POINT('',(-0.32,-4.76,-2.84));
#4347 = LINE('',#4348,#4349);
#4348 = CARTESIAN_POINT('',(-0.32,-4.76,-2.84));
#4349 = VECTOR('',#4350,1.);
#4350 = DIRECTION('',(1.,0.,0.));
#4351 = ORIENTED_EDGE('',*,*,#4352,.T.);
#4352 = EDGE_CURVE('',#4345,#2198,#4353,.T.);
#4353 = LINE('',#4354,#4355);
#4354 = CARTESIAN_POINT('',(-0.32,-4.76,-3.));
#4355 = VECTOR('',#4356,1.);
#4356 = DIRECTION('',(0.,0.,1.));
#4357 = ORIENTED_EDGE('',*,*,#2205,.F.);
#4358 = PLANE('',#4359);
#4359 = AXIS2_PLACEMENT_3D('',#4360,#4361,#4362);
#4360 = CARTESIAN_POINT('',(-0.32,-4.76,-3.));
#4361 = DIRECTION('',(0.,1.,0.));
#4362 = DIRECTION('',(0.,-0.,1.));
#4363 = ADVANCED_FACE('',(#4364),#4375,.F.);
#4364 = FACE_BOUND('',#4365,.F.);
#4365 = EDGE_LOOP('',(#4366,#4367,#4373,#4374));
#4366 = ORIENTED_EDGE('',*,*,#4304,.F.);
#4367 = ORIENTED_EDGE('',*,*,#4368,.T.);
#4368 = EDGE_CURVE('',#4297,#4345,#4369,.T.);
#4369 = LINE('',#4370,#4371);
#4370 = CARTESIAN_POINT('',(-0.32,-5.4,-2.84));
#4371 = VECTOR('',#4372,1.);
#4372 = DIRECTION('',(0.,1.,0.));
#4373 = ORIENTED_EDGE('',*,*,#4352,.T.);
#4374 = ORIENTED_EDGE('',*,*,#2197,.F.);
#4375 = PLANE('',#4376);
#4376 = AXIS2_PLACEMENT_3D('',#4377,#4378,#4379);
#4377 = CARTESIAN_POINT('',(-0.32,-5.4,-3.));
#4378 = DIRECTION('',(1.,0.,0.));
#4379 = DIRECTION('',(0.,0.,1.));
#4380 = ADVANCED_FACE('',(#4381),#4406,.T.);
#4381 = FACE_BOUND('',#4382,.T.);
#4382 = EDGE_LOOP('',(#4383,#4391,#4399,#4405));
#4383 = ORIENTED_EDGE('',*,*,#4384,.F.);
#4384 = EDGE_CURVE('',#4385,#2222,#4387,.T.);
#4385 = VERTEX_POINT('',#4386);
#4386 = CARTESIAN_POINT('',(0.32,-0.32,-2.84));
#4387 = LINE('',#4388,#4389);
#4388 = CARTESIAN_POINT('',(0.32,-0.32,-3.));
#4389 = VECTOR('',#4390,1.);
#4390 = DIRECTION('',(0.,0.,1.));
#4391 = ORIENTED_EDGE('',*,*,#4392,.T.);
#4392 = EDGE_CURVE('',#4385,#4393,#4395,.T.);
#4393 = VERTEX_POINT('',#4394);
#4394 = CARTESIAN_POINT('',(0.32,0.32,-2.84));
#4395 = LINE('',#4396,#4397);
#4396 = CARTESIAN_POINT('',(0.32,-0.32,-2.84));
#4397 = VECTOR('',#4398,1.);
#4398 = DIRECTION('',(0.,1.,0.));
#4399 = ORIENTED_EDGE('',*,*,#4400,.T.);
#4400 = EDGE_CURVE('',#4393,#2224,#4401,.T.);
#4401 = LINE('',#4402,#4403);
#4402 = CARTESIAN_POINT('',(0.32,0.32,-3.));
#4403 = VECTOR('',#4404,1.);
#4404 = DIRECTION('',(0.,0.,1.));
#4405 = ORIENTED_EDGE('',*,*,#2221,.F.);
#4406 = PLANE('',#4407);
#4407 = AXIS2_PLACEMENT_3D('',#4408,#4409,#4410);
#4408 = CARTESIAN_POINT('',(0.32,-0.32,-3.));
#4409 = DIRECTION('',(1.,0.,0.));
#4410 = DIRECTION('',(0.,0.,1.));
#4411 = ADVANCED_FACE('',(#4412),#4430,.T.);
#4412 = FACE_BOUND('',#4413,.T.);
#4413 = EDGE_LOOP('',(#4414,#4415,#4423,#4429));
#4414 = ORIENTED_EDGE('',*,*,#4400,.F.);
#4415 = ORIENTED_EDGE('',*,*,#4416,.F.);
#4416 = EDGE_CURVE('',#4417,#4393,#4419,.T.);
#4417 = VERTEX_POINT('',#4418);
#4418 = CARTESIAN_POINT('',(-0.32,0.32,-2.84));
#4419 = LINE('',#4420,#4421);
#4420 = CARTESIAN_POINT('',(-0.32,0.32,-2.84));
#4421 = VECTOR('',#4422,1.);
#4422 = DIRECTION('',(1.,0.,0.));
#4423 = ORIENTED_EDGE('',*,*,#4424,.T.);
#4424 = EDGE_CURVE('',#4417,#2240,#4425,.T.);
#4425 = LINE('',#4426,#4427);
#4426 = CARTESIAN_POINT('',(-0.32,0.32,-3.));
#4427 = VECTOR('',#4428,1.);
#4428 = DIRECTION('',(0.,0.,1.));
#4429 = ORIENTED_EDGE('',*,*,#2247,.F.);
#4430 = PLANE('',#4431);
#4431 = AXIS2_PLACEMENT_3D('',#4432,#4433,#4434);
#4432 = CARTESIAN_POINT('',(-0.32,0.32,-3.));
#4433 = DIRECTION('',(0.,1.,0.));
#4434 = DIRECTION('',(0.,-0.,1.));
#4435 = ADVANCED_FACE('',(#4436),#4454,.F.);
#4436 = FACE_BOUND('',#4437,.F.);
#4437 = EDGE_LOOP('',(#4438,#4446,#4452,#4453));
#4438 = ORIENTED_EDGE('',*,*,#4439,.F.);
#4439 = EDGE_CURVE('',#4440,#2232,#4442,.T.);
#4440 = VERTEX_POINT('',#4441);
#4441 = CARTESIAN_POINT('',(-0.32,-0.32,-2.84));
#4442 = LINE('',#4443,#4444);
#4443 = CARTESIAN_POINT('',(-0.32,-0.32,-3.));
#4444 = VECTOR('',#4445,1.);
#4445 = DIRECTION('',(0.,0.,1.));
#4446 = ORIENTED_EDGE('',*,*,#4447,.T.);
#4447 = EDGE_CURVE('',#4440,#4417,#4448,.T.);
#4448 = LINE('',#4449,#4450);
#4449 = CARTESIAN_POINT('',(-0.32,-0.32,-2.84));
#4450 = VECTOR('',#4451,1.);
#4451 = DIRECTION('',(0.,1.,0.));
#4452 = ORIENTED_EDGE('',*,*,#4424,.T.);
#4453 = ORIENTED_EDGE('',*,*,#2239,.F.);
#4454 = PLANE('',#4455);
#4455 = AXIS2_PLACEMENT_3D('',#4456,#4457,#4458);
#4456 = CARTESIAN_POINT('',(-0.32,-0.32,-3.));
#4457 = DIRECTION('',(1.,0.,0.));
#4458 = DIRECTION('',(0.,0.,1.));
#4459 = ADVANCED_FACE('',(#4460),#4471,.F.);
#4460 = FACE_BOUND('',#4461,.F.);
#4461 = EDGE_LOOP('',(#4462,#4463,#4469,#4470));
#4462 = ORIENTED_EDGE('',*,*,#4384,.F.);
#4463 = ORIENTED_EDGE('',*,*,#4464,.F.);
#4464 = EDGE_CURVE('',#4440,#4385,#4465,.T.);
#4465 = LINE('',#4466,#4467);
#4466 = CARTESIAN_POINT('',(-0.32,-0.32,-2.84));
#4467 = VECTOR('',#4468,1.);
#4468 = DIRECTION('',(1.,0.,0.));
#4469 = ORIENTED_EDGE('',*,*,#4439,.T.);
#4470 = ORIENTED_EDGE('',*,*,#2231,.F.);
#4471 = PLANE('',#4472);
#4472 = AXIS2_PLACEMENT_3D('',#4473,#4474,#4475);
#4473 = CARTESIAN_POINT('',(-0.32,-0.32,-3.));
#4474 = DIRECTION('',(0.,1.,0.));
#4475 = DIRECTION('',(0.,-0.,1.));
#4476 = ADVANCED_FACE('',(#4477),#4502,.F.);
#4477 = FACE_BOUND('',#4478,.F.);
#4478 = EDGE_LOOP('',(#4479,#4487,#4488,#4496));
#4479 = ORIENTED_EDGE('',*,*,#4480,.F.);
#4480 = EDGE_CURVE('',#2641,#4481,#4483,.T.);
#4481 = VERTEX_POINT('',#4482);
#4482 = CARTESIAN_POINT('',(0.32,-18.1,8.38));
#4483 = LINE('',#4484,#4485);
#4484 = CARTESIAN_POINT('',(0.32,-18.1,-3.));
#4485 = VECTOR('',#4486,1.);
#4486 = DIRECTION('',(0.,0.,1.));
#4487 = ORIENTED_EDGE('',*,*,#2640,.T.);
#4488 = ORIENTED_EDGE('',*,*,#4489,.T.);
#4489 = EDGE_CURVE('',#2643,#4490,#4492,.T.);
#4490 = VERTEX_POINT('',#4491);
#4491 = CARTESIAN_POINT('',(-0.32,-18.1,8.38));
#4492 = LINE('',#4493,#4494);
#4493 = CARTESIAN_POINT('',(-0.32,-18.1,-3.));
#4494 = VECTOR('',#4495,1.);
#4495 = DIRECTION('',(0.,0.,1.));
#4496 = ORIENTED_EDGE('',*,*,#4497,.T.);
#4497 = EDGE_CURVE('',#4490,#4481,#4498,.T.);
#4498 = LINE('',#4499,#4500);
#4499 = CARTESIAN_POINT('',(-0.32,-18.1,8.38));
#4500 = VECTOR('',#4501,1.);
#4501 = DIRECTION('',(1.,0.,0.));
#4502 = PLANE('',#4503);
#4503 = AXIS2_PLACEMENT_3D('',#4504,#4505,#4506);
#4504 = CARTESIAN_POINT('',(-0.32,-18.1,-3.));
#4505 = DIRECTION('',(0.,1.,0.));
#4506 = DIRECTION('',(0.,-0.,1.));
#4507 = ADVANCED_FACE('',(#4508),#4526,.T.);
#4508 = FACE_BOUND('',#4509,.T.);
#4509 = EDGE_LOOP('',(#4510,#4511,#4512,#4520));
#4510 = ORIENTED_EDGE('',*,*,#4480,.F.);
#4511 = ORIENTED_EDGE('',*,*,#2666,.T.);
#4512 = ORIENTED_EDGE('',*,*,#4513,.T.);
#4513 = EDGE_CURVE('',#2659,#4514,#4516,.T.);
#4514 = VERTEX_POINT('',#4515);
#4515 = CARTESIAN_POINT('',(0.32,-17.46,8.38));
#4516 = LINE('',#4517,#4518);
#4517 = CARTESIAN_POINT('',(0.32,-17.46,-3.));
#4518 = VECTOR('',#4519,1.);
#4519 = DIRECTION('',(0.,0.,1.));
#4520 = ORIENTED_EDGE('',*,*,#4521,.F.);
#4521 = EDGE_CURVE('',#4481,#4514,#4522,.T.);
#4522 = LINE('',#4523,#4524);
#4523 = CARTESIAN_POINT('',(0.32,-18.1,8.38));
#4524 = VECTOR('',#4525,1.);
#4525 = DIRECTION('',(0.,1.,0.));
#4526 = PLANE('',#4527);
#4527 = AXIS2_PLACEMENT_3D('',#4528,#4529,#4530);
#4528 = CARTESIAN_POINT('',(0.32,-18.1,-3.));
#4529 = DIRECTION('',(1.,0.,0.));
#4530 = DIRECTION('',(0.,0.,1.));
#4531 = ADVANCED_FACE('',(#4532),#4550,.T.);
#4532 = FACE_BOUND('',#4533,.T.);
#4533 = EDGE_LOOP('',(#4534,#4535,#4536,#4544));
#4534 = ORIENTED_EDGE('',*,*,#4513,.F.);
#4535 = ORIENTED_EDGE('',*,*,#2658,.T.);
#4536 = ORIENTED_EDGE('',*,*,#4537,.T.);
#4537 = EDGE_CURVE('',#2651,#4538,#4540,.T.);
#4538 = VERTEX_POINT('',#4539);
#4539 = CARTESIAN_POINT('',(-0.32,-17.46,8.38));
#4540 = LINE('',#4541,#4542);
#4541 = CARTESIAN_POINT('',(-0.32,-17.46,-3.));
#4542 = VECTOR('',#4543,1.);
#4543 = DIRECTION('',(0.,0.,1.));
#4544 = ORIENTED_EDGE('',*,*,#4545,.T.);
#4545 = EDGE_CURVE('',#4538,#4514,#4546,.T.);
#4546 = LINE('',#4547,#4548);
#4547 = CARTESIAN_POINT('',(-0.32,-17.46,8.38));
#4548 = VECTOR('',#4549,1.);
#4549 = DIRECTION('',(1.,0.,0.));
#4550 = PLANE('',#4551);
#4551 = AXIS2_PLACEMENT_3D('',#4552,#4553,#4554);
#4552 = CARTESIAN_POINT('',(-0.32,-17.46,-3.));
#4553 = DIRECTION('',(0.,1.,0.));
#4554 = DIRECTION('',(0.,-0.,1.));
#4555 = ADVANCED_FACE('',(#4556),#4567,.F.);
#4556 = FACE_BOUND('',#4557,.F.);
#4557 = EDGE_LOOP('',(#4558,#4559,#4560,#4561));
#4558 = ORIENTED_EDGE('',*,*,#4489,.F.);
#4559 = ORIENTED_EDGE('',*,*,#2650,.T.);
#4560 = ORIENTED_EDGE('',*,*,#4537,.T.);
#4561 = ORIENTED_EDGE('',*,*,#4562,.F.);
#4562 = EDGE_CURVE('',#4490,#4538,#4563,.T.);
#4563 = LINE('',#4564,#4565);
#4564 = CARTESIAN_POINT('',(-0.32,-18.1,8.38));
#4565 = VECTOR('',#4566,1.);
#4566 = DIRECTION('',(0.,1.,0.));
#4567 = PLANE('',#4568);
#4568 = AXIS2_PLACEMENT_3D('',#4569,#4570,#4571);
#4569 = CARTESIAN_POINT('',(-0.32,-18.1,-3.));
#4570 = DIRECTION('',(1.,0.,0.));
#4571 = DIRECTION('',(0.,0.,1.));
#4572 = ADVANCED_FACE('',(#4573),#4598,.T.);
#4573 = FACE_BOUND('',#4574,.T.);
#4574 = EDGE_LOOP('',(#4575,#4583,#4584,#4592));
#4575 = ORIENTED_EDGE('',*,*,#4576,.F.);
#4576 = EDGE_CURVE('',#2675,#4577,#4579,.T.);
#4577 = VERTEX_POINT('',#4578);
#4578 = CARTESIAN_POINT('',(0.32,-14.92,8.38));
#4579 = LINE('',#4580,#4581);
#4580 = CARTESIAN_POINT('',(0.32,-14.92,-3.));
#4581 = VECTOR('',#4582,1.);
#4582 = DIRECTION('',(0.,0.,1.));
#4583 = ORIENTED_EDGE('',*,*,#2674,.T.);
#4584 = ORIENTED_EDGE('',*,*,#4585,.T.);
#4585 = EDGE_CURVE('',#2677,#4586,#4588,.T.);
#4586 = VERTEX_POINT('',#4587);
#4587 = CARTESIAN_POINT('',(-0.32,-14.92,8.38));
#4588 = LINE('',#4589,#4590);
#4589 = CARTESIAN_POINT('',(-0.32,-14.92,-3.));
#4590 = VECTOR('',#4591,1.);
#4591 = DIRECTION('',(0.,0.,1.));
#4592 = ORIENTED_EDGE('',*,*,#4593,.T.);
#4593 = EDGE_CURVE('',#4586,#4577,#4594,.T.);
#4594 = LINE('',#4595,#4596);
#4595 = CARTESIAN_POINT('',(-0.32,-14.92,8.38));
#4596 = VECTOR('',#4597,1.);
#4597 = DIRECTION('',(1.,0.,0.));
#4598 = PLANE('',#4599);
#4599 = AXIS2_PLACEMENT_3D('',#4600,#4601,#4602);
#4600 = CARTESIAN_POINT('',(-0.32,-14.92,-3.));
#4601 = DIRECTION('',(0.,1.,0.));
#4602 = DIRECTION('',(0.,-0.,1.));
#4603 = ADVANCED_FACE('',(#4604),#4622,.F.);
#4604 = FACE_BOUND('',#4605,.F.);
#4605 = EDGE_LOOP('',(#4606,#4614,#4615,#4616));
#4606 = ORIENTED_EDGE('',*,*,#4607,.F.);
#4607 = EDGE_CURVE('',#2693,#4608,#4610,.T.);
#4608 = VERTEX_POINT('',#4609);
#4609 = CARTESIAN_POINT('',(-0.32,-15.56,8.38));
#4610 = LINE('',#4611,#4612);
#4611 = CARTESIAN_POINT('',(-0.32,-15.56,-3.));
#4612 = VECTOR('',#4613,1.);
#4613 = DIRECTION('',(0.,0.,1.));
#4614 = ORIENTED_EDGE('',*,*,#2700,.T.);
#4615 = ORIENTED_EDGE('',*,*,#4585,.T.);
#4616 = ORIENTED_EDGE('',*,*,#4617,.F.);
#4617 = EDGE_CURVE('',#4608,#4586,#4618,.T.);
#4618 = LINE('',#4619,#4620);
#4619 = CARTESIAN_POINT('',(-0.32,-15.56,8.38));
#4620 = VECTOR('',#4621,1.);
#4621 = DIRECTION('',(0.,1.,0.));
#4622 = PLANE('',#4623);
#4623 = AXIS2_PLACEMENT_3D('',#4624,#4625,#4626);
#4624 = CARTESIAN_POINT('',(-0.32,-15.56,-3.));
#4625 = DIRECTION('',(1.,0.,0.));
#4626 = DIRECTION('',(0.,0.,1.));
#4627 = ADVANCED_FACE('',(#4628),#4646,.F.);
#4628 = FACE_BOUND('',#4629,.F.);
#4629 = EDGE_LOOP('',(#4630,#4638,#4639,#4640));
#4630 = ORIENTED_EDGE('',*,*,#4631,.F.);
#4631 = EDGE_CURVE('',#2685,#4632,#4634,.T.);
#4632 = VERTEX_POINT('',#4633);
#4633 = CARTESIAN_POINT('',(0.32,-15.56,8.38));
#4634 = LINE('',#4635,#4636);
#4635 = CARTESIAN_POINT('',(0.32,-15.56,-3.));
#4636 = VECTOR('',#4637,1.);
#4637 = DIRECTION('',(0.,0.,1.));
#4638 = ORIENTED_EDGE('',*,*,#2692,.T.);
#4639 = ORIENTED_EDGE('',*,*,#4607,.T.);
#4640 = ORIENTED_EDGE('',*,*,#4641,.T.);
#4641 = EDGE_CURVE('',#4608,#4632,#4642,.T.);
#4642 = LINE('',#4643,#4644);
#4643 = CARTESIAN_POINT('',(-0.32,-15.56,8.38));
#4644 = VECTOR('',#4645,1.);
#4645 = DIRECTION('',(1.,0.,0.));
#4646 = PLANE('',#4647);
#4647 = AXIS2_PLACEMENT_3D('',#4648,#4649,#4650);
#4648 = CARTESIAN_POINT('',(-0.32,-15.56,-3.));
#4649 = DIRECTION('',(0.,1.,0.));
#4650 = DIRECTION('',(0.,-0.,1.));
#4651 = ADVANCED_FACE('',(#4652),#4663,.T.);
#4652 = FACE_BOUND('',#4653,.T.);
#4653 = EDGE_LOOP('',(#4654,#4655,#4656,#4657));
#4654 = ORIENTED_EDGE('',*,*,#4631,.F.);
#4655 = ORIENTED_EDGE('',*,*,#2684,.T.);
#4656 = ORIENTED_EDGE('',*,*,#4576,.T.);
#4657 = ORIENTED_EDGE('',*,*,#4658,.F.);
#4658 = EDGE_CURVE('',#4632,#4577,#4659,.T.);
#4659 = LINE('',#4660,#4661);
#4660 = CARTESIAN_POINT('',(0.32,-15.56,8.38));
#4661 = VECTOR('',#4662,1.);
#4662 = DIRECTION('',(0.,1.,0.));
#4663 = PLANE('',#4664);
#4664 = AXIS2_PLACEMENT_3D('',#4665,#4666,#4667);
#4665 = CARTESIAN_POINT('',(0.32,-15.56,-3.));
#4666 = DIRECTION('',(1.,0.,0.));
#4667 = DIRECTION('',(0.,0.,1.));
#4668 = ADVANCED_FACE('',(#4669),#4694,.T.);
#4669 = FACE_BOUND('',#4670,.T.);
#4670 = EDGE_LOOP('',(#4671,#4679,#4680,#4688));
#4671 = ORIENTED_EDGE('',*,*,#4672,.F.);
#4672 = EDGE_CURVE('',#2709,#4673,#4675,.T.);
#4673 = VERTEX_POINT('',#4674);
#4674 = CARTESIAN_POINT('',(0.32,-7.94,8.38));
#4675 = LINE('',#4676,#4677);
#4676 = CARTESIAN_POINT('',(0.32,-7.94,-3.));
#4677 = VECTOR('',#4678,1.);
#4678 = DIRECTION('',(0.,0.,1.));
#4679 = ORIENTED_EDGE('',*,*,#2708,.T.);
#4680 = ORIENTED_EDGE('',*,*,#4681,.T.);
#4681 = EDGE_CURVE('',#2711,#4682,#4684,.T.);
#4682 = VERTEX_POINT('',#4683);
#4683 = CARTESIAN_POINT('',(0.32,-7.3,8.38));
#4684 = LINE('',#4685,#4686);
#4685 = CARTESIAN_POINT('',(0.32,-7.3,-3.));
#4686 = VECTOR('',#4687,1.);
#4687 = DIRECTION('',(0.,0.,1.));
#4688 = ORIENTED_EDGE('',*,*,#4689,.F.);
#4689 = EDGE_CURVE('',#4673,#4682,#4690,.T.);
#4690 = LINE('',#4691,#4692);
#4691 = CARTESIAN_POINT('',(0.32,-7.94,8.38));
#4692 = VECTOR('',#4693,1.);
#4693 = DIRECTION('',(0.,1.,0.));
#4694 = PLANE('',#4695);
#4695 = AXIS2_PLACEMENT_3D('',#4696,#4697,#4698);
#4696 = CARTESIAN_POINT('',(0.32,-7.94,-3.));
#4697 = DIRECTION('',(1.,0.,0.));
#4698 = DIRECTION('',(0.,0.,1.));
#4699 = ADVANCED_FACE('',(#4700),#4718,.T.);
#4700 = FACE_BOUND('',#4701,.T.);
#4701 = EDGE_LOOP('',(#4702,#4703,#4704,#4712));
#4702 = ORIENTED_EDGE('',*,*,#4681,.F.);
#4703 = ORIENTED_EDGE('',*,*,#2734,.T.);
#4704 = ORIENTED_EDGE('',*,*,#4705,.T.);
#4705 = EDGE_CURVE('',#2727,#4706,#4708,.T.);
#4706 = VERTEX_POINT('',#4707);
#4707 = CARTESIAN_POINT('',(-0.32,-7.3,8.38));
#4708 = LINE('',#4709,#4710);
#4709 = CARTESIAN_POINT('',(-0.32,-7.3,-3.));
#4710 = VECTOR('',#4711,1.);
#4711 = DIRECTION('',(0.,0.,1.));
#4712 = ORIENTED_EDGE('',*,*,#4713,.T.);
#4713 = EDGE_CURVE('',#4706,#4682,#4714,.T.);
#4714 = LINE('',#4715,#4716);
#4715 = CARTESIAN_POINT('',(-0.32,-7.3,8.38));
#4716 = VECTOR('',#4717,1.);
#4717 = DIRECTION('',(1.,0.,0.));
#4718 = PLANE('',#4719);
#4719 = AXIS2_PLACEMENT_3D('',#4720,#4721,#4722);
#4720 = CARTESIAN_POINT('',(-0.32,-7.3,-3.));
#4721 = DIRECTION('',(0.,1.,0.));
#4722 = DIRECTION('',(0.,-0.,1.));
#4723 = ADVANCED_FACE('',(#4724),#4742,.F.);
#4724 = FACE_BOUND('',#4725,.F.);
#4725 = EDGE_LOOP('',(#4726,#4734,#4735,#4736));
#4726 = ORIENTED_EDGE('',*,*,#4727,.F.);
#4727 = EDGE_CURVE('',#2719,#4728,#4730,.T.);
#4728 = VERTEX_POINT('',#4729);
#4729 = CARTESIAN_POINT('',(-0.32,-7.94,8.38));
#4730 = LINE('',#4731,#4732);
#4731 = CARTESIAN_POINT('',(-0.32,-7.94,-3.));
#4732 = VECTOR('',#4733,1.);
#4733 = DIRECTION('',(0.,0.,1.));
#4734 = ORIENTED_EDGE('',*,*,#2726,.T.);
#4735 = ORIENTED_EDGE('',*,*,#4705,.T.);
#4736 = ORIENTED_EDGE('',*,*,#4737,.F.);
#4737 = EDGE_CURVE('',#4728,#4706,#4738,.T.);
#4738 = LINE('',#4739,#4740);
#4739 = CARTESIAN_POINT('',(-0.32,-7.94,8.38));
#4740 = VECTOR('',#4741,1.);
#4741 = DIRECTION('',(0.,1.,0.));
#4742 = PLANE('',#4743);
#4743 = AXIS2_PLACEMENT_3D('',#4744,#4745,#4746);
#4744 = CARTESIAN_POINT('',(-0.32,-7.94,-3.));
#4745 = DIRECTION('',(1.,0.,0.));
#4746 = DIRECTION('',(0.,0.,1.));
#4747 = ADVANCED_FACE('',(#4748),#4759,.F.);
#4748 = FACE_BOUND('',#4749,.F.);
#4749 = EDGE_LOOP('',(#4750,#4751,#4752,#4753));
#4750 = ORIENTED_EDGE('',*,*,#4672,.F.);
#4751 = ORIENTED_EDGE('',*,*,#2718,.T.);
#4752 = ORIENTED_EDGE('',*,*,#4727,.T.);
#4753 = ORIENTED_EDGE('',*,*,#4754,.T.);
#4754 = EDGE_CURVE('',#4728,#4673,#4755,.T.);
#4755 = LINE('',#4756,#4757);
#4756 = CARTESIAN_POINT('',(-0.32,-7.94,8.38));
#4757 = VECTOR('',#4758,1.);
#4758 = DIRECTION('',(1.,0.,0.));
#4759 = PLANE('',#4760);
#4760 = AXIS2_PLACEMENT_3D('',#4761,#4762,#4763);
#4761 = CARTESIAN_POINT('',(-0.32,-7.94,-3.));
#4762 = DIRECTION('',(0.,1.,0.));
#4763 = DIRECTION('',(0.,-0.,1.));
#4764 = ADVANCED_FACE('',(#4765),#4790,.T.);
#4765 = FACE_BOUND('',#4766,.T.);
#4766 = EDGE_LOOP('',(#4767,#4775,#4776,#4784));
#4767 = ORIENTED_EDGE('',*,*,#4768,.F.);
#4768 = EDGE_CURVE('',#2743,#4769,#4771,.T.);
#4769 = VERTEX_POINT('',#4770);
#4770 = CARTESIAN_POINT('',(0.32,-12.38,8.38));
#4771 = LINE('',#4772,#4773);
#4772 = CARTESIAN_POINT('',(0.32,-12.38,-3.));
#4773 = VECTOR('',#4774,1.);
#4774 = DIRECTION('',(0.,0.,1.));
#4775 = ORIENTED_EDGE('',*,*,#2742,.T.);
#4776 = ORIENTED_EDGE('',*,*,#4777,.T.);
#4777 = EDGE_CURVE('',#2745,#4778,#4780,.T.);
#4778 = VERTEX_POINT('',#4779);
#4779 = CARTESIAN_POINT('',(-0.32,-12.38,8.38));
#4780 = LINE('',#4781,#4782);
#4781 = CARTESIAN_POINT('',(-0.32,-12.38,-3.));
#4782 = VECTOR('',#4783,1.);
#4783 = DIRECTION('',(0.,0.,1.));
#4784 = ORIENTED_EDGE('',*,*,#4785,.T.);
#4785 = EDGE_CURVE('',#4778,#4769,#4786,.T.);
#4786 = LINE('',#4787,#4788);
#4787 = CARTESIAN_POINT('',(-0.32,-12.38,8.38));
#4788 = VECTOR('',#4789,1.);
#4789 = DIRECTION('',(1.,0.,0.));
#4790 = PLANE('',#4791);
#4791 = AXIS2_PLACEMENT_3D('',#4792,#4793,#4794);
#4792 = CARTESIAN_POINT('',(-0.32,-12.38,-3.));
#4793 = DIRECTION('',(0.,1.,0.));
#4794 = DIRECTION('',(0.,-0.,1.));
#4795 = ADVANCED_FACE('',(#4796),#4814,.F.);
#4796 = FACE_BOUND('',#4797,.F.);
#4797 = EDGE_LOOP('',(#4798,#4806,#4807,#4808));
#4798 = ORIENTED_EDGE('',*,*,#4799,.F.);
#4799 = EDGE_CURVE('',#2761,#4800,#4802,.T.);
#4800 = VERTEX_POINT('',#4801);
#4801 = CARTESIAN_POINT('',(-0.32,-13.02,8.38));
#4802 = LINE('',#4803,#4804);
#4803 = CARTESIAN_POINT('',(-0.32,-13.02,-3.));
#4804 = VECTOR('',#4805,1.);
#4805 = DIRECTION('',(0.,0.,1.));
#4806 = ORIENTED_EDGE('',*,*,#2768,.T.);
#4807 = ORIENTED_EDGE('',*,*,#4777,.T.);
#4808 = ORIENTED_EDGE('',*,*,#4809,.F.);
#4809 = EDGE_CURVE('',#4800,#4778,#4810,.T.);
#4810 = LINE('',#4811,#4812);
#4811 = CARTESIAN_POINT('',(-0.32,-13.02,8.38));
#4812 = VECTOR('',#4813,1.);
#4813 = DIRECTION('',(0.,1.,0.));
#4814 = PLANE('',#4815);
#4815 = AXIS2_PLACEMENT_3D('',#4816,#4817,#4818);
#4816 = CARTESIAN_POINT('',(-0.32,-13.02,-3.));
#4817 = DIRECTION('',(1.,0.,0.));
#4818 = DIRECTION('',(0.,0.,1.));
#4819 = ADVANCED_FACE('',(#4820),#4838,.F.);
#4820 = FACE_BOUND('',#4821,.F.);
#4821 = EDGE_LOOP('',(#4822,#4830,#4831,#4832));
#4822 = ORIENTED_EDGE('',*,*,#4823,.F.);
#4823 = EDGE_CURVE('',#2753,#4824,#4826,.T.);
#4824 = VERTEX_POINT('',#4825);
#4825 = CARTESIAN_POINT('',(0.32,-13.02,8.38));
#4826 = LINE('',#4827,#4828);
#4827 = CARTESIAN_POINT('',(0.32,-13.02,-3.));
#4828 = VECTOR('',#4829,1.);
#4829 = DIRECTION('',(0.,0.,1.));
#4830 = ORIENTED_EDGE('',*,*,#2760,.T.);
#4831 = ORIENTED_EDGE('',*,*,#4799,.T.);
#4832 = ORIENTED_EDGE('',*,*,#4833,.T.);
#4833 = EDGE_CURVE('',#4800,#4824,#4834,.T.);
#4834 = LINE('',#4835,#4836);
#4835 = CARTESIAN_POINT('',(-0.32,-13.02,8.38));
#4836 = VECTOR('',#4837,1.);
#4837 = DIRECTION('',(1.,0.,0.));
#4838 = PLANE('',#4839);
#4839 = AXIS2_PLACEMENT_3D('',#4840,#4841,#4842);
#4840 = CARTESIAN_POINT('',(-0.32,-13.02,-3.));
#4841 = DIRECTION('',(0.,1.,0.));
#4842 = DIRECTION('',(0.,-0.,1.));
#4843 = ADVANCED_FACE('',(#4844),#4855,.T.);
#4844 = FACE_BOUND('',#4845,.T.);
#4845 = EDGE_LOOP('',(#4846,#4847,#4848,#4849));
#4846 = ORIENTED_EDGE('',*,*,#4823,.F.);
#4847 = ORIENTED_EDGE('',*,*,#2752,.T.);
#4848 = ORIENTED_EDGE('',*,*,#4768,.T.);
#4849 = ORIENTED_EDGE('',*,*,#4850,.F.);
#4850 = EDGE_CURVE('',#4824,#4769,#4851,.T.);
#4851 = LINE('',#4852,#4853);
#4852 = CARTESIAN_POINT('',(0.32,-13.02,8.38));
#4853 = VECTOR('',#4854,1.);
#4854 = DIRECTION('',(0.,1.,0.));
#4855 = PLANE('',#4856);
#4856 = AXIS2_PLACEMENT_3D('',#4857,#4858,#4859);
#4857 = CARTESIAN_POINT('',(0.32,-13.02,-3.));
#4858 = DIRECTION('',(1.,0.,0.));
#4859 = DIRECTION('',(0.,0.,1.));
#4860 = ADVANCED_FACE('',(#4861),#4886,.T.);
#4861 = FACE_BOUND('',#4862,.T.);
#4862 = EDGE_LOOP('',(#4863,#4871,#4872,#4880));
#4863 = ORIENTED_EDGE('',*,*,#4864,.F.);
#4864 = EDGE_CURVE('',#2777,#4865,#4867,.T.);
#4865 = VERTEX_POINT('',#4866);
#4866 = CARTESIAN_POINT('',(0.32,-10.48,8.38));
#4867 = LINE('',#4868,#4869);
#4868 = CARTESIAN_POINT('',(0.32,-10.48,-3.));
#4869 = VECTOR('',#4870,1.);
#4870 = DIRECTION('',(0.,0.,1.));
#4871 = ORIENTED_EDGE('',*,*,#2776,.T.);
#4872 = ORIENTED_EDGE('',*,*,#4873,.T.);
#4873 = EDGE_CURVE('',#2779,#4874,#4876,.T.);
#4874 = VERTEX_POINT('',#4875);
#4875 = CARTESIAN_POINT('',(0.32,-9.84,8.38));
#4876 = LINE('',#4877,#4878);
#4877 = CARTESIAN_POINT('',(0.32,-9.84,-3.));
#4878 = VECTOR('',#4879,1.);
#4879 = DIRECTION('',(0.,0.,1.));
#4880 = ORIENTED_EDGE('',*,*,#4881,.F.);
#4881 = EDGE_CURVE('',#4865,#4874,#4882,.T.);
#4882 = LINE('',#4883,#4884);
#4883 = CARTESIAN_POINT('',(0.32,-10.48,8.38));
#4884 = VECTOR('',#4885,1.);
#4885 = DIRECTION('',(0.,1.,0.));
#4886 = PLANE('',#4887);
#4887 = AXIS2_PLACEMENT_3D('',#4888,#4889,#4890);
#4888 = CARTESIAN_POINT('',(0.32,-10.48,-3.));
#4889 = DIRECTION('',(1.,0.,0.));
#4890 = DIRECTION('',(0.,0.,1.));
#4891 = ADVANCED_FACE('',(#4892),#4910,.T.);
#4892 = FACE_BOUND('',#4893,.T.);
#4893 = EDGE_LOOP('',(#4894,#4895,#4896,#4904));
#4894 = ORIENTED_EDGE('',*,*,#4873,.F.);
#4895 = ORIENTED_EDGE('',*,*,#2802,.T.);
#4896 = ORIENTED_EDGE('',*,*,#4897,.T.);
#4897 = EDGE_CURVE('',#2795,#4898,#4900,.T.);
#4898 = VERTEX_POINT('',#4899);
#4899 = CARTESIAN_POINT('',(-0.32,-9.84,8.38));
#4900 = LINE('',#4901,#4902);
#4901 = CARTESIAN_POINT('',(-0.32,-9.84,-3.));
#4902 = VECTOR('',#4903,1.);
#4903 = DIRECTION('',(0.,0.,1.));
#4904 = ORIENTED_EDGE('',*,*,#4905,.T.);
#4905 = EDGE_CURVE('',#4898,#4874,#4906,.T.);
#4906 = LINE('',#4907,#4908);
#4907 = CARTESIAN_POINT('',(-0.32,-9.84,8.38));
#4908 = VECTOR('',#4909,1.);
#4909 = DIRECTION('',(1.,0.,0.));
#4910 = PLANE('',#4911);
#4911 = AXIS2_PLACEMENT_3D('',#4912,#4913,#4914);
#4912 = CARTESIAN_POINT('',(-0.32,-9.84,-3.));
#4913 = DIRECTION('',(0.,1.,0.));
#4914 = DIRECTION('',(0.,-0.,1.));
#4915 = ADVANCED_FACE('',(#4916),#4934,.F.);
#4916 = FACE_BOUND('',#4917,.F.);
#4917 = EDGE_LOOP('',(#4918,#4926,#4927,#4928));
#4918 = ORIENTED_EDGE('',*,*,#4919,.F.);
#4919 = EDGE_CURVE('',#2787,#4920,#4922,.T.);
#4920 = VERTEX_POINT('',#4921);
#4921 = CARTESIAN_POINT('',(-0.32,-10.48,8.38));
#4922 = LINE('',#4923,#4924);
#4923 = CARTESIAN_POINT('',(-0.32,-10.48,-3.));
#4924 = VECTOR('',#4925,1.);
#4925 = DIRECTION('',(0.,0.,1.));
#4926 = ORIENTED_EDGE('',*,*,#2794,.T.);
#4927 = ORIENTED_EDGE('',*,*,#4897,.T.);
#4928 = ORIENTED_EDGE('',*,*,#4929,.F.);
#4929 = EDGE_CURVE('',#4920,#4898,#4930,.T.);
#4930 = LINE('',#4931,#4932);
#4931 = CARTESIAN_POINT('',(-0.32,-10.48,8.38));
#4932 = VECTOR('',#4933,1.);
#4933 = DIRECTION('',(0.,1.,0.));
#4934 = PLANE('',#4935);
#4935 = AXIS2_PLACEMENT_3D('',#4936,#4937,#4938);
#4936 = CARTESIAN_POINT('',(-0.32,-10.48,-3.));
#4937 = DIRECTION('',(1.,0.,0.));
#4938 = DIRECTION('',(0.,0.,1.));
#4939 = ADVANCED_FACE('',(#4940),#4951,.F.);
#4940 = FACE_BOUND('',#4941,.F.);
#4941 = EDGE_LOOP('',(#4942,#4943,#4944,#4945));
#4942 = ORIENTED_EDGE('',*,*,#4864,.F.);
#4943 = ORIENTED_EDGE('',*,*,#2786,.T.);
#4944 = ORIENTED_EDGE('',*,*,#4919,.T.);
#4945 = ORIENTED_EDGE('',*,*,#4946,.T.);
#4946 = EDGE_CURVE('',#4920,#4865,#4947,.T.);
#4947 = LINE('',#4948,#4949);
#4948 = CARTESIAN_POINT('',(-0.32,-10.48,8.38));
#4949 = VECTOR('',#4950,1.);
#4950 = DIRECTION('',(1.,0.,0.));
#4951 = PLANE('',#4952);
#4952 = AXIS2_PLACEMENT_3D('',#4953,#4954,#4955);
#4953 = CARTESIAN_POINT('',(-0.32,-10.48,-3.));
#4954 = DIRECTION('',(0.,1.,0.));
#4955 = DIRECTION('',(0.,-0.,1.));
#4956 = ADVANCED_FACE('',(#4957),#4982,.T.);
#4957 = FACE_BOUND('',#4958,.T.);
#4958 = EDGE_LOOP('',(#4959,#4967,#4968,#4976));
#4959 = ORIENTED_EDGE('',*,*,#4960,.F.);
#4960 = EDGE_CURVE('',#2811,#4961,#4963,.T.);
#4961 = VERTEX_POINT('',#4962);
#4962 = CARTESIAN_POINT('',(0.32,-2.22,8.38));
#4963 = LINE('',#4964,#4965);
#4964 = CARTESIAN_POINT('',(0.32,-2.22,-3.));
#4965 = VECTOR('',#4966,1.);
#4966 = DIRECTION('',(0.,0.,1.));
#4967 = ORIENTED_EDGE('',*,*,#2810,.T.);
#4968 = ORIENTED_EDGE('',*,*,#4969,.T.);
#4969 = EDGE_CURVE('',#2813,#4970,#4972,.T.);
#4970 = VERTEX_POINT('',#4971);
#4971 = CARTESIAN_POINT('',(-0.32,-2.22,8.38));
#4972 = LINE('',#4973,#4974);
#4973 = CARTESIAN_POINT('',(-0.32,-2.22,-3.));
#4974 = VECTOR('',#4975,1.);
#4975 = DIRECTION('',(0.,0.,1.));
#4976 = ORIENTED_EDGE('',*,*,#4977,.T.);
#4977 = EDGE_CURVE('',#4970,#4961,#4978,.T.);
#4978 = LINE('',#4979,#4980);
#4979 = CARTESIAN_POINT('',(-0.32,-2.22,8.38));
#4980 = VECTOR('',#4981,1.);
#4981 = DIRECTION('',(1.,0.,0.));
#4982 = PLANE('',#4983);
#4983 = AXIS2_PLACEMENT_3D('',#4984,#4985,#4986);
#4984 = CARTESIAN_POINT('',(-0.32,-2.22,-3.));
#4985 = DIRECTION('',(0.,1.,0.));
#4986 = DIRECTION('',(0.,-0.,1.));
#4987 = ADVANCED_FACE('',(#4988),#5006,.F.);
#4988 = FACE_BOUND('',#4989,.F.);
#4989 = EDGE_LOOP('',(#4990,#4998,#4999,#5000));
#4990 = ORIENTED_EDGE('',*,*,#4991,.F.);
#4991 = EDGE_CURVE('',#2829,#4992,#4994,.T.);
#4992 = VERTEX_POINT('',#4993);
#4993 = CARTESIAN_POINT('',(-0.32,-2.86,8.38));
#4994 = LINE('',#4995,#4996);
#4995 = CARTESIAN_POINT('',(-0.32,-2.86,-3.));
#4996 = VECTOR('',#4997,1.);
#4997 = DIRECTION('',(0.,0.,1.));
#4998 = ORIENTED_EDGE('',*,*,#2836,.T.);
#4999 = ORIENTED_EDGE('',*,*,#4969,.T.);
#5000 = ORIENTED_EDGE('',*,*,#5001,.F.);
#5001 = EDGE_CURVE('',#4992,#4970,#5002,.T.);
#5002 = LINE('',#5003,#5004);
#5003 = CARTESIAN_POINT('',(-0.32,-2.86,8.38));
#5004 = VECTOR('',#5005,1.);
#5005 = DIRECTION('',(0.,1.,0.));
#5006 = PLANE('',#5007);
#5007 = AXIS2_PLACEMENT_3D('',#5008,#5009,#5010);
#5008 = CARTESIAN_POINT('',(-0.32,-2.86,-3.));
#5009 = DIRECTION('',(1.,0.,0.));
#5010 = DIRECTION('',(0.,0.,1.));
#5011 = ADVANCED_FACE('',(#5012),#5030,.F.);
#5012 = FACE_BOUND('',#5013,.F.);
#5013 = EDGE_LOOP('',(#5014,#5022,#5023,#5024));
#5014 = ORIENTED_EDGE('',*,*,#5015,.F.);
#5015 = EDGE_CURVE('',#2821,#5016,#5018,.T.);
#5016 = VERTEX_POINT('',#5017);
#5017 = CARTESIAN_POINT('',(0.32,-2.86,8.38));
#5018 = LINE('',#5019,#5020);
#5019 = CARTESIAN_POINT('',(0.32,-2.86,-3.));
#5020 = VECTOR('',#5021,1.);
#5021 = DIRECTION('',(0.,0.,1.));
#5022 = ORIENTED_EDGE('',*,*,#2828,.T.);
#5023 = ORIENTED_EDGE('',*,*,#4991,.T.);
#5024 = ORIENTED_EDGE('',*,*,#5025,.T.);
#5025 = EDGE_CURVE('',#4992,#5016,#5026,.T.);
#5026 = LINE('',#5027,#5028);
#5027 = CARTESIAN_POINT('',(-0.32,-2.86,8.38));
#5028 = VECTOR('',#5029,1.);
#5029 = DIRECTION('',(1.,0.,0.));
#5030 = PLANE('',#5031);
#5031 = AXIS2_PLACEMENT_3D('',#5032,#5033,#5034);
#5032 = CARTESIAN_POINT('',(-0.32,-2.86,-3.));
#5033 = DIRECTION('',(0.,1.,0.));
#5034 = DIRECTION('',(0.,-0.,1.));
#5035 = ADVANCED_FACE('',(#5036),#5047,.T.);
#5036 = FACE_BOUND('',#5037,.T.);
#5037 = EDGE_LOOP('',(#5038,#5039,#5040,#5041));
#5038 = ORIENTED_EDGE('',*,*,#5015,.F.);
#5039 = ORIENTED_EDGE('',*,*,#2820,.T.);
#5040 = ORIENTED_EDGE('',*,*,#4960,.T.);
#5041 = ORIENTED_EDGE('',*,*,#5042,.F.);
#5042 = EDGE_CURVE('',#5016,#4961,#5043,.T.);
#5043 = LINE('',#5044,#5045);
#5044 = CARTESIAN_POINT('',(0.32,-2.86,8.38));
#5045 = VECTOR('',#5046,1.);
#5046 = DIRECTION('',(0.,1.,0.));
#5047 = PLANE('',#5048);
#5048 = AXIS2_PLACEMENT_3D('',#5049,#5050,#5051);
#5049 = CARTESIAN_POINT('',(0.32,-2.86,-3.));
#5050 = DIRECTION('',(1.,0.,0.));
#5051 = DIRECTION('',(0.,0.,1.));
#5052 = ADVANCED_FACE('',(#5053),#5078,.F.);
#5053 = FACE_BOUND('',#5054,.F.);
#5054 = EDGE_LOOP('',(#5055,#5063,#5064,#5072));
#5055 = ORIENTED_EDGE('',*,*,#5056,.F.);
#5056 = EDGE_CURVE('',#2845,#5057,#5059,.T.);
#5057 = VERTEX_POINT('',#5058);
#5058 = CARTESIAN_POINT('',(0.32,-5.4,8.38));
#5059 = LINE('',#5060,#5061);
#5060 = CARTESIAN_POINT('',(0.32,-5.4,-3.));
#5061 = VECTOR('',#5062,1.);
#5062 = DIRECTION('',(0.,0.,1.));
#5063 = ORIENTED_EDGE('',*,*,#2844,.T.);
#5064 = ORIENTED_EDGE('',*,*,#5065,.T.);
#5065 = EDGE_CURVE('',#2847,#5066,#5068,.T.);
#5066 = VERTEX_POINT('',#5067);
#5067 = CARTESIAN_POINT('',(-0.32,-5.4,8.38));
#5068 = LINE('',#5069,#5070);
#5069 = CARTESIAN_POINT('',(-0.32,-5.4,-3.));
#5070 = VECTOR('',#5071,1.);
#5071 = DIRECTION('',(0.,0.,1.));
#5072 = ORIENTED_EDGE('',*,*,#5073,.T.);
#5073 = EDGE_CURVE('',#5066,#5057,#5074,.T.);
#5074 = LINE('',#5075,#5076);
#5075 = CARTESIAN_POINT('',(-0.32,-5.4,8.38));
#5076 = VECTOR('',#5077,1.);
#5077 = DIRECTION('',(1.,0.,0.));
#5078 = PLANE('',#5079);
#5079 = AXIS2_PLACEMENT_3D('',#5080,#5081,#5082);
#5080 = CARTESIAN_POINT('',(-0.32,-5.4,-3.));
#5081 = DIRECTION('',(0.,1.,0.));
#5082 = DIRECTION('',(0.,-0.,1.));
#5083 = ADVANCED_FACE('',(#5084),#5102,.T.);
#5084 = FACE_BOUND('',#5085,.T.);
#5085 = EDGE_LOOP('',(#5086,#5087,#5088,#5096));
#5086 = ORIENTED_EDGE('',*,*,#5056,.F.);
#5087 = ORIENTED_EDGE('',*,*,#2870,.T.);
#5088 = ORIENTED_EDGE('',*,*,#5089,.T.);
#5089 = EDGE_CURVE('',#2863,#5090,#5092,.T.);
#5090 = VERTEX_POINT('',#5091);
#5091 = CARTESIAN_POINT('',(0.32,-4.76,8.38));
#5092 = LINE('',#5093,#5094);
#5093 = CARTESIAN_POINT('',(0.32,-4.76,-3.));
#5094 = VECTOR('',#5095,1.);
#5095 = DIRECTION('',(0.,0.,1.));
#5096 = ORIENTED_EDGE('',*,*,#5097,.F.);
#5097 = EDGE_CURVE('',#5057,#5090,#5098,.T.);
#5098 = LINE('',#5099,#5100);
#5099 = CARTESIAN_POINT('',(0.32,-5.4,8.38));
#5100 = VECTOR('',#5101,1.);
#5101 = DIRECTION('',(0.,1.,0.));
#5102 = PLANE('',#5103);
#5103 = AXIS2_PLACEMENT_3D('',#5104,#5105,#5106);
#5104 = CARTESIAN_POINT('',(0.32,-5.4,-3.));
#5105 = DIRECTION('',(1.,0.,0.));
#5106 = DIRECTION('',(0.,0.,1.));
#5107 = ADVANCED_FACE('',(#5108),#5126,.T.);
#5108 = FACE_BOUND('',#5109,.T.);
#5109 = EDGE_LOOP('',(#5110,#5111,#5112,#5120));
#5110 = ORIENTED_EDGE('',*,*,#5089,.F.);
#5111 = ORIENTED_EDGE('',*,*,#2862,.T.);
#5112 = ORIENTED_EDGE('',*,*,#5113,.T.);
#5113 = EDGE_CURVE('',#2855,#5114,#5116,.T.);
#5114 = VERTEX_POINT('',#5115);
#5115 = CARTESIAN_POINT('',(-0.32,-4.76,8.38));
#5116 = LINE('',#5117,#5118);
#5117 = CARTESIAN_POINT('',(-0.32,-4.76,-3.));
#5118 = VECTOR('',#5119,1.);
#5119 = DIRECTION('',(0.,0.,1.));
#5120 = ORIENTED_EDGE('',*,*,#5121,.T.);
#5121 = EDGE_CURVE('',#5114,#5090,#5122,.T.);
#5122 = LINE('',#5123,#5124);
#5123 = CARTESIAN_POINT('',(-0.32,-4.76,8.38));
#5124 = VECTOR('',#5125,1.);
#5125 = DIRECTION('',(1.,0.,0.));
#5126 = PLANE('',#5127);
#5127 = AXIS2_PLACEMENT_3D('',#5128,#5129,#5130);
#5128 = CARTESIAN_POINT('',(-0.32,-4.76,-3.));
#5129 = DIRECTION('',(0.,1.,0.));
#5130 = DIRECTION('',(0.,-0.,1.));
#5131 = ADVANCED_FACE('',(#5132),#5143,.F.);
#5132 = FACE_BOUND('',#5133,.F.);
#5133 = EDGE_LOOP('',(#5134,#5135,#5136,#5137));
#5134 = ORIENTED_EDGE('',*,*,#5065,.F.);
#5135 = ORIENTED_EDGE('',*,*,#2854,.T.);
#5136 = ORIENTED_EDGE('',*,*,#5113,.T.);
#5137 = ORIENTED_EDGE('',*,*,#5138,.F.);
#5138 = EDGE_CURVE('',#5066,#5114,#5139,.T.);
#5139 = LINE('',#5140,#5141);
#5140 = CARTESIAN_POINT('',(-0.32,-5.4,8.38));
#5141 = VECTOR('',#5142,1.);
#5142 = DIRECTION('',(0.,1.,0.));
#5143 = PLANE('',#5144);
#5144 = AXIS2_PLACEMENT_3D('',#5145,#5146,#5147);
#5145 = CARTESIAN_POINT('',(-0.32,-5.4,-3.));
#5146 = DIRECTION('',(1.,0.,0.));
#5147 = DIRECTION('',(0.,0.,1.));
#5148 = ADVANCED_FACE('',(#5149),#5174,.T.);
#5149 = FACE_BOUND('',#5150,.T.);
#5150 = EDGE_LOOP('',(#5151,#5159,#5160,#5168));
#5151 = ORIENTED_EDGE('',*,*,#5152,.F.);
#5152 = EDGE_CURVE('',#2879,#5153,#5155,.T.);
#5153 = VERTEX_POINT('',#5154);
#5154 = CARTESIAN_POINT('',(0.32,-0.32,8.38));
#5155 = LINE('',#5156,#5157);
#5156 = CARTESIAN_POINT('',(0.32,-0.32,-3.));
#5157 = VECTOR('',#5158,1.);
#5158 = DIRECTION('',(0.,0.,1.));
#5159 = ORIENTED_EDGE('',*,*,#2878,.T.);
#5160 = ORIENTED_EDGE('',*,*,#5161,.T.);
#5161 = EDGE_CURVE('',#2881,#5162,#5164,.T.);
#5162 = VERTEX_POINT('',#5163);
#5163 = CARTESIAN_POINT('',(0.32,0.32,8.38));
#5164 = LINE('',#5165,#5166);
#5165 = CARTESIAN_POINT('',(0.32,0.32,-3.));
#5166 = VECTOR('',#5167,1.);
#5167 = DIRECTION('',(0.,0.,1.));
#5168 = ORIENTED_EDGE('',*,*,#5169,.F.);
#5169 = EDGE_CURVE('',#5153,#5162,#5170,.T.);
#5170 = LINE('',#5171,#5172);
#5171 = CARTESIAN_POINT('',(0.32,-0.32,8.38));
#5172 = VECTOR('',#5173,1.);
#5173 = DIRECTION('',(0.,1.,0.));
#5174 = PLANE('',#5175);
#5175 = AXIS2_PLACEMENT_3D('',#5176,#5177,#5178);
#5176 = CARTESIAN_POINT('',(0.32,-0.32,-3.));
#5177 = DIRECTION('',(1.,0.,0.));
#5178 = DIRECTION('',(0.,0.,1.));
#5179 = ADVANCED_FACE('',(#5180),#5198,.T.);
#5180 = FACE_BOUND('',#5181,.T.);
#5181 = EDGE_LOOP('',(#5182,#5183,#5184,#5192));
#5182 = ORIENTED_EDGE('',*,*,#5161,.F.);
#5183 = ORIENTED_EDGE('',*,*,#2904,.T.);
#5184 = ORIENTED_EDGE('',*,*,#5185,.T.);
#5185 = EDGE_CURVE('',#2897,#5186,#5188,.T.);
#5186 = VERTEX_POINT('',#5187);
#5187 = CARTESIAN_POINT('',(-0.32,0.32,8.38));
#5188 = LINE('',#5189,#5190);
#5189 = CARTESIAN_POINT('',(-0.32,0.32,-3.));
#5190 = VECTOR('',#5191,1.);
#5191 = DIRECTION('',(0.,0.,1.));
#5192 = ORIENTED_EDGE('',*,*,#5193,.T.);
#5193 = EDGE_CURVE('',#5186,#5162,#5194,.T.);
#5194 = LINE('',#5195,#5196);
#5195 = CARTESIAN_POINT('',(-0.32,0.32,8.38));
#5196 = VECTOR('',#5197,1.);
#5197 = DIRECTION('',(1.,0.,0.));
#5198 = PLANE('',#5199);
#5199 = AXIS2_PLACEMENT_3D('',#5200,#5201,#5202);
#5200 = CARTESIAN_POINT('',(-0.32,0.32,-3.));
#5201 = DIRECTION('',(0.,1.,0.));
#5202 = DIRECTION('',(0.,-0.,1.));
#5203 = ADVANCED_FACE('',(#5204),#5222,.F.);
#5204 = FACE_BOUND('',#5205,.F.);
#5205 = EDGE_LOOP('',(#5206,#5214,#5215,#5216));
#5206 = ORIENTED_EDGE('',*,*,#5207,.F.);
#5207 = EDGE_CURVE('',#2889,#5208,#5210,.T.);
#5208 = VERTEX_POINT('',#5209);
#5209 = CARTESIAN_POINT('',(-0.32,-0.32,8.38));
#5210 = LINE('',#5211,#5212);
#5211 = CARTESIAN_POINT('',(-0.32,-0.32,-3.));
#5212 = VECTOR('',#5213,1.);
#5213 = DIRECTION('',(0.,0.,1.));
#5214 = ORIENTED_EDGE('',*,*,#2896,.T.);
#5215 = ORIENTED_EDGE('',*,*,#5185,.T.);
#5216 = ORIENTED_EDGE('',*,*,#5217,.F.);
#5217 = EDGE_CURVE('',#5208,#5186,#5218,.T.);
#5218 = LINE('',#5219,#5220);
#5219 = CARTESIAN_POINT('',(-0.32,-0.32,8.38));
#5220 = VECTOR('',#5221,1.);
#5221 = DIRECTION('',(0.,1.,0.));
#5222 = PLANE('',#5223);
#5223 = AXIS2_PLACEMENT_3D('',#5224,#5225,#5226);
#5224 = CARTESIAN_POINT('',(-0.32,-0.32,-3.));
#5225 = DIRECTION('',(1.,0.,0.));
#5226 = DIRECTION('',(0.,0.,1.));
#5227 = ADVANCED_FACE('',(#5228),#5239,.F.);
#5228 = FACE_BOUND('',#5229,.F.);
#5229 = EDGE_LOOP('',(#5230,#5231,#5232,#5233));
#5230 = ORIENTED_EDGE('',*,*,#5152,.F.);
#5231 = ORIENTED_EDGE('',*,*,#2888,.T.);
#5232 = ORIENTED_EDGE('',*,*,#5207,.T.);
#5233 = ORIENTED_EDGE('',*,*,#5234,.T.);
#5234 = EDGE_CURVE('',#5208,#5153,#5235,.T.);
#5235 = LINE('',#5236,#5237);
#5236 = CARTESIAN_POINT('',(-0.32,-0.32,8.38));
#5237 = VECTOR('',#5238,1.);
#5238 = DIRECTION('',(1.,0.,0.));
#5239 = PLANE('',#5240);
#5240 = AXIS2_PLACEMENT_3D('',#5241,#5242,#5243);
#5241 = CARTESIAN_POINT('',(-0.32,-0.32,-3.));
#5242 = DIRECTION('',(0.,1.,0.));
#5243 = DIRECTION('',(0.,-0.,1.));
#5244 = ADVANCED_FACE('',(#5245),#5270,.T.);
#5245 = FACE_BOUND('',#5246,.F.);
#5246 = EDGE_LOOP('',(#5247,#5255,#5256,#5264));
#5247 = ORIENTED_EDGE('',*,*,#5248,.F.);
#5248 = EDGE_CURVE('',#3721,#5249,#5251,.T.);
#5249 = VERTEX_POINT('',#5250);
#5250 = CARTESIAN_POINT('',(-0.16,-17.94,-3.));
#5251 = LINE('',#5252,#5253);
#5252 = CARTESIAN_POINT('',(-0.266666666667,-18.04666666666,
    -2.893333333333));
#5253 = VECTOR('',#5254,1.);
#5254 = DIRECTION('',(0.57735026919,0.57735026919,-0.57735026919));
#5255 = ORIENTED_EDGE('',*,*,#3720,.T.);
#5256 = ORIENTED_EDGE('',*,*,#5257,.T.);
#5257 = EDGE_CURVE('',#3713,#5258,#5260,.T.);
#5258 = VERTEX_POINT('',#5259);
#5259 = CARTESIAN_POINT('',(0.16,-17.94,-3.));
#5260 = LINE('',#5261,#5262);
#5261 = CARTESIAN_POINT('',(0.16,-17.94,-3.));
#5262 = VECTOR('',#5263,1.);
#5263 = DIRECTION('',(-0.57735026919,0.57735026919,-0.57735026919));
#5264 = ORIENTED_EDGE('',*,*,#5265,.F.);
#5265 = EDGE_CURVE('',#5249,#5258,#5266,.T.);
#5266 = LINE('',#5267,#5268);
#5267 = CARTESIAN_POINT('',(-0.32,-17.94,-3.));
#5268 = VECTOR('',#5269,1.);
#5269 = DIRECTION('',(1.,0.,0.));
#5270 = PLANE('',#5271);
#5271 = AXIS2_PLACEMENT_3D('',#5272,#5273,#5274);
#5272 = CARTESIAN_POINT('',(-0.32,-18.02,-2.92));
#5273 = DIRECTION('',(1.735167508357E-18,-0.707106781187,-0.707106781187
    ));
#5274 = DIRECTION('',(-1.,-1.226948711654E-18,-1.226948711654E-18));
#5275 = ADVANCED_FACE('',(#5276),#5294,.F.);
#5276 = FACE_BOUND('',#5277,.F.);
#5277 = EDGE_LOOP('',(#5278,#5279,#5280,#5288));
#5278 = ORIENTED_EDGE('',*,*,#5257,.F.);
#5279 = ORIENTED_EDGE('',*,*,#3744,.T.);
#5280 = ORIENTED_EDGE('',*,*,#5281,.T.);
#5281 = EDGE_CURVE('',#3745,#5282,#5284,.T.);
#5282 = VERTEX_POINT('',#5283);
#5283 = CARTESIAN_POINT('',(0.16,-17.62,-3.));
#5284 = LINE('',#5285,#5286);
#5285 = CARTESIAN_POINT('',(5.333333333333E-02,-17.72666666666,
    -3.106666666667));
#5286 = VECTOR('',#5287,1.);
#5287 = DIRECTION('',(-0.57735026919,-0.57735026919,-0.57735026919));
#5288 = ORIENTED_EDGE('',*,*,#5289,.F.);
#5289 = EDGE_CURVE('',#5258,#5282,#5290,.T.);
#5290 = LINE('',#5291,#5292);
#5291 = CARTESIAN_POINT('',(0.16,-18.1,-3.));
#5292 = VECTOR('',#5293,1.);
#5293 = DIRECTION('',(0.,1.,0.));
#5294 = PLANE('',#5295);
#5295 = AXIS2_PLACEMENT_3D('',#5296,#5297,#5298);
#5296 = CARTESIAN_POINT('',(0.24,-18.1,-2.92));
#5297 = DIRECTION('',(-0.707106781187,1.735167508357E-18,0.707106781187)
  );
#5298 = DIRECTION('',(1.226948711654E-18,1.,-1.226948711654E-18));
#5299 = ADVANCED_FACE('',(#5300),#5318,.F.);
#5300 = FACE_BOUND('',#5301,.T.);
#5301 = EDGE_LOOP('',(#5302,#5310,#5311,#5312));
#5302 = ORIENTED_EDGE('',*,*,#5303,.F.);
#5303 = EDGE_CURVE('',#3769,#5304,#5306,.T.);
#5304 = VERTEX_POINT('',#5305);
#5305 = CARTESIAN_POINT('',(-0.16,-17.62,-3.));
#5306 = LINE('',#5307,#5308);
#5307 = CARTESIAN_POINT('',(-0.16,-17.62,-3.));
#5308 = VECTOR('',#5309,1.);
#5309 = DIRECTION('',(0.57735026919,-0.57735026919,-0.57735026919));
#5310 = ORIENTED_EDGE('',*,*,#3768,.T.);
#5311 = ORIENTED_EDGE('',*,*,#5281,.T.);
#5312 = ORIENTED_EDGE('',*,*,#5313,.F.);
#5313 = EDGE_CURVE('',#5304,#5282,#5314,.T.);
#5314 = LINE('',#5315,#5316);
#5315 = CARTESIAN_POINT('',(-0.32,-17.62,-3.));
#5316 = VECTOR('',#5317,1.);
#5317 = DIRECTION('',(1.,0.,0.));
#5318 = PLANE('',#5319);
#5319 = AXIS2_PLACEMENT_3D('',#5320,#5321,#5322);
#5320 = CARTESIAN_POINT('',(-0.32,-17.54,-2.92));
#5321 = DIRECTION('',(-1.735167508357E-18,-0.707106781187,0.707106781187
    ));
#5322 = DIRECTION('',(-1.,1.226948711654E-18,-1.226948711654E-18));
#5323 = ADVANCED_FACE('',(#5324),#5335,.T.);
#5324 = FACE_BOUND('',#5325,.T.);
#5325 = EDGE_LOOP('',(#5326,#5327,#5328,#5329));
#5326 = ORIENTED_EDGE('',*,*,#5248,.F.);
#5327 = ORIENTED_EDGE('',*,*,#3792,.T.);
#5328 = ORIENTED_EDGE('',*,*,#5303,.T.);
#5329 = ORIENTED_EDGE('',*,*,#5330,.F.);
#5330 = EDGE_CURVE('',#5249,#5304,#5331,.T.);
#5331 = LINE('',#5332,#5333);
#5332 = CARTESIAN_POINT('',(-0.16,-18.1,-3.));
#5333 = VECTOR('',#5334,1.);
#5334 = DIRECTION('',(0.,1.,0.));
#5335 = PLANE('',#5336);
#5336 = AXIS2_PLACEMENT_3D('',#5337,#5338,#5339);
#5337 = CARTESIAN_POINT('',(-0.24,-18.1,-2.92));
#5338 = DIRECTION('',(-0.707106781187,-1.735167508357E-18,
    -0.707106781187));
#5339 = DIRECTION('',(-1.226948711654E-18,1.,-1.226948711654E-18));
#5340 = ADVANCED_FACE('',(#5341),#5366,.F.);
#5341 = FACE_BOUND('',#5342,.T.);
#5342 = EDGE_LOOP('',(#5343,#5351,#5352,#5360));
#5343 = ORIENTED_EDGE('',*,*,#5344,.F.);
#5344 = EDGE_CURVE('',#3817,#5345,#5347,.T.);
#5345 = VERTEX_POINT('',#5346);
#5346 = CARTESIAN_POINT('',(-0.16,-15.08,-3.));
#5347 = LINE('',#5348,#5349);
#5348 = CARTESIAN_POINT('',(-0.16,-15.08,-3.));
#5349 = VECTOR('',#5350,1.);
#5350 = DIRECTION('',(0.57735026919,-0.57735026919,-0.57735026919));
#5351 = ORIENTED_EDGE('',*,*,#3816,.T.);
#5352 = ORIENTED_EDGE('',*,*,#5353,.T.);
#5353 = EDGE_CURVE('',#3809,#5354,#5356,.T.);
#5354 = VERTEX_POINT('',#5355);
#5355 = CARTESIAN_POINT('',(0.16,-15.08,-3.));
#5356 = LINE('',#5357,#5358);
#5357 = CARTESIAN_POINT('',(5.333333333333E-02,-15.18666666666,
    -3.106666666667));
#5358 = VECTOR('',#5359,1.);
#5359 = DIRECTION('',(-0.57735026919,-0.57735026919,-0.57735026919));
#5360 = ORIENTED_EDGE('',*,*,#5361,.F.);
#5361 = EDGE_CURVE('',#5345,#5354,#5362,.T.);
#5362 = LINE('',#5363,#5364);
#5363 = CARTESIAN_POINT('',(-0.32,-15.08,-3.));
#5364 = VECTOR('',#5365,1.);
#5365 = DIRECTION('',(1.,0.,0.));
#5366 = PLANE('',#5367);
#5367 = AXIS2_PLACEMENT_3D('',#5368,#5369,#5370);
#5368 = CARTESIAN_POINT('',(-0.32,-15.,-2.92));
#5369 = DIRECTION('',(-1.735167508357E-18,-0.707106781187,0.707106781187
    ));
#5370 = DIRECTION('',(-1.,1.226948711654E-18,-1.226948711654E-18));
#5371 = ADVANCED_FACE('',(#5372),#5390,.T.);
#5372 = FACE_BOUND('',#5373,.T.);
#5373 = EDGE_LOOP('',(#5374,#5382,#5383,#5384));
#5374 = ORIENTED_EDGE('',*,*,#5375,.F.);
#5375 = EDGE_CURVE('',#3840,#5376,#5378,.T.);
#5376 = VERTEX_POINT('',#5377);
#5377 = CARTESIAN_POINT('',(-0.16,-15.4,-3.));
#5378 = LINE('',#5379,#5380);
#5379 = CARTESIAN_POINT('',(-0.266666666667,-15.50666666666,
    -2.893333333333));
#5380 = VECTOR('',#5381,1.);
#5381 = DIRECTION('',(0.57735026919,0.57735026919,-0.57735026919));
#5382 = ORIENTED_EDGE('',*,*,#3847,.T.);
#5383 = ORIENTED_EDGE('',*,*,#5344,.T.);
#5384 = ORIENTED_EDGE('',*,*,#5385,.F.);
#5385 = EDGE_CURVE('',#5376,#5345,#5386,.T.);
#5386 = LINE('',#5387,#5388);
#5387 = CARTESIAN_POINT('',(-0.16,-15.56,-3.));
#5388 = VECTOR('',#5389,1.);
#5389 = DIRECTION('',(0.,1.,0.));
#5390 = PLANE('',#5391);
#5391 = AXIS2_PLACEMENT_3D('',#5392,#5393,#5394);
#5392 = CARTESIAN_POINT('',(-0.24,-15.56,-2.92));
#5393 = DIRECTION('',(-0.707106781187,-1.735167508357E-18,
    -0.707106781187));
#5394 = DIRECTION('',(-1.226948711654E-18,1.,-1.226948711654E-18));
#5395 = ADVANCED_FACE('',(#5396),#5414,.T.);
#5396 = FACE_BOUND('',#5397,.F.);
#5397 = EDGE_LOOP('',(#5398,#5399,#5400,#5408));
#5398 = ORIENTED_EDGE('',*,*,#5375,.F.);
#5399 = ORIENTED_EDGE('',*,*,#3871,.T.);
#5400 = ORIENTED_EDGE('',*,*,#5401,.T.);
#5401 = EDGE_CURVE('',#3864,#5402,#5404,.T.);
#5402 = VERTEX_POINT('',#5403);
#5403 = CARTESIAN_POINT('',(0.16,-15.4,-3.));
#5404 = LINE('',#5405,#5406);
#5405 = CARTESIAN_POINT('',(0.16,-15.4,-3.));
#5406 = VECTOR('',#5407,1.);
#5407 = DIRECTION('',(-0.57735026919,0.57735026919,-0.57735026919));
#5408 = ORIENTED_EDGE('',*,*,#5409,.F.);
#5409 = EDGE_CURVE('',#5376,#5402,#5410,.T.);
#5410 = LINE('',#5411,#5412);
#5411 = CARTESIAN_POINT('',(-0.32,-15.4,-3.));
#5412 = VECTOR('',#5413,1.);
#5413 = DIRECTION('',(1.,0.,0.));
#5414 = PLANE('',#5415);
#5415 = AXIS2_PLACEMENT_3D('',#5416,#5417,#5418);
#5416 = CARTESIAN_POINT('',(-0.32,-15.48,-2.92));
#5417 = DIRECTION('',(1.735167508357E-18,-0.707106781187,-0.707106781187
    ));
#5418 = DIRECTION('',(-1.,-1.226948711654E-18,-1.226948711654E-18));
#5419 = ADVANCED_FACE('',(#5420),#5431,.F.);
#5420 = FACE_BOUND('',#5421,.F.);
#5421 = EDGE_LOOP('',(#5422,#5423,#5424,#5425));
#5422 = ORIENTED_EDGE('',*,*,#5401,.F.);
#5423 = ORIENTED_EDGE('',*,*,#3888,.T.);
#5424 = ORIENTED_EDGE('',*,*,#5353,.T.);
#5425 = ORIENTED_EDGE('',*,*,#5426,.F.);
#5426 = EDGE_CURVE('',#5402,#5354,#5427,.T.);
#5427 = LINE('',#5428,#5429);
#5428 = CARTESIAN_POINT('',(0.16,-15.56,-3.));
#5429 = VECTOR('',#5430,1.);
#5430 = DIRECTION('',(0.,1.,0.));
#5431 = PLANE('',#5432);
#5432 = AXIS2_PLACEMENT_3D('',#5433,#5434,#5435);
#5433 = CARTESIAN_POINT('',(0.24,-15.56,-2.92));
#5434 = DIRECTION('',(-0.707106781187,1.735167508357E-18,0.707106781187)
  );
#5435 = DIRECTION('',(1.226948711654E-18,1.,-1.226948711654E-18));
#5436 = ADVANCED_FACE('',(#5437),#5462,.F.);
#5437 = FACE_BOUND('',#5438,.F.);
#5438 = EDGE_LOOP('',(#5439,#5447,#5448,#5456));
#5439 = ORIENTED_EDGE('',*,*,#5440,.F.);
#5440 = EDGE_CURVE('',#3905,#5441,#5443,.T.);
#5441 = VERTEX_POINT('',#5442);
#5442 = CARTESIAN_POINT('',(0.16,-7.78,-3.));
#5443 = LINE('',#5444,#5445);
#5444 = CARTESIAN_POINT('',(0.16,-7.78,-3.));
#5445 = VECTOR('',#5446,1.);
#5446 = DIRECTION('',(-0.57735026919,0.57735026919,-0.57735026919));
#5447 = ORIENTED_EDGE('',*,*,#3912,.T.);
#5448 = ORIENTED_EDGE('',*,*,#5449,.T.);
#5449 = EDGE_CURVE('',#3913,#5450,#5452,.T.);
#5450 = VERTEX_POINT('',#5451);
#5451 = CARTESIAN_POINT('',(0.16,-7.46,-3.));
#5452 = LINE('',#5453,#5454);
#5453 = CARTESIAN_POINT('',(5.333333333333E-02,-7.566666666667,
    -3.106666666667));
#5454 = VECTOR('',#5455,1.);
#5455 = DIRECTION('',(-0.57735026919,-0.57735026919,-0.57735026919));
#5456 = ORIENTED_EDGE('',*,*,#5457,.F.);
#5457 = EDGE_CURVE('',#5441,#5450,#5458,.T.);
#5458 = LINE('',#5459,#5460);
#5459 = CARTESIAN_POINT('',(0.16,-7.94,-3.));
#5460 = VECTOR('',#5461,1.);
#5461 = DIRECTION('',(0.,1.,0.));
#5462 = PLANE('',#5463);
#5463 = AXIS2_PLACEMENT_3D('',#5464,#5465,#5466);
#5464 = CARTESIAN_POINT('',(0.24,-7.94,-2.92));
#5465 = DIRECTION('',(-0.707106781187,1.735167508357E-18,0.707106781187)
  );
#5466 = DIRECTION('',(1.226948711654E-18,1.,-1.226948711654E-18));
#5467 = ADVANCED_FACE('',(#5468),#5486,.F.);
#5468 = FACE_BOUND('',#5469,.T.);
#5469 = EDGE_LOOP('',(#5470,#5478,#5479,#5480));
#5470 = ORIENTED_EDGE('',*,*,#5471,.F.);
#5471 = EDGE_CURVE('',#3937,#5472,#5474,.T.);
#5472 = VERTEX_POINT('',#5473);
#5473 = CARTESIAN_POINT('',(-0.16,-7.46,-3.));
#5474 = LINE('',#5475,#5476);
#5475 = CARTESIAN_POINT('',(-0.16,-7.46,-3.));
#5476 = VECTOR('',#5477,1.);
#5477 = DIRECTION('',(0.57735026919,-0.57735026919,-0.57735026919));
#5478 = ORIENTED_EDGE('',*,*,#3936,.T.);
#5479 = ORIENTED_EDGE('',*,*,#5449,.T.);
#5480 = ORIENTED_EDGE('',*,*,#5481,.F.);
#5481 = EDGE_CURVE('',#5472,#5450,#5482,.T.);
#5482 = LINE('',#5483,#5484);
#5483 = CARTESIAN_POINT('',(-0.32,-7.46,-3.));
#5484 = VECTOR('',#5485,1.);
#5485 = DIRECTION('',(1.,0.,0.));
#5486 = PLANE('',#5487);
#5487 = AXIS2_PLACEMENT_3D('',#5488,#5489,#5490);
#5488 = CARTESIAN_POINT('',(-0.32,-7.38,-2.92));
#5489 = DIRECTION('',(-1.735167508357E-18,-0.707106781187,0.707106781187
    ));
#5490 = DIRECTION('',(-1.,1.226948711654E-18,-1.226948711654E-18));
#5491 = ADVANCED_FACE('',(#5492),#5510,.T.);
#5492 = FACE_BOUND('',#5493,.T.);
#5493 = EDGE_LOOP('',(#5494,#5502,#5503,#5504));
#5494 = ORIENTED_EDGE('',*,*,#5495,.F.);
#5495 = EDGE_CURVE('',#3960,#5496,#5498,.T.);
#5496 = VERTEX_POINT('',#5497);
#5497 = CARTESIAN_POINT('',(-0.16,-7.78,-3.));
#5498 = LINE('',#5499,#5500);
#5499 = CARTESIAN_POINT('',(-0.266666666667,-7.886666666667,
    -2.893333333333));
#5500 = VECTOR('',#5501,1.);
#5501 = DIRECTION('',(0.57735026919,0.57735026919,-0.57735026919));
#5502 = ORIENTED_EDGE('',*,*,#3967,.T.);
#5503 = ORIENTED_EDGE('',*,*,#5471,.T.);
#5504 = ORIENTED_EDGE('',*,*,#5505,.F.);
#5505 = EDGE_CURVE('',#5496,#5472,#5506,.T.);
#5506 = LINE('',#5507,#5508);
#5507 = CARTESIAN_POINT('',(-0.16,-7.94,-3.));
#5508 = VECTOR('',#5509,1.);
#5509 = DIRECTION('',(0.,1.,0.));
#5510 = PLANE('',#5511);
#5511 = AXIS2_PLACEMENT_3D('',#5512,#5513,#5514);
#5512 = CARTESIAN_POINT('',(-0.24,-7.94,-2.92));
#5513 = DIRECTION('',(-0.707106781187,-1.735167508357E-18,
    -0.707106781187));
#5514 = DIRECTION('',(-1.226948711654E-18,1.,-1.226948711654E-18));
#5515 = ADVANCED_FACE('',(#5516),#5527,.T.);
#5516 = FACE_BOUND('',#5517,.F.);
#5517 = EDGE_LOOP('',(#5518,#5519,#5520,#5521));
#5518 = ORIENTED_EDGE('',*,*,#5495,.F.);
#5519 = ORIENTED_EDGE('',*,*,#3984,.T.);
#5520 = ORIENTED_EDGE('',*,*,#5440,.T.);
#5521 = ORIENTED_EDGE('',*,*,#5522,.F.);
#5522 = EDGE_CURVE('',#5496,#5441,#5523,.T.);
#5523 = LINE('',#5524,#5525);
#5524 = CARTESIAN_POINT('',(-0.32,-7.78,-3.));
#5525 = VECTOR('',#5526,1.);
#5526 = DIRECTION('',(1.,0.,0.));
#5527 = PLANE('',#5528);
#5528 = AXIS2_PLACEMENT_3D('',#5529,#5530,#5531);
#5529 = CARTESIAN_POINT('',(-0.32,-7.86,-2.92));
#5530 = DIRECTION('',(1.735167508357E-18,-0.707106781187,-0.707106781187
    ));
#5531 = DIRECTION('',(-1.,-1.226948711654E-18,-1.226948711654E-18));
#5532 = ADVANCED_FACE('',(#5533),#5558,.F.);
#5533 = FACE_BOUND('',#5534,.T.);
#5534 = EDGE_LOOP('',(#5535,#5543,#5544,#5552));
#5535 = ORIENTED_EDGE('',*,*,#5536,.F.);
#5536 = EDGE_CURVE('',#4009,#5537,#5539,.T.);
#5537 = VERTEX_POINT('',#5538);
#5538 = CARTESIAN_POINT('',(-0.16,-12.54,-3.));
#5539 = LINE('',#5540,#5541);
#5540 = CARTESIAN_POINT('',(-0.16,-12.54,-3.));
#5541 = VECTOR('',#5542,1.);
#5542 = DIRECTION('',(0.57735026919,-0.57735026919,-0.57735026919));
#5543 = ORIENTED_EDGE('',*,*,#4008,.T.);
#5544 = ORIENTED_EDGE('',*,*,#5545,.T.);
#5545 = EDGE_CURVE('',#4001,#5546,#5548,.T.);
#5546 = VERTEX_POINT('',#5547);
#5547 = CARTESIAN_POINT('',(0.16,-12.54,-3.));
#5548 = LINE('',#5549,#5550);
#5549 = CARTESIAN_POINT('',(5.333333333333E-02,-12.64666666666,
    -3.106666666667));
#5550 = VECTOR('',#5551,1.);
#5551 = DIRECTION('',(-0.57735026919,-0.57735026919,-0.57735026919));
#5552 = ORIENTED_EDGE('',*,*,#5553,.F.);
#5553 = EDGE_CURVE('',#5537,#5546,#5554,.T.);
#5554 = LINE('',#5555,#5556);
#5555 = CARTESIAN_POINT('',(-0.32,-12.54,-3.));
#5556 = VECTOR('',#5557,1.);
#5557 = DIRECTION('',(1.,0.,0.));
#5558 = PLANE('',#5559);
#5559 = AXIS2_PLACEMENT_3D('',#5560,#5561,#5562);
#5560 = CARTESIAN_POINT('',(-0.32,-12.46,-2.92));
#5561 = DIRECTION('',(-1.735167508357E-18,-0.707106781187,0.707106781187
    ));
#5562 = DIRECTION('',(-1.,1.226948711654E-18,-1.226948711654E-18));
#5563 = ADVANCED_FACE('',(#5564),#5582,.T.);
#5564 = FACE_BOUND('',#5565,.T.);
#5565 = EDGE_LOOP('',(#5566,#5574,#5575,#5576));
#5566 = ORIENTED_EDGE('',*,*,#5567,.F.);
#5567 = EDGE_CURVE('',#4032,#5568,#5570,.T.);
#5568 = VERTEX_POINT('',#5569);
#5569 = CARTESIAN_POINT('',(-0.16,-12.86,-3.));
#5570 = LINE('',#5571,#5572);
#5571 = CARTESIAN_POINT('',(-0.266666666667,-12.96666666666,
    -2.893333333333));
#5572 = VECTOR('',#5573,1.);
#5573 = DIRECTION('',(0.57735026919,0.57735026919,-0.57735026919));
#5574 = ORIENTED_EDGE('',*,*,#4039,.T.);
#5575 = ORIENTED_EDGE('',*,*,#5536,.T.);
#5576 = ORIENTED_EDGE('',*,*,#5577,.F.);
#5577 = EDGE_CURVE('',#5568,#5537,#5578,.T.);
#5578 = LINE('',#5579,#5580);
#5579 = CARTESIAN_POINT('',(-0.16,-13.02,-3.));
#5580 = VECTOR('',#5581,1.);
#5581 = DIRECTION('',(0.,1.,0.));
#5582 = PLANE('',#5583);
#5583 = AXIS2_PLACEMENT_3D('',#5584,#5585,#5586);
#5584 = CARTESIAN_POINT('',(-0.24,-13.02,-2.92));
#5585 = DIRECTION('',(-0.707106781187,-1.735167508357E-18,
    -0.707106781187));
#5586 = DIRECTION('',(-1.226948711654E-18,1.,-1.226948711654E-18));
#5587 = ADVANCED_FACE('',(#5588),#5606,.T.);
#5588 = FACE_BOUND('',#5589,.F.);
#5589 = EDGE_LOOP('',(#5590,#5591,#5592,#5600));
#5590 = ORIENTED_EDGE('',*,*,#5567,.F.);
#5591 = ORIENTED_EDGE('',*,*,#4063,.T.);
#5592 = ORIENTED_EDGE('',*,*,#5593,.T.);
#5593 = EDGE_CURVE('',#4056,#5594,#5596,.T.);
#5594 = VERTEX_POINT('',#5595);
#5595 = CARTESIAN_POINT('',(0.16,-12.86,-3.));
#5596 = LINE('',#5597,#5598);
#5597 = CARTESIAN_POINT('',(0.16,-12.86,-3.));
#5598 = VECTOR('',#5599,1.);
#5599 = DIRECTION('',(-0.57735026919,0.57735026919,-0.57735026919));
#5600 = ORIENTED_EDGE('',*,*,#5601,.F.);
#5601 = EDGE_CURVE('',#5568,#5594,#5602,.T.);
#5602 = LINE('',#5603,#5604);
#5603 = CARTESIAN_POINT('',(-0.32,-12.86,-3.));
#5604 = VECTOR('',#5605,1.);
#5605 = DIRECTION('',(1.,0.,0.));
#5606 = PLANE('',#5607);
#5607 = AXIS2_PLACEMENT_3D('',#5608,#5609,#5610);
#5608 = CARTESIAN_POINT('',(-0.32,-12.94,-2.92));
#5609 = DIRECTION('',(1.735167508357E-18,-0.707106781187,-0.707106781187
    ));
#5610 = DIRECTION('',(-1.,-1.226948711654E-18,-1.226948711654E-18));
#5611 = ADVANCED_FACE('',(#5612),#5623,.F.);
#5612 = FACE_BOUND('',#5613,.F.);
#5613 = EDGE_LOOP('',(#5614,#5615,#5616,#5617));
#5614 = ORIENTED_EDGE('',*,*,#5593,.F.);
#5615 = ORIENTED_EDGE('',*,*,#4080,.T.);
#5616 = ORIENTED_EDGE('',*,*,#5545,.T.);
#5617 = ORIENTED_EDGE('',*,*,#5618,.F.);
#5618 = EDGE_CURVE('',#5594,#5546,#5619,.T.);
#5619 = LINE('',#5620,#5621);
#5620 = CARTESIAN_POINT('',(0.16,-13.02,-3.));
#5621 = VECTOR('',#5622,1.);
#5622 = DIRECTION('',(0.,1.,0.));
#5623 = PLANE('',#5624);
#5624 = AXIS2_PLACEMENT_3D('',#5625,#5626,#5627);
#5625 = CARTESIAN_POINT('',(0.24,-13.02,-2.92));
#5626 = DIRECTION('',(-0.707106781187,1.735167508357E-18,0.707106781187)
  );
#5627 = DIRECTION('',(1.226948711654E-18,1.,-1.226948711654E-18));
#5628 = ADVANCED_FACE('',(#5629),#5654,.F.);
#5629 = FACE_BOUND('',#5630,.F.);
#5630 = EDGE_LOOP('',(#5631,#5639,#5640,#5648));
#5631 = ORIENTED_EDGE('',*,*,#5632,.F.);
#5632 = EDGE_CURVE('',#4097,#5633,#5635,.T.);
#5633 = VERTEX_POINT('',#5634);
#5634 = CARTESIAN_POINT('',(0.16,-10.32,-3.));
#5635 = LINE('',#5636,#5637);
#5636 = CARTESIAN_POINT('',(0.16,-10.32,-3.));
#5637 = VECTOR('',#5638,1.);
#5638 = DIRECTION('',(-0.57735026919,0.57735026919,-0.57735026919));
#5639 = ORIENTED_EDGE('',*,*,#4104,.T.);
#5640 = ORIENTED_EDGE('',*,*,#5641,.T.);
#5641 = EDGE_CURVE('',#4105,#5642,#5644,.T.);
#5642 = VERTEX_POINT('',#5643);
#5643 = CARTESIAN_POINT('',(0.16,-10.,-3.));
#5644 = LINE('',#5645,#5646);
#5645 = CARTESIAN_POINT('',(5.333333333333E-02,-10.10666666666,
    -3.106666666667));
#5646 = VECTOR('',#5647,1.);
#5647 = DIRECTION('',(-0.57735026919,-0.57735026919,-0.57735026919));
#5648 = ORIENTED_EDGE('',*,*,#5649,.F.);
#5649 = EDGE_CURVE('',#5633,#5642,#5650,.T.);
#5650 = LINE('',#5651,#5652);
#5651 = CARTESIAN_POINT('',(0.16,-10.48,-3.));
#5652 = VECTOR('',#5653,1.);
#5653 = DIRECTION('',(0.,1.,0.));
#5654 = PLANE('',#5655);
#5655 = AXIS2_PLACEMENT_3D('',#5656,#5657,#5658);
#5656 = CARTESIAN_POINT('',(0.24,-10.48,-2.92));
#5657 = DIRECTION('',(-0.707106781187,1.735167508357E-18,0.707106781187)
  );
#5658 = DIRECTION('',(1.226948711654E-18,1.,-1.226948711654E-18));
#5659 = ADVANCED_FACE('',(#5660),#5678,.F.);
#5660 = FACE_BOUND('',#5661,.T.);
#5661 = EDGE_LOOP('',(#5662,#5670,#5671,#5672));
#5662 = ORIENTED_EDGE('',*,*,#5663,.F.);
#5663 = EDGE_CURVE('',#4129,#5664,#5666,.T.);
#5664 = VERTEX_POINT('',#5665);
#5665 = CARTESIAN_POINT('',(-0.16,-10.,-3.));
#5666 = LINE('',#5667,#5668);
#5667 = CARTESIAN_POINT('',(-0.16,-10.,-3.));
#5668 = VECTOR('',#5669,1.);
#5669 = DIRECTION('',(0.57735026919,-0.57735026919,-0.57735026919));
#5670 = ORIENTED_EDGE('',*,*,#4128,.T.);
#5671 = ORIENTED_EDGE('',*,*,#5641,.T.);
#5672 = ORIENTED_EDGE('',*,*,#5673,.F.);
#5673 = EDGE_CURVE('',#5664,#5642,#5674,.T.);
#5674 = LINE('',#5675,#5676);
#5675 = CARTESIAN_POINT('',(-0.32,-10.,-3.));
#5676 = VECTOR('',#5677,1.);
#5677 = DIRECTION('',(1.,0.,0.));
#5678 = PLANE('',#5679);
#5679 = AXIS2_PLACEMENT_3D('',#5680,#5681,#5682);
#5680 = CARTESIAN_POINT('',(-0.32,-9.92,-2.92));
#5681 = DIRECTION('',(-1.735167508357E-18,-0.707106781187,0.707106781187
    ));
#5682 = DIRECTION('',(-1.,1.226948711654E-18,-1.226948711654E-18));
#5683 = ADVANCED_FACE('',(#5684),#5702,.T.);
#5684 = FACE_BOUND('',#5685,.T.);
#5685 = EDGE_LOOP('',(#5686,#5694,#5695,#5696));
#5686 = ORIENTED_EDGE('',*,*,#5687,.F.);
#5687 = EDGE_CURVE('',#4152,#5688,#5690,.T.);
#5688 = VERTEX_POINT('',#5689);
#5689 = CARTESIAN_POINT('',(-0.16,-10.32,-3.));
#5690 = LINE('',#5691,#5692);
#5691 = CARTESIAN_POINT('',(-0.266666666667,-10.42666666666,
    -2.893333333333));
#5692 = VECTOR('',#5693,1.);
#5693 = DIRECTION('',(0.57735026919,0.57735026919,-0.57735026919));
#5694 = ORIENTED_EDGE('',*,*,#4159,.T.);
#5695 = ORIENTED_EDGE('',*,*,#5663,.T.);
#5696 = ORIENTED_EDGE('',*,*,#5697,.F.);
#5697 = EDGE_CURVE('',#5688,#5664,#5698,.T.);
#5698 = LINE('',#5699,#5700);
#5699 = CARTESIAN_POINT('',(-0.16,-10.48,-3.));
#5700 = VECTOR('',#5701,1.);
#5701 = DIRECTION('',(0.,1.,0.));
#5702 = PLANE('',#5703);
#5703 = AXIS2_PLACEMENT_3D('',#5704,#5705,#5706);
#5704 = CARTESIAN_POINT('',(-0.24,-10.48,-2.92));
#5705 = DIRECTION('',(-0.707106781187,-1.735167508357E-18,
    -0.707106781187));
#5706 = DIRECTION('',(-1.226948711654E-18,1.,-1.226948711654E-18));
#5707 = ADVANCED_FACE('',(#5708),#5719,.T.);
#5708 = FACE_BOUND('',#5709,.F.);
#5709 = EDGE_LOOP('',(#5710,#5711,#5712,#5713));
#5710 = ORIENTED_EDGE('',*,*,#5687,.F.);
#5711 = ORIENTED_EDGE('',*,*,#4176,.T.);
#5712 = ORIENTED_EDGE('',*,*,#5632,.T.);
#5713 = ORIENTED_EDGE('',*,*,#5714,.F.);
#5714 = EDGE_CURVE('',#5688,#5633,#5715,.T.);
#5715 = LINE('',#5716,#5717);
#5716 = CARTESIAN_POINT('',(-0.32,-10.32,-3.));
#5717 = VECTOR('',#5718,1.);
#5718 = DIRECTION('',(1.,0.,0.));
#5719 = PLANE('',#5720);
#5720 = AXIS2_PLACEMENT_3D('',#5721,#5722,#5723);
#5721 = CARTESIAN_POINT('',(-0.32,-10.4,-2.92));
#5722 = DIRECTION('',(1.735167508357E-18,-0.707106781187,-0.707106781187
    ));
#5723 = DIRECTION('',(-1.,-1.226948711654E-18,-1.226948711654E-18));
#5724 = ADVANCED_FACE('',(#5725),#5750,.F.);
#5725 = FACE_BOUND('',#5726,.T.);
#5726 = EDGE_LOOP('',(#5727,#5735,#5736,#5744));
#5727 = ORIENTED_EDGE('',*,*,#5728,.F.);
#5728 = EDGE_CURVE('',#4201,#5729,#5731,.T.);
#5729 = VERTEX_POINT('',#5730);
#5730 = CARTESIAN_POINT('',(-0.16,-2.38,-3.));
#5731 = LINE('',#5732,#5733);
#5732 = CARTESIAN_POINT('',(-0.16,-2.38,-3.));
#5733 = VECTOR('',#5734,1.);
#5734 = DIRECTION('',(0.57735026919,-0.57735026919,-0.57735026919));
#5735 = ORIENTED_EDGE('',*,*,#4200,.T.);
#5736 = ORIENTED_EDGE('',*,*,#5737,.T.);
#5737 = EDGE_CURVE('',#4193,#5738,#5740,.T.);
#5738 = VERTEX_POINT('',#5739);
#5739 = CARTESIAN_POINT('',(0.16,-2.38,-3.));
#5740 = LINE('',#5741,#5742);
#5741 = CARTESIAN_POINT('',(5.333333333333E-02,-2.486666666667,
    -3.106666666667));
#5742 = VECTOR('',#5743,1.);
#5743 = DIRECTION('',(-0.57735026919,-0.57735026919,-0.57735026919));
#5744 = ORIENTED_EDGE('',*,*,#5745,.F.);
#5745 = EDGE_CURVE('',#5729,#5738,#5746,.T.);
#5746 = LINE('',#5747,#5748);
#5747 = CARTESIAN_POINT('',(-0.32,-2.38,-3.));
#5748 = VECTOR('',#5749,1.);
#5749 = DIRECTION('',(1.,0.,0.));
#5750 = PLANE('',#5751);
#5751 = AXIS2_PLACEMENT_3D('',#5752,#5753,#5754);
#5752 = CARTESIAN_POINT('',(-0.32,-2.3,-2.92));
#5753 = DIRECTION('',(-1.735167508357E-18,-0.707106781187,0.707106781187
    ));
#5754 = DIRECTION('',(-1.,1.226948711654E-18,-1.226948711654E-18));
#5755 = ADVANCED_FACE('',(#5756),#5774,.T.);
#5756 = FACE_BOUND('',#5757,.T.);
#5757 = EDGE_LOOP('',(#5758,#5766,#5767,#5768));
#5758 = ORIENTED_EDGE('',*,*,#5759,.F.);
#5759 = EDGE_CURVE('',#4224,#5760,#5762,.T.);
#5760 = VERTEX_POINT('',#5761);
#5761 = CARTESIAN_POINT('',(-0.16,-2.7,-3.));
#5762 = LINE('',#5763,#5764);
#5763 = CARTESIAN_POINT('',(-0.266666666667,-2.806666666667,
    -2.893333333333));
#5764 = VECTOR('',#5765,1.);
#5765 = DIRECTION('',(0.57735026919,0.57735026919,-0.57735026919));
#5766 = ORIENTED_EDGE('',*,*,#4231,.T.);
#5767 = ORIENTED_EDGE('',*,*,#5728,.T.);
#5768 = ORIENTED_EDGE('',*,*,#5769,.F.);
#5769 = EDGE_CURVE('',#5760,#5729,#5770,.T.);
#5770 = LINE('',#5771,#5772);
#5771 = CARTESIAN_POINT('',(-0.16,-2.86,-3.));
#5772 = VECTOR('',#5773,1.);
#5773 = DIRECTION('',(0.,1.,0.));
#5774 = PLANE('',#5775);
#5775 = AXIS2_PLACEMENT_3D('',#5776,#5777,#5778);
#5776 = CARTESIAN_POINT('',(-0.24,-2.86,-2.92));
#5777 = DIRECTION('',(-0.707106781187,-1.735167508357E-18,
    -0.707106781187));
#5778 = DIRECTION('',(-1.226948711654E-18,1.,-1.226948711654E-18));
#5779 = ADVANCED_FACE('',(#5780),#5798,.T.);
#5780 = FACE_BOUND('',#5781,.F.);
#5781 = EDGE_LOOP('',(#5782,#5783,#5784,#5792));
#5782 = ORIENTED_EDGE('',*,*,#5759,.F.);
#5783 = ORIENTED_EDGE('',*,*,#4255,.T.);
#5784 = ORIENTED_EDGE('',*,*,#5785,.T.);
#5785 = EDGE_CURVE('',#4248,#5786,#5788,.T.);
#5786 = VERTEX_POINT('',#5787);
#5787 = CARTESIAN_POINT('',(0.16,-2.7,-3.));
#5788 = LINE('',#5789,#5790);
#5789 = CARTESIAN_POINT('',(0.16,-2.7,-3.));
#5790 = VECTOR('',#5791,1.);
#5791 = DIRECTION('',(-0.57735026919,0.57735026919,-0.57735026919));
#5792 = ORIENTED_EDGE('',*,*,#5793,.F.);
#5793 = EDGE_CURVE('',#5760,#5786,#5794,.T.);
#5794 = LINE('',#5795,#5796);
#5795 = CARTESIAN_POINT('',(-0.32,-2.7,-3.));
#5796 = VECTOR('',#5797,1.);
#5797 = DIRECTION('',(1.,0.,0.));
#5798 = PLANE('',#5799);
#5799 = AXIS2_PLACEMENT_3D('',#5800,#5801,#5802);
#5800 = CARTESIAN_POINT('',(-0.32,-2.78,-2.92));
#5801 = DIRECTION('',(1.735167508357E-18,-0.707106781187,-0.707106781187
    ));
#5802 = DIRECTION('',(-1.,-1.226948711654E-18,-1.226948711654E-18));
#5803 = ADVANCED_FACE('',(#5804),#5815,.F.);
#5804 = FACE_BOUND('',#5805,.F.);
#5805 = EDGE_LOOP('',(#5806,#5807,#5808,#5809));
#5806 = ORIENTED_EDGE('',*,*,#5785,.F.);
#5807 = ORIENTED_EDGE('',*,*,#4272,.T.);
#5808 = ORIENTED_EDGE('',*,*,#5737,.T.);
#5809 = ORIENTED_EDGE('',*,*,#5810,.F.);
#5810 = EDGE_CURVE('',#5786,#5738,#5811,.T.);
#5811 = LINE('',#5812,#5813);
#5812 = CARTESIAN_POINT('',(0.16,-2.86,-3.));
#5813 = VECTOR('',#5814,1.);
#5814 = DIRECTION('',(0.,1.,0.));
#5815 = PLANE('',#5816);
#5816 = AXIS2_PLACEMENT_3D('',#5817,#5818,#5819);
#5817 = CARTESIAN_POINT('',(0.24,-2.86,-2.92));
#5818 = DIRECTION('',(-0.707106781187,1.735167508357E-18,0.707106781187)
  );
#5819 = DIRECTION('',(1.226948711654E-18,1.,-1.226948711654E-18));
#5820 = ADVANCED_FACE('',(#5821),#5846,.T.);
#5821 = FACE_BOUND('',#5822,.F.);
#5822 = EDGE_LOOP('',(#5823,#5831,#5832,#5840));
#5823 = ORIENTED_EDGE('',*,*,#5824,.F.);
#5824 = EDGE_CURVE('',#4297,#5825,#5827,.T.);
#5825 = VERTEX_POINT('',#5826);
#5826 = CARTESIAN_POINT('',(-0.16,-5.24,-3.));
#5827 = LINE('',#5828,#5829);
#5828 = CARTESIAN_POINT('',(-0.266666666667,-5.346666666667,
    -2.893333333333));
#5829 = VECTOR('',#5830,1.);
#5830 = DIRECTION('',(0.57735026919,0.57735026919,-0.57735026919));
#5831 = ORIENTED_EDGE('',*,*,#4296,.T.);
#5832 = ORIENTED_EDGE('',*,*,#5833,.T.);
#5833 = EDGE_CURVE('',#4289,#5834,#5836,.T.);
#5834 = VERTEX_POINT('',#5835);
#5835 = CARTESIAN_POINT('',(0.16,-5.24,-3.));
#5836 = LINE('',#5837,#5838);
#5837 = CARTESIAN_POINT('',(0.16,-5.24,-3.));
#5838 = VECTOR('',#5839,1.);
#5839 = DIRECTION('',(-0.57735026919,0.57735026919,-0.57735026919));
#5840 = ORIENTED_EDGE('',*,*,#5841,.F.);
#5841 = EDGE_CURVE('',#5825,#5834,#5842,.T.);
#5842 = LINE('',#5843,#5844);
#5843 = CARTESIAN_POINT('',(-0.32,-5.24,-3.));
#5844 = VECTOR('',#5845,1.);
#5845 = DIRECTION('',(1.,0.,0.));
#5846 = PLANE('',#5847);
#5847 = AXIS2_PLACEMENT_3D('',#5848,#5849,#5850);
#5848 = CARTESIAN_POINT('',(-0.32,-5.32,-2.92));
#5849 = DIRECTION('',(1.735167508357E-18,-0.707106781187,-0.707106781187
    ));
#5850 = DIRECTION('',(-1.,-1.226948711654E-18,-1.226948711654E-18));
#5851 = ADVANCED_FACE('',(#5852),#5870,.F.);
#5852 = FACE_BOUND('',#5853,.F.);
#5853 = EDGE_LOOP('',(#5854,#5855,#5856,#5864));
#5854 = ORIENTED_EDGE('',*,*,#5833,.F.);
#5855 = ORIENTED_EDGE('',*,*,#4320,.T.);
#5856 = ORIENTED_EDGE('',*,*,#5857,.T.);
#5857 = EDGE_CURVE('',#4321,#5858,#5860,.T.);
#5858 = VERTEX_POINT('',#5859);
#5859 = CARTESIAN_POINT('',(0.16,-4.92,-3.));
#5860 = LINE('',#5861,#5862);
#5861 = CARTESIAN_POINT('',(5.333333333333E-02,-5.026666666667,
    -3.106666666667));
#5862 = VECTOR('',#5863,1.);
#5863 = DIRECTION('',(-0.57735026919,-0.57735026919,-0.57735026919));
#5864 = ORIENTED_EDGE('',*,*,#5865,.F.);
#5865 = EDGE_CURVE('',#5834,#5858,#5866,.T.);
#5866 = LINE('',#5867,#5868);
#5867 = CARTESIAN_POINT('',(0.16,-5.4,-3.));
#5868 = VECTOR('',#5869,1.);
#5869 = DIRECTION('',(0.,1.,0.));
#5870 = PLANE('',#5871);
#5871 = AXIS2_PLACEMENT_3D('',#5872,#5873,#5874);
#5872 = CARTESIAN_POINT('',(0.24,-5.4,-2.92));
#5873 = DIRECTION('',(-0.707106781187,1.735167508357E-18,0.707106781187)
  );
#5874 = DIRECTION('',(1.226948711654E-18,1.,-1.226948711654E-18));
#5875 = ADVANCED_FACE('',(#5876),#5894,.F.);
#5876 = FACE_BOUND('',#5877,.T.);
#5877 = EDGE_LOOP('',(#5878,#5886,#5887,#5888));
#5878 = ORIENTED_EDGE('',*,*,#5879,.F.);
#5879 = EDGE_CURVE('',#4345,#5880,#5882,.T.);
#5880 = VERTEX_POINT('',#5881);
#5881 = CARTESIAN_POINT('',(-0.16,-4.92,-3.));
#5882 = LINE('',#5883,#5884);
#5883 = CARTESIAN_POINT('',(-0.16,-4.92,-3.));
#5884 = VECTOR('',#5885,1.);
#5885 = DIRECTION('',(0.57735026919,-0.57735026919,-0.57735026919));
#5886 = ORIENTED_EDGE('',*,*,#4344,.T.);
#5887 = ORIENTED_EDGE('',*,*,#5857,.T.);
#5888 = ORIENTED_EDGE('',*,*,#5889,.F.);
#5889 = EDGE_CURVE('',#5880,#5858,#5890,.T.);
#5890 = LINE('',#5891,#5892);
#5891 = CARTESIAN_POINT('',(-0.32,-4.92,-3.));
#5892 = VECTOR('',#5893,1.);
#5893 = DIRECTION('',(1.,0.,0.));
#5894 = PLANE('',#5895);
#5895 = AXIS2_PLACEMENT_3D('',#5896,#5897,#5898);
#5896 = CARTESIAN_POINT('',(-0.32,-4.84,-2.92));
#5897 = DIRECTION('',(-1.735167508357E-18,-0.707106781187,0.707106781187
    ));
#5898 = DIRECTION('',(-1.,1.226948711654E-18,-1.226948711654E-18));
#5899 = ADVANCED_FACE('',(#5900),#5911,.T.);
#5900 = FACE_BOUND('',#5901,.T.);
#5901 = EDGE_LOOP('',(#5902,#5903,#5904,#5905));
#5902 = ORIENTED_EDGE('',*,*,#5824,.F.);
#5903 = ORIENTED_EDGE('',*,*,#4368,.T.);
#5904 = ORIENTED_EDGE('',*,*,#5879,.T.);
#5905 = ORIENTED_EDGE('',*,*,#5906,.F.);
#5906 = EDGE_CURVE('',#5825,#5880,#5907,.T.);
#5907 = LINE('',#5908,#5909);
#5908 = CARTESIAN_POINT('',(-0.16,-5.4,-3.));
#5909 = VECTOR('',#5910,1.);
#5910 = DIRECTION('',(0.,1.,0.));
#5911 = PLANE('',#5912);
#5912 = AXIS2_PLACEMENT_3D('',#5913,#5914,#5915);
#5913 = CARTESIAN_POINT('',(-0.24,-5.4,-2.92));
#5914 = DIRECTION('',(-0.707106781187,-1.735167508357E-18,
    -0.707106781187));
#5915 = DIRECTION('',(-1.226948711654E-18,1.,-1.226948711654E-18));
#5916 = ADVANCED_FACE('',(#5917),#5942,.F.);
#5917 = FACE_BOUND('',#5918,.F.);
#5918 = EDGE_LOOP('',(#5919,#5927,#5928,#5936));
#5919 = ORIENTED_EDGE('',*,*,#5920,.F.);
#5920 = EDGE_CURVE('',#4385,#5921,#5923,.T.);
#5921 = VERTEX_POINT('',#5922);
#5922 = CARTESIAN_POINT('',(0.16,-0.16,-3.));
#5923 = LINE('',#5924,#5925);
#5924 = CARTESIAN_POINT('',(0.16,-0.16,-3.));
#5925 = VECTOR('',#5926,1.);
#5926 = DIRECTION('',(-0.57735026919,0.57735026919,-0.57735026919));
#5927 = ORIENTED_EDGE('',*,*,#4392,.T.);
#5928 = ORIENTED_EDGE('',*,*,#5929,.T.);
#5929 = EDGE_CURVE('',#4393,#5930,#5932,.T.);
#5930 = VERTEX_POINT('',#5931);
#5931 = CARTESIAN_POINT('',(0.16,0.16,-3.));
#5932 = LINE('',#5933,#5934);
#5933 = CARTESIAN_POINT('',(5.333333333333E-02,5.333333333333E-02,
    -3.106666666667));
#5934 = VECTOR('',#5935,1.);
#5935 = DIRECTION('',(-0.57735026919,-0.57735026919,-0.57735026919));
#5936 = ORIENTED_EDGE('',*,*,#5937,.F.);
#5937 = EDGE_CURVE('',#5921,#5930,#5938,.T.);
#5938 = LINE('',#5939,#5940);
#5939 = CARTESIAN_POINT('',(0.16,-0.32,-3.));
#5940 = VECTOR('',#5941,1.);
#5941 = DIRECTION('',(0.,1.,0.));
#5942 = PLANE('',#5943);
#5943 = AXIS2_PLACEMENT_3D('',#5944,#5945,#5946);
#5944 = CARTESIAN_POINT('',(0.24,-0.32,-2.92));
#5945 = DIRECTION('',(-0.707106781187,1.735167508357E-18,0.707106781187)
  );
#5946 = DIRECTION('',(1.226948711654E-18,1.,-1.226948711654E-18));
#5947 = ADVANCED_FACE('',(#5948),#5966,.F.);
#5948 = FACE_BOUND('',#5949,.T.);
#5949 = EDGE_LOOP('',(#5950,#5958,#5959,#5960));
#5950 = ORIENTED_EDGE('',*,*,#5951,.F.);
#5951 = EDGE_CURVE('',#4417,#5952,#5954,.T.);
#5952 = VERTEX_POINT('',#5953);
#5953 = CARTESIAN_POINT('',(-0.16,0.16,-3.));
#5954 = LINE('',#5955,#5956);
#5955 = CARTESIAN_POINT('',(-0.16,0.16,-3.));
#5956 = VECTOR('',#5957,1.);
#5957 = DIRECTION('',(0.57735026919,-0.57735026919,-0.57735026919));
#5958 = ORIENTED_EDGE('',*,*,#4416,.T.);
#5959 = ORIENTED_EDGE('',*,*,#5929,.T.);
#5960 = ORIENTED_EDGE('',*,*,#5961,.F.);
#5961 = EDGE_CURVE('',#5952,#5930,#5962,.T.);
#5962 = LINE('',#5963,#5964);
#5963 = CARTESIAN_POINT('',(-0.32,0.16,-3.));
#5964 = VECTOR('',#5965,1.);
#5965 = DIRECTION('',(1.,0.,0.));
#5966 = PLANE('',#5967);
#5967 = AXIS2_PLACEMENT_3D('',#5968,#5969,#5970);
#5968 = CARTESIAN_POINT('',(-0.32,0.24,-2.92));
#5969 = DIRECTION('',(-1.735167508357E-18,-0.707106781187,0.707106781187
    ));
#5970 = DIRECTION('',(-1.,1.226948711654E-18,-1.226948711654E-18));
#5971 = ADVANCED_FACE('',(#5972),#5990,.T.);
#5972 = FACE_BOUND('',#5973,.T.);
#5973 = EDGE_LOOP('',(#5974,#5982,#5983,#5984));
#5974 = ORIENTED_EDGE('',*,*,#5975,.F.);
#5975 = EDGE_CURVE('',#4440,#5976,#5978,.T.);
#5976 = VERTEX_POINT('',#5977);
#5977 = CARTESIAN_POINT('',(-0.16,-0.16,-3.));
#5978 = LINE('',#5979,#5980);
#5979 = CARTESIAN_POINT('',(-0.266666666667,-0.266666666667,
    -2.893333333333));
#5980 = VECTOR('',#5981,1.);
#5981 = DIRECTION('',(0.57735026919,0.57735026919,-0.57735026919));
#5982 = ORIENTED_EDGE('',*,*,#4447,.T.);
#5983 = ORIENTED_EDGE('',*,*,#5951,.T.);
#5984 = ORIENTED_EDGE('',*,*,#5985,.F.);
#5985 = EDGE_CURVE('',#5976,#5952,#5986,.T.);
#5986 = LINE('',#5987,#5988);
#5987 = CARTESIAN_POINT('',(-0.16,-0.32,-3.));
#5988 = VECTOR('',#5989,1.);
#5989 = DIRECTION('',(0.,1.,0.));
#5990 = PLANE('',#5991);
#5991 = AXIS2_PLACEMENT_3D('',#5992,#5993,#5994);
#5992 = CARTESIAN_POINT('',(-0.24,-0.32,-2.92));
#5993 = DIRECTION('',(-0.707106781187,-1.735167508357E-18,
    -0.707106781187));
#5994 = DIRECTION('',(-1.226948711654E-18,1.,-1.226948711654E-18));
#5995 = ADVANCED_FACE('',(#5996),#6007,.T.);
#5996 = FACE_BOUND('',#5997,.F.);
#5997 = EDGE_LOOP('',(#5998,#5999,#6000,#6001));
#5998 = ORIENTED_EDGE('',*,*,#5975,.F.);
#5999 = ORIENTED_EDGE('',*,*,#4464,.T.);
#6000 = ORIENTED_EDGE('',*,*,#5920,.T.);
#6001 = ORIENTED_EDGE('',*,*,#6002,.F.);
#6002 = EDGE_CURVE('',#5976,#5921,#6003,.T.);
#6003 = LINE('',#6004,#6005);
#6004 = CARTESIAN_POINT('',(-0.32,-0.16,-3.));
#6005 = VECTOR('',#6006,1.);
#6006 = DIRECTION('',(1.,0.,0.));
#6007 = PLANE('',#6008);
#6008 = AXIS2_PLACEMENT_3D('',#6009,#6010,#6011);
#6009 = CARTESIAN_POINT('',(-0.32,-0.24,-2.92));
#6010 = DIRECTION('',(1.735167508357E-18,-0.707106781187,-0.707106781187
    ));
#6011 = DIRECTION('',(-1.,-1.226948711654E-18,-1.226948711654E-18));
#6012 = ADVANCED_FACE('',(#6013),#6038,.F.);
#6013 = FACE_BOUND('',#6014,.T.);
#6014 = EDGE_LOOP('',(#6015,#6023,#6024,#6032));
#6015 = ORIENTED_EDGE('',*,*,#6016,.F.);
#6016 = EDGE_CURVE('',#4490,#6017,#6019,.T.);
#6017 = VERTEX_POINT('',#6018);
#6018 = CARTESIAN_POINT('',(-0.16,-17.94,8.54));
#6019 = LINE('',#6020,#6021);
#6020 = CARTESIAN_POINT('',(-0.266666666667,-18.04666666666,
    8.433333333333));
#6021 = VECTOR('',#6022,1.);
#6022 = DIRECTION('',(0.57735026919,0.57735026919,0.57735026919));
#6023 = ORIENTED_EDGE('',*,*,#4497,.T.);
#6024 = ORIENTED_EDGE('',*,*,#6025,.T.);
#6025 = EDGE_CURVE('',#4481,#6026,#6028,.T.);
#6026 = VERTEX_POINT('',#6027);
#6027 = CARTESIAN_POINT('',(0.16,-17.94,8.54));
#6028 = LINE('',#6029,#6030);
#6029 = CARTESIAN_POINT('',(0.16,-17.94,8.54));
#6030 = VECTOR('',#6031,1.);
#6031 = DIRECTION('',(-0.57735026919,0.57735026919,0.57735026919));
#6032 = ORIENTED_EDGE('',*,*,#6033,.F.);
#6033 = EDGE_CURVE('',#6017,#6026,#6034,.T.);
#6034 = LINE('',#6035,#6036);
#6035 = CARTESIAN_POINT('',(-0.32,-17.94,8.54));
#6036 = VECTOR('',#6037,1.);
#6037 = DIRECTION('',(1.,0.,0.));
#6038 = PLANE('',#6039);
#6039 = AXIS2_PLACEMENT_3D('',#6040,#6041,#6042);
#6040 = CARTESIAN_POINT('',(-0.32,-18.02,8.46));
#6041 = DIRECTION('',(-1.735167508357E-18,0.707106781187,-0.707106781187
    ));
#6042 = DIRECTION('',(-1.,-1.226948711654E-18,1.226948711654E-18));
#6043 = ADVANCED_FACE('',(#6044),#6062,.T.);
#6044 = FACE_BOUND('',#6045,.T.);
#6045 = EDGE_LOOP('',(#6046,#6047,#6048,#6056));
#6046 = ORIENTED_EDGE('',*,*,#6025,.F.);
#6047 = ORIENTED_EDGE('',*,*,#4521,.T.);
#6048 = ORIENTED_EDGE('',*,*,#6049,.T.);
#6049 = EDGE_CURVE('',#4514,#6050,#6052,.T.);
#6050 = VERTEX_POINT('',#6051);
#6051 = CARTESIAN_POINT('',(0.16,-17.62,8.54));
#6052 = LINE('',#6053,#6054);
#6053 = CARTESIAN_POINT('',(5.333333333333E-02,-17.72666666666,
    8.646666666667));
#6054 = VECTOR('',#6055,1.);
#6055 = DIRECTION('',(-0.57735026919,-0.57735026919,0.57735026919));
#6056 = ORIENTED_EDGE('',*,*,#6057,.F.);
#6057 = EDGE_CURVE('',#6026,#6050,#6058,.T.);
#6058 = LINE('',#6059,#6060);
#6059 = CARTESIAN_POINT('',(0.16,-18.1,8.54));
#6060 = VECTOR('',#6061,1.);
#6061 = DIRECTION('',(0.,1.,0.));
#6062 = PLANE('',#6063);
#6063 = AXIS2_PLACEMENT_3D('',#6064,#6065,#6066);
#6064 = CARTESIAN_POINT('',(0.24,-18.1,8.46));
#6065 = DIRECTION('',(0.707106781187,-1.735167508357E-18,0.707106781187)
  );
#6066 = DIRECTION('',(1.226948711654E-18,1.,1.226948711654E-18));
#6067 = ADVANCED_FACE('',(#6068),#6086,.T.);
#6068 = FACE_BOUND('',#6069,.F.);
#6069 = EDGE_LOOP('',(#6070,#6078,#6079,#6080));
#6070 = ORIENTED_EDGE('',*,*,#6071,.F.);
#6071 = EDGE_CURVE('',#4538,#6072,#6074,.T.);
#6072 = VERTEX_POINT('',#6073);
#6073 = CARTESIAN_POINT('',(-0.16,-17.62,8.54));
#6074 = LINE('',#6075,#6076);
#6075 = CARTESIAN_POINT('',(-0.16,-17.62,8.54));
#6076 = VECTOR('',#6077,1.);
#6077 = DIRECTION('',(0.57735026919,-0.57735026919,0.57735026919));
#6078 = ORIENTED_EDGE('',*,*,#4545,.T.);
#6079 = ORIENTED_EDGE('',*,*,#6049,.T.);
#6080 = ORIENTED_EDGE('',*,*,#6081,.F.);
#6081 = EDGE_CURVE('',#6072,#6050,#6082,.T.);
#6082 = LINE('',#6083,#6084);
#6083 = CARTESIAN_POINT('',(-0.32,-17.62,8.54));
#6084 = VECTOR('',#6085,1.);
#6085 = DIRECTION('',(1.,0.,0.));
#6086 = PLANE('',#6087);
#6087 = AXIS2_PLACEMENT_3D('',#6088,#6089,#6090);
#6088 = CARTESIAN_POINT('',(-0.32,-17.54,8.46));
#6089 = DIRECTION('',(1.735167508357E-18,0.707106781187,0.707106781187)
  );
#6090 = DIRECTION('',(-1.,1.226948711654E-18,1.226948711654E-18));
#6091 = ADVANCED_FACE('',(#6092),#6103,.F.);
#6092 = FACE_BOUND('',#6093,.F.);
#6093 = EDGE_LOOP('',(#6094,#6095,#6096,#6097));
#6094 = ORIENTED_EDGE('',*,*,#6016,.F.);
#6095 = ORIENTED_EDGE('',*,*,#4562,.T.);
#6096 = ORIENTED_EDGE('',*,*,#6071,.T.);
#6097 = ORIENTED_EDGE('',*,*,#6098,.F.);
#6098 = EDGE_CURVE('',#6017,#6072,#6099,.T.);
#6099 = LINE('',#6100,#6101);
#6100 = CARTESIAN_POINT('',(-0.16,-18.1,8.54));
#6101 = VECTOR('',#6102,1.);
#6102 = DIRECTION('',(0.,1.,0.));
#6103 = PLANE('',#6104);
#6104 = AXIS2_PLACEMENT_3D('',#6105,#6106,#6107);
#6105 = CARTESIAN_POINT('',(-0.24,-18.1,8.46));
#6106 = DIRECTION('',(0.707106781187,1.735167508357E-18,-0.707106781187)
  );
#6107 = DIRECTION('',(-1.226948711654E-18,1.,1.226948711654E-18));
#6108 = ADVANCED_FACE('',(#6109),#6134,.T.);
#6109 = FACE_BOUND('',#6110,.F.);
#6110 = EDGE_LOOP('',(#6111,#6119,#6120,#6128));
#6111 = ORIENTED_EDGE('',*,*,#6112,.F.);
#6112 = EDGE_CURVE('',#4586,#6113,#6115,.T.);
#6113 = VERTEX_POINT('',#6114);
#6114 = CARTESIAN_POINT('',(-0.16,-15.08,8.54));
#6115 = LINE('',#6116,#6117);
#6116 = CARTESIAN_POINT('',(-0.16,-15.08,8.54));
#6117 = VECTOR('',#6118,1.);
#6118 = DIRECTION('',(0.57735026919,-0.57735026919,0.57735026919));
#6119 = ORIENTED_EDGE('',*,*,#4593,.T.);
#6120 = ORIENTED_EDGE('',*,*,#6121,.T.);
#6121 = EDGE_CURVE('',#4577,#6122,#6124,.T.);
#6122 = VERTEX_POINT('',#6123);
#6123 = CARTESIAN_POINT('',(0.16,-15.08,8.54));
#6124 = LINE('',#6125,#6126);
#6125 = CARTESIAN_POINT('',(5.333333333333E-02,-15.18666666666,
    8.646666666667));
#6126 = VECTOR('',#6127,1.);
#6127 = DIRECTION('',(-0.57735026919,-0.57735026919,0.57735026919));
#6128 = ORIENTED_EDGE('',*,*,#6129,.F.);
#6129 = EDGE_CURVE('',#6113,#6122,#6130,.T.);
#6130 = LINE('',#6131,#6132);
#6131 = CARTESIAN_POINT('',(-0.32,-15.08,8.54));
#6132 = VECTOR('',#6133,1.);
#6133 = DIRECTION('',(1.,0.,0.));
#6134 = PLANE('',#6135);
#6135 = AXIS2_PLACEMENT_3D('',#6136,#6137,#6138);
#6136 = CARTESIAN_POINT('',(-0.32,-15.,8.46));
#6137 = DIRECTION('',(1.735167508357E-18,0.707106781187,0.707106781187)
  );
#6138 = DIRECTION('',(-1.,1.226948711654E-18,1.226948711654E-18));
#6139 = ADVANCED_FACE('',(#6140),#6158,.F.);
#6140 = FACE_BOUND('',#6141,.F.);
#6141 = EDGE_LOOP('',(#6142,#6150,#6151,#6152));
#6142 = ORIENTED_EDGE('',*,*,#6143,.F.);
#6143 = EDGE_CURVE('',#4608,#6144,#6146,.T.);
#6144 = VERTEX_POINT('',#6145);
#6145 = CARTESIAN_POINT('',(-0.16,-15.4,8.54));
#6146 = LINE('',#6147,#6148);
#6147 = CARTESIAN_POINT('',(-0.266666666667,-15.50666666666,
    8.433333333333));
#6148 = VECTOR('',#6149,1.);
#6149 = DIRECTION('',(0.57735026919,0.57735026919,0.57735026919));
#6150 = ORIENTED_EDGE('',*,*,#4617,.T.);
#6151 = ORIENTED_EDGE('',*,*,#6112,.T.);
#6152 = ORIENTED_EDGE('',*,*,#6153,.F.);
#6153 = EDGE_CURVE('',#6144,#6113,#6154,.T.);
#6154 = LINE('',#6155,#6156);
#6155 = CARTESIAN_POINT('',(-0.16,-15.56,8.54));
#6156 = VECTOR('',#6157,1.);
#6157 = DIRECTION('',(0.,1.,0.));
#6158 = PLANE('',#6159);
#6159 = AXIS2_PLACEMENT_3D('',#6160,#6161,#6162);
#6160 = CARTESIAN_POINT('',(-0.24,-15.56,8.46));
#6161 = DIRECTION('',(0.707106781187,1.735167508357E-18,-0.707106781187)
  );
#6162 = DIRECTION('',(-1.226948711654E-18,1.,1.226948711654E-18));
#6163 = ADVANCED_FACE('',(#6164),#6182,.F.);
#6164 = FACE_BOUND('',#6165,.T.);
#6165 = EDGE_LOOP('',(#6166,#6167,#6168,#6176));
#6166 = ORIENTED_EDGE('',*,*,#6143,.F.);
#6167 = ORIENTED_EDGE('',*,*,#4641,.T.);
#6168 = ORIENTED_EDGE('',*,*,#6169,.T.);
#6169 = EDGE_CURVE('',#4632,#6170,#6172,.T.);
#6170 = VERTEX_POINT('',#6171);
#6171 = CARTESIAN_POINT('',(0.16,-15.4,8.54));
#6172 = LINE('',#6173,#6174);
#6173 = CARTESIAN_POINT('',(0.16,-15.4,8.54));
#6174 = VECTOR('',#6175,1.);
#6175 = DIRECTION('',(-0.57735026919,0.57735026919,0.57735026919));
#6176 = ORIENTED_EDGE('',*,*,#6177,.F.);
#6177 = EDGE_CURVE('',#6144,#6170,#6178,.T.);
#6178 = LINE('',#6179,#6180);
#6179 = CARTESIAN_POINT('',(-0.32,-15.4,8.54));
#6180 = VECTOR('',#6181,1.);
#6181 = DIRECTION('',(1.,0.,0.));
#6182 = PLANE('',#6183);
#6183 = AXIS2_PLACEMENT_3D('',#6184,#6185,#6186);
#6184 = CARTESIAN_POINT('',(-0.32,-15.48,8.46));
#6185 = DIRECTION('',(-1.735167508357E-18,0.707106781187,-0.707106781187
    ));
#6186 = DIRECTION('',(-1.,-1.226948711654E-18,1.226948711654E-18));
#6187 = ADVANCED_FACE('',(#6188),#6199,.T.);
#6188 = FACE_BOUND('',#6189,.T.);
#6189 = EDGE_LOOP('',(#6190,#6191,#6192,#6193));
#6190 = ORIENTED_EDGE('',*,*,#6169,.F.);
#6191 = ORIENTED_EDGE('',*,*,#4658,.T.);
#6192 = ORIENTED_EDGE('',*,*,#6121,.T.);
#6193 = ORIENTED_EDGE('',*,*,#6194,.F.);
#6194 = EDGE_CURVE('',#6170,#6122,#6195,.T.);
#6195 = LINE('',#6196,#6197);
#6196 = CARTESIAN_POINT('',(0.16,-15.56,8.54));
#6197 = VECTOR('',#6198,1.);
#6198 = DIRECTION('',(0.,1.,0.));
#6199 = PLANE('',#6200);
#6200 = AXIS2_PLACEMENT_3D('',#6201,#6202,#6203);
#6201 = CARTESIAN_POINT('',(0.24,-15.56,8.46));
#6202 = DIRECTION('',(0.707106781187,-1.735167508357E-18,0.707106781187)
  );
#6203 = DIRECTION('',(1.226948711654E-18,1.,1.226948711654E-18));
#6204 = ADVANCED_FACE('',(#6205),#6230,.T.);
#6205 = FACE_BOUND('',#6206,.T.);
#6206 = EDGE_LOOP('',(#6207,#6215,#6216,#6224));
#6207 = ORIENTED_EDGE('',*,*,#6208,.F.);
#6208 = EDGE_CURVE('',#4673,#6209,#6211,.T.);
#6209 = VERTEX_POINT('',#6210);
#6210 = CARTESIAN_POINT('',(0.16,-7.78,8.54));
#6211 = LINE('',#6212,#6213);
#6212 = CARTESIAN_POINT('',(0.16,-7.78,8.54));
#6213 = VECTOR('',#6214,1.);
#6214 = DIRECTION('',(-0.57735026919,0.57735026919,0.57735026919));
#6215 = ORIENTED_EDGE('',*,*,#4689,.T.);
#6216 = ORIENTED_EDGE('',*,*,#6217,.T.);
#6217 = EDGE_CURVE('',#4682,#6218,#6220,.T.);
#6218 = VERTEX_POINT('',#6219);
#6219 = CARTESIAN_POINT('',(0.16,-7.46,8.54));
#6220 = LINE('',#6221,#6222);
#6221 = CARTESIAN_POINT('',(5.333333333333E-02,-7.566666666667,
    8.646666666667));
#6222 = VECTOR('',#6223,1.);
#6223 = DIRECTION('',(-0.57735026919,-0.57735026919,0.57735026919));
#6224 = ORIENTED_EDGE('',*,*,#6225,.F.);
#6225 = EDGE_CURVE('',#6209,#6218,#6226,.T.);
#6226 = LINE('',#6227,#6228);
#6227 = CARTESIAN_POINT('',(0.16,-7.94,8.54));
#6228 = VECTOR('',#6229,1.);
#6229 = DIRECTION('',(0.,1.,0.));
#6230 = PLANE('',#6231);
#6231 = AXIS2_PLACEMENT_3D('',#6232,#6233,#6234);
#6232 = CARTESIAN_POINT('',(0.24,-7.94,8.46));
#6233 = DIRECTION('',(0.707106781187,-1.735167508357E-18,0.707106781187)
  );
#6234 = DIRECTION('',(1.226948711654E-18,1.,1.226948711654E-18));
#6235 = ADVANCED_FACE('',(#6236),#6254,.T.);
#6236 = FACE_BOUND('',#6237,.F.);
#6237 = EDGE_LOOP('',(#6238,#6246,#6247,#6248));
#6238 = ORIENTED_EDGE('',*,*,#6239,.F.);
#6239 = EDGE_CURVE('',#4706,#6240,#6242,.T.);
#6240 = VERTEX_POINT('',#6241);
#6241 = CARTESIAN_POINT('',(-0.16,-7.46,8.54));
#6242 = LINE('',#6243,#6244);
#6243 = CARTESIAN_POINT('',(-0.16,-7.46,8.54));
#6244 = VECTOR('',#6245,1.);
#6245 = DIRECTION('',(0.57735026919,-0.57735026919,0.57735026919));
#6246 = ORIENTED_EDGE('',*,*,#4713,.T.);
#6247 = ORIENTED_EDGE('',*,*,#6217,.T.);
#6248 = ORIENTED_EDGE('',*,*,#6249,.F.);
#6249 = EDGE_CURVE('',#6240,#6218,#6250,.T.);
#6250 = LINE('',#6251,#6252);
#6251 = CARTESIAN_POINT('',(-0.32,-7.46,8.54));
#6252 = VECTOR('',#6253,1.);
#6253 = DIRECTION('',(1.,0.,0.));
#6254 = PLANE('',#6255);
#6255 = AXIS2_PLACEMENT_3D('',#6256,#6257,#6258);
#6256 = CARTESIAN_POINT('',(-0.32,-7.38,8.46));
#6257 = DIRECTION('',(1.735167508357E-18,0.707106781187,0.707106781187)
  );
#6258 = DIRECTION('',(-1.,1.226948711654E-18,1.226948711654E-18));
#6259 = ADVANCED_FACE('',(#6260),#6278,.F.);
#6260 = FACE_BOUND('',#6261,.F.);
#6261 = EDGE_LOOP('',(#6262,#6270,#6271,#6272));
#6262 = ORIENTED_EDGE('',*,*,#6263,.F.);
#6263 = EDGE_CURVE('',#4728,#6264,#6266,.T.);
#6264 = VERTEX_POINT('',#6265);
#6265 = CARTESIAN_POINT('',(-0.16,-7.78,8.54));
#6266 = LINE('',#6267,#6268);
#6267 = CARTESIAN_POINT('',(-0.266666666667,-7.886666666667,
    8.433333333333));
#6268 = VECTOR('',#6269,1.);
#6269 = DIRECTION('',(0.57735026919,0.57735026919,0.57735026919));
#6270 = ORIENTED_EDGE('',*,*,#4737,.T.);
#6271 = ORIENTED_EDGE('',*,*,#6239,.T.);
#6272 = ORIENTED_EDGE('',*,*,#6273,.F.);
#6273 = EDGE_CURVE('',#6264,#6240,#6274,.T.);
#6274 = LINE('',#6275,#6276);
#6275 = CARTESIAN_POINT('',(-0.16,-7.94,8.54));
#6276 = VECTOR('',#6277,1.);
#6277 = DIRECTION('',(0.,1.,0.));
#6278 = PLANE('',#6279);
#6279 = AXIS2_PLACEMENT_3D('',#6280,#6281,#6282);
#6280 = CARTESIAN_POINT('',(-0.24,-7.94,8.46));
#6281 = DIRECTION('',(0.707106781187,1.735167508357E-18,-0.707106781187)
  );
#6282 = DIRECTION('',(-1.226948711654E-18,1.,1.226948711654E-18));
#6283 = ADVANCED_FACE('',(#6284),#6295,.F.);
#6284 = FACE_BOUND('',#6285,.T.);
#6285 = EDGE_LOOP('',(#6286,#6287,#6288,#6289));
#6286 = ORIENTED_EDGE('',*,*,#6263,.F.);
#6287 = ORIENTED_EDGE('',*,*,#4754,.T.);
#6288 = ORIENTED_EDGE('',*,*,#6208,.T.);
#6289 = ORIENTED_EDGE('',*,*,#6290,.F.);
#6290 = EDGE_CURVE('',#6264,#6209,#6291,.T.);
#6291 = LINE('',#6292,#6293);
#6292 = CARTESIAN_POINT('',(-0.32,-7.78,8.54));
#6293 = VECTOR('',#6294,1.);
#6294 = DIRECTION('',(1.,0.,0.));
#6295 = PLANE('',#6296);
#6296 = AXIS2_PLACEMENT_3D('',#6297,#6298,#6299);
#6297 = CARTESIAN_POINT('',(-0.32,-7.86,8.46));
#6298 = DIRECTION('',(-1.735167508357E-18,0.707106781187,-0.707106781187
    ));
#6299 = DIRECTION('',(-1.,-1.226948711654E-18,1.226948711654E-18));
#6300 = ADVANCED_FACE('',(#6301),#6326,.T.);
#6301 = FACE_BOUND('',#6302,.F.);
#6302 = EDGE_LOOP('',(#6303,#6311,#6312,#6320));
#6303 = ORIENTED_EDGE('',*,*,#6304,.F.);
#6304 = EDGE_CURVE('',#4778,#6305,#6307,.T.);
#6305 = VERTEX_POINT('',#6306);
#6306 = CARTESIAN_POINT('',(-0.16,-12.54,8.54));
#6307 = LINE('',#6308,#6309);
#6308 = CARTESIAN_POINT('',(-0.16,-12.54,8.54));
#6309 = VECTOR('',#6310,1.);
#6310 = DIRECTION('',(0.57735026919,-0.57735026919,0.57735026919));
#6311 = ORIENTED_EDGE('',*,*,#4785,.T.);
#6312 = ORIENTED_EDGE('',*,*,#6313,.T.);
#6313 = EDGE_CURVE('',#4769,#6314,#6316,.T.);
#6314 = VERTEX_POINT('',#6315);
#6315 = CARTESIAN_POINT('',(0.16,-12.54,8.54));
#6316 = LINE('',#6317,#6318);
#6317 = CARTESIAN_POINT('',(5.333333333333E-02,-12.64666666666,
    8.646666666667));
#6318 = VECTOR('',#6319,1.);
#6319 = DIRECTION('',(-0.57735026919,-0.57735026919,0.57735026919));
#6320 = ORIENTED_EDGE('',*,*,#6321,.F.);
#6321 = EDGE_CURVE('',#6305,#6314,#6322,.T.);
#6322 = LINE('',#6323,#6324);
#6323 = CARTESIAN_POINT('',(-0.32,-12.54,8.54));
#6324 = VECTOR('',#6325,1.);
#6325 = DIRECTION('',(1.,0.,0.));
#6326 = PLANE('',#6327);
#6327 = AXIS2_PLACEMENT_3D('',#6328,#6329,#6330);
#6328 = CARTESIAN_POINT('',(-0.32,-12.46,8.46));
#6329 = DIRECTION('',(1.735167508357E-18,0.707106781187,0.707106781187)
  );
#6330 = DIRECTION('',(-1.,1.226948711654E-18,1.226948711654E-18));
#6331 = ADVANCED_FACE('',(#6332),#6350,.F.);
#6332 = FACE_BOUND('',#6333,.F.);
#6333 = EDGE_LOOP('',(#6334,#6342,#6343,#6344));
#6334 = ORIENTED_EDGE('',*,*,#6335,.F.);
#6335 = EDGE_CURVE('',#4800,#6336,#6338,.T.);
#6336 = VERTEX_POINT('',#6337);
#6337 = CARTESIAN_POINT('',(-0.16,-12.86,8.54));
#6338 = LINE('',#6339,#6340);
#6339 = CARTESIAN_POINT('',(-0.266666666667,-12.96666666666,
    8.433333333333));
#6340 = VECTOR('',#6341,1.);
#6341 = DIRECTION('',(0.57735026919,0.57735026919,0.57735026919));
#6342 = ORIENTED_EDGE('',*,*,#4809,.T.);
#6343 = ORIENTED_EDGE('',*,*,#6304,.T.);
#6344 = ORIENTED_EDGE('',*,*,#6345,.F.);
#6345 = EDGE_CURVE('',#6336,#6305,#6346,.T.);
#6346 = LINE('',#6347,#6348);
#6347 = CARTESIAN_POINT('',(-0.16,-13.02,8.54));
#6348 = VECTOR('',#6349,1.);
#6349 = DIRECTION('',(0.,1.,0.));
#6350 = PLANE('',#6351);
#6351 = AXIS2_PLACEMENT_3D('',#6352,#6353,#6354);
#6352 = CARTESIAN_POINT('',(-0.24,-13.02,8.46));
#6353 = DIRECTION('',(0.707106781187,1.735167508357E-18,-0.707106781187)
  );
#6354 = DIRECTION('',(-1.226948711654E-18,1.,1.226948711654E-18));
#6355 = ADVANCED_FACE('',(#6356),#6374,.F.);
#6356 = FACE_BOUND('',#6357,.T.);
#6357 = EDGE_LOOP('',(#6358,#6359,#6360,#6368));
#6358 = ORIENTED_EDGE('',*,*,#6335,.F.);
#6359 = ORIENTED_EDGE('',*,*,#4833,.T.);
#6360 = ORIENTED_EDGE('',*,*,#6361,.T.);
#6361 = EDGE_CURVE('',#4824,#6362,#6364,.T.);
#6362 = VERTEX_POINT('',#6363);
#6363 = CARTESIAN_POINT('',(0.16,-12.86,8.54));
#6364 = LINE('',#6365,#6366);
#6365 = CARTESIAN_POINT('',(0.16,-12.86,8.54));
#6366 = VECTOR('',#6367,1.);
#6367 = DIRECTION('',(-0.57735026919,0.57735026919,0.57735026919));
#6368 = ORIENTED_EDGE('',*,*,#6369,.F.);
#6369 = EDGE_CURVE('',#6336,#6362,#6370,.T.);
#6370 = LINE('',#6371,#6372);
#6371 = CARTESIAN_POINT('',(-0.32,-12.86,8.54));
#6372 = VECTOR('',#6373,1.);
#6373 = DIRECTION('',(1.,0.,0.));
#6374 = PLANE('',#6375);
#6375 = AXIS2_PLACEMENT_3D('',#6376,#6377,#6378);
#6376 = CARTESIAN_POINT('',(-0.32,-12.94,8.46));
#6377 = DIRECTION('',(-1.735167508357E-18,0.707106781187,-0.707106781187
    ));
#6378 = DIRECTION('',(-1.,-1.226948711654E-18,1.226948711654E-18));
#6379 = ADVANCED_FACE('',(#6380),#6391,.T.);
#6380 = FACE_BOUND('',#6381,.T.);
#6381 = EDGE_LOOP('',(#6382,#6383,#6384,#6385));
#6382 = ORIENTED_EDGE('',*,*,#6361,.F.);
#6383 = ORIENTED_EDGE('',*,*,#4850,.T.);
#6384 = ORIENTED_EDGE('',*,*,#6313,.T.);
#6385 = ORIENTED_EDGE('',*,*,#6386,.F.);
#6386 = EDGE_CURVE('',#6362,#6314,#6387,.T.);
#6387 = LINE('',#6388,#6389);
#6388 = CARTESIAN_POINT('',(0.16,-13.02,8.54));
#6389 = VECTOR('',#6390,1.);
#6390 = DIRECTION('',(0.,1.,0.));
#6391 = PLANE('',#6392);
#6392 = AXIS2_PLACEMENT_3D('',#6393,#6394,#6395);
#6393 = CARTESIAN_POINT('',(0.24,-13.02,8.46));
#6394 = DIRECTION('',(0.707106781187,-1.735167508357E-18,0.707106781187)
  );
#6395 = DIRECTION('',(1.226948711654E-18,1.,1.226948711654E-18));
#6396 = ADVANCED_FACE('',(#6397),#6422,.T.);
#6397 = FACE_BOUND('',#6398,.T.);
#6398 = EDGE_LOOP('',(#6399,#6407,#6408,#6416));
#6399 = ORIENTED_EDGE('',*,*,#6400,.F.);
#6400 = EDGE_CURVE('',#4865,#6401,#6403,.T.);
#6401 = VERTEX_POINT('',#6402);
#6402 = CARTESIAN_POINT('',(0.16,-10.32,8.54));
#6403 = LINE('',#6404,#6405);
#6404 = CARTESIAN_POINT('',(0.16,-10.32,8.54));
#6405 = VECTOR('',#6406,1.);
#6406 = DIRECTION('',(-0.57735026919,0.57735026919,0.57735026919));
#6407 = ORIENTED_EDGE('',*,*,#4881,.T.);
#6408 = ORIENTED_EDGE('',*,*,#6409,.T.);
#6409 = EDGE_CURVE('',#4874,#6410,#6412,.T.);
#6410 = VERTEX_POINT('',#6411);
#6411 = CARTESIAN_POINT('',(0.16,-10.,8.54));
#6412 = LINE('',#6413,#6414);
#6413 = CARTESIAN_POINT('',(5.333333333333E-02,-10.10666666666,
    8.646666666667));
#6414 = VECTOR('',#6415,1.);
#6415 = DIRECTION('',(-0.57735026919,-0.57735026919,0.57735026919));
#6416 = ORIENTED_EDGE('',*,*,#6417,.F.);
#6417 = EDGE_CURVE('',#6401,#6410,#6418,.T.);
#6418 = LINE('',#6419,#6420);
#6419 = CARTESIAN_POINT('',(0.16,-10.48,8.54));
#6420 = VECTOR('',#6421,1.);
#6421 = DIRECTION('',(0.,1.,0.));
#6422 = PLANE('',#6423);
#6423 = AXIS2_PLACEMENT_3D('',#6424,#6425,#6426);
#6424 = CARTESIAN_POINT('',(0.24,-10.48,8.46));
#6425 = DIRECTION('',(0.707106781187,-1.735167508357E-18,0.707106781187)
  );
#6426 = DIRECTION('',(1.226948711654E-18,1.,1.226948711654E-18));
#6427 = ADVANCED_FACE('',(#6428),#6446,.T.);
#6428 = FACE_BOUND('',#6429,.F.);
#6429 = EDGE_LOOP('',(#6430,#6438,#6439,#6440));
#6430 = ORIENTED_EDGE('',*,*,#6431,.F.);
#6431 = EDGE_CURVE('',#4898,#6432,#6434,.T.);
#6432 = VERTEX_POINT('',#6433);
#6433 = CARTESIAN_POINT('',(-0.16,-10.,8.54));
#6434 = LINE('',#6435,#6436);
#6435 = CARTESIAN_POINT('',(-0.16,-10.,8.54));
#6436 = VECTOR('',#6437,1.);
#6437 = DIRECTION('',(0.57735026919,-0.57735026919,0.57735026919));
#6438 = ORIENTED_EDGE('',*,*,#4905,.T.);
#6439 = ORIENTED_EDGE('',*,*,#6409,.T.);
#6440 = ORIENTED_EDGE('',*,*,#6441,.F.);
#6441 = EDGE_CURVE('',#6432,#6410,#6442,.T.);
#6442 = LINE('',#6443,#6444);
#6443 = CARTESIAN_POINT('',(-0.32,-10.,8.54));
#6444 = VECTOR('',#6445,1.);
#6445 = DIRECTION('',(1.,0.,0.));
#6446 = PLANE('',#6447);
#6447 = AXIS2_PLACEMENT_3D('',#6448,#6449,#6450);
#6448 = CARTESIAN_POINT('',(-0.32,-9.92,8.46));
#6449 = DIRECTION('',(1.735167508357E-18,0.707106781187,0.707106781187)
  );
#6450 = DIRECTION('',(-1.,1.226948711654E-18,1.226948711654E-18));
#6451 = ADVANCED_FACE('',(#6452),#6470,.F.);
#6452 = FACE_BOUND('',#6453,.F.);
#6453 = EDGE_LOOP('',(#6454,#6462,#6463,#6464));
#6454 = ORIENTED_EDGE('',*,*,#6455,.F.);
#6455 = EDGE_CURVE('',#4920,#6456,#6458,.T.);
#6456 = VERTEX_POINT('',#6457);
#6457 = CARTESIAN_POINT('',(-0.16,-10.32,8.54));
#6458 = LINE('',#6459,#6460);
#6459 = CARTESIAN_POINT('',(-0.266666666667,-10.42666666666,
    8.433333333333));
#6460 = VECTOR('',#6461,1.);
#6461 = DIRECTION('',(0.57735026919,0.57735026919,0.57735026919));
#6462 = ORIENTED_EDGE('',*,*,#4929,.T.);
#6463 = ORIENTED_EDGE('',*,*,#6431,.T.);
#6464 = ORIENTED_EDGE('',*,*,#6465,.F.);
#6465 = EDGE_CURVE('',#6456,#6432,#6466,.T.);
#6466 = LINE('',#6467,#6468);
#6467 = CARTESIAN_POINT('',(-0.16,-10.48,8.54));
#6468 = VECTOR('',#6469,1.);
#6469 = DIRECTION('',(0.,1.,0.));
#6470 = PLANE('',#6471);
#6471 = AXIS2_PLACEMENT_3D('',#6472,#6473,#6474);
#6472 = CARTESIAN_POINT('',(-0.24,-10.48,8.46));
#6473 = DIRECTION('',(0.707106781187,1.735167508357E-18,-0.707106781187)
  );
#6474 = DIRECTION('',(-1.226948711654E-18,1.,1.226948711654E-18));
#6475 = ADVANCED_FACE('',(#6476),#6487,.F.);
#6476 = FACE_BOUND('',#6477,.T.);
#6477 = EDGE_LOOP('',(#6478,#6479,#6480,#6481));
#6478 = ORIENTED_EDGE('',*,*,#6455,.F.);
#6479 = ORIENTED_EDGE('',*,*,#4946,.T.);
#6480 = ORIENTED_EDGE('',*,*,#6400,.T.);
#6481 = ORIENTED_EDGE('',*,*,#6482,.F.);
#6482 = EDGE_CURVE('',#6456,#6401,#6483,.T.);
#6483 = LINE('',#6484,#6485);
#6484 = CARTESIAN_POINT('',(-0.32,-10.32,8.54));
#6485 = VECTOR('',#6486,1.);
#6486 = DIRECTION('',(1.,0.,0.));
#6487 = PLANE('',#6488);
#6488 = AXIS2_PLACEMENT_3D('',#6489,#6490,#6491);
#6489 = CARTESIAN_POINT('',(-0.32,-10.4,8.46));
#6490 = DIRECTION('',(-1.735167508357E-18,0.707106781187,-0.707106781187
    ));
#6491 = DIRECTION('',(-1.,-1.226948711654E-18,1.226948711654E-18));
#6492 = ADVANCED_FACE('',(#6493),#6518,.T.);
#6493 = FACE_BOUND('',#6494,.F.);
#6494 = EDGE_LOOP('',(#6495,#6503,#6504,#6512));
#6495 = ORIENTED_EDGE('',*,*,#6496,.F.);
#6496 = EDGE_CURVE('',#4970,#6497,#6499,.T.);
#6497 = VERTEX_POINT('',#6498);
#6498 = CARTESIAN_POINT('',(-0.16,-2.38,8.54));
#6499 = LINE('',#6500,#6501);
#6500 = CARTESIAN_POINT('',(-0.16,-2.38,8.54));
#6501 = VECTOR('',#6502,1.);
#6502 = DIRECTION('',(0.57735026919,-0.57735026919,0.57735026919));
#6503 = ORIENTED_EDGE('',*,*,#4977,.T.);
#6504 = ORIENTED_EDGE('',*,*,#6505,.T.);
#6505 = EDGE_CURVE('',#4961,#6506,#6508,.T.);
#6506 = VERTEX_POINT('',#6507);
#6507 = CARTESIAN_POINT('',(0.16,-2.38,8.54));
#6508 = LINE('',#6509,#6510);
#6509 = CARTESIAN_POINT('',(5.333333333333E-02,-2.486666666667,
    8.646666666667));
#6510 = VECTOR('',#6511,1.);
#6511 = DIRECTION('',(-0.57735026919,-0.57735026919,0.57735026919));
#6512 = ORIENTED_EDGE('',*,*,#6513,.F.);
#6513 = EDGE_CURVE('',#6497,#6506,#6514,.T.);
#6514 = LINE('',#6515,#6516);
#6515 = CARTESIAN_POINT('',(-0.32,-2.38,8.54));
#6516 = VECTOR('',#6517,1.);
#6517 = DIRECTION('',(1.,0.,0.));
#6518 = PLANE('',#6519);
#6519 = AXIS2_PLACEMENT_3D('',#6520,#6521,#6522);
#6520 = CARTESIAN_POINT('',(-0.32,-2.3,8.46));
#6521 = DIRECTION('',(1.735167508357E-18,0.707106781187,0.707106781187)
  );
#6522 = DIRECTION('',(-1.,1.226948711654E-18,1.226948711654E-18));
#6523 = ADVANCED_FACE('',(#6524),#6542,.F.);
#6524 = FACE_BOUND('',#6525,.F.);
#6525 = EDGE_LOOP('',(#6526,#6534,#6535,#6536));
#6526 = ORIENTED_EDGE('',*,*,#6527,.F.);
#6527 = EDGE_CURVE('',#4992,#6528,#6530,.T.);
#6528 = VERTEX_POINT('',#6529);
#6529 = CARTESIAN_POINT('',(-0.16,-2.7,8.54));
#6530 = LINE('',#6531,#6532);
#6531 = CARTESIAN_POINT('',(-0.266666666667,-2.806666666667,
    8.433333333333));
#6532 = VECTOR('',#6533,1.);
#6533 = DIRECTION('',(0.57735026919,0.57735026919,0.57735026919));
#6534 = ORIENTED_EDGE('',*,*,#5001,.T.);
#6535 = ORIENTED_EDGE('',*,*,#6496,.T.);
#6536 = ORIENTED_EDGE('',*,*,#6537,.F.);
#6537 = EDGE_CURVE('',#6528,#6497,#6538,.T.);
#6538 = LINE('',#6539,#6540);
#6539 = CARTESIAN_POINT('',(-0.16,-2.86,8.54));
#6540 = VECTOR('',#6541,1.);
#6541 = DIRECTION('',(0.,1.,0.));
#6542 = PLANE('',#6543);
#6543 = AXIS2_PLACEMENT_3D('',#6544,#6545,#6546);
#6544 = CARTESIAN_POINT('',(-0.24,-2.86,8.46));
#6545 = DIRECTION('',(0.707106781187,1.735167508357E-18,-0.707106781187)
  );
#6546 = DIRECTION('',(-1.226948711654E-18,1.,1.226948711654E-18));
#6547 = ADVANCED_FACE('',(#6548),#6566,.F.);
#6548 = FACE_BOUND('',#6549,.T.);
#6549 = EDGE_LOOP('',(#6550,#6551,#6552,#6560));
#6550 = ORIENTED_EDGE('',*,*,#6527,.F.);
#6551 = ORIENTED_EDGE('',*,*,#5025,.T.);
#6552 = ORIENTED_EDGE('',*,*,#6553,.T.);
#6553 = EDGE_CURVE('',#5016,#6554,#6556,.T.);
#6554 = VERTEX_POINT('',#6555);
#6555 = CARTESIAN_POINT('',(0.16,-2.7,8.54));
#6556 = LINE('',#6557,#6558);
#6557 = CARTESIAN_POINT('',(0.16,-2.7,8.54));
#6558 = VECTOR('',#6559,1.);
#6559 = DIRECTION('',(-0.57735026919,0.57735026919,0.57735026919));
#6560 = ORIENTED_EDGE('',*,*,#6561,.F.);
#6561 = EDGE_CURVE('',#6528,#6554,#6562,.T.);
#6562 = LINE('',#6563,#6564);
#6563 = CARTESIAN_POINT('',(-0.32,-2.7,8.54));
#6564 = VECTOR('',#6565,1.);
#6565 = DIRECTION('',(1.,0.,0.));
#6566 = PLANE('',#6567);
#6567 = AXIS2_PLACEMENT_3D('',#6568,#6569,#6570);
#6568 = CARTESIAN_POINT('',(-0.32,-2.78,8.46));
#6569 = DIRECTION('',(-1.735167508357E-18,0.707106781187,-0.707106781187
    ));
#6570 = DIRECTION('',(-1.,-1.226948711654E-18,1.226948711654E-18));
#6571 = ADVANCED_FACE('',(#6572),#6583,.T.);
#6572 = FACE_BOUND('',#6573,.T.);
#6573 = EDGE_LOOP('',(#6574,#6575,#6576,#6577));
#6574 = ORIENTED_EDGE('',*,*,#6553,.F.);
#6575 = ORIENTED_EDGE('',*,*,#5042,.T.);
#6576 = ORIENTED_EDGE('',*,*,#6505,.T.);
#6577 = ORIENTED_EDGE('',*,*,#6578,.F.);
#6578 = EDGE_CURVE('',#6554,#6506,#6579,.T.);
#6579 = LINE('',#6580,#6581);
#6580 = CARTESIAN_POINT('',(0.16,-2.86,8.54));
#6581 = VECTOR('',#6582,1.);
#6582 = DIRECTION('',(0.,1.,0.));
#6583 = PLANE('',#6584);
#6584 = AXIS2_PLACEMENT_3D('',#6585,#6586,#6587);
#6585 = CARTESIAN_POINT('',(0.24,-2.86,8.46));
#6586 = DIRECTION('',(0.707106781187,-1.735167508357E-18,0.707106781187)
  );
#6587 = DIRECTION('',(1.226948711654E-18,1.,1.226948711654E-18));
#6588 = ADVANCED_FACE('',(#6589),#6614,.F.);
#6589 = FACE_BOUND('',#6590,.T.);
#6590 = EDGE_LOOP('',(#6591,#6599,#6600,#6608));
#6591 = ORIENTED_EDGE('',*,*,#6592,.F.);
#6592 = EDGE_CURVE('',#5066,#6593,#6595,.T.);
#6593 = VERTEX_POINT('',#6594);
#6594 = CARTESIAN_POINT('',(-0.16,-5.24,8.54));
#6595 = LINE('',#6596,#6597);
#6596 = CARTESIAN_POINT('',(-0.266666666667,-5.346666666667,
    8.433333333333));
#6597 = VECTOR('',#6598,1.);
#6598 = DIRECTION('',(0.57735026919,0.57735026919,0.57735026919));
#6599 = ORIENTED_EDGE('',*,*,#5073,.T.);
#6600 = ORIENTED_EDGE('',*,*,#6601,.T.);
#6601 = EDGE_CURVE('',#5057,#6602,#6604,.T.);
#6602 = VERTEX_POINT('',#6603);
#6603 = CARTESIAN_POINT('',(0.16,-5.24,8.54));
#6604 = LINE('',#6605,#6606);
#6605 = CARTESIAN_POINT('',(0.16,-5.24,8.54));
#6606 = VECTOR('',#6607,1.);
#6607 = DIRECTION('',(-0.57735026919,0.57735026919,0.57735026919));
#6608 = ORIENTED_EDGE('',*,*,#6609,.F.);
#6609 = EDGE_CURVE('',#6593,#6602,#6610,.T.);
#6610 = LINE('',#6611,#6612);
#6611 = CARTESIAN_POINT('',(-0.32,-5.24,8.54));
#6612 = VECTOR('',#6613,1.);
#6613 = DIRECTION('',(1.,0.,0.));
#6614 = PLANE('',#6615);
#6615 = AXIS2_PLACEMENT_3D('',#6616,#6617,#6618);
#6616 = CARTESIAN_POINT('',(-0.32,-5.32,8.46));
#6617 = DIRECTION('',(-1.735167508357E-18,0.707106781187,-0.707106781187
    ));
#6618 = DIRECTION('',(-1.,-1.226948711654E-18,1.226948711654E-18));
#6619 = ADVANCED_FACE('',(#6620),#6638,.T.);
#6620 = FACE_BOUND('',#6621,.T.);
#6621 = EDGE_LOOP('',(#6622,#6623,#6624,#6632));
#6622 = ORIENTED_EDGE('',*,*,#6601,.F.);
#6623 = ORIENTED_EDGE('',*,*,#5097,.T.);
#6624 = ORIENTED_EDGE('',*,*,#6625,.T.);
#6625 = EDGE_CURVE('',#5090,#6626,#6628,.T.);
#6626 = VERTEX_POINT('',#6627);
#6627 = CARTESIAN_POINT('',(0.16,-4.92,8.54));
#6628 = LINE('',#6629,#6630);
#6629 = CARTESIAN_POINT('',(5.333333333333E-02,-5.026666666667,
    8.646666666667));
#6630 = VECTOR('',#6631,1.);
#6631 = DIRECTION('',(-0.57735026919,-0.57735026919,0.57735026919));
#6632 = ORIENTED_EDGE('',*,*,#6633,.F.);
#6633 = EDGE_CURVE('',#6602,#6626,#6634,.T.);
#6634 = LINE('',#6635,#6636);
#6635 = CARTESIAN_POINT('',(0.16,-5.4,8.54));
#6636 = VECTOR('',#6637,1.);
#6637 = DIRECTION('',(0.,1.,0.));
#6638 = PLANE('',#6639);
#6639 = AXIS2_PLACEMENT_3D('',#6640,#6641,#6642);
#6640 = CARTESIAN_POINT('',(0.24,-5.4,8.46));
#6641 = DIRECTION('',(0.707106781187,-1.735167508357E-18,0.707106781187)
  );
#6642 = DIRECTION('',(1.226948711654E-18,1.,1.226948711654E-18));
#6643 = ADVANCED_FACE('',(#6644),#6662,.T.);
#6644 = FACE_BOUND('',#6645,.F.);
#6645 = EDGE_LOOP('',(#6646,#6654,#6655,#6656));
#6646 = ORIENTED_EDGE('',*,*,#6647,.F.);
#6647 = EDGE_CURVE('',#5114,#6648,#6650,.T.);
#6648 = VERTEX_POINT('',#6649);
#6649 = CARTESIAN_POINT('',(-0.16,-4.92,8.54));
#6650 = LINE('',#6651,#6652);
#6651 = CARTESIAN_POINT('',(-0.16,-4.92,8.54));
#6652 = VECTOR('',#6653,1.);
#6653 = DIRECTION('',(0.57735026919,-0.57735026919,0.57735026919));
#6654 = ORIENTED_EDGE('',*,*,#5121,.T.);
#6655 = ORIENTED_EDGE('',*,*,#6625,.T.);
#6656 = ORIENTED_EDGE('',*,*,#6657,.F.);
#6657 = EDGE_CURVE('',#6648,#6626,#6658,.T.);
#6658 = LINE('',#6659,#6660);
#6659 = CARTESIAN_POINT('',(-0.32,-4.92,8.54));
#6660 = VECTOR('',#6661,1.);
#6661 = DIRECTION('',(1.,0.,0.));
#6662 = PLANE('',#6663);
#6663 = AXIS2_PLACEMENT_3D('',#6664,#6665,#6666);
#6664 = CARTESIAN_POINT('',(-0.32,-4.84,8.46));
#6665 = DIRECTION('',(1.735167508357E-18,0.707106781187,0.707106781187)
  );
#6666 = DIRECTION('',(-1.,1.226948711654E-18,1.226948711654E-18));
#6667 = ADVANCED_FACE('',(#6668),#6679,.F.);
#6668 = FACE_BOUND('',#6669,.F.);
#6669 = EDGE_LOOP('',(#6670,#6671,#6672,#6673));
#6670 = ORIENTED_EDGE('',*,*,#6592,.F.);
#6671 = ORIENTED_EDGE('',*,*,#5138,.T.);
#6672 = ORIENTED_EDGE('',*,*,#6647,.T.);
#6673 = ORIENTED_EDGE('',*,*,#6674,.F.);
#6674 = EDGE_CURVE('',#6593,#6648,#6675,.T.);
#6675 = LINE('',#6676,#6677);
#6676 = CARTESIAN_POINT('',(-0.16,-5.4,8.54));
#6677 = VECTOR('',#6678,1.);
#6678 = DIRECTION('',(0.,1.,0.));
#6679 = PLANE('',#6680);
#6680 = AXIS2_PLACEMENT_3D('',#6681,#6682,#6683);
#6681 = CARTESIAN_POINT('',(-0.24,-5.4,8.46));
#6682 = DIRECTION('',(0.707106781187,1.735167508357E-18,-0.707106781187)
  );
#6683 = DIRECTION('',(-1.226948711654E-18,1.,1.226948711654E-18));
#6684 = ADVANCED_FACE('',(#6685),#6710,.T.);
#6685 = FACE_BOUND('',#6686,.T.);
#6686 = EDGE_LOOP('',(#6687,#6695,#6696,#6704));
#6687 = ORIENTED_EDGE('',*,*,#6688,.F.);
#6688 = EDGE_CURVE('',#5153,#6689,#6691,.T.);
#6689 = VERTEX_POINT('',#6690);
#6690 = CARTESIAN_POINT('',(0.16,-0.16,8.54));
#6691 = LINE('',#6692,#6693);
#6692 = CARTESIAN_POINT('',(0.16,-0.16,8.54));
#6693 = VECTOR('',#6694,1.);
#6694 = DIRECTION('',(-0.57735026919,0.57735026919,0.57735026919));
#6695 = ORIENTED_EDGE('',*,*,#5169,.T.);
#6696 = ORIENTED_EDGE('',*,*,#6697,.T.);
#6697 = EDGE_CURVE('',#5162,#6698,#6700,.T.);
#6698 = VERTEX_POINT('',#6699);
#6699 = CARTESIAN_POINT('',(0.16,0.16,8.54));
#6700 = LINE('',#6701,#6702);
#6701 = CARTESIAN_POINT('',(5.333333333333E-02,5.333333333333E-02,
    8.646666666667));
#6702 = VECTOR('',#6703,1.);
#6703 = DIRECTION('',(-0.57735026919,-0.57735026919,0.57735026919));
#6704 = ORIENTED_EDGE('',*,*,#6705,.F.);
#6705 = EDGE_CURVE('',#6689,#6698,#6706,.T.);
#6706 = LINE('',#6707,#6708);
#6707 = CARTESIAN_POINT('',(0.16,-0.32,8.54));
#6708 = VECTOR('',#6709,1.);
#6709 = DIRECTION('',(0.,1.,0.));
#6710 = PLANE('',#6711);
#6711 = AXIS2_PLACEMENT_3D('',#6712,#6713,#6714);
#6712 = CARTESIAN_POINT('',(0.24,-0.32,8.46));
#6713 = DIRECTION('',(0.707106781187,-1.735167508357E-18,0.707106781187)
  );
#6714 = DIRECTION('',(1.226948711654E-18,1.,1.226948711654E-18));
#6715 = ADVANCED_FACE('',(#6716),#6734,.T.);
#6716 = FACE_BOUND('',#6717,.F.);
#6717 = EDGE_LOOP('',(#6718,#6726,#6727,#6728));
#6718 = ORIENTED_EDGE('',*,*,#6719,.F.);
#6719 = EDGE_CURVE('',#5186,#6720,#6722,.T.);
#6720 = VERTEX_POINT('',#6721);
#6721 = CARTESIAN_POINT('',(-0.16,0.16,8.54));
#6722 = LINE('',#6723,#6724);
#6723 = CARTESIAN_POINT('',(-0.16,0.16,8.54));
#6724 = VECTOR('',#6725,1.);
#6725 = DIRECTION('',(0.57735026919,-0.57735026919,0.57735026919));
#6726 = ORIENTED_EDGE('',*,*,#5193,.T.);
#6727 = ORIENTED_EDGE('',*,*,#6697,.T.);
#6728 = ORIENTED_EDGE('',*,*,#6729,.F.);
#6729 = EDGE_CURVE('',#6720,#6698,#6730,.T.);
#6730 = LINE('',#6731,#6732);
#6731 = CARTESIAN_POINT('',(-0.32,0.16,8.54));
#6732 = VECTOR('',#6733,1.);
#6733 = DIRECTION('',(1.,0.,0.));
#6734 = PLANE('',#6735);
#6735 = AXIS2_PLACEMENT_3D('',#6736,#6737,#6738);
#6736 = CARTESIAN_POINT('',(-0.32,0.24,8.46));
#6737 = DIRECTION('',(1.735167508357E-18,0.707106781187,0.707106781187)
  );
#6738 = DIRECTION('',(-1.,1.226948711654E-18,1.226948711654E-18));
#6739 = ADVANCED_FACE('',(#6740),#6758,.F.);
#6740 = FACE_BOUND('',#6741,.F.);
#6741 = EDGE_LOOP('',(#6742,#6750,#6751,#6752));
#6742 = ORIENTED_EDGE('',*,*,#6743,.F.);
#6743 = EDGE_CURVE('',#5208,#6744,#6746,.T.);
#6744 = VERTEX_POINT('',#6745);
#6745 = CARTESIAN_POINT('',(-0.16,-0.16,8.54));
#6746 = LINE('',#6747,#6748);
#6747 = CARTESIAN_POINT('',(-0.266666666667,-0.266666666667,
    8.433333333333));
#6748 = VECTOR('',#6749,1.);
#6749 = DIRECTION('',(0.57735026919,0.57735026919,0.57735026919));
#6750 = ORIENTED_EDGE('',*,*,#5217,.T.);
#6751 = ORIENTED_EDGE('',*,*,#6719,.T.);
#6752 = ORIENTED_EDGE('',*,*,#6753,.F.);
#6753 = EDGE_CURVE('',#6744,#6720,#6754,.T.);
#6754 = LINE('',#6755,#6756);
#6755 = CARTESIAN_POINT('',(-0.16,-0.32,8.54));
#6756 = VECTOR('',#6757,1.);
#6757 = DIRECTION('',(0.,1.,0.));
#6758 = PLANE('',#6759);
#6759 = AXIS2_PLACEMENT_3D('',#6760,#6761,#6762);
#6760 = CARTESIAN_POINT('',(-0.24,-0.32,8.46));
#6761 = DIRECTION('',(0.707106781187,1.735167508357E-18,-0.707106781187)
  );
#6762 = DIRECTION('',(-1.226948711654E-18,1.,1.226948711654E-18));
#6763 = ADVANCED_FACE('',(#6764),#6775,.F.);
#6764 = FACE_BOUND('',#6765,.T.);
#6765 = EDGE_LOOP('',(#6766,#6767,#6768,#6769));
#6766 = ORIENTED_EDGE('',*,*,#6743,.F.);
#6767 = ORIENTED_EDGE('',*,*,#5234,.T.);
#6768 = ORIENTED_EDGE('',*,*,#6688,.T.);
#6769 = ORIENTED_EDGE('',*,*,#6770,.F.);
#6770 = EDGE_CURVE('',#6744,#6689,#6771,.T.);
#6771 = LINE('',#6772,#6773);
#6772 = CARTESIAN_POINT('',(-0.32,-0.16,8.54));
#6773 = VECTOR('',#6774,1.);
#6774 = DIRECTION('',(1.,0.,0.));
#6775 = PLANE('',#6776);
#6776 = AXIS2_PLACEMENT_3D('',#6777,#6778,#6779);
#6777 = CARTESIAN_POINT('',(-0.32,-0.24,8.46));
#6778 = DIRECTION('',(-1.735167508357E-18,0.707106781187,-0.707106781187
    ));
#6779 = DIRECTION('',(-1.,-1.226948711654E-18,1.226948711654E-18));
#6780 = ADVANCED_FACE('',(#6781),#6787,.F.);
#6781 = FACE_BOUND('',#6782,.F.);
#6782 = EDGE_LOOP('',(#6783,#6784,#6785,#6786));
#6783 = ORIENTED_EDGE('',*,*,#5265,.T.);
#6784 = ORIENTED_EDGE('',*,*,#5289,.T.);
#6785 = ORIENTED_EDGE('',*,*,#5313,.F.);
#6786 = ORIENTED_EDGE('',*,*,#5330,.F.);
#6787 = PLANE('',#6788);
#6788 = AXIS2_PLACEMENT_3D('',#6789,#6790,#6791);
#6789 = CARTESIAN_POINT('',(-0.32,-18.1,-3.));
#6790 = DIRECTION('',(0.,0.,1.));
#6791 = DIRECTION('',(1.,0.,-0.));
#6792 = ADVANCED_FACE('',(#6793),#6799,.F.);
#6793 = FACE_BOUND('',#6794,.F.);
#6794 = EDGE_LOOP('',(#6795,#6796,#6797,#6798));
#6795 = ORIENTED_EDGE('',*,*,#5409,.T.);
#6796 = ORIENTED_EDGE('',*,*,#5426,.T.);
#6797 = ORIENTED_EDGE('',*,*,#5361,.F.);
#6798 = ORIENTED_EDGE('',*,*,#5385,.F.);
#6799 = PLANE('',#6800);
#6800 = AXIS2_PLACEMENT_3D('',#6801,#6802,#6803);
#6801 = CARTESIAN_POINT('',(-0.32,-15.56,-3.));
#6802 = DIRECTION('',(0.,0.,1.));
#6803 = DIRECTION('',(1.,0.,-0.));
#6804 = ADVANCED_FACE('',(#6805),#6811,.F.);
#6805 = FACE_BOUND('',#6806,.F.);
#6806 = EDGE_LOOP('',(#6807,#6808,#6809,#6810));
#6807 = ORIENTED_EDGE('',*,*,#5522,.T.);
#6808 = ORIENTED_EDGE('',*,*,#5457,.T.);
#6809 = ORIENTED_EDGE('',*,*,#5481,.F.);
#6810 = ORIENTED_EDGE('',*,*,#5505,.F.);
#6811 = PLANE('',#6812);
#6812 = AXIS2_PLACEMENT_3D('',#6813,#6814,#6815);
#6813 = CARTESIAN_POINT('',(-0.32,-7.94,-3.));
#6814 = DIRECTION('',(0.,0.,1.));
#6815 = DIRECTION('',(1.,0.,-0.));
#6816 = ADVANCED_FACE('',(#6817),#6823,.F.);
#6817 = FACE_BOUND('',#6818,.F.);
#6818 = EDGE_LOOP('',(#6819,#6820,#6821,#6822));
#6819 = ORIENTED_EDGE('',*,*,#5601,.T.);
#6820 = ORIENTED_EDGE('',*,*,#5618,.T.);
#6821 = ORIENTED_EDGE('',*,*,#5553,.F.);
#6822 = ORIENTED_EDGE('',*,*,#5577,.F.);
#6823 = PLANE('',#6824);
#6824 = AXIS2_PLACEMENT_3D('',#6825,#6826,#6827);
#6825 = CARTESIAN_POINT('',(-0.32,-13.02,-3.));
#6826 = DIRECTION('',(0.,0.,1.));
#6827 = DIRECTION('',(1.,0.,-0.));
#6828 = ADVANCED_FACE('',(#6829),#6835,.F.);
#6829 = FACE_BOUND('',#6830,.F.);
#6830 = EDGE_LOOP('',(#6831,#6832,#6833,#6834));
#6831 = ORIENTED_EDGE('',*,*,#5714,.T.);
#6832 = ORIENTED_EDGE('',*,*,#5649,.T.);
#6833 = ORIENTED_EDGE('',*,*,#5673,.F.);
#6834 = ORIENTED_EDGE('',*,*,#5697,.F.);
#6835 = PLANE('',#6836);
#6836 = AXIS2_PLACEMENT_3D('',#6837,#6838,#6839);
#6837 = CARTESIAN_POINT('',(-0.32,-10.48,-3.));
#6838 = DIRECTION('',(0.,0.,1.));
#6839 = DIRECTION('',(1.,0.,-0.));
#6840 = ADVANCED_FACE('',(#6841),#6847,.F.);
#6841 = FACE_BOUND('',#6842,.F.);
#6842 = EDGE_LOOP('',(#6843,#6844,#6845,#6846));
#6843 = ORIENTED_EDGE('',*,*,#5793,.T.);
#6844 = ORIENTED_EDGE('',*,*,#5810,.T.);
#6845 = ORIENTED_EDGE('',*,*,#5745,.F.);
#6846 = ORIENTED_EDGE('',*,*,#5769,.F.);
#6847 = PLANE('',#6848);
#6848 = AXIS2_PLACEMENT_3D('',#6849,#6850,#6851);
#6849 = CARTESIAN_POINT('',(-0.32,-2.86,-3.));
#6850 = DIRECTION('',(0.,0.,1.));
#6851 = DIRECTION('',(1.,0.,-0.));
#6852 = ADVANCED_FACE('',(#6853),#6859,.F.);
#6853 = FACE_BOUND('',#6854,.F.);
#6854 = EDGE_LOOP('',(#6855,#6856,#6857,#6858));
#6855 = ORIENTED_EDGE('',*,*,#5841,.T.);
#6856 = ORIENTED_EDGE('',*,*,#5865,.T.);
#6857 = ORIENTED_EDGE('',*,*,#5889,.F.);
#6858 = ORIENTED_EDGE('',*,*,#5906,.F.);
#6859 = PLANE('',#6860);
#6860 = AXIS2_PLACEMENT_3D('',#6861,#6862,#6863);
#6861 = CARTESIAN_POINT('',(-0.32,-5.4,-3.));
#6862 = DIRECTION('',(0.,0.,1.));
#6863 = DIRECTION('',(1.,0.,-0.));
#6864 = ADVANCED_FACE('',(#6865),#6871,.F.);
#6865 = FACE_BOUND('',#6866,.F.);
#6866 = EDGE_LOOP('',(#6867,#6868,#6869,#6870));
#6867 = ORIENTED_EDGE('',*,*,#6002,.T.);
#6868 = ORIENTED_EDGE('',*,*,#5937,.T.);
#6869 = ORIENTED_EDGE('',*,*,#5961,.F.);
#6870 = ORIENTED_EDGE('',*,*,#5985,.F.);
#6871 = PLANE('',#6872);
#6872 = AXIS2_PLACEMENT_3D('',#6873,#6874,#6875);
#6873 = CARTESIAN_POINT('',(-0.32,-0.32,-3.));
#6874 = DIRECTION('',(0.,0.,1.));
#6875 = DIRECTION('',(1.,0.,-0.));
#6876 = ADVANCED_FACE('',(#6877),#6883,.T.);
#6877 = FACE_BOUND('',#6878,.T.);
#6878 = EDGE_LOOP('',(#6879,#6880,#6881,#6882));
#6879 = ORIENTED_EDGE('',*,*,#6033,.T.);
#6880 = ORIENTED_EDGE('',*,*,#6057,.T.);
#6881 = ORIENTED_EDGE('',*,*,#6081,.F.);
#6882 = ORIENTED_EDGE('',*,*,#6098,.F.);
#6883 = PLANE('',#6884);
#6884 = AXIS2_PLACEMENT_3D('',#6885,#6886,#6887);
#6885 = CARTESIAN_POINT('',(-0.32,-18.1,8.54));
#6886 = DIRECTION('',(0.,0.,1.));
#6887 = DIRECTION('',(1.,0.,-0.));
#6888 = ADVANCED_FACE('',(#6889),#6895,.T.);
#6889 = FACE_BOUND('',#6890,.T.);
#6890 = EDGE_LOOP('',(#6891,#6892,#6893,#6894));
#6891 = ORIENTED_EDGE('',*,*,#6177,.T.);
#6892 = ORIENTED_EDGE('',*,*,#6194,.T.);
#6893 = ORIENTED_EDGE('',*,*,#6129,.F.);
#6894 = ORIENTED_EDGE('',*,*,#6153,.F.);
#6895 = PLANE('',#6896);
#6896 = AXIS2_PLACEMENT_3D('',#6897,#6898,#6899);
#6897 = CARTESIAN_POINT('',(-0.32,-15.56,8.54));
#6898 = DIRECTION('',(0.,0.,1.));
#6899 = DIRECTION('',(1.,0.,-0.));
#6900 = ADVANCED_FACE('',(#6901),#6907,.T.);
#6901 = FACE_BOUND('',#6902,.T.);
#6902 = EDGE_LOOP('',(#6903,#6904,#6905,#6906));
#6903 = ORIENTED_EDGE('',*,*,#6290,.T.);
#6904 = ORIENTED_EDGE('',*,*,#6225,.T.);
#6905 = ORIENTED_EDGE('',*,*,#6249,.F.);
#6906 = ORIENTED_EDGE('',*,*,#6273,.F.);
#6907 = PLANE('',#6908);
#6908 = AXIS2_PLACEMENT_3D('',#6909,#6910,#6911);
#6909 = CARTESIAN_POINT('',(-0.32,-7.94,8.54));
#6910 = DIRECTION('',(0.,0.,1.));
#6911 = DIRECTION('',(1.,0.,-0.));
#6912 = ADVANCED_FACE('',(#6913),#6919,.T.);
#6913 = FACE_BOUND('',#6914,.T.);
#6914 = EDGE_LOOP('',(#6915,#6916,#6917,#6918));
#6915 = ORIENTED_EDGE('',*,*,#6369,.T.);
#6916 = ORIENTED_EDGE('',*,*,#6386,.T.);
#6917 = ORIENTED_EDGE('',*,*,#6321,.F.);
#6918 = ORIENTED_EDGE('',*,*,#6345,.F.);
#6919 = PLANE('',#6920);
#6920 = AXIS2_PLACEMENT_3D('',#6921,#6922,#6923);
#6921 = CARTESIAN_POINT('',(-0.32,-13.02,8.54));
#6922 = DIRECTION('',(0.,0.,1.));
#6923 = DIRECTION('',(1.,0.,-0.));
#6924 = ADVANCED_FACE('',(#6925),#6931,.T.);
#6925 = FACE_BOUND('',#6926,.T.);
#6926 = EDGE_LOOP('',(#6927,#6928,#6929,#6930));
#6927 = ORIENTED_EDGE('',*,*,#6482,.T.);
#6928 = ORIENTED_EDGE('',*,*,#6417,.T.);
#6929 = ORIENTED_EDGE('',*,*,#6441,.F.);
#6930 = ORIENTED_EDGE('',*,*,#6465,.F.);
#6931 = PLANE('',#6932);
#6932 = AXIS2_PLACEMENT_3D('',#6933,#6934,#6935);
#6933 = CARTESIAN_POINT('',(-0.32,-10.48,8.54));
#6934 = DIRECTION('',(0.,0.,1.));
#6935 = DIRECTION('',(1.,0.,-0.));
#6936 = ADVANCED_FACE('',(#6937),#6943,.T.);
#6937 = FACE_BOUND('',#6938,.T.);
#6938 = EDGE_LOOP('',(#6939,#6940,#6941,#6942));
#6939 = ORIENTED_EDGE('',*,*,#6561,.T.);
#6940 = ORIENTED_EDGE('',*,*,#6578,.T.);
#6941 = ORIENTED_EDGE('',*,*,#6513,.F.);
#6942 = ORIENTED_EDGE('',*,*,#6537,.F.);
#6943 = PLANE('',#6944);
#6944 = AXIS2_PLACEMENT_3D('',#6945,#6946,#6947);
#6945 = CARTESIAN_POINT('',(-0.32,-2.86,8.54));
#6946 = DIRECTION('',(0.,0.,1.));
#6947 = DIRECTION('',(1.,0.,-0.));
#6948 = ADVANCED_FACE('',(#6949),#6955,.T.);
#6949 = FACE_BOUND('',#6950,.T.);
#6950 = EDGE_LOOP('',(#6951,#6952,#6953,#6954));
#6951 = ORIENTED_EDGE('',*,*,#6609,.T.);
#6952 = ORIENTED_EDGE('',*,*,#6633,.T.);
#6953 = ORIENTED_EDGE('',*,*,#6657,.F.);
#6954 = ORIENTED_EDGE('',*,*,#6674,.F.);
#6955 = PLANE('',#6956);
#6956 = AXIS2_PLACEMENT_3D('',#6957,#6958,#6959);
#6957 = CARTESIAN_POINT('',(-0.32,-5.4,8.54));
#6958 = DIRECTION('',(0.,0.,1.));
#6959 = DIRECTION('',(1.,0.,-0.));
#6960 = ADVANCED_FACE('',(#6961),#6967,.T.);
#6961 = FACE_BOUND('',#6962,.T.);
#6962 = EDGE_LOOP('',(#6963,#6964,#6965,#6966));
#6963 = ORIENTED_EDGE('',*,*,#6770,.T.);
#6964 = ORIENTED_EDGE('',*,*,#6705,.T.);
#6965 = ORIENTED_EDGE('',*,*,#6729,.F.);
#6966 = ORIENTED_EDGE('',*,*,#6753,.F.);
#6967 = PLANE('',#6968);
#6968 = AXIS2_PLACEMENT_3D('',#6969,#6970,#6971);
#6969 = CARTESIAN_POINT('',(-0.32,-0.32,8.54));
#6970 = DIRECTION('',(0.,0.,1.));
#6971 = DIRECTION('',(1.,0.,-0.));
#6972 = ( GEOMETRIC_REPRESENTATION_CONTEXT(3) 
GLOBAL_UNCERTAINTY_ASSIGNED_CONTEXT((#6976)) 
GLOBAL_UNIT_ASSIGNED_CONTEXT((#6973,#6974,#6975)) REPRESENTATION_CONTEXT
('Context #1','3D Context with UNIT and UNCERTAINTY') );
#6973 = ( LENGTH_UNIT() NAMED_UNIT(*) SI_UNIT(.MILLI.,.METRE.) );
#6974 = ( NAMED_UNIT(*) PLANE_ANGLE_UNIT() SI_UNIT($,.RADIAN.) );
#6975 = ( NAMED_UNIT(*) SI_UNIT($,.STERADIAN.) SOLID_ANGLE_UNIT() );
#6976 = UNCERTAINTY_MEASURE_WITH_UNIT(LENGTH_MEASURE(1.E-07),#6973,
  'distance_accuracy_value','confusion accuracy');
#6977 = CONTEXT_DEPENDENT_SHAPE_REPRESENTATION(#6978,#6980);
#6978 = ( REPRESENTATION_RELATIONSHIP('','',#1495,#10) 
REPRESENTATION_RELATIONSHIP_WITH_TRANSFORMATION(#6979) 
SHAPE_REPRESENTATION_RELATIONSHIP() );
#6979 = ITEM_DEFINED_TRANSFORMATION('','',#11,#19);
#6980 = PRODUCT_DEFINITION_SHAPE('Placement','Placement of an item',
  #6981);
#6981 = NEXT_ASSEMBLY_USAGE_OCCURRENCE('2','J2','',#5,#1490,$);
#6982 = PRODUCT_RELATED_PRODUCT_CATEGORY('part',$,(#1492));
#6983 = CONTEXT_DEPENDENT_SHAPE_REPRESENTATION(#6984,#6986);
#6984 = ( REPRESENTATION_RELATIONSHIP('','',#1495,#10) 
REPRESENTATION_RELATIONSHIP_WITH_TRANSFORMATION(#6985) 
SHAPE_REPRESENTATION_RELATIONSHIP() );
#6985 = ITEM_DEFINED_TRANSFORMATION('','',#11,#23);
#6986 = PRODUCT_DEFINITION_SHAPE('Placement','Placement of an item',
  #6987);
#6987 = NEXT_ASSEMBLY_USAGE_OCCURRENCE('3','J1','',#5,#1490,$);
#6988 = SHAPE_DEFINITION_REPRESENTATION(#6989,#6995);
#6989 = PRODUCT_DEFINITION_SHAPE('','',#6990);
#6990 = PRODUCT_DEFINITION('design','',#6991,#6994);
#6991 = PRODUCT_DEFINITION_FORMATION('','',#6992);
#6992 = PRODUCT('IOX-Plugin-Footprint_PCB','IOX-Plugin-Footprint_PCB',''
  ,(#6993));
#6993 = PRODUCT_CONTEXT('',#2,'mechanical');
#6994 = PRODUCT_DEFINITION_CONTEXT('part definition',#2,'design');
#6995 = ADVANCED_BREP_SHAPE_REPRESENTATION('',(#11,#6996),#7848);
#6996 = MANIFOLD_SOLID_BREP('',#6997);
#6997 = CLOSED_SHELL('',(#6998,#7038,#7069,#7100,#7315,#7530,#7542,#7559
    ,#7576,#7593,#7610,#7627,#7644,#7661,#7678,#7695,#7712,#7729,#7746,
    #7763,#7780,#7797,#7814,#7831));
#6998 = ADVANCED_FACE('',(#6999),#7033,.T.);
#6999 = FACE_BOUND('',#7000,.T.);
#7000 = EDGE_LOOP('',(#7001,#7011,#7019,#7027));
#7001 = ORIENTED_EDGE('',*,*,#7002,.T.);
#7002 = EDGE_CURVE('',#7003,#7005,#7007,.T.);
#7003 = VERTEX_POINT('',#7004);
#7004 = CARTESIAN_POINT('',(177.165,-149.86,0.));
#7005 = VERTEX_POINT('',#7006);
#7006 = CARTESIAN_POINT('',(177.165,-149.86,1.51));
#7007 = LINE('',#7008,#7009);
#7008 = CARTESIAN_POINT('',(177.165,-149.86,0.));
#7009 = VECTOR('',#7010,1.);
#7010 = DIRECTION('',(0.,0.,1.));
#7011 = ORIENTED_EDGE('',*,*,#7012,.T.);
#7012 = EDGE_CURVE('',#7005,#7013,#7015,.T.);
#7013 = VERTEX_POINT('',#7014);
#7014 = CARTESIAN_POINT('',(124.46,-149.86,1.51));
#7015 = LINE('',#7016,#7017);
#7016 = CARTESIAN_POINT('',(177.165,-149.86,1.51));
#7017 = VECTOR('',#7018,1.);
#7018 = DIRECTION('',(-1.,0.,0.));
#7019 = ORIENTED_EDGE('',*,*,#7020,.F.);
#7020 = EDGE_CURVE('',#7021,#7013,#7023,.T.);
#7021 = VERTEX_POINT('',#7022);
#7022 = CARTESIAN_POINT('',(124.46,-149.86,0.));
#7023 = LINE('',#7024,#7025);
#7024 = CARTESIAN_POINT('',(124.46,-149.86,0.));
#7025 = VECTOR('',#7026,1.);
#7026 = DIRECTION('',(0.,0.,1.));
#7027 = ORIENTED_EDGE('',*,*,#7028,.F.);
#7028 = EDGE_CURVE('',#7003,#7021,#7029,.T.);
#7029 = LINE('',#7030,#7031);
#7030 = CARTESIAN_POINT('',(177.165,-149.86,0.));
#7031 = VECTOR('',#7032,1.);
#7032 = DIRECTION('',(-1.,0.,0.));
#7033 = PLANE('',#7034);
#7034 = AXIS2_PLACEMENT_3D('',#7035,#7036,#7037);
#7035 = CARTESIAN_POINT('',(177.165,-149.86,0.));
#7036 = DIRECTION('',(0.,-1.,0.));
#7037 = DIRECTION('',(-1.,0.,0.));
#7038 = ADVANCED_FACE('',(#7039),#7064,.T.);
#7039 = FACE_BOUND('',#7040,.T.);
#7040 = EDGE_LOOP('',(#7041,#7051,#7057,#7058));
#7041 = ORIENTED_EDGE('',*,*,#7042,.T.);
#7042 = EDGE_CURVE('',#7043,#7045,#7047,.T.);
#7043 = VERTEX_POINT('',#7044);
#7044 = CARTESIAN_POINT('',(177.165,-95.25,0.));
#7045 = VERTEX_POINT('',#7046);
#7046 = CARTESIAN_POINT('',(177.165,-95.25,1.51));
#7047 = LINE('',#7048,#7049);
#7048 = CARTESIAN_POINT('',(177.165,-95.25,0.));
#7049 = VECTOR('',#7050,1.);
#7050 = DIRECTION('',(0.,0.,1.));
#7051 = ORIENTED_EDGE('',*,*,#7052,.T.);
#7052 = EDGE_CURVE('',#7045,#7005,#7053,.T.);
#7053 = LINE('',#7054,#7055);
#7054 = CARTESIAN_POINT('',(177.165,-95.25,1.51));
#7055 = VECTOR('',#7056,1.);
#7056 = DIRECTION('',(0.,-1.,0.));
#7057 = ORIENTED_EDGE('',*,*,#7002,.F.);
#7058 = ORIENTED_EDGE('',*,*,#7059,.F.);
#7059 = EDGE_CURVE('',#7043,#7003,#7060,.T.);
#7060 = LINE('',#7061,#7062);
#7061 = CARTESIAN_POINT('',(177.165,-95.25,0.));
#7062 = VECTOR('',#7063,1.);
#7063 = DIRECTION('',(0.,-1.,0.));
#7064 = PLANE('',#7065);
#7065 = AXIS2_PLACEMENT_3D('',#7066,#7067,#7068);
#7066 = CARTESIAN_POINT('',(177.165,-95.25,0.));
#7067 = DIRECTION('',(1.,0.,-0.));
#7068 = DIRECTION('',(0.,-1.,0.));
#7069 = ADVANCED_FACE('',(#7070),#7095,.T.);
#7070 = FACE_BOUND('',#7071,.T.);
#7071 = EDGE_LOOP('',(#7072,#7073,#7081,#7089));
#7072 = ORIENTED_EDGE('',*,*,#7020,.T.);
#7073 = ORIENTED_EDGE('',*,*,#7074,.T.);
#7074 = EDGE_CURVE('',#7013,#7075,#7077,.T.);
#7075 = VERTEX_POINT('',#7076);
#7076 = CARTESIAN_POINT('',(124.46,-95.25,1.51));
#7077 = LINE('',#7078,#7079);
#7078 = CARTESIAN_POINT('',(124.46,-149.86,1.51));
#7079 = VECTOR('',#7080,1.);
#7080 = DIRECTION('',(0.,1.,0.));
#7081 = ORIENTED_EDGE('',*,*,#7082,.F.);
#7082 = EDGE_CURVE('',#7083,#7075,#7085,.T.);
#7083 = VERTEX_POINT('',#7084);
#7084 = CARTESIAN_POINT('',(124.46,-95.25,0.));
#7085 = LINE('',#7086,#7087);
#7086 = CARTESIAN_POINT('',(124.46,-95.25,0.));
#7087 = VECTOR('',#7088,1.);
#7088 = DIRECTION('',(0.,0.,1.));
#7089 = ORIENTED_EDGE('',*,*,#7090,.F.);
#7090 = EDGE_CURVE('',#7021,#7083,#7091,.T.);
#7091 = LINE('',#7092,#7093);
#7092 = CARTESIAN_POINT('',(124.46,-149.86,0.));
#7093 = VECTOR('',#7094,1.);
#7094 = DIRECTION('',(0.,1.,0.));
#7095 = PLANE('',#7096);
#7096 = AXIS2_PLACEMENT_3D('',#7097,#7098,#7099);
#7097 = CARTESIAN_POINT('',(124.46,-149.86,0.));
#7098 = DIRECTION('',(-1.,0.,0.));
#7099 = DIRECTION('',(0.,1.,0.));
#7100 = ADVANCED_FACE('',(#7101,#7112,#7123,#7134,#7145,#7156,#7167,
    #7178,#7189,#7200,#7211,#7222,#7233,#7244,#7255,#7266,#7277,#7288,
    #7299),#7310,.F.);
#7101 = FACE_BOUND('',#7102,.F.);
#7102 = EDGE_LOOP('',(#7103,#7104,#7105,#7111));
#7103 = ORIENTED_EDGE('',*,*,#7028,.F.);
#7104 = ORIENTED_EDGE('',*,*,#7059,.F.);
#7105 = ORIENTED_EDGE('',*,*,#7106,.F.);
#7106 = EDGE_CURVE('',#7083,#7043,#7107,.T.);
#7107 = LINE('',#7108,#7109);
#7108 = CARTESIAN_POINT('',(124.46,-95.25,0.));
#7109 = VECTOR('',#7110,1.);
#7110 = DIRECTION('',(1.,0.,0.));
#7111 = ORIENTED_EDGE('',*,*,#7090,.F.);
#7112 = FACE_BOUND('',#7113,.F.);
#7113 = EDGE_LOOP('',(#7114));
#7114 = ORIENTED_EDGE('',*,*,#7115,.T.);
#7115 = EDGE_CURVE('',#7116,#7116,#7118,.T.);
#7116 = VERTEX_POINT('',#7117);
#7117 = CARTESIAN_POINT('',(135.255,-122.42,0.));
#7118 = CIRCLE('',#7119,0.5);
#7119 = AXIS2_PLACEMENT_3D('',#7120,#7121,#7122);
#7120 = CARTESIAN_POINT('',(135.255,-121.92,0.));
#7121 = DIRECTION('',(-0.,0.,-1.));
#7122 = DIRECTION('',(-0.,-1.,0.));
#7123 = FACE_BOUND('',#7124,.F.);
#7124 = EDGE_LOOP('',(#7125));
#7125 = ORIENTED_EDGE('',*,*,#7126,.T.);
#7126 = EDGE_CURVE('',#7127,#7127,#7129,.T.);
#7127 = VERTEX_POINT('',#7128);
#7128 = CARTESIAN_POINT('',(137.795,-122.42,0.));
#7129 = CIRCLE('',#7130,0.5);
#7130 = AXIS2_PLACEMENT_3D('',#7131,#7132,#7133);
#7131 = CARTESIAN_POINT('',(137.795,-121.92,0.));
#7132 = DIRECTION('',(-0.,0.,-1.));
#7133 = DIRECTION('',(-0.,-1.,0.));
#7134 = FACE_BOUND('',#7135,.F.);
#7135 = EDGE_LOOP('',(#7136));
#7136 = ORIENTED_EDGE('',*,*,#7137,.T.);
#7137 = EDGE_CURVE('',#7138,#7138,#7140,.T.);
#7138 = VERTEX_POINT('',#7139);
#7139 = CARTESIAN_POINT('',(140.335,-122.42,0.));
#7140 = CIRCLE('',#7141,0.5);
#7141 = AXIS2_PLACEMENT_3D('',#7142,#7143,#7144);
#7142 = CARTESIAN_POINT('',(140.335,-121.92,0.));
#7143 = DIRECTION('',(-0.,0.,-1.));
#7144 = DIRECTION('',(-0.,-1.,0.));
#7145 = FACE_BOUND('',#7146,.F.);
#7146 = EDGE_LOOP('',(#7147));
#7147 = ORIENTED_EDGE('',*,*,#7148,.T.);
#7148 = EDGE_CURVE('',#7149,#7149,#7151,.T.);
#7149 = VERTEX_POINT('',#7150);
#7150 = CARTESIAN_POINT('',(142.875,-122.42,0.));
#7151 = CIRCLE('',#7152,0.5);
#7152 = AXIS2_PLACEMENT_3D('',#7153,#7154,#7155);
#7153 = CARTESIAN_POINT('',(142.875,-121.92,0.));
#7154 = DIRECTION('',(-0.,0.,-1.));
#7155 = DIRECTION('',(-0.,-1.,0.));
#7156 = FACE_BOUND('',#7157,.F.);
#7157 = EDGE_LOOP('',(#7158));
#7158 = ORIENTED_EDGE('',*,*,#7159,.T.);
#7159 = EDGE_CURVE('',#7160,#7160,#7162,.T.);
#7160 = VERTEX_POINT('',#7161);
#7161 = CARTESIAN_POINT('',(145.415,-122.42,0.));
#7162 = CIRCLE('',#7163,0.5);
#7163 = AXIS2_PLACEMENT_3D('',#7164,#7165,#7166);
#7164 = CARTESIAN_POINT('',(145.415,-121.92,0.));
#7165 = DIRECTION('',(-0.,0.,-1.));
#7166 = DIRECTION('',(-0.,-1.,0.));
#7167 = FACE_BOUND('',#7168,.F.);
#7168 = EDGE_LOOP('',(#7169));
#7169 = ORIENTED_EDGE('',*,*,#7170,.T.);
#7170 = EDGE_CURVE('',#7171,#7171,#7173,.T.);
#7171 = VERTEX_POINT('',#7172);
#7172 = CARTESIAN_POINT('',(147.955,-122.42,0.));
#7173 = CIRCLE('',#7174,0.5);
#7174 = AXIS2_PLACEMENT_3D('',#7175,#7176,#7177);
#7175 = CARTESIAN_POINT('',(147.955,-121.92,0.));
#7176 = DIRECTION('',(-0.,0.,-1.));
#7177 = DIRECTION('',(-0.,-1.,0.));
#7178 = FACE_BOUND('',#7179,.F.);
#7179 = EDGE_LOOP('',(#7180));
#7180 = ORIENTED_EDGE('',*,*,#7181,.T.);
#7181 = EDGE_CURVE('',#7182,#7182,#7184,.T.);
#7182 = VERTEX_POINT('',#7183);
#7183 = CARTESIAN_POINT('',(150.495,-122.42,0.));
#7184 = CIRCLE('',#7185,0.5);
#7185 = AXIS2_PLACEMENT_3D('',#7186,#7187,#7188);
#7186 = CARTESIAN_POINT('',(150.495,-121.92,0.));
#7187 = DIRECTION('',(-0.,0.,-1.));
#7188 = DIRECTION('',(-0.,-1.,0.));
#7189 = FACE_BOUND('',#7190,.F.);
#7190 = EDGE_LOOP('',(#7191));
#7191 = ORIENTED_EDGE('',*,*,#7192,.T.);
#7192 = EDGE_CURVE('',#7193,#7193,#7195,.T.);
#7193 = VERTEX_POINT('',#7194);
#7194 = CARTESIAN_POINT('',(153.035,-122.42,0.));
#7195 = CIRCLE('',#7196,0.5);
#7196 = AXIS2_PLACEMENT_3D('',#7197,#7198,#7199);
#7197 = CARTESIAN_POINT('',(153.035,-121.92,0.));
#7198 = DIRECTION('',(-0.,0.,-1.));
#7199 = DIRECTION('',(-0.,-1.,0.));
#7200 = FACE_BOUND('',#7201,.F.);
#7201 = EDGE_LOOP('',(#7202));
#7202 = ORIENTED_EDGE('',*,*,#7203,.T.);
#7203 = EDGE_CURVE('',#7204,#7204,#7206,.T.);
#7204 = VERTEX_POINT('',#7205);
#7205 = CARTESIAN_POINT('',(158.115,-122.42,0.));
#7206 = CIRCLE('',#7207,0.5);
#7207 = AXIS2_PLACEMENT_3D('',#7208,#7209,#7210);
#7208 = CARTESIAN_POINT('',(158.115,-121.92,0.));
#7209 = DIRECTION('',(-0.,0.,-1.));
#7210 = DIRECTION('',(-0.,-1.,0.));
#7211 = FACE_BOUND('',#7212,.F.);
#7212 = EDGE_LOOP('',(#7213));
#7213 = ORIENTED_EDGE('',*,*,#7214,.T.);
#7214 = EDGE_CURVE('',#7215,#7215,#7217,.T.);
#7215 = VERTEX_POINT('',#7216);
#7216 = CARTESIAN_POINT('',(160.655,-122.42,0.));
#7217 = CIRCLE('',#7218,0.5);
#7218 = AXIS2_PLACEMENT_3D('',#7219,#7220,#7221);
#7219 = CARTESIAN_POINT('',(160.655,-121.92,0.));
#7220 = DIRECTION('',(-0.,0.,-1.));
#7221 = DIRECTION('',(-0.,-1.,0.));
#7222 = FACE_BOUND('',#7223,.F.);
#7223 = EDGE_LOOP('',(#7224));
#7224 = ORIENTED_EDGE('',*,*,#7225,.T.);
#7225 = EDGE_CURVE('',#7226,#7226,#7228,.T.);
#7226 = VERTEX_POINT('',#7227);
#7227 = CARTESIAN_POINT('',(135.255,-112.26,0.));
#7228 = CIRCLE('',#7229,0.5);
#7229 = AXIS2_PLACEMENT_3D('',#7230,#7231,#7232);
#7230 = CARTESIAN_POINT('',(135.255,-111.76,0.));
#7231 = DIRECTION('',(-0.,0.,-1.));
#7232 = DIRECTION('',(-0.,-1.,0.));
#7233 = FACE_BOUND('',#7234,.F.);
#7234 = EDGE_LOOP('',(#7235));
#7235 = ORIENTED_EDGE('',*,*,#7236,.T.);
#7236 = EDGE_CURVE('',#7237,#7237,#7239,.T.);
#7237 = VERTEX_POINT('',#7238);
#7238 = CARTESIAN_POINT('',(137.795,-112.26,0.));
#7239 = CIRCLE('',#7240,0.5);
#7240 = AXIS2_PLACEMENT_3D('',#7241,#7242,#7243);
#7241 = CARTESIAN_POINT('',(137.795,-111.76,0.));
#7242 = DIRECTION('',(-0.,0.,-1.));
#7243 = DIRECTION('',(-0.,-1.,0.));
#7244 = FACE_BOUND('',#7245,.F.);
#7245 = EDGE_LOOP('',(#7246));
#7246 = ORIENTED_EDGE('',*,*,#7247,.T.);
#7247 = EDGE_CURVE('',#7248,#7248,#7250,.T.);
#7248 = VERTEX_POINT('',#7249);
#7249 = CARTESIAN_POINT('',(140.335,-112.26,0.));
#7250 = CIRCLE('',#7251,0.5);
#7251 = AXIS2_PLACEMENT_3D('',#7252,#7253,#7254);
#7252 = CARTESIAN_POINT('',(140.335,-111.76,0.));
#7253 = DIRECTION('',(-0.,0.,-1.));
#7254 = DIRECTION('',(-0.,-1.,0.));
#7255 = FACE_BOUND('',#7256,.F.);
#7256 = EDGE_LOOP('',(#7257));
#7257 = ORIENTED_EDGE('',*,*,#7258,.T.);
#7258 = EDGE_CURVE('',#7259,#7259,#7261,.T.);
#7259 = VERTEX_POINT('',#7260);
#7260 = CARTESIAN_POINT('',(142.875,-112.26,0.));
#7261 = CIRCLE('',#7262,0.5);
#7262 = AXIS2_PLACEMENT_3D('',#7263,#7264,#7265);
#7263 = CARTESIAN_POINT('',(142.875,-111.76,0.));
#7264 = DIRECTION('',(-0.,0.,-1.));
#7265 = DIRECTION('',(-0.,-1.,0.));
#7266 = FACE_BOUND('',#7267,.F.);
#7267 = EDGE_LOOP('',(#7268));
#7268 = ORIENTED_EDGE('',*,*,#7269,.T.);
#7269 = EDGE_CURVE('',#7270,#7270,#7272,.T.);
#7270 = VERTEX_POINT('',#7271);
#7271 = CARTESIAN_POINT('',(145.415,-112.26,0.));
#7272 = CIRCLE('',#7273,0.5);
#7273 = AXIS2_PLACEMENT_3D('',#7274,#7275,#7276);
#7274 = CARTESIAN_POINT('',(145.415,-111.76,0.));
#7275 = DIRECTION('',(-0.,0.,-1.));
#7276 = DIRECTION('',(-0.,-1.,0.));
#7277 = FACE_BOUND('',#7278,.F.);
#7278 = EDGE_LOOP('',(#7279));
#7279 = ORIENTED_EDGE('',*,*,#7280,.T.);
#7280 = EDGE_CURVE('',#7281,#7281,#7283,.T.);
#7281 = VERTEX_POINT('',#7282);
#7282 = CARTESIAN_POINT('',(147.955,-112.26,0.));
#7283 = CIRCLE('',#7284,0.5);
#7284 = AXIS2_PLACEMENT_3D('',#7285,#7286,#7287);
#7285 = CARTESIAN_POINT('',(147.955,-111.76,0.));
#7286 = DIRECTION('',(-0.,0.,-1.));
#7287 = DIRECTION('',(-0.,-1.,0.));
#7288 = FACE_BOUND('',#7289,.F.);
#7289 = EDGE_LOOP('',(#7290));
#7290 = ORIENTED_EDGE('',*,*,#7291,.T.);
#7291 = EDGE_CURVE('',#7292,#7292,#7294,.T.);
#7292 = VERTEX_POINT('',#7293);
#7293 = CARTESIAN_POINT('',(150.495,-112.26,0.));
#7294 = CIRCLE('',#7295,0.5);
#7295 = AXIS2_PLACEMENT_3D('',#7296,#7297,#7298);
#7296 = CARTESIAN_POINT('',(150.495,-111.76,0.));
#7297 = DIRECTION('',(-0.,0.,-1.));
#7298 = DIRECTION('',(-0.,-1.,0.));
#7299 = FACE_BOUND('',#7300,.F.);
#7300 = EDGE_LOOP('',(#7301));
#7301 = ORIENTED_EDGE('',*,*,#7302,.T.);
#7302 = EDGE_CURVE('',#7303,#7303,#7305,.T.);
#7303 = VERTEX_POINT('',#7304);
#7304 = CARTESIAN_POINT('',(153.035,-112.26,0.));
#7305 = CIRCLE('',#7306,0.5);
#7306 = AXIS2_PLACEMENT_3D('',#7307,#7308,#7309);
#7307 = CARTESIAN_POINT('',(153.035,-111.76,0.));
#7308 = DIRECTION('',(-0.,0.,-1.));
#7309 = DIRECTION('',(-0.,-1.,0.));
#7310 = PLANE('',#7311);
#7311 = AXIS2_PLACEMENT_3D('',#7312,#7313,#7314);
#7312 = CARTESIAN_POINT('',(0.,0.,0.));
#7313 = DIRECTION('',(0.,0.,1.));
#7314 = DIRECTION('',(1.,0.,-0.));
#7315 = ADVANCED_FACE('',(#7316,#7327,#7338,#7349,#7360,#7371,#7382,
    #7393,#7404,#7415,#7426,#7437,#7448,#7459,#7470,#7481,#7492,#7503,
    #7514),#7525,.T.);
#7316 = FACE_BOUND('',#7317,.T.);
#7317 = EDGE_LOOP('',(#7318,#7319,#7320,#7326));
#7318 = ORIENTED_EDGE('',*,*,#7012,.F.);
#7319 = ORIENTED_EDGE('',*,*,#7052,.F.);
#7320 = ORIENTED_EDGE('',*,*,#7321,.F.);
#7321 = EDGE_CURVE('',#7075,#7045,#7322,.T.);
#7322 = LINE('',#7323,#7324);
#7323 = CARTESIAN_POINT('',(124.46,-95.25,1.51));
#7324 = VECTOR('',#7325,1.);
#7325 = DIRECTION('',(1.,0.,0.));
#7326 = ORIENTED_EDGE('',*,*,#7074,.F.);
#7327 = FACE_BOUND('',#7328,.T.);
#7328 = EDGE_LOOP('',(#7329));
#7329 = ORIENTED_EDGE('',*,*,#7330,.T.);
#7330 = EDGE_CURVE('',#7331,#7331,#7333,.T.);
#7331 = VERTEX_POINT('',#7332);
#7332 = CARTESIAN_POINT('',(135.255,-122.42,1.51));
#7333 = CIRCLE('',#7334,0.5);
#7334 = AXIS2_PLACEMENT_3D('',#7335,#7336,#7337);
#7335 = CARTESIAN_POINT('',(135.255,-121.92,1.51));
#7336 = DIRECTION('',(-0.,0.,-1.));
#7337 = DIRECTION('',(-0.,-1.,0.));
#7338 = FACE_BOUND('',#7339,.T.);
#7339 = EDGE_LOOP('',(#7340));
#7340 = ORIENTED_EDGE('',*,*,#7341,.T.);
#7341 = EDGE_CURVE('',#7342,#7342,#7344,.T.);
#7342 = VERTEX_POINT('',#7343);
#7343 = CARTESIAN_POINT('',(137.795,-122.42,1.51));
#7344 = CIRCLE('',#7345,0.5);
#7345 = AXIS2_PLACEMENT_3D('',#7346,#7347,#7348);
#7346 = CARTESIAN_POINT('',(137.795,-121.92,1.51));
#7347 = DIRECTION('',(-0.,0.,-1.));
#7348 = DIRECTION('',(-0.,-1.,0.));
#7349 = FACE_BOUND('',#7350,.T.);
#7350 = EDGE_LOOP('',(#7351));
#7351 = ORIENTED_EDGE('',*,*,#7352,.T.);
#7352 = EDGE_CURVE('',#7353,#7353,#7355,.T.);
#7353 = VERTEX_POINT('',#7354);
#7354 = CARTESIAN_POINT('',(140.335,-122.42,1.51));
#7355 = CIRCLE('',#7356,0.5);
#7356 = AXIS2_PLACEMENT_3D('',#7357,#7358,#7359);
#7357 = CARTESIAN_POINT('',(140.335,-121.92,1.51));
#7358 = DIRECTION('',(-0.,0.,-1.));
#7359 = DIRECTION('',(-0.,-1.,0.));
#7360 = FACE_BOUND('',#7361,.T.);
#7361 = EDGE_LOOP('',(#7362));
#7362 = ORIENTED_EDGE('',*,*,#7363,.T.);
#7363 = EDGE_CURVE('',#7364,#7364,#7366,.T.);
#7364 = VERTEX_POINT('',#7365);
#7365 = CARTESIAN_POINT('',(142.875,-122.42,1.51));
#7366 = CIRCLE('',#7367,0.5);
#7367 = AXIS2_PLACEMENT_3D('',#7368,#7369,#7370);
#7368 = CARTESIAN_POINT('',(142.875,-121.92,1.51));
#7369 = DIRECTION('',(-0.,0.,-1.));
#7370 = DIRECTION('',(-0.,-1.,0.));
#7371 = FACE_BOUND('',#7372,.T.);
#7372 = EDGE_LOOP('',(#7373));
#7373 = ORIENTED_EDGE('',*,*,#7374,.T.);
#7374 = EDGE_CURVE('',#7375,#7375,#7377,.T.);
#7375 = VERTEX_POINT('',#7376);
#7376 = CARTESIAN_POINT('',(145.415,-122.42,1.51));
#7377 = CIRCLE('',#7378,0.5);
#7378 = AXIS2_PLACEMENT_3D('',#7379,#7380,#7381);
#7379 = CARTESIAN_POINT('',(145.415,-121.92,1.51));
#7380 = DIRECTION('',(-0.,0.,-1.));
#7381 = DIRECTION('',(-0.,-1.,0.));
#7382 = FACE_BOUND('',#7383,.T.);
#7383 = EDGE_LOOP('',(#7384));
#7384 = ORIENTED_EDGE('',*,*,#7385,.T.);
#7385 = EDGE_CURVE('',#7386,#7386,#7388,.T.);
#7386 = VERTEX_POINT('',#7387);
#7387 = CARTESIAN_POINT('',(147.955,-122.42,1.51));
#7388 = CIRCLE('',#7389,0.5);
#7389 = AXIS2_PLACEMENT_3D('',#7390,#7391,#7392);
#7390 = CARTESIAN_POINT('',(147.955,-121.92,1.51));
#7391 = DIRECTION('',(-0.,0.,-1.));
#7392 = DIRECTION('',(-0.,-1.,0.));
#7393 = FACE_BOUND('',#7394,.T.);
#7394 = EDGE_LOOP('',(#7395));
#7395 = ORIENTED_EDGE('',*,*,#7396,.T.);
#7396 = EDGE_CURVE('',#7397,#7397,#7399,.T.);
#7397 = VERTEX_POINT('',#7398);
#7398 = CARTESIAN_POINT('',(150.495,-122.42,1.51));
#7399 = CIRCLE('',#7400,0.5);
#7400 = AXIS2_PLACEMENT_3D('',#7401,#7402,#7403);
#7401 = CARTESIAN_POINT('',(150.495,-121.92,1.51));
#7402 = DIRECTION('',(-0.,0.,-1.));
#7403 = DIRECTION('',(-0.,-1.,0.));
#7404 = FACE_BOUND('',#7405,.T.);
#7405 = EDGE_LOOP('',(#7406));
#7406 = ORIENTED_EDGE('',*,*,#7407,.T.);
#7407 = EDGE_CURVE('',#7408,#7408,#7410,.T.);
#7408 = VERTEX_POINT('',#7409);
#7409 = CARTESIAN_POINT('',(153.035,-122.42,1.51));
#7410 = CIRCLE('',#7411,0.5);
#7411 = AXIS2_PLACEMENT_3D('',#7412,#7413,#7414);
#7412 = CARTESIAN_POINT('',(153.035,-121.92,1.51));
#7413 = DIRECTION('',(-0.,0.,-1.));
#7414 = DIRECTION('',(-0.,-1.,0.));
#7415 = FACE_BOUND('',#7416,.T.);
#7416 = EDGE_LOOP('',(#7417));
#7417 = ORIENTED_EDGE('',*,*,#7418,.T.);
#7418 = EDGE_CURVE('',#7419,#7419,#7421,.T.);
#7419 = VERTEX_POINT('',#7420);
#7420 = CARTESIAN_POINT('',(158.115,-122.42,1.51));
#7421 = CIRCLE('',#7422,0.5);
#7422 = AXIS2_PLACEMENT_3D('',#7423,#7424,#7425);
#7423 = CARTESIAN_POINT('',(158.115,-121.92,1.51));
#7424 = DIRECTION('',(-0.,0.,-1.));
#7425 = DIRECTION('',(-0.,-1.,0.));
#7426 = FACE_BOUND('',#7427,.T.);
#7427 = EDGE_LOOP('',(#7428));
#7428 = ORIENTED_EDGE('',*,*,#7429,.T.);
#7429 = EDGE_CURVE('',#7430,#7430,#7432,.T.);
#7430 = VERTEX_POINT('',#7431);
#7431 = CARTESIAN_POINT('',(160.655,-122.42,1.51));
#7432 = CIRCLE('',#7433,0.5);
#7433 = AXIS2_PLACEMENT_3D('',#7434,#7435,#7436);
#7434 = CARTESIAN_POINT('',(160.655,-121.92,1.51));
#7435 = DIRECTION('',(-0.,0.,-1.));
#7436 = DIRECTION('',(-0.,-1.,0.));
#7437 = FACE_BOUND('',#7438,.T.);
#7438 = EDGE_LOOP('',(#7439));
#7439 = ORIENTED_EDGE('',*,*,#7440,.T.);
#7440 = EDGE_CURVE('',#7441,#7441,#7443,.T.);
#7441 = VERTEX_POINT('',#7442);
#7442 = CARTESIAN_POINT('',(135.255,-112.26,1.51));
#7443 = CIRCLE('',#7444,0.5);
#7444 = AXIS2_PLACEMENT_3D('',#7445,#7446,#7447);
#7445 = CARTESIAN_POINT('',(135.255,-111.76,1.51));
#7446 = DIRECTION('',(-0.,0.,-1.));
#7447 = DIRECTION('',(-0.,-1.,0.));
#7448 = FACE_BOUND('',#7449,.T.);
#7449 = EDGE_LOOP('',(#7450));
#7450 = ORIENTED_EDGE('',*,*,#7451,.T.);
#7451 = EDGE_CURVE('',#7452,#7452,#7454,.T.);
#7452 = VERTEX_POINT('',#7453);
#7453 = CARTESIAN_POINT('',(137.795,-112.26,1.51));
#7454 = CIRCLE('',#7455,0.5);
#7455 = AXIS2_PLACEMENT_3D('',#7456,#7457,#7458);
#7456 = CARTESIAN_POINT('',(137.795,-111.76,1.51));
#7457 = DIRECTION('',(-0.,0.,-1.));
#7458 = DIRECTION('',(-0.,-1.,0.));
#7459 = FACE_BOUND('',#7460,.T.);
#7460 = EDGE_LOOP('',(#7461));
#7461 = ORIENTED_EDGE('',*,*,#7462,.T.);
#7462 = EDGE_CURVE('',#7463,#7463,#7465,.T.);
#7463 = VERTEX_POINT('',#7464);
#7464 = CARTESIAN_POINT('',(140.335,-112.26,1.51));
#7465 = CIRCLE('',#7466,0.5);
#7466 = AXIS2_PLACEMENT_3D('',#7467,#7468,#7469);
#7467 = CARTESIAN_POINT('',(140.335,-111.76,1.51));
#7468 = DIRECTION('',(-0.,0.,-1.));
#7469 = DIRECTION('',(-0.,-1.,0.));
#7470 = FACE_BOUND('',#7471,.T.);
#7471 = EDGE_LOOP('',(#7472));
#7472 = ORIENTED_EDGE('',*,*,#7473,.T.);
#7473 = EDGE_CURVE('',#7474,#7474,#7476,.T.);
#7474 = VERTEX_POINT('',#7475);
#7475 = CARTESIAN_POINT('',(142.875,-112.26,1.51));
#7476 = CIRCLE('',#7477,0.5);
#7477 = AXIS2_PLACEMENT_3D('',#7478,#7479,#7480);
#7478 = CARTESIAN_POINT('',(142.875,-111.76,1.51));
#7479 = DIRECTION('',(-0.,0.,-1.));
#7480 = DIRECTION('',(-0.,-1.,0.));
#7481 = FACE_BOUND('',#7482,.T.);
#7482 = EDGE_LOOP('',(#7483));
#7483 = ORIENTED_EDGE('',*,*,#7484,.T.);
#7484 = EDGE_CURVE('',#7485,#7485,#7487,.T.);
#7485 = VERTEX_POINT('',#7486);
#7486 = CARTESIAN_POINT('',(145.415,-112.26,1.51));
#7487 = CIRCLE('',#7488,0.5);
#7488 = AXIS2_PLACEMENT_3D('',#7489,#7490,#7491);
#7489 = CARTESIAN_POINT('',(145.415,-111.76,1.51));
#7490 = DIRECTION('',(-0.,0.,-1.));
#7491 = DIRECTION('',(-0.,-1.,0.));
#7492 = FACE_BOUND('',#7493,.T.);
#7493 = EDGE_LOOP('',(#7494));
#7494 = ORIENTED_EDGE('',*,*,#7495,.T.);
#7495 = EDGE_CURVE('',#7496,#7496,#7498,.T.);
#7496 = VERTEX_POINT('',#7497);
#7497 = CARTESIAN_POINT('',(147.955,-112.26,1.51));
#7498 = CIRCLE('',#7499,0.5);
#7499 = AXIS2_PLACEMENT_3D('',#7500,#7501,#7502);
#7500 = CARTESIAN_POINT('',(147.955,-111.76,1.51));
#7501 = DIRECTION('',(-0.,0.,-1.));
#7502 = DIRECTION('',(-0.,-1.,0.));
#7503 = FACE_BOUND('',#7504,.T.);
#7504 = EDGE_LOOP('',(#7505));
#7505 = ORIENTED_EDGE('',*,*,#7506,.T.);
#7506 = EDGE_CURVE('',#7507,#7507,#7509,.T.);
#7507 = VERTEX_POINT('',#7508);
#7508 = CARTESIAN_POINT('',(150.495,-112.26,1.51));
#7509 = CIRCLE('',#7510,0.5);
#7510 = AXIS2_PLACEMENT_3D('',#7511,#7512,#7513);
#7511 = CARTESIAN_POINT('',(150.495,-111.76,1.51));
#7512 = DIRECTION('',(-0.,0.,-1.));
#7513 = DIRECTION('',(-0.,-1.,0.));
#7514 = FACE_BOUND('',#7515,.T.);
#7515 = EDGE_LOOP('',(#7516));
#7516 = ORIENTED_EDGE('',*,*,#7517,.T.);
#7517 = EDGE_CURVE('',#7518,#7518,#7520,.T.);
#7518 = VERTEX_POINT('',#7519);
#7519 = CARTESIAN_POINT('',(153.035,-112.26,1.51));
#7520 = CIRCLE('',#7521,0.5);
#7521 = AXIS2_PLACEMENT_3D('',#7522,#7523,#7524);
#7522 = CARTESIAN_POINT('',(153.035,-111.76,1.51));
#7523 = DIRECTION('',(-0.,0.,-1.));
#7524 = DIRECTION('',(-0.,-1.,0.));
#7525 = PLANE('',#7526);
#7526 = AXIS2_PLACEMENT_3D('',#7527,#7528,#7529);
#7527 = CARTESIAN_POINT('',(0.,0.,1.51));
#7528 = DIRECTION('',(0.,0.,1.));
#7529 = DIRECTION('',(1.,0.,-0.));
#7530 = ADVANCED_FACE('',(#7531),#7537,.T.);
#7531 = FACE_BOUND('',#7532,.T.);
#7532 = EDGE_LOOP('',(#7533,#7534,#7535,#7536));
#7533 = ORIENTED_EDGE('',*,*,#7082,.T.);
#7534 = ORIENTED_EDGE('',*,*,#7321,.T.);
#7535 = ORIENTED_EDGE('',*,*,#7042,.F.);
#7536 = ORIENTED_EDGE('',*,*,#7106,.F.);
#7537 = PLANE('',#7538);
#7538 = AXIS2_PLACEMENT_3D('',#7539,#7540,#7541);
#7539 = CARTESIAN_POINT('',(124.46,-95.25,0.));
#7540 = DIRECTION('',(0.,1.,0.));
#7541 = DIRECTION('',(1.,0.,0.));
#7542 = ADVANCED_FACE('',(#7543),#7554,.F.);
#7543 = FACE_BOUND('',#7544,.T.);
#7544 = EDGE_LOOP('',(#7545,#7546,#7552,#7553));
#7545 = ORIENTED_EDGE('',*,*,#7115,.T.);
#7546 = ORIENTED_EDGE('',*,*,#7547,.T.);
#7547 = EDGE_CURVE('',#7116,#7331,#7548,.T.);
#7548 = LINE('',#7549,#7550);
#7549 = CARTESIAN_POINT('',(135.255,-122.42,-4.6E-02));
#7550 = VECTOR('',#7551,1.);
#7551 = DIRECTION('',(0.,0.,1.));
#7552 = ORIENTED_EDGE('',*,*,#7330,.F.);
#7553 = ORIENTED_EDGE('',*,*,#7547,.F.);
#7554 = CYLINDRICAL_SURFACE('',#7555,0.5);
#7555 = AXIS2_PLACEMENT_3D('',#7556,#7557,#7558);
#7556 = CARTESIAN_POINT('',(135.255,-121.92,-4.6E-02));
#7557 = DIRECTION('',(-0.,-0.,-1.));
#7558 = DIRECTION('',(-0.,-1.,0.));
#7559 = ADVANCED_FACE('',(#7560),#7571,.F.);
#7560 = FACE_BOUND('',#7561,.T.);
#7561 = EDGE_LOOP('',(#7562,#7563,#7569,#7570));
#7562 = ORIENTED_EDGE('',*,*,#7126,.T.);
#7563 = ORIENTED_EDGE('',*,*,#7564,.T.);
#7564 = EDGE_CURVE('',#7127,#7342,#7565,.T.);
#7565 = LINE('',#7566,#7567);
#7566 = CARTESIAN_POINT('',(137.795,-122.42,-4.6E-02));
#7567 = VECTOR('',#7568,1.);
#7568 = DIRECTION('',(0.,0.,1.));
#7569 = ORIENTED_EDGE('',*,*,#7341,.F.);
#7570 = ORIENTED_EDGE('',*,*,#7564,.F.);
#7571 = CYLINDRICAL_SURFACE('',#7572,0.5);
#7572 = AXIS2_PLACEMENT_3D('',#7573,#7574,#7575);
#7573 = CARTESIAN_POINT('',(137.795,-121.92,-4.6E-02));
#7574 = DIRECTION('',(-0.,-0.,-1.));
#7575 = DIRECTION('',(-0.,-1.,0.));
#7576 = ADVANCED_FACE('',(#7577),#7588,.F.);
#7577 = FACE_BOUND('',#7578,.T.);
#7578 = EDGE_LOOP('',(#7579,#7580,#7586,#7587));
#7579 = ORIENTED_EDGE('',*,*,#7137,.T.);
#7580 = ORIENTED_EDGE('',*,*,#7581,.T.);
#7581 = EDGE_CURVE('',#7138,#7353,#7582,.T.);
#7582 = LINE('',#7583,#7584);
#7583 = CARTESIAN_POINT('',(140.335,-122.42,-4.6E-02));
#7584 = VECTOR('',#7585,1.);
#7585 = DIRECTION('',(0.,0.,1.));
#7586 = ORIENTED_EDGE('',*,*,#7352,.F.);
#7587 = ORIENTED_EDGE('',*,*,#7581,.F.);
#7588 = CYLINDRICAL_SURFACE('',#7589,0.5);
#7589 = AXIS2_PLACEMENT_3D('',#7590,#7591,#7592);
#7590 = CARTESIAN_POINT('',(140.335,-121.92,-4.6E-02));
#7591 = DIRECTION('',(-0.,-0.,-1.));
#7592 = DIRECTION('',(-0.,-1.,0.));
#7593 = ADVANCED_FACE('',(#7594),#7605,.F.);
#7594 = FACE_BOUND('',#7595,.T.);
#7595 = EDGE_LOOP('',(#7596,#7597,#7603,#7604));
#7596 = ORIENTED_EDGE('',*,*,#7148,.T.);
#7597 = ORIENTED_EDGE('',*,*,#7598,.T.);
#7598 = EDGE_CURVE('',#7149,#7364,#7599,.T.);
#7599 = LINE('',#7600,#7601);
#7600 = CARTESIAN_POINT('',(142.875,-122.42,-4.6E-02));
#7601 = VECTOR('',#7602,1.);
#7602 = DIRECTION('',(0.,0.,1.));
#7603 = ORIENTED_EDGE('',*,*,#7363,.F.);
#7604 = ORIENTED_EDGE('',*,*,#7598,.F.);
#7605 = CYLINDRICAL_SURFACE('',#7606,0.5);
#7606 = AXIS2_PLACEMENT_3D('',#7607,#7608,#7609);
#7607 = CARTESIAN_POINT('',(142.875,-121.92,-4.6E-02));
#7608 = DIRECTION('',(-0.,-0.,-1.));
#7609 = DIRECTION('',(-0.,-1.,0.));
#7610 = ADVANCED_FACE('',(#7611),#7622,.F.);
#7611 = FACE_BOUND('',#7612,.T.);
#7612 = EDGE_LOOP('',(#7613,#7614,#7620,#7621));
#7613 = ORIENTED_EDGE('',*,*,#7159,.T.);
#7614 = ORIENTED_EDGE('',*,*,#7615,.T.);
#7615 = EDGE_CURVE('',#7160,#7375,#7616,.T.);
#7616 = LINE('',#7617,#7618);
#7617 = CARTESIAN_POINT('',(145.415,-122.42,-4.6E-02));
#7618 = VECTOR('',#7619,1.);
#7619 = DIRECTION('',(0.,0.,1.));
#7620 = ORIENTED_EDGE('',*,*,#7374,.F.);
#7621 = ORIENTED_EDGE('',*,*,#7615,.F.);
#7622 = CYLINDRICAL_SURFACE('',#7623,0.5);
#7623 = AXIS2_PLACEMENT_3D('',#7624,#7625,#7626);
#7624 = CARTESIAN_POINT('',(145.415,-121.92,-4.6E-02));
#7625 = DIRECTION('',(-0.,-0.,-1.));
#7626 = DIRECTION('',(-0.,-1.,0.));
#7627 = ADVANCED_FACE('',(#7628),#7639,.F.);
#7628 = FACE_BOUND('',#7629,.T.);
#7629 = EDGE_LOOP('',(#7630,#7631,#7637,#7638));
#7630 = ORIENTED_EDGE('',*,*,#7170,.T.);
#7631 = ORIENTED_EDGE('',*,*,#7632,.T.);
#7632 = EDGE_CURVE('',#7171,#7386,#7633,.T.);
#7633 = LINE('',#7634,#7635);
#7634 = CARTESIAN_POINT('',(147.955,-122.42,-4.6E-02));
#7635 = VECTOR('',#7636,1.);
#7636 = DIRECTION('',(0.,0.,1.));
#7637 = ORIENTED_EDGE('',*,*,#7385,.F.);
#7638 = ORIENTED_EDGE('',*,*,#7632,.F.);
#7639 = CYLINDRICAL_SURFACE('',#7640,0.5);
#7640 = AXIS2_PLACEMENT_3D('',#7641,#7642,#7643);
#7641 = CARTESIAN_POINT('',(147.955,-121.92,-4.6E-02));
#7642 = DIRECTION('',(-0.,-0.,-1.));
#7643 = DIRECTION('',(-0.,-1.,0.));
#7644 = ADVANCED_FACE('',(#7645),#7656,.F.);
#7645 = FACE_BOUND('',#7646,.T.);
#7646 = EDGE_LOOP('',(#7647,#7648,#7654,#7655));
#7647 = ORIENTED_EDGE('',*,*,#7181,.T.);
#7648 = ORIENTED_EDGE('',*,*,#7649,.T.);
#7649 = EDGE_CURVE('',#7182,#7397,#7650,.T.);
#7650 = LINE('',#7651,#7652);
#7651 = CARTESIAN_POINT('',(150.495,-122.42,-4.6E-02));
#7652 = VECTOR('',#7653,1.);
#7653 = DIRECTION('',(0.,0.,1.));
#7654 = ORIENTED_EDGE('',*,*,#7396,.F.);
#7655 = ORIENTED_EDGE('',*,*,#7649,.F.);
#7656 = CYLINDRICAL_SURFACE('',#7657,0.5);
#7657 = AXIS2_PLACEMENT_3D('',#7658,#7659,#7660);
#7658 = CARTESIAN_POINT('',(150.495,-121.92,-4.6E-02));
#7659 = DIRECTION('',(-0.,-0.,-1.));
#7660 = DIRECTION('',(-0.,-1.,0.));
#7661 = ADVANCED_FACE('',(#7662),#7673,.F.);
#7662 = FACE_BOUND('',#7663,.T.);
#7663 = EDGE_LOOP('',(#7664,#7665,#7671,#7672));
#7664 = ORIENTED_EDGE('',*,*,#7192,.T.);
#7665 = ORIENTED_EDGE('',*,*,#7666,.T.);
#7666 = EDGE_CURVE('',#7193,#7408,#7667,.T.);
#7667 = LINE('',#7668,#7669);
#7668 = CARTESIAN_POINT('',(153.035,-122.42,-4.6E-02));
#7669 = VECTOR('',#7670,1.);
#7670 = DIRECTION('',(0.,0.,1.));
#7671 = ORIENTED_EDGE('',*,*,#7407,.F.);
#7672 = ORIENTED_EDGE('',*,*,#7666,.F.);
#7673 = CYLINDRICAL_SURFACE('',#7674,0.5);
#7674 = AXIS2_PLACEMENT_3D('',#7675,#7676,#7677);
#7675 = CARTESIAN_POINT('',(153.035,-121.92,-4.6E-02));
#7676 = DIRECTION('',(-0.,-0.,-1.));
#7677 = DIRECTION('',(-0.,-1.,0.));
#7678 = ADVANCED_FACE('',(#7679),#7690,.F.);
#7679 = FACE_BOUND('',#7680,.T.);
#7680 = EDGE_LOOP('',(#7681,#7682,#7688,#7689));
#7681 = ORIENTED_EDGE('',*,*,#7203,.T.);
#7682 = ORIENTED_EDGE('',*,*,#7683,.T.);
#7683 = EDGE_CURVE('',#7204,#7419,#7684,.T.);
#7684 = LINE('',#7685,#7686);
#7685 = CARTESIAN_POINT('',(158.115,-122.42,-4.6E-02));
#7686 = VECTOR('',#7687,1.);
#7687 = DIRECTION('',(0.,0.,1.));
#7688 = ORIENTED_EDGE('',*,*,#7418,.F.);
#7689 = ORIENTED_EDGE('',*,*,#7683,.F.);
#7690 = CYLINDRICAL_SURFACE('',#7691,0.5);
#7691 = AXIS2_PLACEMENT_3D('',#7692,#7693,#7694);
#7692 = CARTESIAN_POINT('',(158.115,-121.92,-4.6E-02));
#7693 = DIRECTION('',(-0.,-0.,-1.));
#7694 = DIRECTION('',(-0.,-1.,0.));
#7695 = ADVANCED_FACE('',(#7696),#7707,.F.);
#7696 = FACE_BOUND('',#7697,.T.);
#7697 = EDGE_LOOP('',(#7698,#7699,#7705,#7706));
#7698 = ORIENTED_EDGE('',*,*,#7214,.T.);
#7699 = ORIENTED_EDGE('',*,*,#7700,.T.);
#7700 = EDGE_CURVE('',#7215,#7430,#7701,.T.);
#7701 = LINE('',#7702,#7703);
#7702 = CARTESIAN_POINT('',(160.655,-122.42,-4.6E-02));
#7703 = VECTOR('',#7704,1.);
#7704 = DIRECTION('',(0.,0.,1.));
#7705 = ORIENTED_EDGE('',*,*,#7429,.F.);
#7706 = ORIENTED_EDGE('',*,*,#7700,.F.);
#7707 = CYLINDRICAL_SURFACE('',#7708,0.5);
#7708 = AXIS2_PLACEMENT_3D('',#7709,#7710,#7711);
#7709 = CARTESIAN_POINT('',(160.655,-121.92,-4.6E-02));
#7710 = DIRECTION('',(-0.,-0.,-1.));
#7711 = DIRECTION('',(-0.,-1.,0.));
#7712 = ADVANCED_FACE('',(#7713),#7724,.F.);
#7713 = FACE_BOUND('',#7714,.T.);
#7714 = EDGE_LOOP('',(#7715,#7716,#7722,#7723));
#7715 = ORIENTED_EDGE('',*,*,#7225,.T.);
#7716 = ORIENTED_EDGE('',*,*,#7717,.T.);
#7717 = EDGE_CURVE('',#7226,#7441,#7718,.T.);
#7718 = LINE('',#7719,#7720);
#7719 = CARTESIAN_POINT('',(135.255,-112.26,-4.6E-02));
#7720 = VECTOR('',#7721,1.);
#7721 = DIRECTION('',(0.,0.,1.));
#7722 = ORIENTED_EDGE('',*,*,#7440,.F.);
#7723 = ORIENTED_EDGE('',*,*,#7717,.F.);
#7724 = CYLINDRICAL_SURFACE('',#7725,0.5);
#7725 = AXIS2_PLACEMENT_3D('',#7726,#7727,#7728);
#7726 = CARTESIAN_POINT('',(135.255,-111.76,-4.6E-02));
#7727 = DIRECTION('',(-0.,-0.,-1.));
#7728 = DIRECTION('',(-0.,-1.,0.));
#7729 = ADVANCED_FACE('',(#7730),#7741,.F.);
#7730 = FACE_BOUND('',#7731,.T.);
#7731 = EDGE_LOOP('',(#7732,#7733,#7739,#7740));
#7732 = ORIENTED_EDGE('',*,*,#7236,.T.);
#7733 = ORIENTED_EDGE('',*,*,#7734,.T.);
#7734 = EDGE_CURVE('',#7237,#7452,#7735,.T.);
#7735 = LINE('',#7736,#7737);
#7736 = CARTESIAN_POINT('',(137.795,-112.26,-4.6E-02));
#7737 = VECTOR('',#7738,1.);
#7738 = DIRECTION('',(0.,0.,1.));
#7739 = ORIENTED_EDGE('',*,*,#7451,.F.);
#7740 = ORIENTED_EDGE('',*,*,#7734,.F.);
#7741 = CYLINDRICAL_SURFACE('',#7742,0.5);
#7742 = AXIS2_PLACEMENT_3D('',#7743,#7744,#7745);
#7743 = CARTESIAN_POINT('',(137.795,-111.76,-4.6E-02));
#7744 = DIRECTION('',(-0.,-0.,-1.));
#7745 = DIRECTION('',(-0.,-1.,0.));
#7746 = ADVANCED_FACE('',(#7747),#7758,.F.);
#7747 = FACE_BOUND('',#7748,.T.);
#7748 = EDGE_LOOP('',(#7749,#7750,#7756,#7757));
#7749 = ORIENTED_EDGE('',*,*,#7247,.T.);
#7750 = ORIENTED_EDGE('',*,*,#7751,.T.);
#7751 = EDGE_CURVE('',#7248,#7463,#7752,.T.);
#7752 = LINE('',#7753,#7754);
#7753 = CARTESIAN_POINT('',(140.335,-112.26,-4.6E-02));
#7754 = VECTOR('',#7755,1.);
#7755 = DIRECTION('',(0.,0.,1.));
#7756 = ORIENTED_EDGE('',*,*,#7462,.F.);
#7757 = ORIENTED_EDGE('',*,*,#7751,.F.);
#7758 = CYLINDRICAL_SURFACE('',#7759,0.5);
#7759 = AXIS2_PLACEMENT_3D('',#7760,#7761,#7762);
#7760 = CARTESIAN_POINT('',(140.335,-111.76,-4.6E-02));
#7761 = DIRECTION('',(-0.,-0.,-1.));
#7762 = DIRECTION('',(-0.,-1.,0.));
#7763 = ADVANCED_FACE('',(#7764),#7775,.F.);
#7764 = FACE_BOUND('',#7765,.T.);
#7765 = EDGE_LOOP('',(#7766,#7767,#7773,#7774));
#7766 = ORIENTED_EDGE('',*,*,#7258,.T.);
#7767 = ORIENTED_EDGE('',*,*,#7768,.T.);
#7768 = EDGE_CURVE('',#7259,#7474,#7769,.T.);
#7769 = LINE('',#7770,#7771);
#7770 = CARTESIAN_POINT('',(142.875,-112.26,-4.6E-02));
#7771 = VECTOR('',#7772,1.);
#7772 = DIRECTION('',(0.,0.,1.));
#7773 = ORIENTED_EDGE('',*,*,#7473,.F.);
#7774 = ORIENTED_EDGE('',*,*,#7768,.F.);
#7775 = CYLINDRICAL_SURFACE('',#7776,0.5);
#7776 = AXIS2_PLACEMENT_3D('',#7777,#7778,#7779);
#7777 = CARTESIAN_POINT('',(142.875,-111.76,-4.6E-02));
#7778 = DIRECTION('',(-0.,-0.,-1.));
#7779 = DIRECTION('',(-0.,-1.,0.));
#7780 = ADVANCED_FACE('',(#7781),#7792,.F.);
#7781 = FACE_BOUND('',#7782,.T.);
#7782 = EDGE_LOOP('',(#7783,#7784,#7790,#7791));
#7783 = ORIENTED_EDGE('',*,*,#7269,.T.);
#7784 = ORIENTED_EDGE('',*,*,#7785,.T.);
#7785 = EDGE_CURVE('',#7270,#7485,#7786,.T.);
#7786 = LINE('',#7787,#7788);
#7787 = CARTESIAN_POINT('',(145.415,-112.26,-4.6E-02));
#7788 = VECTOR('',#7789,1.);
#7789 = DIRECTION('',(0.,0.,1.));
#7790 = ORIENTED_EDGE('',*,*,#7484,.F.);
#7791 = ORIENTED_EDGE('',*,*,#7785,.F.);
#7792 = CYLINDRICAL_SURFACE('',#7793,0.5);
#7793 = AXIS2_PLACEMENT_3D('',#7794,#7795,#7796);
#7794 = CARTESIAN_POINT('',(145.415,-111.76,-4.6E-02));
#7795 = DIRECTION('',(-0.,-0.,-1.));
#7796 = DIRECTION('',(-0.,-1.,0.));
#7797 = ADVANCED_FACE('',(#7798),#7809,.F.);
#7798 = FACE_BOUND('',#7799,.T.);
#7799 = EDGE_LOOP('',(#7800,#7801,#7807,#7808));
#7800 = ORIENTED_EDGE('',*,*,#7280,.T.);
#7801 = ORIENTED_EDGE('',*,*,#7802,.T.);
#7802 = EDGE_CURVE('',#7281,#7496,#7803,.T.);
#7803 = LINE('',#7804,#7805);
#7804 = CARTESIAN_POINT('',(147.955,-112.26,-4.6E-02));
#7805 = VECTOR('',#7806,1.);
#7806 = DIRECTION('',(0.,0.,1.));
#7807 = ORIENTED_EDGE('',*,*,#7495,.F.);
#7808 = ORIENTED_EDGE('',*,*,#7802,.F.);
#7809 = CYLINDRICAL_SURFACE('',#7810,0.5);
#7810 = AXIS2_PLACEMENT_3D('',#7811,#7812,#7813);
#7811 = CARTESIAN_POINT('',(147.955,-111.76,-4.6E-02));
#7812 = DIRECTION('',(-0.,-0.,-1.));
#7813 = DIRECTION('',(-0.,-1.,0.));
#7814 = ADVANCED_FACE('',(#7815),#7826,.F.);
#7815 = FACE_BOUND('',#7816,.T.);
#7816 = EDGE_LOOP('',(#7817,#7818,#7824,#7825));
#7817 = ORIENTED_EDGE('',*,*,#7291,.T.);
#7818 = ORIENTED_EDGE('',*,*,#7819,.T.);
#7819 = EDGE_CURVE('',#7292,#7507,#7820,.T.);
#7820 = LINE('',#7821,#7822);
#7821 = CARTESIAN_POINT('',(150.495,-112.26,-4.6E-02));
#7822 = VECTOR('',#7823,1.);
#7823 = DIRECTION('',(0.,0.,1.));
#7824 = ORIENTED_EDGE('',*,*,#7506,.F.);
#7825 = ORIENTED_EDGE('',*,*,#7819,.F.);
#7826 = CYLINDRICAL_SURFACE('',#7827,0.5);
#7827 = AXIS2_PLACEMENT_3D('',#7828,#7829,#7830);
#7828 = CARTESIAN_POINT('',(150.495,-111.76,-4.6E-02));
#7829 = DIRECTION('',(-0.,-0.,-1.));
#7830 = DIRECTION('',(-0.,-1.,0.));
#7831 = ADVANCED_FACE('',(#7832),#7843,.F.);
#7832 = FACE_BOUND('',#7833,.T.);
#7833 = EDGE_LOOP('',(#7834,#7835,#7841,#7842));
#7834 = ORIENTED_EDGE('',*,*,#7302,.T.);
#7835 = ORIENTED_EDGE('',*,*,#7836,.T.);
#7836 = EDGE_CURVE('',#7303,#7518,#7837,.T.);
#7837 = LINE('',#7838,#7839);
#7838 = CARTESIAN_POINT('',(153.035,-112.26,-4.6E-02));
#7839 = VECTOR('',#7840,1.);
#7840 = DIRECTION('',(0.,0.,1.));
#7841 = ORIENTED_EDGE('',*,*,#7517,.F.);
#7842 = ORIENTED_EDGE('',*,*,#7836,.F.);
#7843 = CYLINDRICAL_SURFACE('',#7844,0.5);
#7844 = AXIS2_PLACEMENT_3D('',#7845,#7846,#7847);
#7845 = CARTESIAN_POINT('',(153.035,-111.76,-4.6E-02));
#7846 = DIRECTION('',(-0.,-0.,-1.));
#7847 = DIRECTION('',(-0.,-1.,0.));
#7848 = ( GEOMETRIC_REPRESENTATION_CONTEXT(3) 
GLOBAL_UNCERTAINTY_ASSIGNED_CONTEXT((#7852)) 
GLOBAL_UNIT_ASSIGNED_CONTEXT((#7849,#7850,#7851)) REPRESENTATION_CONTEXT
('Context #1','3D Context with UNIT and UNCERTAINTY') );
#7849 = ( LENGTH_UNIT() NAMED_UNIT(*) SI_UNIT(.MILLI.,.METRE.) );
#7850 = ( NAMED_UNIT(*) PLANE_ANGLE_UNIT() SI_UNIT($,.RADIAN.) );
#7851 = ( NAMED_UNIT(*) SI_UNIT($,.STERADIAN.) SOLID_ANGLE_UNIT() );
#7852 = UNCERTAINTY_MEASURE_WITH_UNIT(LENGTH_MEASURE(1.E-07),#7849,
  'distance_accuracy_value','confusion accuracy');
#7853 = CONTEXT_DEPENDENT_SHAPE_REPRESENTATION(#7854,#7856);
#7854 = ( REPRESENTATION_RELATIONSHIP('','',#6995,#10) 
REPRESENTATION_RELATIONSHIP_WITH_TRANSFORMATION(#7855) 
SHAPE_REPRESENTATION_RELATIONSHIP() );
#7855 = ITEM_DEFINED_TRANSFORMATION('','',#11,#27);
#7856 = PRODUCT_DEFINITION_SHAPE('Placement','Placement of an item',
  #7857);
#7857 = NEXT_ASSEMBLY_USAGE_OCCURRENCE('4','=>[0:1:1:4]','',#5,#6990,$);
#7858 = PRODUCT_RELATED_PRODUCT_CATEGORY('part',$,(#6992));
#7859 = MECHANICAL_DESIGN_GEOMETRIC_PRESENTATION_REPRESENTATION('',(
    #7860,#7868,#7875,#7882,#7889,#7896,#7903,#7910,#7917,#7924,#7931,
    #7938,#7945,#7952,#7959,#7966,#7973,#7981,#7988,#7995,#8002,#8009,
    #8016,#8023,#8030,#8037,#8044,#8051,#8058,#8065,#8072,#8079,#8086,
    #8093,#8100,#8107,#8114,#8121,#8128,#8135,#8142,#8149,#8156,#8163,
    #8170,#8177,#8184,#8191,#8198,#8205,#8212,#8219),#1477);
#7860 = STYLED_ITEM('color',(#7861),#47);
#7861 = PRESENTATION_STYLE_ASSIGNMENT((#7862));
#7862 = SURFACE_STYLE_USAGE(.BOTH.,#7863);
#7863 = SURFACE_SIDE_STYLE('',(#7864));
#7864 = SURFACE_STYLE_FILL_AREA(#7865);
#7865 = FILL_AREA_STYLE('',(#7866));
#7866 = FILL_AREA_STYLE_COLOUR('',#7867);
#7867 = COLOUR_RGB('',0.147999998088,0.144999993226,0.144999993226);
#7868 = STYLED_ITEM('color',(#7869),#87);
#7869 = PRESENTATION_STYLE_ASSIGNMENT((#7870));
#7870 = SURFACE_STYLE_USAGE(.BOTH.,#7871);
#7871 = SURFACE_SIDE_STYLE('',(#7872));
#7872 = SURFACE_STYLE_FILL_AREA(#7873);
#7873 = FILL_AREA_STYLE('',(#7874));
#7874 = FILL_AREA_STYLE_COLOUR('',#7867);
#7875 = STYLED_ITEM('color',(#7876),#118);
#7876 = PRESENTATION_STYLE_ASSIGNMENT((#7877));
#7877 = SURFACE_STYLE_USAGE(.BOTH.,#7878);
#7878 = SURFACE_SIDE_STYLE('',(#7879));
#7879 = SURFACE_STYLE_FILL_AREA(#7880);
#7880 = FILL_AREA_STYLE('',(#7881));
#7881 = FILL_AREA_STYLE_COLOUR('',#7867);
#7882 = STYLED_ITEM('color',(#7883),#149);
#7883 = PRESENTATION_STYLE_ASSIGNMENT((#7884));
#7884 = SURFACE_STYLE_USAGE(.BOTH.,#7885);
#7885 = SURFACE_SIDE_STYLE('',(#7886));
#7886 = SURFACE_STYLE_FILL_AREA(#7887);
#7887 = FILL_AREA_STYLE('',(#7888));
#7888 = FILL_AREA_STYLE_COLOUR('',#7867);
#7889 = STYLED_ITEM('color',(#7890),#314);
#7890 = PRESENTATION_STYLE_ASSIGNMENT((#7891));
#7891 = SURFACE_STYLE_USAGE(.BOTH.,#7892);
#7892 = SURFACE_SIDE_STYLE('',(#7893));
#7893 = SURFACE_STYLE_FILL_AREA(#7894);
#7894 = FILL_AREA_STYLE('',(#7895));
#7895 = FILL_AREA_STYLE_COLOUR('',#7867);
#7896 = STYLED_ITEM('color',(#7897),#479);
#7897 = PRESENTATION_STYLE_ASSIGNMENT((#7898));
#7898 = SURFACE_STYLE_USAGE(.BOTH.,#7899);
#7899 = SURFACE_SIDE_STYLE('',(#7900));
#7900 = SURFACE_STYLE_FILL_AREA(#7901);
#7901 = FILL_AREA_STYLE('',(#7902));
#7902 = FILL_AREA_STYLE_COLOUR('',#7867);
#7903 = STYLED_ITEM('color',(#7904),#496);
#7904 = PRESENTATION_STYLE_ASSIGNMENT((#7905));
#7905 = SURFACE_STYLE_USAGE(.BOTH.,#7906);
#7906 = SURFACE_SIDE_STYLE('',(#7907));
#7907 = SURFACE_STYLE_FILL_AREA(#7908);
#7908 = FILL_AREA_STYLE('',(#7909));
#7909 = FILL_AREA_STYLE_COLOUR('',#7867);
#7910 = STYLED_ITEM('color',(#7911),#513);
#7911 = PRESENTATION_STYLE_ASSIGNMENT((#7912));
#7912 = SURFACE_STYLE_USAGE(.BOTH.,#7913);
#7913 = SURFACE_SIDE_STYLE('',(#7914));
#7914 = SURFACE_STYLE_FILL_AREA(#7915);
#7915 = FILL_AREA_STYLE('',(#7916));
#7916 = FILL_AREA_STYLE_COLOUR('',#7867);
#7917 = STYLED_ITEM('color',(#7918),#530);
#7918 = PRESENTATION_STYLE_ASSIGNMENT((#7919));
#7919 = SURFACE_STYLE_USAGE(.BOTH.,#7920);
#7920 = SURFACE_SIDE_STYLE('',(#7921));
#7921 = SURFACE_STYLE_FILL_AREA(#7922);
#7922 = FILL_AREA_STYLE('',(#7923));
#7923 = FILL_AREA_STYLE_COLOUR('',#7867);
#7924 = STYLED_ITEM('color',(#7925),#547);
#7925 = PRESENTATION_STYLE_ASSIGNMENT((#7926));
#7926 = SURFACE_STYLE_USAGE(.BOTH.,#7927);
#7927 = SURFACE_SIDE_STYLE('',(#7928));
#7928 = SURFACE_STYLE_FILL_AREA(#7929);
#7929 = FILL_AREA_STYLE('',(#7930));
#7930 = FILL_AREA_STYLE_COLOUR('',#7867);
#7931 = STYLED_ITEM('color',(#7932),#564);
#7932 = PRESENTATION_STYLE_ASSIGNMENT((#7933));
#7933 = SURFACE_STYLE_USAGE(.BOTH.,#7934);
#7934 = SURFACE_SIDE_STYLE('',(#7935));
#7935 = SURFACE_STYLE_FILL_AREA(#7936);
#7936 = FILL_AREA_STYLE('',(#7937));
#7937 = FILL_AREA_STYLE_COLOUR('',#7867);
#7938 = STYLED_ITEM('color',(#7939),#581);
#7939 = PRESENTATION_STYLE_ASSIGNMENT((#7940));
#7940 = SURFACE_STYLE_USAGE(.BOTH.,#7941);
#7941 = SURFACE_SIDE_STYLE('',(#7942));
#7942 = SURFACE_STYLE_FILL_AREA(#7943);
#7943 = FILL_AREA_STYLE('',(#7944));
#7944 = FILL_AREA_STYLE_COLOUR('',#7867);
#7945 = STYLED_ITEM('color',(#7946),#598);
#7946 = PRESENTATION_STYLE_ASSIGNMENT((#7947));
#7947 = SURFACE_STYLE_USAGE(.BOTH.,#7948);
#7948 = SURFACE_SIDE_STYLE('',(#7949));
#7949 = SURFACE_STYLE_FILL_AREA(#7950);
#7950 = FILL_AREA_STYLE('',(#7951));
#7951 = FILL_AREA_STYLE_COLOUR('',#7867);
#7952 = STYLED_ITEM('color',(#7953),#615);
#7953 = PRESENTATION_STYLE_ASSIGNMENT((#7954));
#7954 = SURFACE_STYLE_USAGE(.BOTH.,#7955);
#7955 = SURFACE_SIDE_STYLE('',(#7956));
#7956 = SURFACE_STYLE_FILL_AREA(#7957);
#7957 = FILL_AREA_STYLE('',(#7958));
#7958 = FILL_AREA_STYLE_COLOUR('',#7867);
#7959 = STYLED_ITEM('color',(#7960),#632);
#7960 = PRESENTATION_STYLE_ASSIGNMENT((#7961));
#7961 = SURFACE_STYLE_USAGE(.BOTH.,#7962);
#7962 = SURFACE_SIDE_STYLE('',(#7963));
#7963 = SURFACE_STYLE_FILL_AREA(#7964);
#7964 = FILL_AREA_STYLE('',(#7965));
#7965 = FILL_AREA_STYLE_COLOUR('',#7867);
#7966 = STYLED_ITEM('color',(#7967),#649);
#7967 = PRESENTATION_STYLE_ASSIGNMENT((#7968));
#7968 = SURFACE_STYLE_USAGE(.BOTH.,#7969);
#7969 = SURFACE_SIDE_STYLE('',(#7970));
#7970 = SURFACE_STYLE_FILL_AREA(#7971);
#7971 = FILL_AREA_STYLE('',(#7972));
#7972 = FILL_AREA_STYLE_COLOUR('',#7867);
#7973 = STYLED_ITEM('color',(#7974),#661);
#7974 = PRESENTATION_STYLE_ASSIGNMENT((#7975));
#7975 = SURFACE_STYLE_USAGE(.BOTH.,#7976);
#7976 = SURFACE_SIDE_STYLE('',(#7977));
#7977 = SURFACE_STYLE_FILL_AREA(#7978);
#7978 = FILL_AREA_STYLE('',(#7979));
#7979 = FILL_AREA_STYLE_COLOUR('',#7980);
#7980 = COLOUR_RGB('',0.859000020776,0.737999965183,0.495999988746);
#7981 = STYLED_ITEM('color',(#7982),#692);
#7982 = PRESENTATION_STYLE_ASSIGNMENT((#7983));
#7983 = SURFACE_STYLE_USAGE(.BOTH.,#7984);
#7984 = SURFACE_SIDE_STYLE('',(#7985));
#7985 = SURFACE_STYLE_FILL_AREA(#7986);
#7986 = FILL_AREA_STYLE('',(#7987));
#7987 = FILL_AREA_STYLE_COLOUR('',#7980);
#7988 = STYLED_ITEM('color',(#7989),#716);
#7989 = PRESENTATION_STYLE_ASSIGNMENT((#7990));
#7990 = SURFACE_STYLE_USAGE(.BOTH.,#7991);
#7991 = SURFACE_SIDE_STYLE('',(#7992));
#7992 = SURFACE_STYLE_FILL_AREA(#7993);
#7993 = FILL_AREA_STYLE('',(#7994));
#7994 = FILL_AREA_STYLE_COLOUR('',#7980);
#7995 = STYLED_ITEM('color',(#7996),#740);
#7996 = PRESENTATION_STYLE_ASSIGNMENT((#7997));
#7997 = SURFACE_STYLE_USAGE(.BOTH.,#7998);
#7998 = SURFACE_SIDE_STYLE('',(#7999));
#7999 = SURFACE_STYLE_FILL_AREA(#8000);
#8000 = FILL_AREA_STYLE('',(#8001));
#8001 = FILL_AREA_STYLE_COLOUR('',#7980);
#8002 = STYLED_ITEM('color',(#8003),#757);
#8003 = PRESENTATION_STYLE_ASSIGNMENT((#8004));
#8004 = SURFACE_STYLE_USAGE(.BOTH.,#8005);
#8005 = SURFACE_SIDE_STYLE('',(#8006));
#8006 = SURFACE_STYLE_FILL_AREA(#8007);
#8007 = FILL_AREA_STYLE('',(#8008));
#8008 = FILL_AREA_STYLE_COLOUR('',#7980);
#8009 = STYLED_ITEM('color',(#8010),#788);
#8010 = PRESENTATION_STYLE_ASSIGNMENT((#8011));
#8011 = SURFACE_STYLE_USAGE(.BOTH.,#8012);
#8012 = SURFACE_SIDE_STYLE('',(#8013));
#8013 = SURFACE_STYLE_FILL_AREA(#8014);
#8014 = FILL_AREA_STYLE('',(#8015));
#8015 = FILL_AREA_STYLE_COLOUR('',#7980);
#8016 = STYLED_ITEM('color',(#8017),#812);
#8017 = PRESENTATION_STYLE_ASSIGNMENT((#8018));
#8018 = SURFACE_STYLE_USAGE(.BOTH.,#8019);
#8019 = SURFACE_SIDE_STYLE('',(#8020));
#8020 = SURFACE_STYLE_FILL_AREA(#8021);
#8021 = FILL_AREA_STYLE('',(#8022));
#8022 = FILL_AREA_STYLE_COLOUR('',#7980);
#8023 = STYLED_ITEM('color',(#8024),#836);
#8024 = PRESENTATION_STYLE_ASSIGNMENT((#8025));
#8025 = SURFACE_STYLE_USAGE(.BOTH.,#8026);
#8026 = SURFACE_SIDE_STYLE('',(#8027));
#8027 = SURFACE_STYLE_FILL_AREA(#8028);
#8028 = FILL_AREA_STYLE('',(#8029));
#8029 = FILL_AREA_STYLE_COLOUR('',#7980);
#8030 = STYLED_ITEM('color',(#8031),#853);
#8031 = PRESENTATION_STYLE_ASSIGNMENT((#8032));
#8032 = SURFACE_STYLE_USAGE(.BOTH.,#8033);
#8033 = SURFACE_SIDE_STYLE('',(#8034));
#8034 = SURFACE_STYLE_FILL_AREA(#8035);
#8035 = FILL_AREA_STYLE('',(#8036));
#8036 = FILL_AREA_STYLE_COLOUR('',#7980);
#8037 = STYLED_ITEM('color',(#8038),#884);
#8038 = PRESENTATION_STYLE_ASSIGNMENT((#8039));
#8039 = SURFACE_STYLE_USAGE(.BOTH.,#8040);
#8040 = SURFACE_SIDE_STYLE('',(#8041));
#8041 = SURFACE_STYLE_FILL_AREA(#8042);
#8042 = FILL_AREA_STYLE('',(#8043));
#8043 = FILL_AREA_STYLE_COLOUR('',#7980);
#8044 = STYLED_ITEM('color',(#8045),#908);
#8045 = PRESENTATION_STYLE_ASSIGNMENT((#8046));
#8046 = SURFACE_STYLE_USAGE(.BOTH.,#8047);
#8047 = SURFACE_SIDE_STYLE('',(#8048));
#8048 = SURFACE_STYLE_FILL_AREA(#8049);
#8049 = FILL_AREA_STYLE('',(#8050));
#8050 = FILL_AREA_STYLE_COLOUR('',#7980);
#8051 = STYLED_ITEM('color',(#8052),#932);
#8052 = PRESENTATION_STYLE_ASSIGNMENT((#8053));
#8053 = SURFACE_STYLE_USAGE(.BOTH.,#8054);
#8054 = SURFACE_SIDE_STYLE('',(#8055));
#8055 = SURFACE_STYLE_FILL_AREA(#8056);
#8056 = FILL_AREA_STYLE('',(#8057));
#8057 = FILL_AREA_STYLE_COLOUR('',#7980);
#8058 = STYLED_ITEM('color',(#8059),#949);
#8059 = PRESENTATION_STYLE_ASSIGNMENT((#8060));
#8060 = SURFACE_STYLE_USAGE(.BOTH.,#8061);
#8061 = SURFACE_SIDE_STYLE('',(#8062));
#8062 = SURFACE_STYLE_FILL_AREA(#8063);
#8063 = FILL_AREA_STYLE('',(#8064));
#8064 = FILL_AREA_STYLE_COLOUR('',#7980);
#8065 = STYLED_ITEM('color',(#8066),#980);
#8066 = PRESENTATION_STYLE_ASSIGNMENT((#8067));
#8067 = SURFACE_STYLE_USAGE(.BOTH.,#8068);
#8068 = SURFACE_SIDE_STYLE('',(#8069));
#8069 = SURFACE_STYLE_FILL_AREA(#8070);
#8070 = FILL_AREA_STYLE('',(#8071));
#8071 = FILL_AREA_STYLE_COLOUR('',#7980);
#8072 = STYLED_ITEM('color',(#8073),#1004);
#8073 = PRESENTATION_STYLE_ASSIGNMENT((#8074));
#8074 = SURFACE_STYLE_USAGE(.BOTH.,#8075);
#8075 = SURFACE_SIDE_STYLE('',(#8076));
#8076 = SURFACE_STYLE_FILL_AREA(#8077);
#8077 = FILL_AREA_STYLE('',(#8078));
#8078 = FILL_AREA_STYLE_COLOUR('',#7980);
#8079 = STYLED_ITEM('color',(#8080),#1028);
#8080 = PRESENTATION_STYLE_ASSIGNMENT((#8081));
#8081 = SURFACE_STYLE_USAGE(.BOTH.,#8082);
#8082 = SURFACE_SIDE_STYLE('',(#8083));
#8083 = SURFACE_STYLE_FILL_AREA(#8084);
#8084 = FILL_AREA_STYLE('',(#8085));
#8085 = FILL_AREA_STYLE_COLOUR('',#7980);
#8086 = STYLED_ITEM('color',(#8087),#1045);
#8087 = PRESENTATION_STYLE_ASSIGNMENT((#8088));
#8088 = SURFACE_STYLE_USAGE(.BOTH.,#8089);
#8089 = SURFACE_SIDE_STYLE('',(#8090));
#8090 = SURFACE_STYLE_FILL_AREA(#8091);
#8091 = FILL_AREA_STYLE('',(#8092));
#8092 = FILL_AREA_STYLE_COLOUR('',#7980);
#8093 = STYLED_ITEM('color',(#8094),#1076);
#8094 = PRESENTATION_STYLE_ASSIGNMENT((#8095));
#8095 = SURFACE_STYLE_USAGE(.BOTH.,#8096);
#8096 = SURFACE_SIDE_STYLE('',(#8097));
#8097 = SURFACE_STYLE_FILL_AREA(#8098);
#8098 = FILL_AREA_STYLE('',(#8099));
#8099 = FILL_AREA_STYLE_COLOUR('',#7980);
#8100 = STYLED_ITEM('color',(#8101),#1100);
#8101 = PRESENTATION_STYLE_ASSIGNMENT((#8102));
#8102 = SURFACE_STYLE_USAGE(.BOTH.,#8103);
#8103 = SURFACE_SIDE_STYLE('',(#8104));
#8104 = SURFACE_STYLE_FILL_AREA(#8105);
#8105 = FILL_AREA_STYLE('',(#8106));
#8106 = FILL_AREA_STYLE_COLOUR('',#7980);
#8107 = STYLED_ITEM('color',(#8108),#1124);
#8108 = PRESENTATION_STYLE_ASSIGNMENT((#8109));
#8109 = SURFACE_STYLE_USAGE(.BOTH.,#8110);
#8110 = SURFACE_SIDE_STYLE('',(#8111));
#8111 = SURFACE_STYLE_FILL_AREA(#8112);
#8112 = FILL_AREA_STYLE('',(#8113));
#8113 = FILL_AREA_STYLE_COLOUR('',#7980);
#8114 = STYLED_ITEM('color',(#8115),#1141);
#8115 = PRESENTATION_STYLE_ASSIGNMENT((#8116));
#8116 = SURFACE_STYLE_USAGE(.BOTH.,#8117);
#8117 = SURFACE_SIDE_STYLE('',(#8118));
#8118 = SURFACE_STYLE_FILL_AREA(#8119);
#8119 = FILL_AREA_STYLE('',(#8120));
#8120 = FILL_AREA_STYLE_COLOUR('',#7980);
#8121 = STYLED_ITEM('color',(#8122),#1172);
#8122 = PRESENTATION_STYLE_ASSIGNMENT((#8123));
#8123 = SURFACE_STYLE_USAGE(.BOTH.,#8124);
#8124 = SURFACE_SIDE_STYLE('',(#8125));
#8125 = SURFACE_STYLE_FILL_AREA(#8126);
#8126 = FILL_AREA_STYLE('',(#8127));
#8127 = FILL_AREA_STYLE_COLOUR('',#7980);
#8128 = STYLED_ITEM('color',(#8129),#1196);
#8129 = PRESENTATION_STYLE_ASSIGNMENT((#8130));
#8130 = SURFACE_STYLE_USAGE(.BOTH.,#8131);
#8131 = SURFACE_SIDE_STYLE('',(#8132));
#8132 = SURFACE_STYLE_FILL_AREA(#8133);
#8133 = FILL_AREA_STYLE('',(#8134));
#8134 = FILL_AREA_STYLE_COLOUR('',#7980);
#8135 = STYLED_ITEM('color',(#8136),#1220);
#8136 = PRESENTATION_STYLE_ASSIGNMENT((#8137));
#8137 = SURFACE_STYLE_USAGE(.BOTH.,#8138);
#8138 = SURFACE_SIDE_STYLE('',(#8139));
#8139 = SURFACE_STYLE_FILL_AREA(#8140);
#8140 = FILL_AREA_STYLE('',(#8141));
#8141 = FILL_AREA_STYLE_COLOUR('',#7980);
#8142 = STYLED_ITEM('color',(#8143),#1237);
#8143 = PRESENTATION_STYLE_ASSIGNMENT((#8144));
#8144 = SURFACE_STYLE_USAGE(.BOTH.,#8145);
#8145 = SURFACE_SIDE_STYLE('',(#8146));
#8146 = SURFACE_STYLE_FILL_AREA(#8147);
#8147 = FILL_AREA_STYLE('',(#8148));
#8148 = FILL_AREA_STYLE_COLOUR('',#7980);
#8149 = STYLED_ITEM('color',(#8150),#1268);
#8150 = PRESENTATION_STYLE_ASSIGNMENT((#8151));
#8151 = SURFACE_STYLE_USAGE(.BOTH.,#8152);
#8152 = SURFACE_SIDE_STYLE('',(#8153));
#8153 = SURFACE_STYLE_FILL_AREA(#8154);
#8154 = FILL_AREA_STYLE('',(#8155));
#8155 = FILL_AREA_STYLE_COLOUR('',#7980);
#8156 = STYLED_ITEM('color',(#8157),#1292);
#8157 = PRESENTATION_STYLE_ASSIGNMENT((#8158));
#8158 = SURFACE_STYLE_USAGE(.BOTH.,#8159);
#8159 = SURFACE_SIDE_STYLE('',(#8160));
#8160 = SURFACE_STYLE_FILL_AREA(#8161);
#8161 = FILL_AREA_STYLE('',(#8162));
#8162 = FILL_AREA_STYLE_COLOUR('',#7980);
#8163 = STYLED_ITEM('color',(#8164),#1316);
#8164 = PRESENTATION_STYLE_ASSIGNMENT((#8165));
#8165 = SURFACE_STYLE_USAGE(.BOTH.,#8166);
#8166 = SURFACE_SIDE_STYLE('',(#8167));
#8167 = SURFACE_STYLE_FILL_AREA(#8168);
#8168 = FILL_AREA_STYLE('',(#8169));
#8169 = FILL_AREA_STYLE_COLOUR('',#7980);
#8170 = STYLED_ITEM('color',(#8171),#1333);
#8171 = PRESENTATION_STYLE_ASSIGNMENT((#8172));
#8172 = SURFACE_STYLE_USAGE(.BOTH.,#8173);
#8173 = SURFACE_SIDE_STYLE('',(#8174));
#8174 = SURFACE_STYLE_FILL_AREA(#8175);
#8175 = FILL_AREA_STYLE('',(#8176));
#8176 = FILL_AREA_STYLE_COLOUR('',#7980);
#8177 = STYLED_ITEM('color',(#8178),#1364);
#8178 = PRESENTATION_STYLE_ASSIGNMENT((#8179));
#8179 = SURFACE_STYLE_USAGE(.BOTH.,#8180);
#8180 = SURFACE_SIDE_STYLE('',(#8181));
#8181 = SURFACE_STYLE_FILL_AREA(#8182);
#8182 = FILL_AREA_STYLE('',(#8183));
#8183 = FILL_AREA_STYLE_COLOUR('',#7980);
#8184 = STYLED_ITEM('color',(#8185),#1388);
#8185 = PRESENTATION_STYLE_ASSIGNMENT((#8186));
#8186 = SURFACE_STYLE_USAGE(.BOTH.,#8187);
#8187 = SURFACE_SIDE_STYLE('',(#8188));
#8188 = SURFACE_STYLE_FILL_AREA(#8189);
#8189 = FILL_AREA_STYLE('',(#8190));
#8190 = FILL_AREA_STYLE_COLOUR('',#7980);
#8191 = STYLED_ITEM('color',(#8192),#1412);
#8192 = PRESENTATION_STYLE_ASSIGNMENT((#8193));
#8193 = SURFACE_STYLE_USAGE(.BOTH.,#8194);
#8194 = SURFACE_SIDE_STYLE('',(#8195));
#8195 = SURFACE_STYLE_FILL_AREA(#8196);
#8196 = FILL_AREA_STYLE('',(#8197));
#8197 = FILL_AREA_STYLE_COLOUR('',#7980);
#8198 = STYLED_ITEM('color',(#8199),#1429);
#8199 = PRESENTATION_STYLE_ASSIGNMENT((#8200));
#8200 = SURFACE_STYLE_USAGE(.BOTH.,#8201);
#8201 = SURFACE_SIDE_STYLE('',(#8202));
#8202 = SURFACE_STYLE_FILL_AREA(#8203);
#8203 = FILL_AREA_STYLE('',(#8204));
#8204 = FILL_AREA_STYLE_COLOUR('',#7980);
#8205 = STYLED_ITEM('color',(#8206),#1441);
#8206 = PRESENTATION_STYLE_ASSIGNMENT((#8207));
#8207 = SURFACE_STYLE_USAGE(.BOTH.,#8208);
#8208 = SURFACE_SIDE_STYLE('',(#8209));
#8209 = SURFACE_STYLE_FILL_AREA(#8210);
#8210 = FILL_AREA_STYLE('',(#8211));
#8211 = FILL_AREA_STYLE_COLOUR('',#7980);
#8212 = STYLED_ITEM('color',(#8213),#1453);
#8213 = PRESENTATION_STYLE_ASSIGNMENT((#8214));
#8214 = SURFACE_STYLE_USAGE(.BOTH.,#8215);
#8215 = SURFACE_SIDE_STYLE('',(#8216));
#8216 = SURFACE_STYLE_FILL_AREA(#8217);
#8217 = FILL_AREA_STYLE('',(#8218));
#8218 = FILL_AREA_STYLE_COLOUR('',#7980);
#8219 = STYLED_ITEM('color',(#8220),#1465);
#8220 = PRESENTATION_STYLE_ASSIGNMENT((#8221));
#8221 = SURFACE_STYLE_USAGE(.BOTH.,#8222);
#8222 = SURFACE_SIDE_STYLE('',(#8223));
#8223 = SURFACE_STYLE_FILL_AREA(#8224);
#8224 = FILL_AREA_STYLE('',(#8225));
#8225 = FILL_AREA_STYLE_COLOUR('',#7980);
#8226 = MECHANICAL_DESIGN_GEOMETRIC_PRESENTATION_REPRESENTATION('',(
    #8227),#7848);
#8227 = STYLED_ITEM('color',(#8228),#6996);
#8228 = PRESENTATION_STYLE_ASSIGNMENT((#8229));
#8229 = SURFACE_STYLE_USAGE(.BOTH.,#8230);
#8230 = SURFACE_SIDE_STYLE('',(#8231));
#8231 = SURFACE_STYLE_FILL_AREA(#8232);
#8232 = FILL_AREA_STYLE('',(#8233));
#8233 = FILL_AREA_STYLE_COLOUR('',#8234);
#8234 = COLOUR_RGB('',0.313304153717,0.484529207832,0.410020903123);
#8235 = MECHANICAL_DESIGN_GEOMETRIC_PRESENTATION_REPRESENTATION('',(
    #8236,#8243,#8250,#8257,#8264,#8271,#8278,#8285,#8292,#8299,#8306,
    #8313,#8320,#8327,#8334,#8341,#8348,#8355,#8362,#8369,#8376,#8383,
    #8390,#8397,#8404,#8411,#8418,#8425,#8432,#8439,#8446,#8453,#8460,
    #8467,#8474,#8481,#8488,#8495,#8502,#8509,#8516,#8523,#8530,#8537,
    #8544,#8551,#8558,#8565,#8572,#8579,#8586,#8593,#8600,#8607,#8614,
    #8621,#8628,#8635,#8642,#8649,#8656,#8663,#8670,#8677,#8684,#8691,
    #8698,#8705,#8712,#8719,#8726,#8733,#8740,#8747,#8754,#8761,#8768,
    #8775,#8782,#8789,#8796,#8803,#8810,#8817,#8824,#8831,#8838,#8845,
    #8852,#8859,#8866,#8873,#8880,#8887,#8894,#8901,#8908,#8915,#8922,
    #8929,#8936,#8943,#8950,#8957,#8964,#8971,#8978,#8985,#8992,#8999,
    #9006,#9013,#9020,#9027,#9034,#9041,#9048,#9055,#9062,#9069,#9076,
    #9083,#9090,#9097,#9104,#9111,#9118,#9125,#9132,#9139,#9146,#9153,
    #9160,#9167,#9174,#9181,#9188,#9195,#9202,#9209,#9216,#9223,#9230,
    #9237,#9244,#9251,#9258,#9265,#9272,#9279,#9286,#9293,#9300,#9307,
    #9314,#9321,#9328,#9335,#9342,#9349,#9356,#9363,#9370,#9377,#9384,
    #9391,#9398,#9405,#9412,#9419,#9426,#9433,#9440,#9447,#9454,#9461,
    #9468,#9475,#9482,#9489,#9496,#9503,#9510,#9517,#9524,#9531,#9538,
    #9545,#9552,#9559,#9566,#9573,#9580,#9587,#9594,#9601),#6972);
#8236 = STYLED_ITEM('color',(#8237),#1498);
#8237 = PRESENTATION_STYLE_ASSIGNMENT((#8238));
#8238 = SURFACE_STYLE_USAGE(.BOTH.,#8239);
#8239 = SURFACE_SIDE_STYLE('',(#8240));
#8240 = SURFACE_STYLE_FILL_AREA(#8241);
#8241 = FILL_AREA_STYLE('',(#8242));
#8242 = FILL_AREA_STYLE_COLOUR('',#7867);
#8243 = STYLED_ITEM('color',(#8244),#1538);
#8244 = PRESENTATION_STYLE_ASSIGNMENT((#8245));
#8245 = SURFACE_STYLE_USAGE(.BOTH.,#8246);
#8246 = SURFACE_SIDE_STYLE('',(#8247));
#8247 = SURFACE_STYLE_FILL_AREA(#8248);
#8248 = FILL_AREA_STYLE('',(#8249));
#8249 = FILL_AREA_STYLE_COLOUR('',#7867);
#8250 = STYLED_ITEM('color',(#8251),#1569);
#8251 = PRESENTATION_STYLE_ASSIGNMENT((#8252));
#8252 = SURFACE_STYLE_USAGE(.BOTH.,#8253);
#8253 = SURFACE_SIDE_STYLE('',(#8254));
#8254 = SURFACE_STYLE_FILL_AREA(#8255);
#8255 = FILL_AREA_STYLE('',(#8256));
#8256 = FILL_AREA_STYLE_COLOUR('',#7867);
#8257 = STYLED_ITEM('color',(#8258),#1600);
#8258 = PRESENTATION_STYLE_ASSIGNMENT((#8259));
#8259 = SURFACE_STYLE_USAGE(.BOTH.,#8260);
#8260 = SURFACE_SIDE_STYLE('',(#8261));
#8261 = SURFACE_STYLE_FILL_AREA(#8262);
#8262 = FILL_AREA_STYLE('',(#8263));
#8263 = FILL_AREA_STYLE_COLOUR('',#7867);
#8264 = STYLED_ITEM('color',(#8265),#2257);
#8265 = PRESENTATION_STYLE_ASSIGNMENT((#8266));
#8266 = SURFACE_STYLE_USAGE(.BOTH.,#8267);
#8267 = SURFACE_SIDE_STYLE('',(#8268));
#8268 = SURFACE_STYLE_FILL_AREA(#8269);
#8269 = FILL_AREA_STYLE('',(#8270));
#8270 = FILL_AREA_STYLE_COLOUR('',#7867);
#8271 = STYLED_ITEM('color',(#8272),#2914);
#8272 = PRESENTATION_STYLE_ASSIGNMENT((#8273));
#8273 = SURFACE_STYLE_USAGE(.BOTH.,#8274);
#8274 = SURFACE_SIDE_STYLE('',(#8275));
#8275 = SURFACE_STYLE_FILL_AREA(#8276);
#8276 = FILL_AREA_STYLE('',(#8277));
#8277 = FILL_AREA_STYLE_COLOUR('',#7867);
#8278 = STYLED_ITEM('color',(#8279),#2931);
#8279 = PRESENTATION_STYLE_ASSIGNMENT((#8280));
#8280 = SURFACE_STYLE_USAGE(.BOTH.,#8281);
#8281 = SURFACE_SIDE_STYLE('',(#8282));
#8282 = SURFACE_STYLE_FILL_AREA(#8283);
#8283 = FILL_AREA_STYLE('',(#8284));
#8284 = FILL_AREA_STYLE_COLOUR('',#7867);
#8285 = STYLED_ITEM('color',(#8286),#2948);
#8286 = PRESENTATION_STYLE_ASSIGNMENT((#8287));
#8287 = SURFACE_STYLE_USAGE(.BOTH.,#8288);
#8288 = SURFACE_SIDE_STYLE('',(#8289));
#8289 = SURFACE_STYLE_FILL_AREA(#8290);
#8290 = FILL_AREA_STYLE('',(#8291));
#8291 = FILL_AREA_STYLE_COLOUR('',#7867);
#8292 = STYLED_ITEM('color',(#8293),#2965);
#8293 = PRESENTATION_STYLE_ASSIGNMENT((#8294));
#8294 = SURFACE_STYLE_USAGE(.BOTH.,#8295);
#8295 = SURFACE_SIDE_STYLE('',(#8296));
#8296 = SURFACE_STYLE_FILL_AREA(#8297);
#8297 = FILL_AREA_STYLE('',(#8298));
#8298 = FILL_AREA_STYLE_COLOUR('',#7867);
#8299 = STYLED_ITEM('color',(#8300),#2982);
#8300 = PRESENTATION_STYLE_ASSIGNMENT((#8301));
#8301 = SURFACE_STYLE_USAGE(.BOTH.,#8302);
#8302 = SURFACE_SIDE_STYLE('',(#8303));
#8303 = SURFACE_STYLE_FILL_AREA(#8304);
#8304 = FILL_AREA_STYLE('',(#8305));
#8305 = FILL_AREA_STYLE_COLOUR('',#7867);
#8306 = STYLED_ITEM('color',(#8307),#2999);
#8307 = PRESENTATION_STYLE_ASSIGNMENT((#8308));
#8308 = SURFACE_STYLE_USAGE(.BOTH.,#8309);
#8309 = SURFACE_SIDE_STYLE('',(#8310));
#8310 = SURFACE_STYLE_FILL_AREA(#8311);
#8311 = FILL_AREA_STYLE('',(#8312));
#8312 = FILL_AREA_STYLE_COLOUR('',#7867);
#8313 = STYLED_ITEM('color',(#8314),#3016);
#8314 = PRESENTATION_STYLE_ASSIGNMENT((#8315));
#8315 = SURFACE_STYLE_USAGE(.BOTH.,#8316);
#8316 = SURFACE_SIDE_STYLE('',(#8317));
#8317 = SURFACE_STYLE_FILL_AREA(#8318);
#8318 = FILL_AREA_STYLE('',(#8319));
#8319 = FILL_AREA_STYLE_COLOUR('',#7867);
#8320 = STYLED_ITEM('color',(#8321),#3033);
#8321 = PRESENTATION_STYLE_ASSIGNMENT((#8322));
#8322 = SURFACE_STYLE_USAGE(.BOTH.,#8323);
#8323 = SURFACE_SIDE_STYLE('',(#8324));
#8324 = SURFACE_STYLE_FILL_AREA(#8325);
#8325 = FILL_AREA_STYLE('',(#8326));
#8326 = FILL_AREA_STYLE_COLOUR('',#7867);
#8327 = STYLED_ITEM('color',(#8328),#3050);
#8328 = PRESENTATION_STYLE_ASSIGNMENT((#8329));
#8329 = SURFACE_STYLE_USAGE(.BOTH.,#8330);
#8330 = SURFACE_SIDE_STYLE('',(#8331));
#8331 = SURFACE_STYLE_FILL_AREA(#8332);
#8332 = FILL_AREA_STYLE('',(#8333));
#8333 = FILL_AREA_STYLE_COLOUR('',#7867);
#8334 = STYLED_ITEM('color',(#8335),#3067);
#8335 = PRESENTATION_STYLE_ASSIGNMENT((#8336));
#8336 = SURFACE_STYLE_USAGE(.BOTH.,#8337);
#8337 = SURFACE_SIDE_STYLE('',(#8338));
#8338 = SURFACE_STYLE_FILL_AREA(#8339);
#8339 = FILL_AREA_STYLE('',(#8340));
#8340 = FILL_AREA_STYLE_COLOUR('',#7867);
#8341 = STYLED_ITEM('color',(#8342),#3084);
#8342 = PRESENTATION_STYLE_ASSIGNMENT((#8343));
#8343 = SURFACE_STYLE_USAGE(.BOTH.,#8344);
#8344 = SURFACE_SIDE_STYLE('',(#8345));
#8345 = SURFACE_STYLE_FILL_AREA(#8346);
#8346 = FILL_AREA_STYLE('',(#8347));
#8347 = FILL_AREA_STYLE_COLOUR('',#7867);
#8348 = STYLED_ITEM('color',(#8349),#3101);
#8349 = PRESENTATION_STYLE_ASSIGNMENT((#8350));
#8350 = SURFACE_STYLE_USAGE(.BOTH.,#8351);
#8351 = SURFACE_SIDE_STYLE('',(#8352));
#8352 = SURFACE_STYLE_FILL_AREA(#8353);
#8353 = FILL_AREA_STYLE('',(#8354));
#8354 = FILL_AREA_STYLE_COLOUR('',#7867);
#8355 = STYLED_ITEM('color',(#8356),#3118);
#8356 = PRESENTATION_STYLE_ASSIGNMENT((#8357));
#8357 = SURFACE_STYLE_USAGE(.BOTH.,#8358);
#8358 = SURFACE_SIDE_STYLE('',(#8359));
#8359 = SURFACE_STYLE_FILL_AREA(#8360);
#8360 = FILL_AREA_STYLE('',(#8361));
#8361 = FILL_AREA_STYLE_COLOUR('',#7867);
#8362 = STYLED_ITEM('color',(#8363),#3135);
#8363 = PRESENTATION_STYLE_ASSIGNMENT((#8364));
#8364 = SURFACE_STYLE_USAGE(.BOTH.,#8365);
#8365 = SURFACE_SIDE_STYLE('',(#8366));
#8366 = SURFACE_STYLE_FILL_AREA(#8367);
#8367 = FILL_AREA_STYLE('',(#8368));
#8368 = FILL_AREA_STYLE_COLOUR('',#7867);
#8369 = STYLED_ITEM('color',(#8370),#3152);
#8370 = PRESENTATION_STYLE_ASSIGNMENT((#8371));
#8371 = SURFACE_STYLE_USAGE(.BOTH.,#8372);
#8372 = SURFACE_SIDE_STYLE('',(#8373));
#8373 = SURFACE_STYLE_FILL_AREA(#8374);
#8374 = FILL_AREA_STYLE('',(#8375));
#8375 = FILL_AREA_STYLE_COLOUR('',#7867);
#8376 = STYLED_ITEM('color',(#8377),#3169);
#8377 = PRESENTATION_STYLE_ASSIGNMENT((#8378));
#8378 = SURFACE_STYLE_USAGE(.BOTH.,#8379);
#8379 = SURFACE_SIDE_STYLE('',(#8380));
#8380 = SURFACE_STYLE_FILL_AREA(#8381);
#8381 = FILL_AREA_STYLE('',(#8382));
#8382 = FILL_AREA_STYLE_COLOUR('',#7867);
#8383 = STYLED_ITEM('color',(#8384),#3186);
#8384 = PRESENTATION_STYLE_ASSIGNMENT((#8385));
#8385 = SURFACE_STYLE_USAGE(.BOTH.,#8386);
#8386 = SURFACE_SIDE_STYLE('',(#8387));
#8387 = SURFACE_STYLE_FILL_AREA(#8388);
#8388 = FILL_AREA_STYLE('',(#8389));
#8389 = FILL_AREA_STYLE_COLOUR('',#7867);
#8390 = STYLED_ITEM('color',(#8391),#3203);
#8391 = PRESENTATION_STYLE_ASSIGNMENT((#8392));
#8392 = SURFACE_STYLE_USAGE(.BOTH.,#8393);
#8393 = SURFACE_SIDE_STYLE('',(#8394));
#8394 = SURFACE_STYLE_FILL_AREA(#8395);
#8395 = FILL_AREA_STYLE('',(#8396));
#8396 = FILL_AREA_STYLE_COLOUR('',#7867);
#8397 = STYLED_ITEM('color',(#8398),#3220);
#8398 = PRESENTATION_STYLE_ASSIGNMENT((#8399));
#8399 = SURFACE_STYLE_USAGE(.BOTH.,#8400);
#8400 = SURFACE_SIDE_STYLE('',(#8401));
#8401 = SURFACE_STYLE_FILL_AREA(#8402);
#8402 = FILL_AREA_STYLE('',(#8403));
#8403 = FILL_AREA_STYLE_COLOUR('',#7867);
#8404 = STYLED_ITEM('color',(#8405),#3237);
#8405 = PRESENTATION_STYLE_ASSIGNMENT((#8406));
#8406 = SURFACE_STYLE_USAGE(.BOTH.,#8407);
#8407 = SURFACE_SIDE_STYLE('',(#8408));
#8408 = SURFACE_STYLE_FILL_AREA(#8409);
#8409 = FILL_AREA_STYLE('',(#8410));
#8410 = FILL_AREA_STYLE_COLOUR('',#7867);
#8411 = STYLED_ITEM('color',(#8412),#3254);
#8412 = PRESENTATION_STYLE_ASSIGNMENT((#8413));
#8413 = SURFACE_STYLE_USAGE(.BOTH.,#8414);
#8414 = SURFACE_SIDE_STYLE('',(#8415));
#8415 = SURFACE_STYLE_FILL_AREA(#8416);
#8416 = FILL_AREA_STYLE('',(#8417));
#8417 = FILL_AREA_STYLE_COLOUR('',#7867);
#8418 = STYLED_ITEM('color',(#8419),#3271);
#8419 = PRESENTATION_STYLE_ASSIGNMENT((#8420));
#8420 = SURFACE_STYLE_USAGE(.BOTH.,#8421);
#8421 = SURFACE_SIDE_STYLE('',(#8422));
#8422 = SURFACE_STYLE_FILL_AREA(#8423);
#8423 = FILL_AREA_STYLE('',(#8424));
#8424 = FILL_AREA_STYLE_COLOUR('',#7867);
#8425 = STYLED_ITEM('color',(#8426),#3288);
#8426 = PRESENTATION_STYLE_ASSIGNMENT((#8427));
#8427 = SURFACE_STYLE_USAGE(.BOTH.,#8428);
#8428 = SURFACE_SIDE_STYLE('',(#8429));
#8429 = SURFACE_STYLE_FILL_AREA(#8430);
#8430 = FILL_AREA_STYLE('',(#8431));
#8431 = FILL_AREA_STYLE_COLOUR('',#7867);
#8432 = STYLED_ITEM('color',(#8433),#3305);
#8433 = PRESENTATION_STYLE_ASSIGNMENT((#8434));
#8434 = SURFACE_STYLE_USAGE(.BOTH.,#8435);
#8435 = SURFACE_SIDE_STYLE('',(#8436));
#8436 = SURFACE_STYLE_FILL_AREA(#8437);
#8437 = FILL_AREA_STYLE('',(#8438));
#8438 = FILL_AREA_STYLE_COLOUR('',#7867);
#8439 = STYLED_ITEM('color',(#8440),#3322);
#8440 = PRESENTATION_STYLE_ASSIGNMENT((#8441));
#8441 = SURFACE_STYLE_USAGE(.BOTH.,#8442);
#8442 = SURFACE_SIDE_STYLE('',(#8443));
#8443 = SURFACE_STYLE_FILL_AREA(#8444);
#8444 = FILL_AREA_STYLE('',(#8445));
#8445 = FILL_AREA_STYLE_COLOUR('',#7867);
#8446 = STYLED_ITEM('color',(#8447),#3339);
#8447 = PRESENTATION_STYLE_ASSIGNMENT((#8448));
#8448 = SURFACE_STYLE_USAGE(.BOTH.,#8449);
#8449 = SURFACE_SIDE_STYLE('',(#8450));
#8450 = SURFACE_STYLE_FILL_AREA(#8451);
#8451 = FILL_AREA_STYLE('',(#8452));
#8452 = FILL_AREA_STYLE_COLOUR('',#7867);
#8453 = STYLED_ITEM('color',(#8454),#3356);
#8454 = PRESENTATION_STYLE_ASSIGNMENT((#8455));
#8455 = SURFACE_STYLE_USAGE(.BOTH.,#8456);
#8456 = SURFACE_SIDE_STYLE('',(#8457));
#8457 = SURFACE_STYLE_FILL_AREA(#8458);
#8458 = FILL_AREA_STYLE('',(#8459));
#8459 = FILL_AREA_STYLE_COLOUR('',#7867);
#8460 = STYLED_ITEM('color',(#8461),#3373);
#8461 = PRESENTATION_STYLE_ASSIGNMENT((#8462));
#8462 = SURFACE_STYLE_USAGE(.BOTH.,#8463);
#8463 = SURFACE_SIDE_STYLE('',(#8464));
#8464 = SURFACE_STYLE_FILL_AREA(#8465);
#8465 = FILL_AREA_STYLE('',(#8466));
#8466 = FILL_AREA_STYLE_COLOUR('',#7867);
#8467 = STYLED_ITEM('color',(#8468),#3390);
#8468 = PRESENTATION_STYLE_ASSIGNMENT((#8469));
#8469 = SURFACE_STYLE_USAGE(.BOTH.,#8470);
#8470 = SURFACE_SIDE_STYLE('',(#8471));
#8471 = SURFACE_STYLE_FILL_AREA(#8472);
#8472 = FILL_AREA_STYLE('',(#8473));
#8473 = FILL_AREA_STYLE_COLOUR('',#7867);
#8474 = STYLED_ITEM('color',(#8475),#3407);
#8475 = PRESENTATION_STYLE_ASSIGNMENT((#8476));
#8476 = SURFACE_STYLE_USAGE(.BOTH.,#8477);
#8477 = SURFACE_SIDE_STYLE('',(#8478));
#8478 = SURFACE_STYLE_FILL_AREA(#8479);
#8479 = FILL_AREA_STYLE('',(#8480));
#8480 = FILL_AREA_STYLE_COLOUR('',#7867);
#8481 = STYLED_ITEM('color',(#8482),#3424);
#8482 = PRESENTATION_STYLE_ASSIGNMENT((#8483));
#8483 = SURFACE_STYLE_USAGE(.BOTH.,#8484);
#8484 = SURFACE_SIDE_STYLE('',(#8485));
#8485 = SURFACE_STYLE_FILL_AREA(#8486);
#8486 = FILL_AREA_STYLE('',(#8487));
#8487 = FILL_AREA_STYLE_COLOUR('',#7867);
#8488 = STYLED_ITEM('color',(#8489),#3441);
#8489 = PRESENTATION_STYLE_ASSIGNMENT((#8490));
#8490 = SURFACE_STYLE_USAGE(.BOTH.,#8491);
#8491 = SURFACE_SIDE_STYLE('',(#8492));
#8492 = SURFACE_STYLE_FILL_AREA(#8493);
#8493 = FILL_AREA_STYLE('',(#8494));
#8494 = FILL_AREA_STYLE_COLOUR('',#7867);
#8495 = STYLED_ITEM('color',(#8496),#3458);
#8496 = PRESENTATION_STYLE_ASSIGNMENT((#8497));
#8497 = SURFACE_STYLE_USAGE(.BOTH.,#8498);
#8498 = SURFACE_SIDE_STYLE('',(#8499));
#8499 = SURFACE_STYLE_FILL_AREA(#8500);
#8500 = FILL_AREA_STYLE('',(#8501));
#8501 = FILL_AREA_STYLE_COLOUR('',#7867);
#8502 = STYLED_ITEM('color',(#8503),#3475);
#8503 = PRESENTATION_STYLE_ASSIGNMENT((#8504));
#8504 = SURFACE_STYLE_USAGE(.BOTH.,#8505);
#8505 = SURFACE_SIDE_STYLE('',(#8506));
#8506 = SURFACE_STYLE_FILL_AREA(#8507);
#8507 = FILL_AREA_STYLE('',(#8508));
#8508 = FILL_AREA_STYLE_COLOUR('',#7867);
#8509 = STYLED_ITEM('color',(#8510),#3492);
#8510 = PRESENTATION_STYLE_ASSIGNMENT((#8511));
#8511 = SURFACE_STYLE_USAGE(.BOTH.,#8512);
#8512 = SURFACE_SIDE_STYLE('',(#8513));
#8513 = SURFACE_STYLE_FILL_AREA(#8514);
#8514 = FILL_AREA_STYLE('',(#8515));
#8515 = FILL_AREA_STYLE_COLOUR('',#7867);
#8516 = STYLED_ITEM('color',(#8517),#3509);
#8517 = PRESENTATION_STYLE_ASSIGNMENT((#8518));
#8518 = SURFACE_STYLE_USAGE(.BOTH.,#8519);
#8519 = SURFACE_SIDE_STYLE('',(#8520));
#8520 = SURFACE_STYLE_FILL_AREA(#8521);
#8521 = FILL_AREA_STYLE('',(#8522));
#8522 = FILL_AREA_STYLE_COLOUR('',#7867);
#8523 = STYLED_ITEM('color',(#8524),#3526);
#8524 = PRESENTATION_STYLE_ASSIGNMENT((#8525));
#8525 = SURFACE_STYLE_USAGE(.BOTH.,#8526);
#8526 = SURFACE_SIDE_STYLE('',(#8527));
#8527 = SURFACE_STYLE_FILL_AREA(#8528);
#8528 = FILL_AREA_STYLE('',(#8529));
#8529 = FILL_AREA_STYLE_COLOUR('',#7867);
#8530 = STYLED_ITEM('color',(#8531),#3543);
#8531 = PRESENTATION_STYLE_ASSIGNMENT((#8532));
#8532 = SURFACE_STYLE_USAGE(.BOTH.,#8533);
#8533 = SURFACE_SIDE_STYLE('',(#8534));
#8534 = SURFACE_STYLE_FILL_AREA(#8535);
#8535 = FILL_AREA_STYLE('',(#8536));
#8536 = FILL_AREA_STYLE_COLOUR('',#7867);
#8537 = STYLED_ITEM('color',(#8538),#3560);
#8538 = PRESENTATION_STYLE_ASSIGNMENT((#8539));
#8539 = SURFACE_STYLE_USAGE(.BOTH.,#8540);
#8540 = SURFACE_SIDE_STYLE('',(#8541));
#8541 = SURFACE_STYLE_FILL_AREA(#8542);
#8542 = FILL_AREA_STYLE('',(#8543));
#8543 = FILL_AREA_STYLE_COLOUR('',#7867);
#8544 = STYLED_ITEM('color',(#8545),#3577);
#8545 = PRESENTATION_STYLE_ASSIGNMENT((#8546));
#8546 = SURFACE_STYLE_USAGE(.BOTH.,#8547);
#8547 = SURFACE_SIDE_STYLE('',(#8548));
#8548 = SURFACE_STYLE_FILL_AREA(#8549);
#8549 = FILL_AREA_STYLE('',(#8550));
#8550 = FILL_AREA_STYLE_COLOUR('',#7867);
#8551 = STYLED_ITEM('color',(#8552),#3594);
#8552 = PRESENTATION_STYLE_ASSIGNMENT((#8553));
#8553 = SURFACE_STYLE_USAGE(.BOTH.,#8554);
#8554 = SURFACE_SIDE_STYLE('',(#8555));
#8555 = SURFACE_STYLE_FILL_AREA(#8556);
#8556 = FILL_AREA_STYLE('',(#8557));
#8557 = FILL_AREA_STYLE_COLOUR('',#7867);
#8558 = STYLED_ITEM('color',(#8559),#3611);
#8559 = PRESENTATION_STYLE_ASSIGNMENT((#8560));
#8560 = SURFACE_STYLE_USAGE(.BOTH.,#8561);
#8561 = SURFACE_SIDE_STYLE('',(#8562));
#8562 = SURFACE_STYLE_FILL_AREA(#8563);
#8563 = FILL_AREA_STYLE('',(#8564));
#8564 = FILL_AREA_STYLE_COLOUR('',#7867);
#8565 = STYLED_ITEM('color',(#8566),#3628);
#8566 = PRESENTATION_STYLE_ASSIGNMENT((#8567));
#8567 = SURFACE_STYLE_USAGE(.BOTH.,#8568);
#8568 = SURFACE_SIDE_STYLE('',(#8569));
#8569 = SURFACE_STYLE_FILL_AREA(#8570);
#8570 = FILL_AREA_STYLE('',(#8571));
#8571 = FILL_AREA_STYLE_COLOUR('',#7867);
#8572 = STYLED_ITEM('color',(#8573),#3645);
#8573 = PRESENTATION_STYLE_ASSIGNMENT((#8574));
#8574 = SURFACE_STYLE_USAGE(.BOTH.,#8575);
#8575 = SURFACE_SIDE_STYLE('',(#8576));
#8576 = SURFACE_STYLE_FILL_AREA(#8577);
#8577 = FILL_AREA_STYLE('',(#8578));
#8578 = FILL_AREA_STYLE_COLOUR('',#7867);
#8579 = STYLED_ITEM('color',(#8580),#3662);
#8580 = PRESENTATION_STYLE_ASSIGNMENT((#8581));
#8581 = SURFACE_STYLE_USAGE(.BOTH.,#8582);
#8582 = SURFACE_SIDE_STYLE('',(#8583));
#8583 = SURFACE_STYLE_FILL_AREA(#8584);
#8584 = FILL_AREA_STYLE('',(#8585));
#8585 = FILL_AREA_STYLE_COLOUR('',#7867);
#8586 = STYLED_ITEM('color',(#8587),#3679);
#8587 = PRESENTATION_STYLE_ASSIGNMENT((#8588));
#8588 = SURFACE_STYLE_USAGE(.BOTH.,#8589);
#8589 = SURFACE_SIDE_STYLE('',(#8590));
#8590 = SURFACE_STYLE_FILL_AREA(#8591);
#8591 = FILL_AREA_STYLE('',(#8592));
#8592 = FILL_AREA_STYLE_COLOUR('',#7867);
#8593 = STYLED_ITEM('color',(#8594),#3696);
#8594 = PRESENTATION_STYLE_ASSIGNMENT((#8595));
#8595 = SURFACE_STYLE_USAGE(.BOTH.,#8596);
#8596 = SURFACE_SIDE_STYLE('',(#8597));
#8597 = SURFACE_STYLE_FILL_AREA(#8598);
#8598 = FILL_AREA_STYLE('',(#8599));
#8599 = FILL_AREA_STYLE_COLOUR('',#7867);
#8600 = STYLED_ITEM('color',(#8601),#3708);
#8601 = PRESENTATION_STYLE_ASSIGNMENT((#8602));
#8602 = SURFACE_STYLE_USAGE(.BOTH.,#8603);
#8603 = SURFACE_SIDE_STYLE('',(#8604));
#8604 = SURFACE_STYLE_FILL_AREA(#8605);
#8605 = FILL_AREA_STYLE('',(#8606));
#8606 = FILL_AREA_STYLE_COLOUR('',#7980);
#8607 = STYLED_ITEM('color',(#8608),#3739);
#8608 = PRESENTATION_STYLE_ASSIGNMENT((#8609));
#8609 = SURFACE_STYLE_USAGE(.BOTH.,#8610);
#8610 = SURFACE_SIDE_STYLE('',(#8611));
#8611 = SURFACE_STYLE_FILL_AREA(#8612);
#8612 = FILL_AREA_STYLE('',(#8613));
#8613 = FILL_AREA_STYLE_COLOUR('',#7980);
#8614 = STYLED_ITEM('color',(#8615),#3763);
#8615 = PRESENTATION_STYLE_ASSIGNMENT((#8616));
#8616 = SURFACE_STYLE_USAGE(.BOTH.,#8617);
#8617 = SURFACE_SIDE_STYLE('',(#8618));
#8618 = SURFACE_STYLE_FILL_AREA(#8619);
#8619 = FILL_AREA_STYLE('',(#8620));
#8620 = FILL_AREA_STYLE_COLOUR('',#7980);
#8621 = STYLED_ITEM('color',(#8622),#3787);
#8622 = PRESENTATION_STYLE_ASSIGNMENT((#8623));
#8623 = SURFACE_STYLE_USAGE(.BOTH.,#8624);
#8624 = SURFACE_SIDE_STYLE('',(#8625));
#8625 = SURFACE_STYLE_FILL_AREA(#8626);
#8626 = FILL_AREA_STYLE('',(#8627));
#8627 = FILL_AREA_STYLE_COLOUR('',#7980);
#8628 = STYLED_ITEM('color',(#8629),#3804);
#8629 = PRESENTATION_STYLE_ASSIGNMENT((#8630));
#8630 = SURFACE_STYLE_USAGE(.BOTH.,#8631);
#8631 = SURFACE_SIDE_STYLE('',(#8632));
#8632 = SURFACE_STYLE_FILL_AREA(#8633);
#8633 = FILL_AREA_STYLE('',(#8634));
#8634 = FILL_AREA_STYLE_COLOUR('',#7980);
#8635 = STYLED_ITEM('color',(#8636),#3835);
#8636 = PRESENTATION_STYLE_ASSIGNMENT((#8637));
#8637 = SURFACE_STYLE_USAGE(.BOTH.,#8638);
#8638 = SURFACE_SIDE_STYLE('',(#8639));
#8639 = SURFACE_STYLE_FILL_AREA(#8640);
#8640 = FILL_AREA_STYLE('',(#8641));
#8641 = FILL_AREA_STYLE_COLOUR('',#7980);
#8642 = STYLED_ITEM('color',(#8643),#3859);
#8643 = PRESENTATION_STYLE_ASSIGNMENT((#8644));
#8644 = SURFACE_STYLE_USAGE(.BOTH.,#8645);
#8645 = SURFACE_SIDE_STYLE('',(#8646));
#8646 = SURFACE_STYLE_FILL_AREA(#8647);
#8647 = FILL_AREA_STYLE('',(#8648));
#8648 = FILL_AREA_STYLE_COLOUR('',#7980);
#8649 = STYLED_ITEM('color',(#8650),#3883);
#8650 = PRESENTATION_STYLE_ASSIGNMENT((#8651));
#8651 = SURFACE_STYLE_USAGE(.BOTH.,#8652);
#8652 = SURFACE_SIDE_STYLE('',(#8653));
#8653 = SURFACE_STYLE_FILL_AREA(#8654);
#8654 = FILL_AREA_STYLE('',(#8655));
#8655 = FILL_AREA_STYLE_COLOUR('',#7980);
#8656 = STYLED_ITEM('color',(#8657),#3900);
#8657 = PRESENTATION_STYLE_ASSIGNMENT((#8658));
#8658 = SURFACE_STYLE_USAGE(.BOTH.,#8659);
#8659 = SURFACE_SIDE_STYLE('',(#8660));
#8660 = SURFACE_STYLE_FILL_AREA(#8661);
#8661 = FILL_AREA_STYLE('',(#8662));
#8662 = FILL_AREA_STYLE_COLOUR('',#7980);
#8663 = STYLED_ITEM('color',(#8664),#3931);
#8664 = PRESENTATION_STYLE_ASSIGNMENT((#8665));
#8665 = SURFACE_STYLE_USAGE(.BOTH.,#8666);
#8666 = SURFACE_SIDE_STYLE('',(#8667));
#8667 = SURFACE_STYLE_FILL_AREA(#8668);
#8668 = FILL_AREA_STYLE('',(#8669));
#8669 = FILL_AREA_STYLE_COLOUR('',#7980);
#8670 = STYLED_ITEM('color',(#8671),#3955);
#8671 = PRESENTATION_STYLE_ASSIGNMENT((#8672));
#8672 = SURFACE_STYLE_USAGE(.BOTH.,#8673);
#8673 = SURFACE_SIDE_STYLE('',(#8674));
#8674 = SURFACE_STYLE_FILL_AREA(#8675);
#8675 = FILL_AREA_STYLE('',(#8676));
#8676 = FILL_AREA_STYLE_COLOUR('',#7980);
#8677 = STYLED_ITEM('color',(#8678),#3979);
#8678 = PRESENTATION_STYLE_ASSIGNMENT((#8679));
#8679 = SURFACE_STYLE_USAGE(.BOTH.,#8680);
#8680 = SURFACE_SIDE_STYLE('',(#8681));
#8681 = SURFACE_STYLE_FILL_AREA(#8682);
#8682 = FILL_AREA_STYLE('',(#8683));
#8683 = FILL_AREA_STYLE_COLOUR('',#7980);
#8684 = STYLED_ITEM('color',(#8685),#3996);
#8685 = PRESENTATION_STYLE_ASSIGNMENT((#8686));
#8686 = SURFACE_STYLE_USAGE(.BOTH.,#8687);
#8687 = SURFACE_SIDE_STYLE('',(#8688));
#8688 = SURFACE_STYLE_FILL_AREA(#8689);
#8689 = FILL_AREA_STYLE('',(#8690));
#8690 = FILL_AREA_STYLE_COLOUR('',#7980);
#8691 = STYLED_ITEM('color',(#8692),#4027);
#8692 = PRESENTATION_STYLE_ASSIGNMENT((#8693));
#8693 = SURFACE_STYLE_USAGE(.BOTH.,#8694);
#8694 = SURFACE_SIDE_STYLE('',(#8695));
#8695 = SURFACE_STYLE_FILL_AREA(#8696);
#8696 = FILL_AREA_STYLE('',(#8697));
#8697 = FILL_AREA_STYLE_COLOUR('',#7980);
#8698 = STYLED_ITEM('color',(#8699),#4051);
#8699 = PRESENTATION_STYLE_ASSIGNMENT((#8700));
#8700 = SURFACE_STYLE_USAGE(.BOTH.,#8701);
#8701 = SURFACE_SIDE_STYLE('',(#8702));
#8702 = SURFACE_STYLE_FILL_AREA(#8703);
#8703 = FILL_AREA_STYLE('',(#8704));
#8704 = FILL_AREA_STYLE_COLOUR('',#7980);
#8705 = STYLED_ITEM('color',(#8706),#4075);
#8706 = PRESENTATION_STYLE_ASSIGNMENT((#8707));
#8707 = SURFACE_STYLE_USAGE(.BOTH.,#8708);
#8708 = SURFACE_SIDE_STYLE('',(#8709));
#8709 = SURFACE_STYLE_FILL_AREA(#8710);
#8710 = FILL_AREA_STYLE('',(#8711));
#8711 = FILL_AREA_STYLE_COLOUR('',#7980);
#8712 = STYLED_ITEM('color',(#8713),#4092);
#8713 = PRESENTATION_STYLE_ASSIGNMENT((#8714));
#8714 = SURFACE_STYLE_USAGE(.BOTH.,#8715);
#8715 = SURFACE_SIDE_STYLE('',(#8716));
#8716 = SURFACE_STYLE_FILL_AREA(#8717);
#8717 = FILL_AREA_STYLE('',(#8718));
#8718 = FILL_AREA_STYLE_COLOUR('',#7980);
#8719 = STYLED_ITEM('color',(#8720),#4123);
#8720 = PRESENTATION_STYLE_ASSIGNMENT((#8721));
#8721 = SURFACE_STYLE_USAGE(.BOTH.,#8722);
#8722 = SURFACE_SIDE_STYLE('',(#8723));
#8723 = SURFACE_STYLE_FILL_AREA(#8724);
#8724 = FILL_AREA_STYLE('',(#8725));
#8725 = FILL_AREA_STYLE_COLOUR('',#7980);
#8726 = STYLED_ITEM('color',(#8727),#4147);
#8727 = PRESENTATION_STYLE_ASSIGNMENT((#8728));
#8728 = SURFACE_STYLE_USAGE(.BOTH.,#8729);
#8729 = SURFACE_SIDE_STYLE('',(#8730));
#8730 = SURFACE_STYLE_FILL_AREA(#8731);
#8731 = FILL_AREA_STYLE('',(#8732));
#8732 = FILL_AREA_STYLE_COLOUR('',#7980);
#8733 = STYLED_ITEM('color',(#8734),#4171);
#8734 = PRESENTATION_STYLE_ASSIGNMENT((#8735));
#8735 = SURFACE_STYLE_USAGE(.BOTH.,#8736);
#8736 = SURFACE_SIDE_STYLE('',(#8737));
#8737 = SURFACE_STYLE_FILL_AREA(#8738);
#8738 = FILL_AREA_STYLE('',(#8739));
#8739 = FILL_AREA_STYLE_COLOUR('',#7980);
#8740 = STYLED_ITEM('color',(#8741),#4188);
#8741 = PRESENTATION_STYLE_ASSIGNMENT((#8742));
#8742 = SURFACE_STYLE_USAGE(.BOTH.,#8743);
#8743 = SURFACE_SIDE_STYLE('',(#8744));
#8744 = SURFACE_STYLE_FILL_AREA(#8745);
#8745 = FILL_AREA_STYLE('',(#8746));
#8746 = FILL_AREA_STYLE_COLOUR('',#7980);
#8747 = STYLED_ITEM('color',(#8748),#4219);
#8748 = PRESENTATION_STYLE_ASSIGNMENT((#8749));
#8749 = SURFACE_STYLE_USAGE(.BOTH.,#8750);
#8750 = SURFACE_SIDE_STYLE('',(#8751));
#8751 = SURFACE_STYLE_FILL_AREA(#8752);
#8752 = FILL_AREA_STYLE('',(#8753));
#8753 = FILL_AREA_STYLE_COLOUR('',#7980);
#8754 = STYLED_ITEM('color',(#8755),#4243);
#8755 = PRESENTATION_STYLE_ASSIGNMENT((#8756));
#8756 = SURFACE_STYLE_USAGE(.BOTH.,#8757);
#8757 = SURFACE_SIDE_STYLE('',(#8758));
#8758 = SURFACE_STYLE_FILL_AREA(#8759);
#8759 = FILL_AREA_STYLE('',(#8760));
#8760 = FILL_AREA_STYLE_COLOUR('',#7980);
#8761 = STYLED_ITEM('color',(#8762),#4267);
#8762 = PRESENTATION_STYLE_ASSIGNMENT((#8763));
#8763 = SURFACE_STYLE_USAGE(.BOTH.,#8764);
#8764 = SURFACE_SIDE_STYLE('',(#8765));
#8765 = SURFACE_STYLE_FILL_AREA(#8766);
#8766 = FILL_AREA_STYLE('',(#8767));
#8767 = FILL_AREA_STYLE_COLOUR('',#7980);
#8768 = STYLED_ITEM('color',(#8769),#4284);
#8769 = PRESENTATION_STYLE_ASSIGNMENT((#8770));
#8770 = SURFACE_STYLE_USAGE(.BOTH.,#8771);
#8771 = SURFACE_SIDE_STYLE('',(#8772));
#8772 = SURFACE_STYLE_FILL_AREA(#8773);
#8773 = FILL_AREA_STYLE('',(#8774));
#8774 = FILL_AREA_STYLE_COLOUR('',#7980);
#8775 = STYLED_ITEM('color',(#8776),#4315);
#8776 = PRESENTATION_STYLE_ASSIGNMENT((#8777));
#8777 = SURFACE_STYLE_USAGE(.BOTH.,#8778);
#8778 = SURFACE_SIDE_STYLE('',(#8779));
#8779 = SURFACE_STYLE_FILL_AREA(#8780);
#8780 = FILL_AREA_STYLE('',(#8781));
#8781 = FILL_AREA_STYLE_COLOUR('',#7980);
#8782 = STYLED_ITEM('color',(#8783),#4339);
#8783 = PRESENTATION_STYLE_ASSIGNMENT((#8784));
#8784 = SURFACE_STYLE_USAGE(.BOTH.,#8785);
#8785 = SURFACE_SIDE_STYLE('',(#8786));
#8786 = SURFACE_STYLE_FILL_AREA(#8787);
#8787 = FILL_AREA_STYLE('',(#8788));
#8788 = FILL_AREA_STYLE_COLOUR('',#7980);
#8789 = STYLED_ITEM('color',(#8790),#4363);
#8790 = PRESENTATION_STYLE_ASSIGNMENT((#8791));
#8791 = SURFACE_STYLE_USAGE(.BOTH.,#8792);
#8792 = SURFACE_SIDE_STYLE('',(#8793));
#8793 = SURFACE_STYLE_FILL_AREA(#8794);
#8794 = FILL_AREA_STYLE('',(#8795));
#8795 = FILL_AREA_STYLE_COLOUR('',#7980);
#8796 = STYLED_ITEM('color',(#8797),#4380);
#8797 = PRESENTATION_STYLE_ASSIGNMENT((#8798));
#8798 = SURFACE_STYLE_USAGE(.BOTH.,#8799);
#8799 = SURFACE_SIDE_STYLE('',(#8800));
#8800 = SURFACE_STYLE_FILL_AREA(#8801);
#8801 = FILL_AREA_STYLE('',(#8802));
#8802 = FILL_AREA_STYLE_COLOUR('',#7980);
#8803 = STYLED_ITEM('color',(#8804),#4411);
#8804 = PRESENTATION_STYLE_ASSIGNMENT((#8805));
#8805 = SURFACE_STYLE_USAGE(.BOTH.,#8806);
#8806 = SURFACE_SIDE_STYLE('',(#8807));
#8807 = SURFACE_STYLE_FILL_AREA(#8808);
#8808 = FILL_AREA_STYLE('',(#8809));
#8809 = FILL_AREA_STYLE_COLOUR('',#7980);
#8810 = STYLED_ITEM('color',(#8811),#4435);
#8811 = PRESENTATION_STYLE_ASSIGNMENT((#8812));
#8812 = SURFACE_STYLE_USAGE(.BOTH.,#8813);
#8813 = SURFACE_SIDE_STYLE('',(#8814));
#8814 = SURFACE_STYLE_FILL_AREA(#8815);
#8815 = FILL_AREA_STYLE('',(#8816));
#8816 = FILL_AREA_STYLE_COLOUR('',#7980);
#8817 = STYLED_ITEM('color',(#8818),#4459);
#8818 = PRESENTATION_STYLE_ASSIGNMENT((#8819));
#8819 = SURFACE_STYLE_USAGE(.BOTH.,#8820);
#8820 = SURFACE_SIDE_STYLE('',(#8821));
#8821 = SURFACE_STYLE_FILL_AREA(#8822);
#8822 = FILL_AREA_STYLE('',(#8823));
#8823 = FILL_AREA_STYLE_COLOUR('',#7980);
#8824 = STYLED_ITEM('color',(#8825),#4476);
#8825 = PRESENTATION_STYLE_ASSIGNMENT((#8826));
#8826 = SURFACE_STYLE_USAGE(.BOTH.,#8827);
#8827 = SURFACE_SIDE_STYLE('',(#8828));
#8828 = SURFACE_STYLE_FILL_AREA(#8829);
#8829 = FILL_AREA_STYLE('',(#8830));
#8830 = FILL_AREA_STYLE_COLOUR('',#7980);
#8831 = STYLED_ITEM('color',(#8832),#4507);
#8832 = PRESENTATION_STYLE_ASSIGNMENT((#8833));
#8833 = SURFACE_STYLE_USAGE(.BOTH.,#8834);
#8834 = SURFACE_SIDE_STYLE('',(#8835));
#8835 = SURFACE_STYLE_FILL_AREA(#8836);
#8836 = FILL_AREA_STYLE('',(#8837));
#8837 = FILL_AREA_STYLE_COLOUR('',#7980);
#8838 = STYLED_ITEM('color',(#8839),#4531);
#8839 = PRESENTATION_STYLE_ASSIGNMENT((#8840));
#8840 = SURFACE_STYLE_USAGE(.BOTH.,#8841);
#8841 = SURFACE_SIDE_STYLE('',(#8842));
#8842 = SURFACE_STYLE_FILL_AREA(#8843);
#8843 = FILL_AREA_STYLE('',(#8844));
#8844 = FILL_AREA_STYLE_COLOUR('',#7980);
#8845 = STYLED_ITEM('color',(#8846),#4555);
#8846 = PRESENTATION_STYLE_ASSIGNMENT((#8847));
#8847 = SURFACE_STYLE_USAGE(.BOTH.,#8848);
#8848 = SURFACE_SIDE_STYLE('',(#8849));
#8849 = SURFACE_STYLE_FILL_AREA(#8850);
#8850 = FILL_AREA_STYLE('',(#8851));
#8851 = FILL_AREA_STYLE_COLOUR('',#7980);
#8852 = STYLED_ITEM('color',(#8853),#4572);
#8853 = PRESENTATION_STYLE_ASSIGNMENT((#8854));
#8854 = SURFACE_STYLE_USAGE(.BOTH.,#8855);
#8855 = SURFACE_SIDE_STYLE('',(#8856));
#8856 = SURFACE_STYLE_FILL_AREA(#8857);
#8857 = FILL_AREA_STYLE('',(#8858));
#8858 = FILL_AREA_STYLE_COLOUR('',#7980);
#8859 = STYLED_ITEM('color',(#8860),#4603);
#8860 = PRESENTATION_STYLE_ASSIGNMENT((#8861));
#8861 = SURFACE_STYLE_USAGE(.BOTH.,#8862);
#8862 = SURFACE_SIDE_STYLE('',(#8863));
#8863 = SURFACE_STYLE_FILL_AREA(#8864);
#8864 = FILL_AREA_STYLE('',(#8865));
#8865 = FILL_AREA_STYLE_COLOUR('',#7980);
#8866 = STYLED_ITEM('color',(#8867),#4627);
#8867 = PRESENTATION_STYLE_ASSIGNMENT((#8868));
#8868 = SURFACE_STYLE_USAGE(.BOTH.,#8869);
#8869 = SURFACE_SIDE_STYLE('',(#8870));
#8870 = SURFACE_STYLE_FILL_AREA(#8871);
#8871 = FILL_AREA_STYLE('',(#8872));
#8872 = FILL_AREA_STYLE_COLOUR('',#7980);
#8873 = STYLED_ITEM('color',(#8874),#4651);
#8874 = PRESENTATION_STYLE_ASSIGNMENT((#8875));
#8875 = SURFACE_STYLE_USAGE(.BOTH.,#8876);
#8876 = SURFACE_SIDE_STYLE('',(#8877));
#8877 = SURFACE_STYLE_FILL_AREA(#8878);
#8878 = FILL_AREA_STYLE('',(#8879));
#8879 = FILL_AREA_STYLE_COLOUR('',#7980);
#8880 = STYLED_ITEM('color',(#8881),#4668);
#8881 = PRESENTATION_STYLE_ASSIGNMENT((#8882));
#8882 = SURFACE_STYLE_USAGE(.BOTH.,#8883);
#8883 = SURFACE_SIDE_STYLE('',(#8884));
#8884 = SURFACE_STYLE_FILL_AREA(#8885);
#8885 = FILL_AREA_STYLE('',(#8886));
#8886 = FILL_AREA_STYLE_COLOUR('',#7980);
#8887 = STYLED_ITEM('color',(#8888),#4699);
#8888 = PRESENTATION_STYLE_ASSIGNMENT((#8889));
#8889 = SURFACE_STYLE_USAGE(.BOTH.,#8890);
#8890 = SURFACE_SIDE_STYLE('',(#8891));
#8891 = SURFACE_STYLE_FILL_AREA(#8892);
#8892 = FILL_AREA_STYLE('',(#8893));
#8893 = FILL_AREA_STYLE_COLOUR('',#7980);
#8894 = STYLED_ITEM('color',(#8895),#4723);
#8895 = PRESENTATION_STYLE_ASSIGNMENT((#8896));
#8896 = SURFACE_STYLE_USAGE(.BOTH.,#8897);
#8897 = SURFACE_SIDE_STYLE('',(#8898));
#8898 = SURFACE_STYLE_FILL_AREA(#8899);
#8899 = FILL_AREA_STYLE('',(#8900));
#8900 = FILL_AREA_STYLE_COLOUR('',#7980);
#8901 = STYLED_ITEM('color',(#8902),#4747);
#8902 = PRESENTATION_STYLE_ASSIGNMENT((#8903));
#8903 = SURFACE_STYLE_USAGE(.BOTH.,#8904);
#8904 = SURFACE_SIDE_STYLE('',(#8905));
#8905 = SURFACE_STYLE_FILL_AREA(#8906);
#8906 = FILL_AREA_STYLE('',(#8907));
#8907 = FILL_AREA_STYLE_COLOUR('',#7980);
#8908 = STYLED_ITEM('color',(#8909),#4764);
#8909 = PRESENTATION_STYLE_ASSIGNMENT((#8910));
#8910 = SURFACE_STYLE_USAGE(.BOTH.,#8911);
#8911 = SURFACE_SIDE_STYLE('',(#8912));
#8912 = SURFACE_STYLE_FILL_AREA(#8913);
#8913 = FILL_AREA_STYLE('',(#8914));
#8914 = FILL_AREA_STYLE_COLOUR('',#7980);
#8915 = STYLED_ITEM('color',(#8916),#4795);
#8916 = PRESENTATION_STYLE_ASSIGNMENT((#8917));
#8917 = SURFACE_STYLE_USAGE(.BOTH.,#8918);
#8918 = SURFACE_SIDE_STYLE('',(#8919));
#8919 = SURFACE_STYLE_FILL_AREA(#8920);
#8920 = FILL_AREA_STYLE('',(#8921));
#8921 = FILL_AREA_STYLE_COLOUR('',#7980);
#8922 = STYLED_ITEM('color',(#8923),#4819);
#8923 = PRESENTATION_STYLE_ASSIGNMENT((#8924));
#8924 = SURFACE_STYLE_USAGE(.BOTH.,#8925);
#8925 = SURFACE_SIDE_STYLE('',(#8926));
#8926 = SURFACE_STYLE_FILL_AREA(#8927);
#8927 = FILL_AREA_STYLE('',(#8928));
#8928 = FILL_AREA_STYLE_COLOUR('',#7980);
#8929 = STYLED_ITEM('color',(#8930),#4843);
#8930 = PRESENTATION_STYLE_ASSIGNMENT((#8931));
#8931 = SURFACE_STYLE_USAGE(.BOTH.,#8932);
#8932 = SURFACE_SIDE_STYLE('',(#8933));
#8933 = SURFACE_STYLE_FILL_AREA(#8934);
#8934 = FILL_AREA_STYLE('',(#8935));
#8935 = FILL_AREA_STYLE_COLOUR('',#7980);
#8936 = STYLED_ITEM('color',(#8937),#4860);
#8937 = PRESENTATION_STYLE_ASSIGNMENT((#8938));
#8938 = SURFACE_STYLE_USAGE(.BOTH.,#8939);
#8939 = SURFACE_SIDE_STYLE('',(#8940));
#8940 = SURFACE_STYLE_FILL_AREA(#8941);
#8941 = FILL_AREA_STYLE('',(#8942));
#8942 = FILL_AREA_STYLE_COLOUR('',#7980);
#8943 = STYLED_ITEM('color',(#8944),#4891);
#8944 = PRESENTATION_STYLE_ASSIGNMENT((#8945));
#8945 = SURFACE_STYLE_USAGE(.BOTH.,#8946);
#8946 = SURFACE_SIDE_STYLE('',(#8947));
#8947 = SURFACE_STYLE_FILL_AREA(#8948);
#8948 = FILL_AREA_STYLE('',(#8949));
#8949 = FILL_AREA_STYLE_COLOUR('',#7980);
#8950 = STYLED_ITEM('color',(#8951),#4915);
#8951 = PRESENTATION_STYLE_ASSIGNMENT((#8952));
#8952 = SURFACE_STYLE_USAGE(.BOTH.,#8953);
#8953 = SURFACE_SIDE_STYLE('',(#8954));
#8954 = SURFACE_STYLE_FILL_AREA(#8955);
#8955 = FILL_AREA_STYLE('',(#8956));
#8956 = FILL_AREA_STYLE_COLOUR('',#7980);
#8957 = STYLED_ITEM('color',(#8958),#4939);
#8958 = PRESENTATION_STYLE_ASSIGNMENT((#8959));
#8959 = SURFACE_STYLE_USAGE(.BOTH.,#8960);
#8960 = SURFACE_SIDE_STYLE('',(#8961));
#8961 = SURFACE_STYLE_FILL_AREA(#8962);
#8962 = FILL_AREA_STYLE('',(#8963));
#8963 = FILL_AREA_STYLE_COLOUR('',#7980);
#8964 = STYLED_ITEM('color',(#8965),#4956);
#8965 = PRESENTATION_STYLE_ASSIGNMENT((#8966));
#8966 = SURFACE_STYLE_USAGE(.BOTH.,#8967);
#8967 = SURFACE_SIDE_STYLE('',(#8968));
#8968 = SURFACE_STYLE_FILL_AREA(#8969);
#8969 = FILL_AREA_STYLE('',(#8970));
#8970 = FILL_AREA_STYLE_COLOUR('',#7980);
#8971 = STYLED_ITEM('color',(#8972),#4987);
#8972 = PRESENTATION_STYLE_ASSIGNMENT((#8973));
#8973 = SURFACE_STYLE_USAGE(.BOTH.,#8974);
#8974 = SURFACE_SIDE_STYLE('',(#8975));
#8975 = SURFACE_STYLE_FILL_AREA(#8976);
#8976 = FILL_AREA_STYLE('',(#8977));
#8977 = FILL_AREA_STYLE_COLOUR('',#7980);
#8978 = STYLED_ITEM('color',(#8979),#5011);
#8979 = PRESENTATION_STYLE_ASSIGNMENT((#8980));
#8980 = SURFACE_STYLE_USAGE(.BOTH.,#8981);
#8981 = SURFACE_SIDE_STYLE('',(#8982));
#8982 = SURFACE_STYLE_FILL_AREA(#8983);
#8983 = FILL_AREA_STYLE('',(#8984));
#8984 = FILL_AREA_STYLE_COLOUR('',#7980);
#8985 = STYLED_ITEM('color',(#8986),#5035);
#8986 = PRESENTATION_STYLE_ASSIGNMENT((#8987));
#8987 = SURFACE_STYLE_USAGE(.BOTH.,#8988);
#8988 = SURFACE_SIDE_STYLE('',(#8989));
#8989 = SURFACE_STYLE_FILL_AREA(#8990);
#8990 = FILL_AREA_STYLE('',(#8991));
#8991 = FILL_AREA_STYLE_COLOUR('',#7980);
#8992 = STYLED_ITEM('color',(#8993),#5052);
#8993 = PRESENTATION_STYLE_ASSIGNMENT((#8994));
#8994 = SURFACE_STYLE_USAGE(.BOTH.,#8995);
#8995 = SURFACE_SIDE_STYLE('',(#8996));
#8996 = SURFACE_STYLE_FILL_AREA(#8997);
#8997 = FILL_AREA_STYLE('',(#8998));
#8998 = FILL_AREA_STYLE_COLOUR('',#7980);
#8999 = STYLED_ITEM('color',(#9000),#5083);
#9000 = PRESENTATION_STYLE_ASSIGNMENT((#9001));
#9001 = SURFACE_STYLE_USAGE(.BOTH.,#9002);
#9002 = SURFACE_SIDE_STYLE('',(#9003));
#9003 = SURFACE_STYLE_FILL_AREA(#9004);
#9004 = FILL_AREA_STYLE('',(#9005));
#9005 = FILL_AREA_STYLE_COLOUR('',#7980);
#9006 = STYLED_ITEM('color',(#9007),#5107);
#9007 = PRESENTATION_STYLE_ASSIGNMENT((#9008));
#9008 = SURFACE_STYLE_USAGE(.BOTH.,#9009);
#9009 = SURFACE_SIDE_STYLE('',(#9010));
#9010 = SURFACE_STYLE_FILL_AREA(#9011);
#9011 = FILL_AREA_STYLE('',(#9012));
#9012 = FILL_AREA_STYLE_COLOUR('',#7980);
#9013 = STYLED_ITEM('color',(#9014),#5131);
#9014 = PRESENTATION_STYLE_ASSIGNMENT((#9015));
#9015 = SURFACE_STYLE_USAGE(.BOTH.,#9016);
#9016 = SURFACE_SIDE_STYLE('',(#9017));
#9017 = SURFACE_STYLE_FILL_AREA(#9018);
#9018 = FILL_AREA_STYLE('',(#9019));
#9019 = FILL_AREA_STYLE_COLOUR('',#7980);
#9020 = STYLED_ITEM('color',(#9021),#5148);
#9021 = PRESENTATION_STYLE_ASSIGNMENT((#9022));
#9022 = SURFACE_STYLE_USAGE(.BOTH.,#9023);
#9023 = SURFACE_SIDE_STYLE('',(#9024));
#9024 = SURFACE_STYLE_FILL_AREA(#9025);
#9025 = FILL_AREA_STYLE('',(#9026));
#9026 = FILL_AREA_STYLE_COLOUR('',#7980);
#9027 = STYLED_ITEM('color',(#9028),#5179);
#9028 = PRESENTATION_STYLE_ASSIGNMENT((#9029));
#9029 = SURFACE_STYLE_USAGE(.BOTH.,#9030);
#9030 = SURFACE_SIDE_STYLE('',(#9031));
#9031 = SURFACE_STYLE_FILL_AREA(#9032);
#9032 = FILL_AREA_STYLE('',(#9033));
#9033 = FILL_AREA_STYLE_COLOUR('',#7980);
#9034 = STYLED_ITEM('color',(#9035),#5203);
#9035 = PRESENTATION_STYLE_ASSIGNMENT((#9036));
#9036 = SURFACE_STYLE_USAGE(.BOTH.,#9037);
#9037 = SURFACE_SIDE_STYLE('',(#9038));
#9038 = SURFACE_STYLE_FILL_AREA(#9039);
#9039 = FILL_AREA_STYLE('',(#9040));
#9040 = FILL_AREA_STYLE_COLOUR('',#7980);
#9041 = STYLED_ITEM('color',(#9042),#5227);
#9042 = PRESENTATION_STYLE_ASSIGNMENT((#9043));
#9043 = SURFACE_STYLE_USAGE(.BOTH.,#9044);
#9044 = SURFACE_SIDE_STYLE('',(#9045));
#9045 = SURFACE_STYLE_FILL_AREA(#9046);
#9046 = FILL_AREA_STYLE('',(#9047));
#9047 = FILL_AREA_STYLE_COLOUR('',#7980);
#9048 = STYLED_ITEM('color',(#9049),#5244);
#9049 = PRESENTATION_STYLE_ASSIGNMENT((#9050));
#9050 = SURFACE_STYLE_USAGE(.BOTH.,#9051);
#9051 = SURFACE_SIDE_STYLE('',(#9052));
#9052 = SURFACE_STYLE_FILL_AREA(#9053);
#9053 = FILL_AREA_STYLE('',(#9054));
#9054 = FILL_AREA_STYLE_COLOUR('',#7980);
#9055 = STYLED_ITEM('color',(#9056),#5275);
#9056 = PRESENTATION_STYLE_ASSIGNMENT((#9057));
#9057 = SURFACE_STYLE_USAGE(.BOTH.,#9058);
#9058 = SURFACE_SIDE_STYLE('',(#9059));
#9059 = SURFACE_STYLE_FILL_AREA(#9060);
#9060 = FILL_AREA_STYLE('',(#9061));
#9061 = FILL_AREA_STYLE_COLOUR('',#7980);
#9062 = STYLED_ITEM('color',(#9063),#5299);
#9063 = PRESENTATION_STYLE_ASSIGNMENT((#9064));
#9064 = SURFACE_STYLE_USAGE(.BOTH.,#9065);
#9065 = SURFACE_SIDE_STYLE('',(#9066));
#9066 = SURFACE_STYLE_FILL_AREA(#9067);
#9067 = FILL_AREA_STYLE('',(#9068));
#9068 = FILL_AREA_STYLE_COLOUR('',#7980);
#9069 = STYLED_ITEM('color',(#9070),#5323);
#9070 = PRESENTATION_STYLE_ASSIGNMENT((#9071));
#9071 = SURFACE_STYLE_USAGE(.BOTH.,#9072);
#9072 = SURFACE_SIDE_STYLE('',(#9073));
#9073 = SURFACE_STYLE_FILL_AREA(#9074);
#9074 = FILL_AREA_STYLE('',(#9075));
#9075 = FILL_AREA_STYLE_COLOUR('',#7980);
#9076 = STYLED_ITEM('color',(#9077),#5340);
#9077 = PRESENTATION_STYLE_ASSIGNMENT((#9078));
#9078 = SURFACE_STYLE_USAGE(.BOTH.,#9079);
#9079 = SURFACE_SIDE_STYLE('',(#9080));
#9080 = SURFACE_STYLE_FILL_AREA(#9081);
#9081 = FILL_AREA_STYLE('',(#9082));
#9082 = FILL_AREA_STYLE_COLOUR('',#7980);
#9083 = STYLED_ITEM('color',(#9084),#5371);
#9084 = PRESENTATION_STYLE_ASSIGNMENT((#9085));
#9085 = SURFACE_STYLE_USAGE(.BOTH.,#9086);
#9086 = SURFACE_SIDE_STYLE('',(#9087));
#9087 = SURFACE_STYLE_FILL_AREA(#9088);
#9088 = FILL_AREA_STYLE('',(#9089));
#9089 = FILL_AREA_STYLE_COLOUR('',#7980);
#9090 = STYLED_ITEM('color',(#9091),#5395);
#9091 = PRESENTATION_STYLE_ASSIGNMENT((#9092));
#9092 = SURFACE_STYLE_USAGE(.BOTH.,#9093);
#9093 = SURFACE_SIDE_STYLE('',(#9094));
#9094 = SURFACE_STYLE_FILL_AREA(#9095);
#9095 = FILL_AREA_STYLE('',(#9096));
#9096 = FILL_AREA_STYLE_COLOUR('',#7980);
#9097 = STYLED_ITEM('color',(#9098),#5419);
#9098 = PRESENTATION_STYLE_ASSIGNMENT((#9099));
#9099 = SURFACE_STYLE_USAGE(.BOTH.,#9100);
#9100 = SURFACE_SIDE_STYLE('',(#9101));
#9101 = SURFACE_STYLE_FILL_AREA(#9102);
#9102 = FILL_AREA_STYLE('',(#9103));
#9103 = FILL_AREA_STYLE_COLOUR('',#7980);
#9104 = STYLED_ITEM('color',(#9105),#5436);
#9105 = PRESENTATION_STYLE_ASSIGNMENT((#9106));
#9106 = SURFACE_STYLE_USAGE(.BOTH.,#9107);
#9107 = SURFACE_SIDE_STYLE('',(#9108));
#9108 = SURFACE_STYLE_FILL_AREA(#9109);
#9109 = FILL_AREA_STYLE('',(#9110));
#9110 = FILL_AREA_STYLE_COLOUR('',#7980);
#9111 = STYLED_ITEM('color',(#9112),#5467);
#9112 = PRESENTATION_STYLE_ASSIGNMENT((#9113));
#9113 = SURFACE_STYLE_USAGE(.BOTH.,#9114);
#9114 = SURFACE_SIDE_STYLE('',(#9115));
#9115 = SURFACE_STYLE_FILL_AREA(#9116);
#9116 = FILL_AREA_STYLE('',(#9117));
#9117 = FILL_AREA_STYLE_COLOUR('',#7980);
#9118 = STYLED_ITEM('color',(#9119),#5491);
#9119 = PRESENTATION_STYLE_ASSIGNMENT((#9120));
#9120 = SURFACE_STYLE_USAGE(.BOTH.,#9121);
#9121 = SURFACE_SIDE_STYLE('',(#9122));
#9122 = SURFACE_STYLE_FILL_AREA(#9123);
#9123 = FILL_AREA_STYLE('',(#9124));
#9124 = FILL_AREA_STYLE_COLOUR('',#7980);
#9125 = STYLED_ITEM('color',(#9126),#5515);
#9126 = PRESENTATION_STYLE_ASSIGNMENT((#9127));
#9127 = SURFACE_STYLE_USAGE(.BOTH.,#9128);
#9128 = SURFACE_SIDE_STYLE('',(#9129));
#9129 = SURFACE_STYLE_FILL_AREA(#9130);
#9130 = FILL_AREA_STYLE('',(#9131));
#9131 = FILL_AREA_STYLE_COLOUR('',#7980);
#9132 = STYLED_ITEM('color',(#9133),#5532);
#9133 = PRESENTATION_STYLE_ASSIGNMENT((#9134));
#9134 = SURFACE_STYLE_USAGE(.BOTH.,#9135);
#9135 = SURFACE_SIDE_STYLE('',(#9136));
#9136 = SURFACE_STYLE_FILL_AREA(#9137);
#9137 = FILL_AREA_STYLE('',(#9138));
#9138 = FILL_AREA_STYLE_COLOUR('',#7980);
#9139 = STYLED_ITEM('color',(#9140),#5563);
#9140 = PRESENTATION_STYLE_ASSIGNMENT((#9141));
#9141 = SURFACE_STYLE_USAGE(.BOTH.,#9142);
#9142 = SURFACE_SIDE_STYLE('',(#9143));
#9143 = SURFACE_STYLE_FILL_AREA(#9144);
#9144 = FILL_AREA_STYLE('',(#9145));
#9145 = FILL_AREA_STYLE_COLOUR('',#7980);
#9146 = STYLED_ITEM('color',(#9147),#5587);
#9147 = PRESENTATION_STYLE_ASSIGNMENT((#9148));
#9148 = SURFACE_STYLE_USAGE(.BOTH.,#9149);
#9149 = SURFACE_SIDE_STYLE('',(#9150));
#9150 = SURFACE_STYLE_FILL_AREA(#9151);
#9151 = FILL_AREA_STYLE('',(#9152));
#9152 = FILL_AREA_STYLE_COLOUR('',#7980);
#9153 = STYLED_ITEM('color',(#9154),#5611);
#9154 = PRESENTATION_STYLE_ASSIGNMENT((#9155));
#9155 = SURFACE_STYLE_USAGE(.BOTH.,#9156);
#9156 = SURFACE_SIDE_STYLE('',(#9157));
#9157 = SURFACE_STYLE_FILL_AREA(#9158);
#9158 = FILL_AREA_STYLE('',(#9159));
#9159 = FILL_AREA_STYLE_COLOUR('',#7980);
#9160 = STYLED_ITEM('color',(#9161),#5628);
#9161 = PRESENTATION_STYLE_ASSIGNMENT((#9162));
#9162 = SURFACE_STYLE_USAGE(.BOTH.,#9163);
#9163 = SURFACE_SIDE_STYLE('',(#9164));
#9164 = SURFACE_STYLE_FILL_AREA(#9165);
#9165 = FILL_AREA_STYLE('',(#9166));
#9166 = FILL_AREA_STYLE_COLOUR('',#7980);
#9167 = STYLED_ITEM('color',(#9168),#5659);
#9168 = PRESENTATION_STYLE_ASSIGNMENT((#9169));
#9169 = SURFACE_STYLE_USAGE(.BOTH.,#9170);
#9170 = SURFACE_SIDE_STYLE('',(#9171));
#9171 = SURFACE_STYLE_FILL_AREA(#9172);
#9172 = FILL_AREA_STYLE('',(#9173));
#9173 = FILL_AREA_STYLE_COLOUR('',#7980);
#9174 = STYLED_ITEM('color',(#9175),#5683);
#9175 = PRESENTATION_STYLE_ASSIGNMENT((#9176));
#9176 = SURFACE_STYLE_USAGE(.BOTH.,#9177);
#9177 = SURFACE_SIDE_STYLE('',(#9178));
#9178 = SURFACE_STYLE_FILL_AREA(#9179);
#9179 = FILL_AREA_STYLE('',(#9180));
#9180 = FILL_AREA_STYLE_COLOUR('',#7980);
#9181 = STYLED_ITEM('color',(#9182),#5707);
#9182 = PRESENTATION_STYLE_ASSIGNMENT((#9183));
#9183 = SURFACE_STYLE_USAGE(.BOTH.,#9184);
#9184 = SURFACE_SIDE_STYLE('',(#9185));
#9185 = SURFACE_STYLE_FILL_AREA(#9186);
#9186 = FILL_AREA_STYLE('',(#9187));
#9187 = FILL_AREA_STYLE_COLOUR('',#7980);
#9188 = STYLED_ITEM('color',(#9189),#5724);
#9189 = PRESENTATION_STYLE_ASSIGNMENT((#9190));
#9190 = SURFACE_STYLE_USAGE(.BOTH.,#9191);
#9191 = SURFACE_SIDE_STYLE('',(#9192));
#9192 = SURFACE_STYLE_FILL_AREA(#9193);
#9193 = FILL_AREA_STYLE('',(#9194));
#9194 = FILL_AREA_STYLE_COLOUR('',#7980);
#9195 = STYLED_ITEM('color',(#9196),#5755);
#9196 = PRESENTATION_STYLE_ASSIGNMENT((#9197));
#9197 = SURFACE_STYLE_USAGE(.BOTH.,#9198);
#9198 = SURFACE_SIDE_STYLE('',(#9199));
#9199 = SURFACE_STYLE_FILL_AREA(#9200);
#9200 = FILL_AREA_STYLE('',(#9201));
#9201 = FILL_AREA_STYLE_COLOUR('',#7980);
#9202 = STYLED_ITEM('color',(#9203),#5779);
#9203 = PRESENTATION_STYLE_ASSIGNMENT((#9204));
#9204 = SURFACE_STYLE_USAGE(.BOTH.,#9205);
#9205 = SURFACE_SIDE_STYLE('',(#9206));
#9206 = SURFACE_STYLE_FILL_AREA(#9207);
#9207 = FILL_AREA_STYLE('',(#9208));
#9208 = FILL_AREA_STYLE_COLOUR('',#7980);
#9209 = STYLED_ITEM('color',(#9210),#5803);
#9210 = PRESENTATION_STYLE_ASSIGNMENT((#9211));
#9211 = SURFACE_STYLE_USAGE(.BOTH.,#9212);
#9212 = SURFACE_SIDE_STYLE('',(#9213));
#9213 = SURFACE_STYLE_FILL_AREA(#9214);
#9214 = FILL_AREA_STYLE('',(#9215));
#9215 = FILL_AREA_STYLE_COLOUR('',#7980);
#9216 = STYLED_ITEM('color',(#9217),#5820);
#9217 = PRESENTATION_STYLE_ASSIGNMENT((#9218));
#9218 = SURFACE_STYLE_USAGE(.BOTH.,#9219);
#9219 = SURFACE_SIDE_STYLE('',(#9220));
#9220 = SURFACE_STYLE_FILL_AREA(#9221);
#9221 = FILL_AREA_STYLE('',(#9222));
#9222 = FILL_AREA_STYLE_COLOUR('',#7980);
#9223 = STYLED_ITEM('color',(#9224),#5851);
#9224 = PRESENTATION_STYLE_ASSIGNMENT((#9225));
#9225 = SURFACE_STYLE_USAGE(.BOTH.,#9226);
#9226 = SURFACE_SIDE_STYLE('',(#9227));
#9227 = SURFACE_STYLE_FILL_AREA(#9228);
#9228 = FILL_AREA_STYLE('',(#9229));
#9229 = FILL_AREA_STYLE_COLOUR('',#7980);
#9230 = STYLED_ITEM('color',(#9231),#5875);
#9231 = PRESENTATION_STYLE_ASSIGNMENT((#9232));
#9232 = SURFACE_STYLE_USAGE(.BOTH.,#9233);
#9233 = SURFACE_SIDE_STYLE('',(#9234));
#9234 = SURFACE_STYLE_FILL_AREA(#9235);
#9235 = FILL_AREA_STYLE('',(#9236));
#9236 = FILL_AREA_STYLE_COLOUR('',#7980);
#9237 = STYLED_ITEM('color',(#9238),#5899);
#9238 = PRESENTATION_STYLE_ASSIGNMENT((#9239));
#9239 = SURFACE_STYLE_USAGE(.BOTH.,#9240);
#9240 = SURFACE_SIDE_STYLE('',(#9241));
#9241 = SURFACE_STYLE_FILL_AREA(#9242);
#9242 = FILL_AREA_STYLE('',(#9243));
#9243 = FILL_AREA_STYLE_COLOUR('',#7980);
#9244 = STYLED_ITEM('color',(#9245),#5916);
#9245 = PRESENTATION_STYLE_ASSIGNMENT((#9246));
#9246 = SURFACE_STYLE_USAGE(.BOTH.,#9247);
#9247 = SURFACE_SIDE_STYLE('',(#9248));
#9248 = SURFACE_STYLE_FILL_AREA(#9249);
#9249 = FILL_AREA_STYLE('',(#9250));
#9250 = FILL_AREA_STYLE_COLOUR('',#7980);
#9251 = STYLED_ITEM('color',(#9252),#5947);
#9252 = PRESENTATION_STYLE_ASSIGNMENT((#9253));
#9253 = SURFACE_STYLE_USAGE(.BOTH.,#9254);
#9254 = SURFACE_SIDE_STYLE('',(#9255));
#9255 = SURFACE_STYLE_FILL_AREA(#9256);
#9256 = FILL_AREA_STYLE('',(#9257));
#9257 = FILL_AREA_STYLE_COLOUR('',#7980);
#9258 = STYLED_ITEM('color',(#9259),#5971);
#9259 = PRESENTATION_STYLE_ASSIGNMENT((#9260));
#9260 = SURFACE_STYLE_USAGE(.BOTH.,#9261);
#9261 = SURFACE_SIDE_STYLE('',(#9262));
#9262 = SURFACE_STYLE_FILL_AREA(#9263);
#9263 = FILL_AREA_STYLE('',(#9264));
#9264 = FILL_AREA_STYLE_COLOUR('',#7980);
#9265 = STYLED_ITEM('color',(#9266),#5995);
#9266 = PRESENTATION_STYLE_ASSIGNMENT((#9267));
#9267 = SURFACE_STYLE_USAGE(.BOTH.,#9268);
#9268 = SURFACE_SIDE_STYLE('',(#9269));
#9269 = SURFACE_STYLE_FILL_AREA(#9270);
#9270 = FILL_AREA_STYLE('',(#9271));
#9271 = FILL_AREA_STYLE_COLOUR('',#7980);
#9272 = STYLED_ITEM('color',(#9273),#6012);
#9273 = PRESENTATION_STYLE_ASSIGNMENT((#9274));
#9274 = SURFACE_STYLE_USAGE(.BOTH.,#9275);
#9275 = SURFACE_SIDE_STYLE('',(#9276));
#9276 = SURFACE_STYLE_FILL_AREA(#9277);
#9277 = FILL_AREA_STYLE('',(#9278));
#9278 = FILL_AREA_STYLE_COLOUR('',#7980);
#9279 = STYLED_ITEM('color',(#9280),#6043);
#9280 = PRESENTATION_STYLE_ASSIGNMENT((#9281));
#9281 = SURFACE_STYLE_USAGE(.BOTH.,#9282);
#9282 = SURFACE_SIDE_STYLE('',(#9283));
#9283 = SURFACE_STYLE_FILL_AREA(#9284);
#9284 = FILL_AREA_STYLE('',(#9285));
#9285 = FILL_AREA_STYLE_COLOUR('',#7980);
#9286 = STYLED_ITEM('color',(#9287),#6067);
#9287 = PRESENTATION_STYLE_ASSIGNMENT((#9288));
#9288 = SURFACE_STYLE_USAGE(.BOTH.,#9289);
#9289 = SURFACE_SIDE_STYLE('',(#9290));
#9290 = SURFACE_STYLE_FILL_AREA(#9291);
#9291 = FILL_AREA_STYLE('',(#9292));
#9292 = FILL_AREA_STYLE_COLOUR('',#7980);
#9293 = STYLED_ITEM('color',(#9294),#6091);
#9294 = PRESENTATION_STYLE_ASSIGNMENT((#9295));
#9295 = SURFACE_STYLE_USAGE(.BOTH.,#9296);
#9296 = SURFACE_SIDE_STYLE('',(#9297));
#9297 = SURFACE_STYLE_FILL_AREA(#9298);
#9298 = FILL_AREA_STYLE('',(#9299));
#9299 = FILL_AREA_STYLE_COLOUR('',#7980);
#9300 = STYLED_ITEM('color',(#9301),#6108);
#9301 = PRESENTATION_STYLE_ASSIGNMENT((#9302));
#9302 = SURFACE_STYLE_USAGE(.BOTH.,#9303);
#9303 = SURFACE_SIDE_STYLE('',(#9304));
#9304 = SURFACE_STYLE_FILL_AREA(#9305);
#9305 = FILL_AREA_STYLE('',(#9306));
#9306 = FILL_AREA_STYLE_COLOUR('',#7980);
#9307 = STYLED_ITEM('color',(#9308),#6139);
#9308 = PRESENTATION_STYLE_ASSIGNMENT((#9309));
#9309 = SURFACE_STYLE_USAGE(.BOTH.,#9310);
#9310 = SURFACE_SIDE_STYLE('',(#9311));
#9311 = SURFACE_STYLE_FILL_AREA(#9312);
#9312 = FILL_AREA_STYLE('',(#9313));
#9313 = FILL_AREA_STYLE_COLOUR('',#7980);
#9314 = STYLED_ITEM('color',(#9315),#6163);
#9315 = PRESENTATION_STYLE_ASSIGNMENT((#9316));
#9316 = SURFACE_STYLE_USAGE(.BOTH.,#9317);
#9317 = SURFACE_SIDE_STYLE('',(#9318));
#9318 = SURFACE_STYLE_FILL_AREA(#9319);
#9319 = FILL_AREA_STYLE('',(#9320));
#9320 = FILL_AREA_STYLE_COLOUR('',#7980);
#9321 = STYLED_ITEM('color',(#9322),#6187);
#9322 = PRESENTATION_STYLE_ASSIGNMENT((#9323));
#9323 = SURFACE_STYLE_USAGE(.BOTH.,#9324);
#9324 = SURFACE_SIDE_STYLE('',(#9325));
#9325 = SURFACE_STYLE_FILL_AREA(#9326);
#9326 = FILL_AREA_STYLE('',(#9327));
#9327 = FILL_AREA_STYLE_COLOUR('',#7980);
#9328 = STYLED_ITEM('color',(#9329),#6204);
#9329 = PRESENTATION_STYLE_ASSIGNMENT((#9330));
#9330 = SURFACE_STYLE_USAGE(.BOTH.,#9331);
#9331 = SURFACE_SIDE_STYLE('',(#9332));
#9332 = SURFACE_STYLE_FILL_AREA(#9333);
#9333 = FILL_AREA_STYLE('',(#9334));
#9334 = FILL_AREA_STYLE_COLOUR('',#7980);
#9335 = STYLED_ITEM('color',(#9336),#6235);
#9336 = PRESENTATION_STYLE_ASSIGNMENT((#9337));
#9337 = SURFACE_STYLE_USAGE(.BOTH.,#9338);
#9338 = SURFACE_SIDE_STYLE('',(#9339));
#9339 = SURFACE_STYLE_FILL_AREA(#9340);
#9340 = FILL_AREA_STYLE('',(#9341));
#9341 = FILL_AREA_STYLE_COLOUR('',#7980);
#9342 = STYLED_ITEM('color',(#9343),#6259);
#9343 = PRESENTATION_STYLE_ASSIGNMENT((#9344));
#9344 = SURFACE_STYLE_USAGE(.BOTH.,#9345);
#9345 = SURFACE_SIDE_STYLE('',(#9346));
#9346 = SURFACE_STYLE_FILL_AREA(#9347);
#9347 = FILL_AREA_STYLE('',(#9348));
#9348 = FILL_AREA_STYLE_COLOUR('',#7980);
#9349 = STYLED_ITEM('color',(#9350),#6283);
#9350 = PRESENTATION_STYLE_ASSIGNMENT((#9351));
#9351 = SURFACE_STYLE_USAGE(.BOTH.,#9352);
#9352 = SURFACE_SIDE_STYLE('',(#9353));
#9353 = SURFACE_STYLE_FILL_AREA(#9354);
#9354 = FILL_AREA_STYLE('',(#9355));
#9355 = FILL_AREA_STYLE_COLOUR('',#7980);
#9356 = STYLED_ITEM('color',(#9357),#6300);
#9357 = PRESENTATION_STYLE_ASSIGNMENT((#9358));
#9358 = SURFACE_STYLE_USAGE(.BOTH.,#9359);
#9359 = SURFACE_SIDE_STYLE('',(#9360));
#9360 = SURFACE_STYLE_FILL_AREA(#9361);
#9361 = FILL_AREA_STYLE('',(#9362));
#9362 = FILL_AREA_STYLE_COLOUR('',#7980);
#9363 = STYLED_ITEM('color',(#9364),#6331);
#9364 = PRESENTATION_STYLE_ASSIGNMENT((#9365));
#9365 = SURFACE_STYLE_USAGE(.BOTH.,#9366);
#9366 = SURFACE_SIDE_STYLE('',(#9367));
#9367 = SURFACE_STYLE_FILL_AREA(#9368);
#9368 = FILL_AREA_STYLE('',(#9369));
#9369 = FILL_AREA_STYLE_COLOUR('',#7980);
#9370 = STYLED_ITEM('color',(#9371),#6355);
#9371 = PRESENTATION_STYLE_ASSIGNMENT((#9372));
#9372 = SURFACE_STYLE_USAGE(.BOTH.,#9373);
#9373 = SURFACE_SIDE_STYLE('',(#9374));
#9374 = SURFACE_STYLE_FILL_AREA(#9375);
#9375 = FILL_AREA_STYLE('',(#9376));
#9376 = FILL_AREA_STYLE_COLOUR('',#7980);
#9377 = STYLED_ITEM('color',(#9378),#6379);
#9378 = PRESENTATION_STYLE_ASSIGNMENT((#9379));
#9379 = SURFACE_STYLE_USAGE(.BOTH.,#9380);
#9380 = SURFACE_SIDE_STYLE('',(#9381));
#9381 = SURFACE_STYLE_FILL_AREA(#9382);
#9382 = FILL_AREA_STYLE('',(#9383));
#9383 = FILL_AREA_STYLE_COLOUR('',#7980);
#9384 = STYLED_ITEM('color',(#9385),#6396);
#9385 = PRESENTATION_STYLE_ASSIGNMENT((#9386));
#9386 = SURFACE_STYLE_USAGE(.BOTH.,#9387);
#9387 = SURFACE_SIDE_STYLE('',(#9388));
#9388 = SURFACE_STYLE_FILL_AREA(#9389);
#9389 = FILL_AREA_STYLE('',(#9390));
#9390 = FILL_AREA_STYLE_COLOUR('',#7980);
#9391 = STYLED_ITEM('color',(#9392),#6427);
#9392 = PRESENTATION_STYLE_ASSIGNMENT((#9393));
#9393 = SURFACE_STYLE_USAGE(.BOTH.,#9394);
#9394 = SURFACE_SIDE_STYLE('',(#9395));
#9395 = SURFACE_STYLE_FILL_AREA(#9396);
#9396 = FILL_AREA_STYLE('',(#9397));
#9397 = FILL_AREA_STYLE_COLOUR('',#7980);
#9398 = STYLED_ITEM('color',(#9399),#6451);
#9399 = PRESENTATION_STYLE_ASSIGNMENT((#9400));
#9400 = SURFACE_STYLE_USAGE(.BOTH.,#9401);
#9401 = SURFACE_SIDE_STYLE('',(#9402));
#9402 = SURFACE_STYLE_FILL_AREA(#9403);
#9403 = FILL_AREA_STYLE('',(#9404));
#9404 = FILL_AREA_STYLE_COLOUR('',#7980);
#9405 = STYLED_ITEM('color',(#9406),#6475);
#9406 = PRESENTATION_STYLE_ASSIGNMENT((#9407));
#9407 = SURFACE_STYLE_USAGE(.BOTH.,#9408);
#9408 = SURFACE_SIDE_STYLE('',(#9409));
#9409 = SURFACE_STYLE_FILL_AREA(#9410);
#9410 = FILL_AREA_STYLE('',(#9411));
#9411 = FILL_AREA_STYLE_COLOUR('',#7980);
#9412 = STYLED_ITEM('color',(#9413),#6492);
#9413 = PRESENTATION_STYLE_ASSIGNMENT((#9414));
#9414 = SURFACE_STYLE_USAGE(.BOTH.,#9415);
#9415 = SURFACE_SIDE_STYLE('',(#9416));
#9416 = SURFACE_STYLE_FILL_AREA(#9417);
#9417 = FILL_AREA_STYLE('',(#9418));
#9418 = FILL_AREA_STYLE_COLOUR('',#7980);
#9419 = STYLED_ITEM('color',(#9420),#6523);
#9420 = PRESENTATION_STYLE_ASSIGNMENT((#9421));
#9421 = SURFACE_STYLE_USAGE(.BOTH.,#9422);
#9422 = SURFACE_SIDE_STYLE('',(#9423));
#9423 = SURFACE_STYLE_FILL_AREA(#9424);
#9424 = FILL_AREA_STYLE('',(#9425));
#9425 = FILL_AREA_STYLE_COLOUR('',#7980);
#9426 = STYLED_ITEM('color',(#9427),#6547);
#9427 = PRESENTATION_STYLE_ASSIGNMENT((#9428));
#9428 = SURFACE_STYLE_USAGE(.BOTH.,#9429);
#9429 = SURFACE_SIDE_STYLE('',(#9430));
#9430 = SURFACE_STYLE_FILL_AREA(#9431);
#9431 = FILL_AREA_STYLE('',(#9432));
#9432 = FILL_AREA_STYLE_COLOUR('',#7980);
#9433 = STYLED_ITEM('color',(#9434),#6571);
#9434 = PRESENTATION_STYLE_ASSIGNMENT((#9435));
#9435 = SURFACE_STYLE_USAGE(.BOTH.,#9436);
#9436 = SURFACE_SIDE_STYLE('',(#9437));
#9437 = SURFACE_STYLE_FILL_AREA(#9438);
#9438 = FILL_AREA_STYLE('',(#9439));
#9439 = FILL_AREA_STYLE_COLOUR('',#7980);
#9440 = STYLED_ITEM('color',(#9441),#6588);
#9441 = PRESENTATION_STYLE_ASSIGNMENT((#9442));
#9442 = SURFACE_STYLE_USAGE(.BOTH.,#9443);
#9443 = SURFACE_SIDE_STYLE('',(#9444));
#9444 = SURFACE_STYLE_FILL_AREA(#9445);
#9445 = FILL_AREA_STYLE('',(#9446));
#9446 = FILL_AREA_STYLE_COLOUR('',#7980);
#9447 = STYLED_ITEM('color',(#9448),#6619);
#9448 = PRESENTATION_STYLE_ASSIGNMENT((#9449));
#9449 = SURFACE_STYLE_USAGE(.BOTH.,#9450);
#9450 = SURFACE_SIDE_STYLE('',(#9451));
#9451 = SURFACE_STYLE_FILL_AREA(#9452);
#9452 = FILL_AREA_STYLE('',(#9453));
#9453 = FILL_AREA_STYLE_COLOUR('',#7980);
#9454 = STYLED_ITEM('color',(#9455),#6643);
#9455 = PRESENTATION_STYLE_ASSIGNMENT((#9456));
#9456 = SURFACE_STYLE_USAGE(.BOTH.,#9457);
#9457 = SURFACE_SIDE_STYLE('',(#9458));
#9458 = SURFACE_STYLE_FILL_AREA(#9459);
#9459 = FILL_AREA_STYLE('',(#9460));
#9460 = FILL_AREA_STYLE_COLOUR('',#7980);
#9461 = STYLED_ITEM('color',(#9462),#6667);
#9462 = PRESENTATION_STYLE_ASSIGNMENT((#9463));
#9463 = SURFACE_STYLE_USAGE(.BOTH.,#9464);
#9464 = SURFACE_SIDE_STYLE('',(#9465));
#9465 = SURFACE_STYLE_FILL_AREA(#9466);
#9466 = FILL_AREA_STYLE('',(#9467));
#9467 = FILL_AREA_STYLE_COLOUR('',#7980);
#9468 = STYLED_ITEM('color',(#9469),#6684);
#9469 = PRESENTATION_STYLE_ASSIGNMENT((#9470));
#9470 = SURFACE_STYLE_USAGE(.BOTH.,#9471);
#9471 = SURFACE_SIDE_STYLE('',(#9472));
#9472 = SURFACE_STYLE_FILL_AREA(#9473);
#9473 = FILL_AREA_STYLE('',(#9474));
#9474 = FILL_AREA_STYLE_COLOUR('',#7980);
#9475 = STYLED_ITEM('color',(#9476),#6715);
#9476 = PRESENTATION_STYLE_ASSIGNMENT((#9477));
#9477 = SURFACE_STYLE_USAGE(.BOTH.,#9478);
#9478 = SURFACE_SIDE_STYLE('',(#9479));
#9479 = SURFACE_STYLE_FILL_AREA(#9480);
#9480 = FILL_AREA_STYLE('',(#9481));
#9481 = FILL_AREA_STYLE_COLOUR('',#7980);
#9482 = STYLED_ITEM('color',(#9483),#6739);
#9483 = PRESENTATION_STYLE_ASSIGNMENT((#9484));
#9484 = SURFACE_STYLE_USAGE(.BOTH.,#9485);
#9485 = SURFACE_SIDE_STYLE('',(#9486));
#9486 = SURFACE_STYLE_FILL_AREA(#9487);
#9487 = FILL_AREA_STYLE('',(#9488));
#9488 = FILL_AREA_STYLE_COLOUR('',#7980);
#9489 = STYLED_ITEM('color',(#9490),#6763);
#9490 = PRESENTATION_STYLE_ASSIGNMENT((#9491));
#9491 = SURFACE_STYLE_USAGE(.BOTH.,#9492);
#9492 = SURFACE_SIDE_STYLE('',(#9493));
#9493 = SURFACE_STYLE_FILL_AREA(#9494);
#9494 = FILL_AREA_STYLE('',(#9495));
#9495 = FILL_AREA_STYLE_COLOUR('',#7980);
#9496 = STYLED_ITEM('color',(#9497),#6780);
#9497 = PRESENTATION_STYLE_ASSIGNMENT((#9498));
#9498 = SURFACE_STYLE_USAGE(.BOTH.,#9499);
#9499 = SURFACE_SIDE_STYLE('',(#9500));
#9500 = SURFACE_STYLE_FILL_AREA(#9501);
#9501 = FILL_AREA_STYLE('',(#9502));
#9502 = FILL_AREA_STYLE_COLOUR('',#7980);
#9503 = STYLED_ITEM('color',(#9504),#6792);
#9504 = PRESENTATION_STYLE_ASSIGNMENT((#9505));
#9505 = SURFACE_STYLE_USAGE(.BOTH.,#9506);
#9506 = SURFACE_SIDE_STYLE('',(#9507));
#9507 = SURFACE_STYLE_FILL_AREA(#9508);
#9508 = FILL_AREA_STYLE('',(#9509));
#9509 = FILL_AREA_STYLE_COLOUR('',#7980);
#9510 = STYLED_ITEM('color',(#9511),#6804);
#9511 = PRESENTATION_STYLE_ASSIGNMENT((#9512));
#9512 = SURFACE_STYLE_USAGE(.BOTH.,#9513);
#9513 = SURFACE_SIDE_STYLE('',(#9514));
#9514 = SURFACE_STYLE_FILL_AREA(#9515);
#9515 = FILL_AREA_STYLE('',(#9516));
#9516 = FILL_AREA_STYLE_COLOUR('',#7980);
#9517 = STYLED_ITEM('color',(#9518),#6816);
#9518 = PRESENTATION_STYLE_ASSIGNMENT((#9519));
#9519 = SURFACE_STYLE_USAGE(.BOTH.,#9520);
#9520 = SURFACE_SIDE_STYLE('',(#9521));
#9521 = SURFACE_STYLE_FILL_AREA(#9522);
#9522 = FILL_AREA_STYLE('',(#9523));
#9523 = FILL_AREA_STYLE_COLOUR('',#7980);
#9524 = STYLED_ITEM('color',(#9525),#6828);
#9525 = PRESENTATION_STYLE_ASSIGNMENT((#9526));
#9526 = SURFACE_STYLE_USAGE(.BOTH.,#9527);
#9527 = SURFACE_SIDE_STYLE('',(#9528));
#9528 = SURFACE_STYLE_FILL_AREA(#9529);
#9529 = FILL_AREA_STYLE('',(#9530));
#9530 = FILL_AREA_STYLE_COLOUR('',#7980);
#9531 = STYLED_ITEM('color',(#9532),#6840);
#9532 = PRESENTATION_STYLE_ASSIGNMENT((#9533));
#9533 = SURFACE_STYLE_USAGE(.BOTH.,#9534);
#9534 = SURFACE_SIDE_STYLE('',(#9535));
#9535 = SURFACE_STYLE_FILL_AREA(#9536);
#9536 = FILL_AREA_STYLE('',(#9537));
#9537 = FILL_AREA_STYLE_COLOUR('',#7980);
#9538 = STYLED_ITEM('color',(#9539),#6852);
#9539 = PRESENTATION_STYLE_ASSIGNMENT((#9540));
#9540 = SURFACE_STYLE_USAGE(.BOTH.,#9541);
#9541 = SURFACE_SIDE_STYLE('',(#9542));
#9542 = SURFACE_STYLE_FILL_AREA(#9543);
#9543 = FILL_AREA_STYLE('',(#9544));
#9544 = FILL_AREA_STYLE_COLOUR('',#7980);
#9545 = STYLED_ITEM('color',(#9546),#6864);
#9546 = PRESENTATION_STYLE_ASSIGNMENT((#9547));
#9547 = SURFACE_STYLE_USAGE(.BOTH.,#9548);
#9548 = SURFACE_SIDE_STYLE('',(#9549));
#9549 = SURFACE_STYLE_FILL_AREA(#9550);
#9550 = FILL_AREA_STYLE('',(#9551));
#9551 = FILL_AREA_STYLE_COLOUR('',#7980);
#9552 = STYLED_ITEM('color',(#9553),#6876);
#9553 = PRESENTATION_STYLE_ASSIGNMENT((#9554));
#9554 = SURFACE_STYLE_USAGE(.BOTH.,#9555);
#9555 = SURFACE_SIDE_STYLE('',(#9556));
#9556 = SURFACE_STYLE_FILL_AREA(#9557);
#9557 = FILL_AREA_STYLE('',(#9558));
#9558 = FILL_AREA_STYLE_COLOUR('',#7980);
#9559 = STYLED_ITEM('color',(#9560),#6888);
#9560 = PRESENTATION_STYLE_ASSIGNMENT((#9561));
#9561 = SURFACE_STYLE_USAGE(.BOTH.,#9562);
#9562 = SURFACE_SIDE_STYLE('',(#9563));
#9563 = SURFACE_STYLE_FILL_AREA(#9564);
#9564 = FILL_AREA_STYLE('',(#9565));
#9565 = FILL_AREA_STYLE_COLOUR('',#7980);
#9566 = STYLED_ITEM('color',(#9567),#6900);
#9567 = PRESENTATION_STYLE_ASSIGNMENT((#9568));
#9568 = SURFACE_STYLE_USAGE(.BOTH.,#9569);
#9569 = SURFACE_SIDE_STYLE('',(#9570));
#9570 = SURFACE_STYLE_FILL_AREA(#9571);
#9571 = FILL_AREA_STYLE('',(#9572));
#9572 = FILL_AREA_STYLE_COLOUR('',#7980);
#9573 = STYLED_ITEM('color',(#9574),#6912);
#9574 = PRESENTATION_STYLE_ASSIGNMENT((#9575));
#9575 = SURFACE_STYLE_USAGE(.BOTH.,#9576);
#9576 = SURFACE_SIDE_STYLE('',(#9577));
#9577 = SURFACE_STYLE_FILL_AREA(#9578);
#9578 = FILL_AREA_STYLE('',(#9579));
#9579 = FILL_AREA_STYLE_COLOUR('',#7980);
#9580 = STYLED_ITEM('color',(#9581),#6924);
#9581 = PRESENTATION_STYLE_ASSIGNMENT((#9582));
#9582 = SURFACE_STYLE_USAGE(.BOTH.,#9583);
#9583 = SURFACE_SIDE_STYLE('',(#9584));
#9584 = SURFACE_STYLE_FILL_AREA(#9585);
#9585 = FILL_AREA_STYLE('',(#9586));
#9586 = FILL_AREA_STYLE_COLOUR('',#7980);
#9587 = STYLED_ITEM('color',(#9588),#6936);
#9588 = PRESENTATION_STYLE_ASSIGNMENT((#9589));
#9589 = SURFACE_STYLE_USAGE(.BOTH.,#9590);
#9590 = SURFACE_SIDE_STYLE('',(#9591));
#9591 = SURFACE_STYLE_FILL_AREA(#9592);
#9592 = FILL_AREA_STYLE('',(#9593));
#9593 = FILL_AREA_STYLE_COLOUR('',#7980);
#9594 = STYLED_ITEM('color',(#9595),#6948);
#9595 = PRESENTATION_STYLE_ASSIGNMENT((#9596));
#9596 = SURFACE_STYLE_USAGE(.BOTH.,#9597);
#9597 = SURFACE_SIDE_STYLE('',(#9598));
#9598 = SURFACE_STYLE_FILL_AREA(#9599);
#9599 = FILL_AREA_STYLE('',(#9600));
#9600 = FILL_AREA_STYLE_COLOUR('',#7980);
#9601 = STYLED_ITEM('color',(#9602),#6960);
#9602 = PRESENTATION_STYLE_ASSIGNMENT((#9603));
#9603 = SURFACE_STYLE_USAGE(.BOTH.,#9604);
#9604 = SURFACE_SIDE_STYLE('',(#9605));
#9605 = SURFACE_STYLE_FILL_AREA(#9606);
#9606 = FILL_AREA_STYLE('',(#9607));
#9607 = FILL_AREA_STYLE_COLOUR('',#7980);
ENDSEC;
END-ISO-10303-21;
