ISO-10303-21;
HEADER;
FILE_DESCRIPTION(('KiCad electronic assembly'),'2;1');
FILE_NAME('.IOX-Darlington-1.0B.ab077cfc.part.step',
  '2026-09-02T12:41:45',('Pcbnew'),('Kicad'),
  'Open CASCADE STEP processor 7.9','KiCad to STEP converter','Unknown'
  );
FILE_SCHEMA(('AUTOMOTIVE_DESIGN { 1 0 10303 214 1 1 1 1 }'));
ENDSEC;
DATA;
#1 = APPLICATION_PROTOCOL_DEFINITION('international standard',
  'automotive_design',2000,#2);
#2 = APPLICATION_CONTEXT(
  'core data for automotive mechanical design processes');
#3 = SHAPE_DEFINITION_REPRESENTATION(#4,#10);
#4 = PRODUCT_DEFINITION_SHAPE('','',#5);
#5 = PRODUCT_DEFINITION('design','',#6,#9);
#6 = PRODUCT_DEFINITION_FORMATION('','',#7);
#7 = PRODUCT('.IOX-Darlington-1.0B.ab077cfc.part 1',
  '.IOX-Darlington-1.0B.ab077cfc.part 1','',(#8));
#8 = PRODUCT_CONTEXT('',#2,'mechanical');
#9 = PRODUCT_DEFINITION_CONTEXT('part definition',#2,'design');
#10 = SHAPE_REPRESENTATION('',(#11,#15,#19,#23,#27,#31,#35),#39);
#11 = AXIS2_PLACEMENT_3D('',#12,#13,#14);
#12 = CARTESIAN_POINT('',(0.,0.,0.));
#13 = DIRECTION('',(0.,0.,1.));
#14 = DIRECTION('',(1.,0.,-0.));
#15 = AXIS2_PLACEMENT_3D('',#16,#17,#18);
#16 = CARTESIAN_POINT('',(109.855,-75.565,1.595));
#17 = DIRECTION('',(0.,-0.,1.));
#18 = DIRECTION('',(1.110223024625E-16,1.,0.));
#19 = AXIS2_PLACEMENT_3D('',#20,#21,#22);
#20 = CARTESIAN_POINT('',(124.333,-49.149,1.595));
#21 = DIRECTION('',(0.,0.,1.));
#22 = DIRECTION('',(-1.,1.224646799147E-16,0.));
#23 = AXIS2_PLACEMENT_3D('',#24,#25,#26);
#24 = CARTESIAN_POINT('',(129.54,-65.405,-8.5E-02));
#25 = DIRECTION('',(-1.224646799147E-16,-1.359631073447E-32,-1.));
#26 = DIRECTION('',(1.110223024625E-16,-1.,0.));
#27 = AXIS2_PLACEMENT_3D('',#28,#29,#30);
#28 = CARTESIAN_POINT('',(124.46,-65.405,-8.5E-02));
#29 = DIRECTION('',(1.224646799147E-16,-1.359631073447E-32,-1.));
#30 = DIRECTION('',(1.110223024625E-16,1.,0.));
#31 = AXIS2_PLACEMENT_3D('',#32,#33,#34);
#32 = CARTESIAN_POINT('',(124.46,-55.245,-8.5E-02));
#33 = DIRECTION('',(1.224646799147E-16,-1.359631073447E-32,-1.));
#34 = DIRECTION('',(1.110223024625E-16,1.,0.));
#35 = AXIS2_PLACEMENT_3D('',#36,#37,#38);
#36 = CARTESIAN_POINT('',(0.,0.,0.));
#37 = DIRECTION('',(0.,0.,1.));
#38 = DIRECTION('',(1.,0.,-0.));
#39 = ( GEOMETRIC_REPRESENTATION_CONTEXT(3) 
GLOBAL_UNCERTAINTY_ASSIGNED_CONTEXT((#43)) GLOBAL_UNIT_ASSIGNED_CONTEXT(
(#40,#41,#42)) REPRESENTATION_CONTEXT('Context #1',
  '3D Context with UNIT and UNCERTAINTY') );
#40 = ( LENGTH_UNIT() NAMED_UNIT(*) SI_UNIT(.MILLI.,.METRE.) );
#41 = ( NAMED_UNIT(*) PLANE_ANGLE_UNIT() SI_UNIT($,.RADIAN.) );
#42 = ( NAMED_UNIT(*) SI_UNIT($,.STERADIAN.) SOLID_ANGLE_UNIT() );
#43 = UNCERTAINTY_MEASURE_WITH_UNIT(LENGTH_MEASURE(1.E-07),#40,
  'distance_accuracy_value','confusion accuracy');
#44 = PRODUCT_RELATED_PRODUCT_CATEGORY('part',$,(#7));
#45 = SHAPE_DEFINITION_REPRESENTATION(#46,#52);
#46 = PRODUCT_DEFINITION_SHAPE('','',#47);
#47 = PRODUCT_DEFINITION('design','',#48,#51);
#48 = PRODUCT_DEFINITION_FORMATION('','',#49);
#49 = PRODUCT('DIP-16_W7.62mm_Socket','DIP-16_W7.62mm_Socket','',(#50));
#50 = PRODUCT_CONTEXT('',#2,'mechanical');
#51 = PRODUCT_DEFINITION_CONTEXT('part definition',#2,'design');
#52 = ADVANCED_BREP_SHAPE_REPRESENTATION('',(#11,#53),#5743);
#53 = MANIFOLD_SOLID_BREP('',#54);
#54 = CLOSED_SHELL('',(#55,#95,#126,#189,#572,#745,#762,#786,#998,#1022,
    #1046,#1105,#1130,#1147,#1178,#1195,#1207,#1227,#1247,#1267,#1287,
    #1332,#1357,#1374,#1398,#1422,#1447,#1470,#1503,#1523,#1543,#1563,
    #1583,#1603,#1623,#1643,#1663,#1683,#1703,#1723,#1743,#1760,#1785,
    #1818,#1842,#1860,#1878,#1895,#1912,#1924,#1949,#1974,#1999,#2024,
    #2049,#2074,#2099,#2124,#2141,#2158,#2175,#2187,#2212,#2237,#2262,
    #2287,#2312,#2337,#2362,#2387,#2399,#2424,#2449,#2474,#2499,#2515,
    #2540,#2565,#2590,#2615,#2640,#2665,#2690,#2715,#2740,#2765,#2790,
    #2815,#2835,#2855,#2875,#2895,#2915,#2935,#2955,#2975,#2995,#3015,
    #3035,#3055,#3075,#3095,#3115,#3135,#3160,#3185,#3210,#3235,#3260,
    #3285,#3310,#3335,#3360,#3385,#3410,#3435,#3460,#3485,#3510,#3535,
    #3560,#3585,#3610,#3635,#3660,#3685,#3710,#3735,#3760,#3785,#3810,
    #3835,#3860,#3885,#3910,#3935,#3955,#3975,#3995,#4015,#4035,#4055,
    #4075,#4095,#4115,#4135,#4155,#4175,#4195,#4215,#4235,#4255,#4280,
    #4305,#4330,#4355,#4380,#4405,#4430,#4455,#4480,#4505,#4530,#4555,
    #4580,#4605,#4630,#4655,#4680,#4705,#4730,#4755,#4780,#4805,#4830,
    #4855,#4880,#4905,#4930,#4955,#4980,#5005,#5030,#5055,#5064,#5073,
    #5082,#5091,#5100,#5109,#5118,#5127,#5136,#5145,#5154,#5163,#5172,
    #5181,#5190,#5199,#5224,#5249,#5274,#5299,#5324,#5349,#5374,#5399,
    #5424,#5449,#5474,#5499,#5524,#5549,#5574,#5599,#5608,#5617,#5626,
    #5635,#5644,#5653,#5662,#5671,#5680,#5689,#5698,#5707,#5716,#5725,
    #5734));
#55 = ADVANCED_FACE('',(#56),#90,.F.);
#56 = FACE_BOUND('',#57,.F.);
#57 = EDGE_LOOP('',(#58,#68,#76,#84));
#58 = ORIENTED_EDGE('',*,*,#59,.T.);
#59 = EDGE_CURVE('',#60,#62,#64,.T.);
#60 = VERTEX_POINT('',#61);
#61 = CARTESIAN_POINT('',(-1.27,1.27,1.3));
#62 = VERTEX_POINT('',#63);
#63 = CARTESIAN_POINT('',(-1.27,1.27,3.967));
#64 = LINE('',#65,#66);
#65 = CARTESIAN_POINT('',(-1.27,1.27,1.3));
#66 = VECTOR('',#67,1.);
#67 = DIRECTION('',(0.,0.,1.));
#68 = ORIENTED_EDGE('',*,*,#69,.T.);
#69 = EDGE_CURVE('',#62,#70,#72,.T.);
#70 = VERTEX_POINT('',#71);
#71 = CARTESIAN_POINT('',(-1.27,-19.05,3.967));
#72 = LINE('',#73,#74);
#73 = CARTESIAN_POINT('',(-1.27,1.27,3.967));
#74 = VECTOR('',#75,1.);
#75 = DIRECTION('',(-2.22044604925E-16,-1.,0.));
#76 = ORIENTED_EDGE('',*,*,#77,.F.);
#77 = EDGE_CURVE('',#78,#70,#80,.T.);
#78 = VERTEX_POINT('',#79);
#79 = CARTESIAN_POINT('',(-1.27,-19.05,1.3));
#80 = LINE('',#81,#82);
#81 = CARTESIAN_POINT('',(-1.27,-19.05,1.3));
#82 = VECTOR('',#83,1.);
#83 = DIRECTION('',(0.,0.,1.));
#84 = ORIENTED_EDGE('',*,*,#85,.F.);
#85 = EDGE_CURVE('',#60,#78,#86,.T.);
#86 = LINE('',#87,#88);
#87 = CARTESIAN_POINT('',(-1.27,1.27,1.3));
#88 = VECTOR('',#89,1.);
#89 = DIRECTION('',(-2.22044604925E-16,-1.,0.));
#90 = PLANE('',#91);
#91 = AXIS2_PLACEMENT_3D('',#92,#93,#94);
#92 = CARTESIAN_POINT('',(-1.27,1.27,1.3));
#93 = DIRECTION('',(1.,-2.22044604925E-16,0.));
#94 = DIRECTION('',(-2.22044604925E-16,-1.,0.));
#95 = ADVANCED_FACE('',(#96),#121,.F.);
#96 = FACE_BOUND('',#97,.F.);
#97 = EDGE_LOOP('',(#98,#106,#114,#120));
#98 = ORIENTED_EDGE('',*,*,#99,.F.);
#99 = EDGE_CURVE('',#100,#60,#102,.T.);
#100 = VERTEX_POINT('',#101);
#101 = CARTESIAN_POINT('',(1.73,1.27,1.3));
#102 = LINE('',#103,#104);
#103 = CARTESIAN_POINT('',(8.89,1.27,1.3));
#104 = VECTOR('',#105,1.);
#105 = DIRECTION('',(-1.,2.22044604925E-16,0.));
#106 = ORIENTED_EDGE('',*,*,#107,.F.);
#107 = EDGE_CURVE('',#108,#100,#110,.T.);
#108 = VERTEX_POINT('',#109);
#109 = CARTESIAN_POINT('',(1.73,1.27,3.967));
#110 = LINE('',#111,#112);
#111 = CARTESIAN_POINT('',(1.73,1.27,3.967));
#112 = VECTOR('',#113,1.);
#113 = DIRECTION('',(0.,-0.,-1.));
#114 = ORIENTED_EDGE('',*,*,#115,.T.);
#115 = EDGE_CURVE('',#108,#62,#116,.T.);
#116 = LINE('',#117,#118);
#117 = CARTESIAN_POINT('',(8.89,1.27,3.967));
#118 = VECTOR('',#119,1.);
#119 = DIRECTION('',(-1.,2.22044604925E-16,0.));
#120 = ORIENTED_EDGE('',*,*,#59,.F.);
#121 = PLANE('',#122);
#122 = AXIS2_PLACEMENT_3D('',#123,#124,#125);
#123 = CARTESIAN_POINT('',(8.89,1.27,1.3));
#124 = DIRECTION('',(-2.22044604925E-16,-1.,0.));
#125 = DIRECTION('',(-1.,2.22044604925E-16,0.));
#126 = ADVANCED_FACE('',(#127),#184,.F.);
#127 = FACE_BOUND('',#128,.F.);
#128 = EDGE_LOOP('',(#129,#137,#138,#146,#154,#162,#170,#178));
#129 = ORIENTED_EDGE('',*,*,#130,.F.);
#130 = EDGE_CURVE('',#78,#131,#133,.T.);
#131 = VERTEX_POINT('',#132);
#132 = CARTESIAN_POINT('',(8.89,-19.05,1.3));
#133 = LINE('',#134,#135);
#134 = CARTESIAN_POINT('',(-1.27,-19.05,1.3));
#135 = VECTOR('',#136,1.);
#136 = DIRECTION('',(1.,-2.22044604925E-16,0.));
#137 = ORIENTED_EDGE('',*,*,#77,.T.);
#138 = ORIENTED_EDGE('',*,*,#139,.T.);
#139 = EDGE_CURVE('',#70,#140,#142,.T.);
#140 = VERTEX_POINT('',#141);
#141 = CARTESIAN_POINT('',(1.73,-19.05,3.967));
#142 = LINE('',#143,#144);
#143 = CARTESIAN_POINT('',(-1.27,-19.05,3.967));
#144 = VECTOR('',#145,1.);
#145 = DIRECTION('',(1.,-2.22044604925E-16,0.));
#146 = ORIENTED_EDGE('',*,*,#147,.T.);
#147 = EDGE_CURVE('',#140,#148,#150,.T.);
#148 = VERTEX_POINT('',#149);
#149 = CARTESIAN_POINT('',(1.73,-19.05,2.6335));
#150 = LINE('',#151,#152);
#151 = CARTESIAN_POINT('',(1.73,-19.05,3.967));
#152 = VECTOR('',#153,1.);
#153 = DIRECTION('',(0.,-0.,-1.));
#154 = ORIENTED_EDGE('',*,*,#155,.F.);
#155 = EDGE_CURVE('',#156,#148,#158,.T.);
#156 = VERTEX_POINT('',#157);
#157 = CARTESIAN_POINT('',(5.89,-19.05,2.6335));
#158 = LINE('',#159,#160);
#159 = CARTESIAN_POINT('',(5.89,-19.05,2.6335));
#160 = VECTOR('',#161,1.);
#161 = DIRECTION('',(-1.,6.490534605501E-16,0.));
#162 = ORIENTED_EDGE('',*,*,#163,.F.);
#163 = EDGE_CURVE('',#164,#156,#166,.T.);
#164 = VERTEX_POINT('',#165);
#165 = CARTESIAN_POINT('',(5.89,-19.05,3.967));
#166 = LINE('',#167,#168);
#167 = CARTESIAN_POINT('',(5.89,-19.05,3.967));
#168 = VECTOR('',#169,1.);
#169 = DIRECTION('',(0.,-0.,-1.));
#170 = ORIENTED_EDGE('',*,*,#171,.T.);
#171 = EDGE_CURVE('',#164,#172,#174,.T.);
#172 = VERTEX_POINT('',#173);
#173 = CARTESIAN_POINT('',(8.89,-19.05,3.967));
#174 = LINE('',#175,#176);
#175 = CARTESIAN_POINT('',(-1.27,-19.05,3.967));
#176 = VECTOR('',#177,1.);
#177 = DIRECTION('',(1.,-2.22044604925E-16,0.));
#178 = ORIENTED_EDGE('',*,*,#179,.F.);
#179 = EDGE_CURVE('',#131,#172,#180,.T.);
#180 = LINE('',#181,#182);
#181 = CARTESIAN_POINT('',(8.89,-19.05,1.3));
#182 = VECTOR('',#183,1.);
#183 = DIRECTION('',(0.,0.,1.));
#184 = PLANE('',#185);
#185 = AXIS2_PLACEMENT_3D('',#186,#187,#188);
#186 = CARTESIAN_POINT('',(-1.27,-19.05,1.3));
#187 = DIRECTION('',(2.22044604925E-16,1.,0.));
#188 = DIRECTION('',(1.,-2.22044604925E-16,0.));
#189 = ADVANCED_FACE('',(#190,#251,#262,#273,#284,#295,#365,#376,#387,
    #398,#409,#420,#431,#442,#453,#464,#475,#486,#497),#567,.T.);
#190 = FACE_BOUND('',#191,.T.);
#191 = EDGE_LOOP('',(#192,#193,#194,#202,#211,#219,#228,#236,#244,#250)
  );
#192 = ORIENTED_EDGE('',*,*,#85,.F.);
#193 = ORIENTED_EDGE('',*,*,#99,.F.);
#194 = ORIENTED_EDGE('',*,*,#195,.T.);
#195 = EDGE_CURVE('',#100,#196,#198,.T.);
#196 = VERTEX_POINT('',#197);
#197 = CARTESIAN_POINT('',(1.73,0.67,1.3));
#198 = LINE('',#199,#200);
#199 = CARTESIAN_POINT('',(1.73,1.27,1.3));
#200 = VECTOR('',#201,1.);
#201 = DIRECTION('',(-2.22044604925E-16,-1.,0.));
#202 = ORIENTED_EDGE('',*,*,#203,.T.);
#203 = EDGE_CURVE('',#196,#204,#206,.T.);
#204 = VERTEX_POINT('',#205);
#205 = CARTESIAN_POINT('',(2.23,0.17,1.3));
#206 = CIRCLE('',#207,0.5);
#207 = AXIS2_PLACEMENT_3D('',#208,#209,#210);
#208 = CARTESIAN_POINT('',(2.23,0.67,1.3));
#209 = DIRECTION('',(0.,0.,1.));
#210 = DIRECTION('',(-1.,2.22044604925E-16,0.));
#211 = ORIENTED_EDGE('',*,*,#212,.T.);
#212 = EDGE_CURVE('',#204,#213,#215,.T.);
#213 = VERTEX_POINT('',#214);
#214 = CARTESIAN_POINT('',(5.39,0.17,1.3));
#215 = LINE('',#216,#217);
#216 = CARTESIAN_POINT('',(2.23,0.17,1.3));
#217 = VECTOR('',#218,1.);
#218 = DIRECTION('',(1.,-2.22044604925E-16,0.));
#219 = ORIENTED_EDGE('',*,*,#220,.T.);
#220 = EDGE_CURVE('',#213,#221,#223,.T.);
#221 = VERTEX_POINT('',#222);
#222 = CARTESIAN_POINT('',(5.89,0.67,1.3));
#223 = CIRCLE('',#224,0.5);
#224 = AXIS2_PLACEMENT_3D('',#225,#226,#227);
#225 = CARTESIAN_POINT('',(5.39,0.67,1.3));
#226 = DIRECTION('',(0.,0.,1.));
#227 = DIRECTION('',(-4.662936703426E-15,-1.,0.));
#228 = ORIENTED_EDGE('',*,*,#229,.T.);
#229 = EDGE_CURVE('',#221,#230,#232,.T.);
#230 = VERTEX_POINT('',#231);
#231 = CARTESIAN_POINT('',(5.89,1.27,1.3));
#232 = LINE('',#233,#234);
#233 = CARTESIAN_POINT('',(5.89,0.67,1.3));
#234 = VECTOR('',#235,1.);
#235 = DIRECTION('',(2.22044604925E-16,1.,0.));
#236 = ORIENTED_EDGE('',*,*,#237,.F.);
#237 = EDGE_CURVE('',#238,#230,#240,.T.);
#238 = VERTEX_POINT('',#239);
#239 = CARTESIAN_POINT('',(8.89,1.27,1.3));
#240 = LINE('',#241,#242);
#241 = CARTESIAN_POINT('',(8.89,1.27,1.3));
#242 = VECTOR('',#243,1.);
#243 = DIRECTION('',(-1.,2.22044604925E-16,0.));
#244 = ORIENTED_EDGE('',*,*,#245,.F.);
#245 = EDGE_CURVE('',#131,#238,#246,.T.);
#246 = LINE('',#247,#248);
#247 = CARTESIAN_POINT('',(8.89,-19.05,1.3));
#248 = VECTOR('',#249,1.);
#249 = DIRECTION('',(2.22044604925E-16,1.,0.));
#250 = ORIENTED_EDGE('',*,*,#130,.F.);
#251 = FACE_BOUND('',#252,.T.);
#252 = EDGE_LOOP('',(#253));
#253 = ORIENTED_EDGE('',*,*,#254,.T.);
#254 = EDGE_CURVE('',#255,#255,#257,.T.);
#255 = VERTEX_POINT('',#256);
#256 = CARTESIAN_POINT('',(-2.6645352591E-15,-16.918,1.3));
#257 = CIRCLE('',#258,0.862);
#258 = AXIS2_PLACEMENT_3D('',#259,#260,#261);
#259 = CARTESIAN_POINT('',(-3.024972080693E-15,-17.78,1.3));
#260 = DIRECTION('',(0.,-0.,1.));
#261 = DIRECTION('',(3.445092848398E-16,1.,0.));
#262 = FACE_BOUND('',#263,.T.);
#263 = EDGE_LOOP('',(#264));
#264 = ORIENTED_EDGE('',*,*,#265,.T.);
#265 = EDGE_CURVE('',#266,#266,#268,.T.);
#266 = VERTEX_POINT('',#267);
#267 = CARTESIAN_POINT('',(-1.7763568394E-15,-14.378,1.3));
#268 = CIRCLE('',#269,0.862);
#269 = AXIS2_PLACEMENT_3D('',#270,#271,#272);
#270 = CARTESIAN_POINT('',(-2.136793660993E-15,-15.24,1.3));
#271 = DIRECTION('',(0.,-0.,1.));
#272 = DIRECTION('',(3.445092848398E-16,1.,0.));
#273 = FACE_BOUND('',#274,.T.);
#274 = EDGE_LOOP('',(#275));
#275 = ORIENTED_EDGE('',*,*,#276,.T.);
#276 = EDGE_CURVE('',#277,#277,#279,.T.);
#277 = VERTEX_POINT('',#278);
#278 = CARTESIAN_POINT('',(0.,-9.298,1.3));
#279 = CIRCLE('',#280,0.862);
#280 = AXIS2_PLACEMENT_3D('',#281,#282,#283);
#281 = CARTESIAN_POINT('',(-3.604368215926E-16,-10.16,1.3));
#282 = DIRECTION('',(0.,-0.,1.));
#283 = DIRECTION('',(3.445092848398E-16,1.,0.));
#284 = FACE_BOUND('',#285,.T.);
#285 = EDGE_LOOP('',(#286));
#286 = ORIENTED_EDGE('',*,*,#287,.T.);
#287 = EDGE_CURVE('',#288,#288,#290,.T.);
#288 = VERTEX_POINT('',#289);
#289 = CARTESIAN_POINT('',(-8.881784197001E-16,-11.838,1.3));
#290 = CIRCLE('',#291,0.862);
#291 = AXIS2_PLACEMENT_3D('',#292,#293,#294);
#292 = CARTESIAN_POINT('',(-1.248615241293E-15,-12.7,1.3));
#293 = DIRECTION('',(0.,-0.,1.));
#294 = DIRECTION('',(3.445092848398E-16,1.,0.));
#295 = FACE_BOUND('',#296,.T.);
#296 = EDGE_LOOP('',(#297,#307,#316,#324,#333,#341,#350,#358));
#297 = ORIENTED_EDGE('',*,*,#298,.F.);
#298 = EDGE_CURVE('',#299,#301,#303,.T.);
#299 = VERTEX_POINT('',#300);
#300 = CARTESIAN_POINT('',(5.89,-10.89,1.3));
#301 = VERTEX_POINT('',#302);
#302 = CARTESIAN_POINT('',(5.89,-16.65,1.3));
#303 = LINE('',#304,#305);
#304 = CARTESIAN_POINT('',(5.89,-13.77,1.3));
#305 = VECTOR('',#306,1.);
#306 = DIRECTION('',(-2.22044604925E-16,-1.,0.));
#307 = ORIENTED_EDGE('',*,*,#308,.F.);
#308 = EDGE_CURVE('',#309,#299,#311,.T.);
#309 = VERTEX_POINT('',#310);
#310 = CARTESIAN_POINT('',(5.39,-10.39,1.3));
#311 = CIRCLE('',#312,0.5);
#312 = AXIS2_PLACEMENT_3D('',#313,#314,#315);
#313 = CARTESIAN_POINT('',(5.39,-10.89,1.3));
#314 = DIRECTION('',(0.,0.,-1.));
#315 = DIRECTION('',(-6.661338147751E-16,1.,0.));
#316 = ORIENTED_EDGE('',*,*,#317,.F.);
#317 = EDGE_CURVE('',#318,#309,#320,.T.);
#318 = VERTEX_POINT('',#319);
#319 = CARTESIAN_POINT('',(2.23,-10.39,1.3));
#320 = LINE('',#321,#322);
#321 = CARTESIAN_POINT('',(2.23,-10.39,1.3));
#322 = VECTOR('',#323,1.);
#323 = DIRECTION('',(1.,-2.22044604925E-16,0.));
#324 = ORIENTED_EDGE('',*,*,#325,.F.);
#325 = EDGE_CURVE('',#326,#318,#328,.T.);
#326 = VERTEX_POINT('',#327);
#327 = CARTESIAN_POINT('',(1.73,-10.89,1.3));
#328 = CIRCLE('',#329,0.5);
#329 = AXIS2_PLACEMENT_3D('',#330,#331,#332);
#330 = CARTESIAN_POINT('',(2.23,-10.89,1.3));
#331 = DIRECTION('',(0.,-0.,-1.));
#332 = DIRECTION('',(-1.,-1.554312234475E-15,0.));
#333 = ORIENTED_EDGE('',*,*,#334,.F.);
#334 = EDGE_CURVE('',#335,#326,#337,.T.);
#335 = VERTEX_POINT('',#336);
#336 = CARTESIAN_POINT('',(1.73,-16.65,1.3));
#337 = LINE('',#338,#339);
#338 = CARTESIAN_POINT('',(1.73,-16.65,1.3));
#339 = VECTOR('',#340,1.);
#340 = DIRECTION('',(2.22044604925E-16,1.,0.));
#341 = ORIENTED_EDGE('',*,*,#342,.F.);
#342 = EDGE_CURVE('',#343,#335,#345,.T.);
#343 = VERTEX_POINT('',#344);
#344 = CARTESIAN_POINT('',(2.23,-17.15,1.3));
#345 = CIRCLE('',#346,0.5);
#346 = AXIS2_PLACEMENT_3D('',#347,#348,#349);
#347 = CARTESIAN_POINT('',(2.23,-16.65,1.3));
#348 = DIRECTION('',(0.,-0.,-1.));
#349 = DIRECTION('',(5.107025913276E-15,-1.,0.));
#350 = ORIENTED_EDGE('',*,*,#351,.F.);
#351 = EDGE_CURVE('',#352,#343,#354,.T.);
#352 = VERTEX_POINT('',#353);
#353 = CARTESIAN_POINT('',(5.39,-17.15,1.3));
#354 = LINE('',#355,#356);
#355 = CARTESIAN_POINT('',(5.39,-17.15,1.3));
#356 = VECTOR('',#357,1.);
#357 = DIRECTION('',(-1.,2.22044604925E-16,0.));
#358 = ORIENTED_EDGE('',*,*,#359,.F.);
#359 = EDGE_CURVE('',#301,#352,#360,.T.);
#360 = CIRCLE('',#361,0.5);
#361 = AXIS2_PLACEMENT_3D('',#362,#363,#364);
#362 = CARTESIAN_POINT('',(5.39,-16.65,1.3));
#363 = DIRECTION('',(0.,0.,-1.));
#364 = DIRECTION('',(1.,3.330669073875E-15,0.));
#365 = FACE_BOUND('',#366,.T.);
#366 = EDGE_LOOP('',(#367));
#367 = ORIENTED_EDGE('',*,*,#368,.T.);
#368 = EDGE_CURVE('',#369,#369,#371,.T.);
#369 = VERTEX_POINT('',#370);
#370 = CARTESIAN_POINT('',(7.62,-18.642,1.3));
#371 = CIRCLE('',#372,0.862);
#372 = AXIS2_PLACEMENT_3D('',#373,#374,#375);
#373 = CARTESIAN_POINT('',(7.62,-17.78,1.3));
#374 = DIRECTION('',(0.,0.,1.));
#375 = DIRECTION('',(-2.22044604925E-16,-1.,0.));
#376 = FACE_BOUND('',#377,.T.);
#377 = EDGE_LOOP('',(#378));
#378 = ORIENTED_EDGE('',*,*,#379,.T.);
#379 = EDGE_CURVE('',#380,#380,#382,.T.);
#380 = VERTEX_POINT('',#381);
#381 = CARTESIAN_POINT('',(7.62,-16.102,1.3));
#382 = CIRCLE('',#383,0.862);
#383 = AXIS2_PLACEMENT_3D('',#384,#385,#386);
#384 = CARTESIAN_POINT('',(7.62,-15.24,1.3));
#385 = DIRECTION('',(0.,0.,1.));
#386 = DIRECTION('',(-2.22044604925E-16,-1.,0.));
#387 = FACE_BOUND('',#388,.T.);
#388 = EDGE_LOOP('',(#389));
#389 = ORIENTED_EDGE('',*,*,#390,.T.);
#390 = EDGE_CURVE('',#391,#391,#393,.T.);
#391 = VERTEX_POINT('',#392);
#392 = CARTESIAN_POINT('',(7.62,-11.022,1.3));
#393 = CIRCLE('',#394,0.862);
#394 = AXIS2_PLACEMENT_3D('',#395,#396,#397);
#395 = CARTESIAN_POINT('',(7.62,-10.16,1.3));
#396 = DIRECTION('',(0.,0.,1.));
#397 = DIRECTION('',(-2.22044604925E-16,-1.,0.));
#398 = FACE_BOUND('',#399,.T.);
#399 = EDGE_LOOP('',(#400));
#400 = ORIENTED_EDGE('',*,*,#401,.T.);
#401 = EDGE_CURVE('',#402,#402,#404,.T.);
#402 = VERTEX_POINT('',#403);
#403 = CARTESIAN_POINT('',(7.62,-13.562,1.3));
#404 = CIRCLE('',#405,0.862);
#405 = AXIS2_PLACEMENT_3D('',#406,#407,#408);
#406 = CARTESIAN_POINT('',(7.62,-12.7,1.3));
#407 = DIRECTION('',(0.,0.,1.));
#408 = DIRECTION('',(-2.22044604925E-16,-1.,0.));
#409 = FACE_BOUND('',#410,.T.);
#410 = EDGE_LOOP('',(#411));
#411 = ORIENTED_EDGE('',*,*,#412,.T.);
#412 = EDGE_CURVE('',#413,#413,#415,.T.);
#413 = VERTEX_POINT('',#414);
#414 = CARTESIAN_POINT('',(7.62,-0.862,1.3));
#415 = CIRCLE('',#416,0.862);
#416 = AXIS2_PLACEMENT_3D('',#417,#418,#419);
#417 = CARTESIAN_POINT('',(7.62,-1.110223024625E-16,1.3));
#418 = DIRECTION('',(0.,0.,1.));
#419 = DIRECTION('',(-2.22044604925E-16,-1.,0.));
#420 = FACE_BOUND('',#421,.T.);
#421 = EDGE_LOOP('',(#422));
#422 = ORIENTED_EDGE('',*,*,#423,.T.);
#423 = EDGE_CURVE('',#424,#424,#426,.T.);
#424 = VERTEX_POINT('',#425);
#425 = CARTESIAN_POINT('',(7.62,-3.402,1.3));
#426 = CIRCLE('',#427,0.862);
#427 = AXIS2_PLACEMENT_3D('',#428,#429,#430);
#428 = CARTESIAN_POINT('',(7.62,-2.54,1.3));
#429 = DIRECTION('',(0.,0.,1.));
#430 = DIRECTION('',(-2.22044604925E-16,-1.,0.));
#431 = FACE_BOUND('',#432,.T.);
#432 = EDGE_LOOP('',(#433));
#433 = ORIENTED_EDGE('',*,*,#434,.T.);
#434 = EDGE_CURVE('',#435,#435,#437,.T.);
#435 = VERTEX_POINT('',#436);
#436 = CARTESIAN_POINT('',(7.62,-5.942,1.3));
#437 = CIRCLE('',#438,0.862);
#438 = AXIS2_PLACEMENT_3D('',#439,#440,#441);
#439 = CARTESIAN_POINT('',(7.62,-5.08,1.3));
#440 = DIRECTION('',(0.,0.,1.));
#441 = DIRECTION('',(-2.22044604925E-16,-1.,0.));
#442 = FACE_BOUND('',#443,.T.);
#443 = EDGE_LOOP('',(#444));
#444 = ORIENTED_EDGE('',*,*,#445,.T.);
#445 = EDGE_CURVE('',#446,#446,#448,.T.);
#446 = VERTEX_POINT('',#447);
#447 = CARTESIAN_POINT('',(2.6645352591E-15,-1.678,1.3));
#448 = CIRCLE('',#449,0.862);
#449 = AXIS2_PLACEMENT_3D('',#450,#451,#452);
#450 = CARTESIAN_POINT('',(2.304098437508E-15,-2.54,1.3));
#451 = DIRECTION('',(0.,-0.,1.));
#452 = DIRECTION('',(3.445092848398E-16,1.,0.));
#453 = FACE_BOUND('',#454,.T.);
#454 = EDGE_LOOP('',(#455));
#455 = ORIENTED_EDGE('',*,*,#456,.T.);
#456 = EDGE_CURVE('',#457,#457,#459,.T.);
#457 = VERTEX_POINT('',#458);
#458 = CARTESIAN_POINT('',(3.552713678801E-15,0.862,1.3));
#459 = CIRCLE('',#460,0.862);
#460 = AXIS2_PLACEMENT_3D('',#461,#462,#463);
#461 = CARTESIAN_POINT('',(3.192276857208E-15,1.887379141863E-15,1.3));
#462 = DIRECTION('',(0.,-0.,1.));
#463 = DIRECTION('',(3.445092848398E-16,1.,0.));
#464 = FACE_BOUND('',#465,.T.);
#465 = EDGE_LOOP('',(#466));
#466 = ORIENTED_EDGE('',*,*,#467,.T.);
#467 = EDGE_CURVE('',#468,#468,#470,.T.);
#468 = VERTEX_POINT('',#469);
#469 = CARTESIAN_POINT('',(7.62,-8.482,1.3));
#470 = CIRCLE('',#471,0.862);
#471 = AXIS2_PLACEMENT_3D('',#472,#473,#474);
#472 = CARTESIAN_POINT('',(7.62,-7.62,1.3));
#473 = DIRECTION('',(0.,0.,1.));
#474 = DIRECTION('',(-2.22044604925E-16,-1.,0.));
#475 = FACE_BOUND('',#476,.T.);
#476 = EDGE_LOOP('',(#477));
#477 = ORIENTED_EDGE('',*,*,#478,.T.);
#478 = EDGE_CURVE('',#479,#479,#481,.T.);
#479 = VERTEX_POINT('',#480);
#480 = CARTESIAN_POINT('',(8.881784197001E-16,-6.758,1.3));
#481 = CIRCLE('',#482,0.862);
#482 = AXIS2_PLACEMENT_3D('',#483,#484,#485);
#483 = CARTESIAN_POINT('',(5.277415981075E-16,-7.62,1.3));
#484 = DIRECTION('',(0.,-0.,1.));
#485 = DIRECTION('',(3.445092848398E-16,1.,0.));
#486 = FACE_BOUND('',#487,.T.);
#487 = EDGE_LOOP('',(#488));
#488 = ORIENTED_EDGE('',*,*,#489,.T.);
#489 = EDGE_CURVE('',#490,#490,#492,.T.);
#490 = VERTEX_POINT('',#491);
#491 = CARTESIAN_POINT('',(1.7763568394E-15,-4.218,1.3));
#492 = CIRCLE('',#493,0.862);
#493 = AXIS2_PLACEMENT_3D('',#494,#495,#496);
#494 = CARTESIAN_POINT('',(1.415920017808E-15,-5.08,1.3));
#495 = DIRECTION('',(0.,-0.,1.));
#496 = DIRECTION('',(3.445092848398E-16,1.,0.));
#497 = FACE_BOUND('',#498,.T.);
#498 = EDGE_LOOP('',(#499,#509,#518,#526,#535,#543,#552,#560));
#499 = ORIENTED_EDGE('',*,*,#500,.F.);
#500 = EDGE_CURVE('',#501,#503,#505,.T.);
#501 = VERTEX_POINT('',#502);
#502 = CARTESIAN_POINT('',(5.89,-2.23,1.3));
#503 = VERTEX_POINT('',#504);
#504 = CARTESIAN_POINT('',(5.89,-7.99,1.3));
#505 = LINE('',#506,#507);
#506 = CARTESIAN_POINT('',(5.89,-5.11,1.3));
#507 = VECTOR('',#508,1.);
#508 = DIRECTION('',(-2.22044604925E-16,-1.,0.));
#509 = ORIENTED_EDGE('',*,*,#510,.F.);
#510 = EDGE_CURVE('',#511,#501,#513,.T.);
#511 = VERTEX_POINT('',#512);
#512 = CARTESIAN_POINT('',(5.39,-1.73,1.3));
#513 = CIRCLE('',#514,0.5);
#514 = AXIS2_PLACEMENT_3D('',#515,#516,#517);
#515 = CARTESIAN_POINT('',(5.39,-2.23,1.3));
#516 = DIRECTION('',(0.,0.,-1.));
#517 = DIRECTION('',(-6.661338147751E-16,1.,0.));
#518 = ORIENTED_EDGE('',*,*,#519,.F.);
#519 = EDGE_CURVE('',#520,#511,#522,.T.);
#520 = VERTEX_POINT('',#521);
#521 = CARTESIAN_POINT('',(2.23,-1.73,1.3));
#522 = LINE('',#523,#524);
#523 = CARTESIAN_POINT('',(2.23,-1.73,1.3));
#524 = VECTOR('',#525,1.);
#525 = DIRECTION('',(1.,-2.22044604925E-16,0.));
#526 = ORIENTED_EDGE('',*,*,#527,.F.);
#527 = EDGE_CURVE('',#528,#520,#530,.T.);
#528 = VERTEX_POINT('',#529);
#529 = CARTESIAN_POINT('',(1.73,-2.23,1.3));
#530 = CIRCLE('',#531,0.5);
#531 = AXIS2_PLACEMENT_3D('',#532,#533,#534);
#532 = CARTESIAN_POINT('',(2.23,-2.23,1.3));
#533 = DIRECTION('',(0.,0.,-1.));
#534 = DIRECTION('',(-1.,2.22044604925E-16,0.));
#535 = ORIENTED_EDGE('',*,*,#536,.F.);
#536 = EDGE_CURVE('',#537,#528,#539,.T.);
#537 = VERTEX_POINT('',#538);
#538 = CARTESIAN_POINT('',(1.73,-7.99,1.3));
#539 = LINE('',#540,#541);
#540 = CARTESIAN_POINT('',(1.73,-7.99,1.3));
#541 = VECTOR('',#542,1.);
#542 = DIRECTION('',(2.22044604925E-16,1.,0.));
#543 = ORIENTED_EDGE('',*,*,#544,.F.);
#544 = EDGE_CURVE('',#545,#537,#547,.T.);
#545 = VERTEX_POINT('',#546);
#546 = CARTESIAN_POINT('',(2.23,-8.49,1.3));
#547 = CIRCLE('',#548,0.5);
#548 = AXIS2_PLACEMENT_3D('',#549,#550,#551);
#549 = CARTESIAN_POINT('',(2.23,-7.99,1.3));
#550 = DIRECTION('',(0.,-0.,-1.));
#551 = DIRECTION('',(1.554312234475E-15,-1.,0.));
#552 = ORIENTED_EDGE('',*,*,#553,.F.);
#553 = EDGE_CURVE('',#554,#545,#556,.T.);
#554 = VERTEX_POINT('',#555);
#555 = CARTESIAN_POINT('',(5.39,-8.49,1.3));
#556 = LINE('',#557,#558);
#557 = CARTESIAN_POINT('',(5.39,-8.49,1.3));
#558 = VECTOR('',#559,1.);
#559 = DIRECTION('',(-1.,1.693441448954E-16,0.));
#560 = ORIENTED_EDGE('',*,*,#561,.F.);
#561 = EDGE_CURVE('',#503,#554,#562,.T.);
#562 = CIRCLE('',#563,0.5);
#563 = AXIS2_PLACEMENT_3D('',#564,#565,#566);
#564 = CARTESIAN_POINT('',(5.39,-7.99,1.3));
#565 = DIRECTION('',(0.,0.,-1.));
#566 = DIRECTION('',(1.,2.22044604925E-16,0.));
#567 = PLANE('',#568);
#568 = AXIS2_PLACEMENT_3D('',#569,#570,#571);
#569 = CARTESIAN_POINT('',(-1.27,1.27,1.3));
#570 = DIRECTION('',(0.,-0.,-1.));
#571 = DIRECTION('',(2.22044604925E-16,1.,0.));
#572 = ADVANCED_FACE('',(#573,#652,#663,#674,#685,#696,#707,#718,#729),
  #740,.F.);
#573 = FACE_BOUND('',#574,.F.);
#574 = EDGE_LOOP('',(#575,#576,#577,#585,#594,#602,#611,#619,#628,#636,
    #645,#651));
#575 = ORIENTED_EDGE('',*,*,#69,.F.);
#576 = ORIENTED_EDGE('',*,*,#115,.F.);
#577 = ORIENTED_EDGE('',*,*,#578,.T.);
#578 = EDGE_CURVE('',#108,#579,#581,.T.);
#579 = VERTEX_POINT('',#580);
#580 = CARTESIAN_POINT('',(1.73,0.67,3.967));
#581 = LINE('',#582,#583);
#582 = CARTESIAN_POINT('',(1.73,1.27,3.967));
#583 = VECTOR('',#584,1.);
#584 = DIRECTION('',(-2.22044604925E-16,-1.,0.));
#585 = ORIENTED_EDGE('',*,*,#586,.T.);
#586 = EDGE_CURVE('',#579,#587,#589,.T.);
#587 = VERTEX_POINT('',#588);
#588 = CARTESIAN_POINT('',(2.23,0.17,3.967));
#589 = CIRCLE('',#590,0.5);
#590 = AXIS2_PLACEMENT_3D('',#591,#592,#593);
#591 = CARTESIAN_POINT('',(2.23,0.67,3.967));
#592 = DIRECTION('',(0.,0.,1.));
#593 = DIRECTION('',(-1.,2.22044604925E-16,0.));
#594 = ORIENTED_EDGE('',*,*,#595,.T.);
#595 = EDGE_CURVE('',#587,#596,#598,.T.);
#596 = VERTEX_POINT('',#597);
#597 = CARTESIAN_POINT('',(2.23,-1.73,3.967));
#598 = LINE('',#599,#600);
#599 = CARTESIAN_POINT('',(2.23,1.27,3.967));
#600 = VECTOR('',#601,1.);
#601 = DIRECTION('',(-2.22044604925E-16,-1.,0.));
#602 = ORIENTED_EDGE('',*,*,#603,.T.);
#603 = EDGE_CURVE('',#596,#604,#606,.T.);
#604 = VERTEX_POINT('',#605);
#605 = CARTESIAN_POINT('',(1.73,-2.23,3.967));
#606 = CIRCLE('',#607,0.5);
#607 = AXIS2_PLACEMENT_3D('',#608,#609,#610);
#608 = CARTESIAN_POINT('',(2.23,-2.23,3.967));
#609 = DIRECTION('',(0.,-0.,1.));
#610 = DIRECTION('',(1.110223024625E-15,1.,0.));
#611 = ORIENTED_EDGE('',*,*,#612,.T.);
#612 = EDGE_CURVE('',#604,#613,#615,.T.);
#613 = VERTEX_POINT('',#614);
#614 = CARTESIAN_POINT('',(1.73,-16.65,3.967));
#615 = LINE('',#616,#617);
#616 = CARTESIAN_POINT('',(1.73,-9.44,3.967));
#617 = VECTOR('',#618,1.);
#618 = DIRECTION('',(-2.22044604925E-16,-1.,0.));
#619 = ORIENTED_EDGE('',*,*,#620,.T.);
#620 = EDGE_CURVE('',#613,#621,#623,.T.);
#621 = VERTEX_POINT('',#622);
#622 = CARTESIAN_POINT('',(2.23,-17.15,3.967));
#623 = CIRCLE('',#624,0.5);
#624 = AXIS2_PLACEMENT_3D('',#625,#626,#627);
#625 = CARTESIAN_POINT('',(2.23,-16.65,3.967));
#626 = DIRECTION('',(0.,0.,1.));
#627 = DIRECTION('',(-1.,2.22044604925E-16,0.));
#628 = ORIENTED_EDGE('',*,*,#629,.T.);
#629 = EDGE_CURVE('',#621,#630,#632,.T.);
#630 = VERTEX_POINT('',#631);
#631 = CARTESIAN_POINT('',(2.23,-17.95,3.967));
#632 = LINE('',#633,#634);
#633 = CARTESIAN_POINT('',(2.23,1.27,3.967));
#634 = VECTOR('',#635,1.);
#635 = DIRECTION('',(-2.22044604925E-16,-1.,0.));
#636 = ORIENTED_EDGE('',*,*,#637,.F.);
#637 = EDGE_CURVE('',#638,#630,#640,.T.);
#638 = VERTEX_POINT('',#639);
#639 = CARTESIAN_POINT('',(1.73,-18.45,3.967));
#640 = CIRCLE('',#641,0.5);
#641 = AXIS2_PLACEMENT_3D('',#642,#643,#644);
#642 = CARTESIAN_POINT('',(2.23,-18.45,3.967));
#643 = DIRECTION('',(0.,0.,-1.));
#644 = DIRECTION('',(-1.,2.22044604925E-16,0.));
#645 = ORIENTED_EDGE('',*,*,#646,.F.);
#646 = EDGE_CURVE('',#140,#638,#647,.T.);
#647 = LINE('',#648,#649);
#648 = CARTESIAN_POINT('',(1.73,-19.05,3.967));
#649 = VECTOR('',#650,1.);
#650 = DIRECTION('',(2.22044604925E-16,1.,0.));
#651 = ORIENTED_EDGE('',*,*,#139,.F.);
#652 = FACE_BOUND('',#653,.F.);
#653 = EDGE_LOOP('',(#654));
#654 = ORIENTED_EDGE('',*,*,#655,.F.);
#655 = EDGE_CURVE('',#656,#656,#658,.T.);
#656 = VERTEX_POINT('',#657);
#657 = CARTESIAN_POINT('',(3.10862446895E-15,0.862,3.967));
#658 = CIRCLE('',#659,0.862);
#659 = AXIS2_PLACEMENT_3D('',#660,#661,#662);
#660 = CARTESIAN_POINT('',(2.6645352591E-15,0.,3.967));
#661 = DIRECTION('',(0.,0.,-1.));
#662 = DIRECTION('',(3.445092848398E-16,1.,0.));
#663 = FACE_BOUND('',#664,.F.);
#664 = EDGE_LOOP('',(#665));
#665 = ORIENTED_EDGE('',*,*,#666,.F.);
#666 = EDGE_CURVE('',#667,#667,#669,.T.);
#667 = VERTEX_POINT('',#668);
#668 = CARTESIAN_POINT('',(2.22044604925E-15,-1.678,3.967));
#669 = CIRCLE('',#670,0.862);
#670 = AXIS2_PLACEMENT_3D('',#671,#672,#673);
#671 = CARTESIAN_POINT('',(1.7763568394E-15,-2.54,3.967));
#672 = DIRECTION('',(0.,0.,-1.));
#673 = DIRECTION('',(3.445092848398E-16,1.,0.));
#674 = FACE_BOUND('',#675,.F.);
#675 = EDGE_LOOP('',(#676));
#676 = ORIENTED_EDGE('',*,*,#677,.F.);
#677 = EDGE_CURVE('',#678,#678,#680,.T.);
#678 = VERTEX_POINT('',#679);
#679 = CARTESIAN_POINT('',(1.33226762955E-15,-4.218,3.967));
#680 = CIRCLE('',#681,0.862);
#681 = AXIS2_PLACEMENT_3D('',#682,#683,#684);
#682 = CARTESIAN_POINT('',(1.33226762955E-15,-5.08,3.967));
#683 = DIRECTION('',(0.,0.,-1.));
#684 = DIRECTION('',(3.445092848398E-16,1.,0.));
#685 = FACE_BOUND('',#686,.F.);
#686 = EDGE_LOOP('',(#687));
#687 = ORIENTED_EDGE('',*,*,#688,.F.);
#688 = EDGE_CURVE('',#689,#689,#691,.T.);
#689 = VERTEX_POINT('',#690);
#690 = CARTESIAN_POINT('',(-2.22044604925E-15,-14.378,3.967));
#691 = CIRCLE('',#692,0.862);
#692 = AXIS2_PLACEMENT_3D('',#693,#694,#695);
#693 = CARTESIAN_POINT('',(-2.22044604925E-15,-15.24,3.967));
#694 = DIRECTION('',(0.,0.,-1.));
#695 = DIRECTION('',(3.445092848398E-16,1.,0.));
#696 = FACE_BOUND('',#697,.F.);
#697 = EDGE_LOOP('',(#698));
#698 = ORIENTED_EDGE('',*,*,#699,.F.);
#699 = EDGE_CURVE('',#700,#700,#702,.T.);
#700 = VERTEX_POINT('',#701);
#701 = CARTESIAN_POINT('',(-1.33226762955E-15,-11.838,3.967));
#702 = CIRCLE('',#703,0.862);
#703 = AXIS2_PLACEMENT_3D('',#704,#705,#706);
#704 = CARTESIAN_POINT('',(-1.7763568394E-15,-12.7,3.967));
#705 = DIRECTION('',(0.,0.,-1.));
#706 = DIRECTION('',(3.445092848398E-16,1.,0.));
#707 = FACE_BOUND('',#708,.F.);
#708 = EDGE_LOOP('',(#709));
#709 = ORIENTED_EDGE('',*,*,#710,.F.);
#710 = EDGE_CURVE('',#711,#711,#713,.T.);
#711 = VERTEX_POINT('',#712);
#712 = CARTESIAN_POINT('',(4.440892098501E-16,-6.758,3.967));
#713 = CIRCLE('',#714,0.862);
#714 = AXIS2_PLACEMENT_3D('',#715,#716,#717);
#715 = CARTESIAN_POINT('',(4.440892098501E-16,-7.62,3.967));
#716 = DIRECTION('',(0.,0.,-1.));
#717 = DIRECTION('',(3.445092848398E-16,1.,0.));
#718 = FACE_BOUND('',#719,.F.);
#719 = EDGE_LOOP('',(#720));
#720 = ORIENTED_EDGE('',*,*,#721,.F.);
#721 = EDGE_CURVE('',#722,#722,#724,.T.);
#722 = VERTEX_POINT('',#723);
#723 = CARTESIAN_POINT('',(-4.440892098501E-16,-9.298,3.967));
#724 = CIRCLE('',#725,0.862);
#725 = AXIS2_PLACEMENT_3D('',#726,#727,#728);
#726 = CARTESIAN_POINT('',(-8.881784197001E-16,-10.16,3.967));
#727 = DIRECTION('',(0.,0.,-1.));
#728 = DIRECTION('',(3.445092848398E-16,1.,0.));
#729 = FACE_BOUND('',#730,.F.);
#730 = EDGE_LOOP('',(#731));
#731 = ORIENTED_EDGE('',*,*,#732,.F.);
#732 = EDGE_CURVE('',#733,#733,#735,.T.);
#733 = VERTEX_POINT('',#734);
#734 = CARTESIAN_POINT('',(-3.10862446895E-15,-16.918,3.967));
#735 = CIRCLE('',#736,0.862);
#736 = AXIS2_PLACEMENT_3D('',#737,#738,#739);
#737 = CARTESIAN_POINT('',(-3.10862446895E-15,-17.78,3.967));
#738 = DIRECTION('',(0.,0.,-1.));
#739 = DIRECTION('',(3.445092848398E-16,1.,0.));
#740 = PLANE('',#741);
#741 = AXIS2_PLACEMENT_3D('',#742,#743,#744);
#742 = CARTESIAN_POINT('',(-1.27,1.27,3.967));
#743 = DIRECTION('',(0.,-0.,-1.));
#744 = DIRECTION('',(2.22044604925E-16,1.,0.));
#745 = ADVANCED_FACE('',(#746),#757,.F.);
#746 = FACE_BOUND('',#747,.F.);
#747 = EDGE_LOOP('',(#748,#749,#750,#756));
#748 = ORIENTED_EDGE('',*,*,#107,.T.);
#749 = ORIENTED_EDGE('',*,*,#195,.T.);
#750 = ORIENTED_EDGE('',*,*,#751,.F.);
#751 = EDGE_CURVE('',#579,#196,#752,.T.);
#752 = LINE('',#753,#754);
#753 = CARTESIAN_POINT('',(1.73,0.67,3.967));
#754 = VECTOR('',#755,1.);
#755 = DIRECTION('',(0.,-0.,-1.));
#756 = ORIENTED_EDGE('',*,*,#578,.F.);
#757 = PLANE('',#758);
#758 = AXIS2_PLACEMENT_3D('',#759,#760,#761);
#759 = CARTESIAN_POINT('',(1.73,1.27,3.967));
#760 = DIRECTION('',(-1.,2.22044604925E-16,0.));
#761 = DIRECTION('',(-2.22044604925E-16,-1.,0.));
#762 = ADVANCED_FACE('',(#763),#781,.F.);
#763 = FACE_BOUND('',#764,.F.);
#764 = EDGE_LOOP('',(#765,#766,#774,#780));
#765 = ORIENTED_EDGE('',*,*,#179,.T.);
#766 = ORIENTED_EDGE('',*,*,#767,.T.);
#767 = EDGE_CURVE('',#172,#768,#770,.T.);
#768 = VERTEX_POINT('',#769);
#769 = CARTESIAN_POINT('',(8.89,1.27,3.967));
#770 = LINE('',#771,#772);
#771 = CARTESIAN_POINT('',(8.89,-19.05,3.967));
#772 = VECTOR('',#773,1.);
#773 = DIRECTION('',(2.22044604925E-16,1.,0.));
#774 = ORIENTED_EDGE('',*,*,#775,.F.);
#775 = EDGE_CURVE('',#238,#768,#776,.T.);
#776 = LINE('',#777,#778);
#777 = CARTESIAN_POINT('',(8.89,1.27,1.3));
#778 = VECTOR('',#779,1.);
#779 = DIRECTION('',(0.,0.,1.));
#780 = ORIENTED_EDGE('',*,*,#245,.F.);
#781 = PLANE('',#782);
#782 = AXIS2_PLACEMENT_3D('',#783,#784,#785);
#783 = CARTESIAN_POINT('',(8.89,-19.05,1.3));
#784 = DIRECTION('',(-1.,2.22044604925E-16,0.));
#785 = DIRECTION('',(2.22044604925E-16,1.,0.));
#786 = ADVANCED_FACE('',(#787,#905,#916,#927,#938,#949,#960,#971,#982),
  #993,.F.);
#787 = FACE_BOUND('',#788,.F.);
#788 = EDGE_LOOP('',(#789,#799,#807,#816,#824,#830,#831,#832,#840,#849,
    #857,#865,#873,#882,#890,#899));
#789 = ORIENTED_EDGE('',*,*,#790,.T.);
#790 = EDGE_CURVE('',#791,#793,#795,.T.);
#791 = VERTEX_POINT('',#792);
#792 = CARTESIAN_POINT('',(4.43,-1.73,3.967));
#793 = VERTEX_POINT('',#794);
#794 = CARTESIAN_POINT('',(4.43,0.17,3.967));
#795 = LINE('',#796,#797);
#796 = CARTESIAN_POINT('',(4.43,-19.05,3.967));
#797 = VECTOR('',#798,1.);
#798 = DIRECTION('',(2.22044604925E-16,1.,0.));
#799 = ORIENTED_EDGE('',*,*,#800,.T.);
#800 = EDGE_CURVE('',#793,#801,#803,.T.);
#801 = VERTEX_POINT('',#802);
#802 = CARTESIAN_POINT('',(5.39,0.17,3.967));
#803 = LINE('',#804,#805);
#804 = CARTESIAN_POINT('',(2.23,0.17,3.967));
#805 = VECTOR('',#806,1.);
#806 = DIRECTION('',(1.,-2.22044604925E-16,0.));
#807 = ORIENTED_EDGE('',*,*,#808,.T.);
#808 = EDGE_CURVE('',#801,#809,#811,.T.);
#809 = VERTEX_POINT('',#810);
#810 = CARTESIAN_POINT('',(5.89,0.67,3.967));
#811 = CIRCLE('',#812,0.5);
#812 = AXIS2_PLACEMENT_3D('',#813,#814,#815);
#813 = CARTESIAN_POINT('',(5.39,0.67,3.967));
#814 = DIRECTION('',(0.,0.,1.));
#815 = DIRECTION('',(-4.662936703426E-15,-1.,0.));
#816 = ORIENTED_EDGE('',*,*,#817,.T.);
#817 = EDGE_CURVE('',#809,#818,#820,.T.);
#818 = VERTEX_POINT('',#819);
#819 = CARTESIAN_POINT('',(5.89,1.27,3.967));
#820 = LINE('',#821,#822);
#821 = CARTESIAN_POINT('',(5.89,0.67,3.967));
#822 = VECTOR('',#823,1.);
#823 = DIRECTION('',(2.22044604925E-16,1.,0.));
#824 = ORIENTED_EDGE('',*,*,#825,.F.);
#825 = EDGE_CURVE('',#768,#818,#826,.T.);
#826 = LINE('',#827,#828);
#827 = CARTESIAN_POINT('',(8.89,1.27,3.967));
#828 = VECTOR('',#829,1.);
#829 = DIRECTION('',(-1.,2.22044604925E-16,0.));
#830 = ORIENTED_EDGE('',*,*,#767,.F.);
#831 = ORIENTED_EDGE('',*,*,#171,.F.);
#832 = ORIENTED_EDGE('',*,*,#833,.F.);
#833 = EDGE_CURVE('',#834,#164,#836,.T.);
#834 = VERTEX_POINT('',#835);
#835 = CARTESIAN_POINT('',(5.89,-18.45,3.967));
#836 = LINE('',#837,#838);
#837 = CARTESIAN_POINT('',(5.89,-18.45,3.967));
#838 = VECTOR('',#839,1.);
#839 = DIRECTION('',(-2.22044604925E-16,-1.,0.));
#840 = ORIENTED_EDGE('',*,*,#841,.F.);
#841 = EDGE_CURVE('',#842,#834,#844,.T.);
#842 = VERTEX_POINT('',#843);
#843 = CARTESIAN_POINT('',(5.39,-17.95,3.967));
#844 = CIRCLE('',#845,0.5);
#845 = AXIS2_PLACEMENT_3D('',#846,#847,#848);
#846 = CARTESIAN_POINT('',(5.39,-18.45,3.967));
#847 = DIRECTION('',(0.,0.,-1.));
#848 = DIRECTION('',(-4.218847493576E-15,1.,0.));
#849 = ORIENTED_EDGE('',*,*,#850,.F.);
#850 = EDGE_CURVE('',#851,#842,#853,.T.);
#851 = VERTEX_POINT('',#852);
#852 = CARTESIAN_POINT('',(4.43,-17.95,3.967));
#853 = LINE('',#854,#855);
#854 = CARTESIAN_POINT('',(2.23,-17.95,3.967));
#855 = VECTOR('',#856,1.);
#856 = DIRECTION('',(1.,-2.22044604925E-16,0.));
#857 = ORIENTED_EDGE('',*,*,#858,.T.);
#858 = EDGE_CURVE('',#851,#859,#861,.T.);
#859 = VERTEX_POINT('',#860);
#860 = CARTESIAN_POINT('',(4.43,-17.15,3.967));
#861 = LINE('',#862,#863);
#862 = CARTESIAN_POINT('',(4.43,-19.05,3.967));
#863 = VECTOR('',#864,1.);
#864 = DIRECTION('',(2.22044604925E-16,1.,0.));
#865 = ORIENTED_EDGE('',*,*,#866,.T.);
#866 = EDGE_CURVE('',#859,#867,#869,.T.);
#867 = VERTEX_POINT('',#868);
#868 = CARTESIAN_POINT('',(5.39,-17.15,3.967));
#869 = LINE('',#870,#871);
#870 = CARTESIAN_POINT('',(2.23,-17.15,3.967));
#871 = VECTOR('',#872,1.);
#872 = DIRECTION('',(1.,-2.22044604925E-16,0.));
#873 = ORIENTED_EDGE('',*,*,#874,.T.);
#874 = EDGE_CURVE('',#867,#875,#877,.T.);
#875 = VERTEX_POINT('',#876);
#876 = CARTESIAN_POINT('',(5.89,-16.65,3.967));
#877 = CIRCLE('',#878,0.5);
#878 = AXIS2_PLACEMENT_3D('',#879,#880,#881);
#879 = CARTESIAN_POINT('',(5.39,-16.65,3.967));
#880 = DIRECTION('',(-0.,0.,1.));
#881 = DIRECTION('',(6.661338147751E-16,-1.,0.));
#882 = ORIENTED_EDGE('',*,*,#883,.T.);
#883 = EDGE_CURVE('',#875,#884,#886,.T.);
#884 = VERTEX_POINT('',#885);
#885 = CARTESIAN_POINT('',(5.89,-2.23,3.967));
#886 = LINE('',#887,#888);
#887 = CARTESIAN_POINT('',(5.89,-16.65,3.967));
#888 = VECTOR('',#889,1.);
#889 = DIRECTION('',(2.528413601157E-16,1.,0.));
#890 = ORIENTED_EDGE('',*,*,#891,.T.);
#891 = EDGE_CURVE('',#884,#892,#894,.T.);
#892 = VERTEX_POINT('',#893);
#893 = CARTESIAN_POINT('',(5.39,-1.73,3.967));
#894 = CIRCLE('',#895,0.5);
#895 = AXIS2_PLACEMENT_3D('',#896,#897,#898);
#896 = CARTESIAN_POINT('',(5.39,-2.23,3.967));
#897 = DIRECTION('',(-0.,0.,1.));
#898 = DIRECTION('',(1.,-1.998401444325E-15,0.));
#899 = ORIENTED_EDGE('',*,*,#900,.T.);
#900 = EDGE_CURVE('',#892,#791,#901,.T.);
#901 = LINE('',#902,#903);
#902 = CARTESIAN_POINT('',(5.39,-1.73,3.967));
#903 = VECTOR('',#904,1.);
#904 = DIRECTION('',(-1.,2.22044604925E-16,0.));
#905 = FACE_BOUND('',#906,.F.);
#906 = EDGE_LOOP('',(#907));
#907 = ORIENTED_EDGE('',*,*,#908,.F.);
#908 = EDGE_CURVE('',#909,#909,#911,.T.);
#909 = VERTEX_POINT('',#910);
#910 = CARTESIAN_POINT('',(7.62,-11.022,3.967));
#911 = CIRCLE('',#912,0.862);
#912 = AXIS2_PLACEMENT_3D('',#913,#914,#915);
#913 = CARTESIAN_POINT('',(7.62,-10.16,3.967));
#914 = DIRECTION('',(-0.,0.,-1.));
#915 = DIRECTION('',(-2.22044604925E-16,-1.,0.));
#916 = FACE_BOUND('',#917,.F.);
#917 = EDGE_LOOP('',(#918));
#918 = ORIENTED_EDGE('',*,*,#919,.F.);
#919 = EDGE_CURVE('',#920,#920,#922,.T.);
#920 = VERTEX_POINT('',#921);
#921 = CARTESIAN_POINT('',(7.62,-8.482,3.967));
#922 = CIRCLE('',#923,0.862);
#923 = AXIS2_PLACEMENT_3D('',#924,#925,#926);
#924 = CARTESIAN_POINT('',(7.62,-7.62,3.967));
#925 = DIRECTION('',(-0.,0.,-1.));
#926 = DIRECTION('',(-2.22044604925E-16,-1.,0.));
#927 = FACE_BOUND('',#928,.F.);
#928 = EDGE_LOOP('',(#929));
#929 = ORIENTED_EDGE('',*,*,#930,.F.);
#930 = EDGE_CURVE('',#931,#931,#933,.T.);
#931 = VERTEX_POINT('',#932);
#932 = CARTESIAN_POINT('',(7.62,-3.402,3.967));
#933 = CIRCLE('',#934,0.862);
#934 = AXIS2_PLACEMENT_3D('',#935,#936,#937);
#935 = CARTESIAN_POINT('',(7.62,-2.54,3.967));
#936 = DIRECTION('',(-0.,0.,-1.));
#937 = DIRECTION('',(-2.22044604925E-16,-1.,0.));
#938 = FACE_BOUND('',#939,.F.);
#939 = EDGE_LOOP('',(#940));
#940 = ORIENTED_EDGE('',*,*,#941,.F.);
#941 = EDGE_CURVE('',#942,#942,#944,.T.);
#942 = VERTEX_POINT('',#943);
#943 = CARTESIAN_POINT('',(7.62,-5.942,3.967));
#944 = CIRCLE('',#945,0.862);
#945 = AXIS2_PLACEMENT_3D('',#946,#947,#948);
#946 = CARTESIAN_POINT('',(7.62,-5.08,3.967));
#947 = DIRECTION('',(-0.,0.,-1.));
#948 = DIRECTION('',(-2.22044604925E-16,-1.,0.));
#949 = FACE_BOUND('',#950,.F.);
#950 = EDGE_LOOP('',(#951));
#951 = ORIENTED_EDGE('',*,*,#952,.F.);
#952 = EDGE_CURVE('',#953,#953,#955,.T.);
#953 = VERTEX_POINT('',#954);
#954 = CARTESIAN_POINT('',(7.62,-18.642,3.967));
#955 = CIRCLE('',#956,0.862);
#956 = AXIS2_PLACEMENT_3D('',#957,#958,#959);
#957 = CARTESIAN_POINT('',(7.62,-17.78,3.967));
#958 = DIRECTION('',(-0.,0.,-1.));
#959 = DIRECTION('',(-2.22044604925E-16,-1.,0.));
#960 = FACE_BOUND('',#961,.F.);
#961 = EDGE_LOOP('',(#962));
#962 = ORIENTED_EDGE('',*,*,#963,.F.);
#963 = EDGE_CURVE('',#964,#964,#966,.T.);
#964 = VERTEX_POINT('',#965);
#965 = CARTESIAN_POINT('',(7.62,-16.102,3.967));
#966 = CIRCLE('',#967,0.862);
#967 = AXIS2_PLACEMENT_3D('',#968,#969,#970);
#968 = CARTESIAN_POINT('',(7.62,-15.24,3.967));
#969 = DIRECTION('',(-0.,0.,-1.));
#970 = DIRECTION('',(-2.22044604925E-16,-1.,0.));
#971 = FACE_BOUND('',#972,.F.);
#972 = EDGE_LOOP('',(#973));
#973 = ORIENTED_EDGE('',*,*,#974,.F.);
#974 = EDGE_CURVE('',#975,#975,#977,.T.);
#975 = VERTEX_POINT('',#976);
#976 = CARTESIAN_POINT('',(7.62,-13.562,3.967));
#977 = CIRCLE('',#978,0.862);
#978 = AXIS2_PLACEMENT_3D('',#979,#980,#981);
#979 = CARTESIAN_POINT('',(7.62,-12.7,3.967));
#980 = DIRECTION('',(-0.,0.,-1.));
#981 = DIRECTION('',(-2.22044604925E-16,-1.,0.));
#982 = FACE_BOUND('',#983,.F.);
#983 = EDGE_LOOP('',(#984));
#984 = ORIENTED_EDGE('',*,*,#985,.F.);
#985 = EDGE_CURVE('',#986,#986,#988,.T.);
#986 = VERTEX_POINT('',#987);
#987 = CARTESIAN_POINT('',(7.62,-0.862,3.967));
#988 = CIRCLE('',#989,0.862);
#989 = AXIS2_PLACEMENT_3D('',#990,#991,#992);
#990 = CARTESIAN_POINT('',(7.62,0.,3.967));
#991 = DIRECTION('',(-0.,0.,-1.));
#992 = DIRECTION('',(-2.22044604925E-16,-1.,0.));
#993 = PLANE('',#994);
#994 = AXIS2_PLACEMENT_3D('',#995,#996,#997);
#995 = CARTESIAN_POINT('',(-1.27,1.27,3.967));
#996 = DIRECTION('',(0.,-0.,-1.));
#997 = DIRECTION('',(2.22044604925E-16,1.,0.));
#998 = ADVANCED_FACE('',(#999),#1017,.T.);
#999 = FACE_BOUND('',#1000,.T.);
#1000 = EDGE_LOOP('',(#1001,#1002,#1010,#1016));
#1001 = ORIENTED_EDGE('',*,*,#147,.T.);
#1002 = ORIENTED_EDGE('',*,*,#1003,.T.);
#1003 = EDGE_CURVE('',#148,#1004,#1006,.T.);
#1004 = VERTEX_POINT('',#1005);
#1005 = CARTESIAN_POINT('',(1.73,-18.45,2.6335));
#1006 = LINE('',#1007,#1008);
#1007 = CARTESIAN_POINT('',(1.73,-19.05,2.6335));
#1008 = VECTOR('',#1009,1.);
#1009 = DIRECTION('',(2.22044604925E-16,1.,0.));
#1010 = ORIENTED_EDGE('',*,*,#1011,.F.);
#1011 = EDGE_CURVE('',#638,#1004,#1012,.T.);
#1012 = LINE('',#1013,#1014);
#1013 = CARTESIAN_POINT('',(1.73,-18.45,3.967));
#1014 = VECTOR('',#1015,1.);
#1015 = DIRECTION('',(0.,-0.,-1.));
#1016 = ORIENTED_EDGE('',*,*,#646,.F.);
#1017 = PLANE('',#1018);
#1018 = AXIS2_PLACEMENT_3D('',#1019,#1020,#1021);
#1019 = CARTESIAN_POINT('',(1.73,-19.05,3.967));
#1020 = DIRECTION('',(1.,-2.22044604925E-16,0.));
#1021 = DIRECTION('',(2.22044604925E-16,1.,0.));
#1022 = ADVANCED_FACE('',(#1023),#1041,.T.);
#1023 = FACE_BOUND('',#1024,.T.);
#1024 = EDGE_LOOP('',(#1025,#1033,#1039,#1040));
#1025 = ORIENTED_EDGE('',*,*,#1026,.T.);
#1026 = EDGE_CURVE('',#834,#1027,#1029,.T.);
#1027 = VERTEX_POINT('',#1028);
#1028 = CARTESIAN_POINT('',(5.89,-18.45,2.6335));
#1029 = LINE('',#1030,#1031);
#1030 = CARTESIAN_POINT('',(5.89,-18.45,3.967));
#1031 = VECTOR('',#1032,1.);
#1032 = DIRECTION('',(0.,-0.,-1.));
#1033 = ORIENTED_EDGE('',*,*,#1034,.T.);
#1034 = EDGE_CURVE('',#1027,#156,#1035,.T.);
#1035 = LINE('',#1036,#1037);
#1036 = CARTESIAN_POINT('',(5.89,-18.45,2.6335));
#1037 = VECTOR('',#1038,1.);
#1038 = DIRECTION('',(-2.22044604925E-16,-1.,0.));
#1039 = ORIENTED_EDGE('',*,*,#163,.F.);
#1040 = ORIENTED_EDGE('',*,*,#833,.F.);
#1041 = PLANE('',#1042);
#1042 = AXIS2_PLACEMENT_3D('',#1043,#1044,#1045);
#1043 = CARTESIAN_POINT('',(5.89,-18.45,3.967));
#1044 = DIRECTION('',(-1.,2.22044604925E-16,0.));
#1045 = DIRECTION('',(-2.22044604925E-16,-1.,0.));
#1046 = ADVANCED_FACE('',(#1047),#1100,.T.);
#1047 = FACE_BOUND('',#1048,.T.);
#1048 = EDGE_LOOP('',(#1049,#1050,#1051,#1052,#1061,#1069,#1077,#1085,
    #1093));
#1049 = ORIENTED_EDGE('',*,*,#1003,.F.);
#1050 = ORIENTED_EDGE('',*,*,#155,.F.);
#1051 = ORIENTED_EDGE('',*,*,#1034,.F.);
#1052 = ORIENTED_EDGE('',*,*,#1053,.F.);
#1053 = EDGE_CURVE('',#1054,#1027,#1056,.T.);
#1054 = VERTEX_POINT('',#1055);
#1055 = CARTESIAN_POINT('',(5.39,-17.95,2.6335));
#1056 = CIRCLE('',#1057,0.5);
#1057 = AXIS2_PLACEMENT_3D('',#1058,#1059,#1060);
#1058 = CARTESIAN_POINT('',(5.39,-18.45,2.6335));
#1059 = DIRECTION('',(0.,0.,-1.));
#1060 = DIRECTION('',(-4.218847493576E-15,1.,0.));
#1061 = ORIENTED_EDGE('',*,*,#1062,.F.);
#1062 = EDGE_CURVE('',#1063,#1054,#1065,.T.);
#1063 = VERTEX_POINT('',#1064);
#1064 = CARTESIAN_POINT('',(4.43,-17.95,2.6335));
#1065 = LINE('',#1066,#1067);
#1066 = CARTESIAN_POINT('',(2.23,-17.95,2.6335));
#1067 = VECTOR('',#1068,1.);
#1068 = DIRECTION('',(1.,-2.22044604925E-16,0.));
#1069 = ORIENTED_EDGE('',*,*,#1070,.T.);
#1070 = EDGE_CURVE('',#1063,#1071,#1073,.T.);
#1071 = VERTEX_POINT('',#1072);
#1072 = CARTESIAN_POINT('',(4.43,-17.15,2.6335));
#1073 = LINE('',#1074,#1075);
#1074 = CARTESIAN_POINT('',(4.43,-19.05,2.6335));
#1075 = VECTOR('',#1076,1.);
#1076 = DIRECTION('',(2.22044604925E-16,1.,0.));
#1077 = ORIENTED_EDGE('',*,*,#1078,.T.);
#1078 = EDGE_CURVE('',#1071,#1079,#1081,.T.);
#1079 = VERTEX_POINT('',#1080);
#1080 = CARTESIAN_POINT('',(2.23,-17.15,2.6335));
#1081 = LINE('',#1082,#1083);
#1082 = CARTESIAN_POINT('',(3.81,-17.15,2.6335));
#1083 = VECTOR('',#1084,1.);
#1084 = DIRECTION('',(-1.,2.22044604925E-16,-0.));
#1085 = ORIENTED_EDGE('',*,*,#1086,.T.);
#1086 = EDGE_CURVE('',#1079,#1087,#1089,.T.);
#1087 = VERTEX_POINT('',#1088);
#1088 = CARTESIAN_POINT('',(2.23,-17.95,2.6335));
#1089 = LINE('',#1090,#1091);
#1090 = CARTESIAN_POINT('',(2.23,1.27,2.6335));
#1091 = VECTOR('',#1092,1.);
#1092 = DIRECTION('',(-2.22044604925E-16,-1.,0.));
#1093 = ORIENTED_EDGE('',*,*,#1094,.F.);
#1094 = EDGE_CURVE('',#1004,#1087,#1095,.T.);
#1095 = CIRCLE('',#1096,0.5);
#1096 = AXIS2_PLACEMENT_3D('',#1097,#1098,#1099);
#1097 = CARTESIAN_POINT('',(2.23,-18.45,2.6335));
#1098 = DIRECTION('',(0.,0.,-1.));
#1099 = DIRECTION('',(-1.,2.22044604925E-16,0.));
#1100 = PLANE('',#1101);
#1101 = AXIS2_PLACEMENT_3D('',#1102,#1103,#1104);
#1102 = CARTESIAN_POINT('',(1.73,-19.05,2.6335));
#1103 = DIRECTION('',(0.,0.,1.));
#1104 = DIRECTION('',(-2.22044604925E-16,-1.,0.));
#1105 = ADVANCED_FACE('',(#1106),#1125,.F.);
#1106 = FACE_BOUND('',#1107,.F.);
#1107 = EDGE_LOOP('',(#1108,#1109,#1110,#1118,#1124));
#1108 = ORIENTED_EDGE('',*,*,#751,.T.);
#1109 = ORIENTED_EDGE('',*,*,#203,.T.);
#1110 = ORIENTED_EDGE('',*,*,#1111,.F.);
#1111 = EDGE_CURVE('',#1112,#204,#1114,.T.);
#1112 = VERTEX_POINT('',#1113);
#1113 = CARTESIAN_POINT('',(2.23,0.17,2.6335));
#1114 = LINE('',#1115,#1116);
#1115 = CARTESIAN_POINT('',(2.23,0.17,3.967));
#1116 = VECTOR('',#1117,1.);
#1117 = DIRECTION('',(0.,-0.,-1.));
#1118 = ORIENTED_EDGE('',*,*,#1119,.F.);
#1119 = EDGE_CURVE('',#587,#1112,#1120,.T.);
#1120 = LINE('',#1121,#1122);
#1121 = CARTESIAN_POINT('',(2.23,0.17,3.967));
#1122 = VECTOR('',#1123,1.);
#1123 = DIRECTION('',(0.,-0.,-1.));
#1124 = ORIENTED_EDGE('',*,*,#586,.F.);
#1125 = CYLINDRICAL_SURFACE('',#1126,0.5);
#1126 = AXIS2_PLACEMENT_3D('',#1127,#1128,#1129);
#1127 = CARTESIAN_POINT('',(2.23,0.67,3.967));
#1128 = DIRECTION('',(0.,0.,1.));
#1129 = DIRECTION('',(-1.,2.22044604925E-16,0.));
#1130 = ADVANCED_FACE('',(#1131),#1142,.F.);
#1131 = FACE_BOUND('',#1132,.F.);
#1132 = EDGE_LOOP('',(#1133,#1134,#1135,#1136));
#1133 = ORIENTED_EDGE('',*,*,#237,.F.);
#1134 = ORIENTED_EDGE('',*,*,#775,.T.);
#1135 = ORIENTED_EDGE('',*,*,#825,.T.);
#1136 = ORIENTED_EDGE('',*,*,#1137,.T.);
#1137 = EDGE_CURVE('',#818,#230,#1138,.T.);
#1138 = LINE('',#1139,#1140);
#1139 = CARTESIAN_POINT('',(5.89,1.27,3.967));
#1140 = VECTOR('',#1141,1.);
#1141 = DIRECTION('',(0.,-0.,-1.));
#1142 = PLANE('',#1143);
#1143 = AXIS2_PLACEMENT_3D('',#1144,#1145,#1146);
#1144 = CARTESIAN_POINT('',(8.89,1.27,1.3));
#1145 = DIRECTION('',(-2.22044604925E-16,-1.,0.));
#1146 = DIRECTION('',(-1.,2.22044604925E-16,0.));
#1147 = ADVANCED_FACE('',(#1148),#1173,.F.);
#1148 = FACE_BOUND('',#1149,.F.);
#1149 = EDGE_LOOP('',(#1150,#1158,#1159,#1160,#1166,#1167));
#1150 = ORIENTED_EDGE('',*,*,#1151,.F.);
#1151 = EDGE_CURVE('',#1112,#1152,#1154,.T.);
#1152 = VERTEX_POINT('',#1153);
#1153 = CARTESIAN_POINT('',(4.43,0.17,2.6335));
#1154 = LINE('',#1155,#1156);
#1155 = CARTESIAN_POINT('',(2.23,0.17,2.6335));
#1156 = VECTOR('',#1157,1.);
#1157 = DIRECTION('',(1.,-2.22044604925E-16,0.));
#1158 = ORIENTED_EDGE('',*,*,#1111,.T.);
#1159 = ORIENTED_EDGE('',*,*,#212,.T.);
#1160 = ORIENTED_EDGE('',*,*,#1161,.F.);
#1161 = EDGE_CURVE('',#801,#213,#1162,.T.);
#1162 = LINE('',#1163,#1164);
#1163 = CARTESIAN_POINT('',(5.39,0.17,3.967));
#1164 = VECTOR('',#1165,1.);
#1165 = DIRECTION('',(0.,-0.,-1.));
#1166 = ORIENTED_EDGE('',*,*,#800,.F.);
#1167 = ORIENTED_EDGE('',*,*,#1168,.F.);
#1168 = EDGE_CURVE('',#1152,#793,#1169,.T.);
#1169 = LINE('',#1170,#1171);
#1170 = CARTESIAN_POINT('',(4.43,0.17,3.967));
#1171 = VECTOR('',#1172,1.);
#1172 = DIRECTION('',(0.,0.,1.));
#1173 = PLANE('',#1174);
#1174 = AXIS2_PLACEMENT_3D('',#1175,#1176,#1177);
#1175 = CARTESIAN_POINT('',(2.23,0.17,3.967));
#1176 = DIRECTION('',(-2.22044604925E-16,-1.,0.));
#1177 = DIRECTION('',(1.,-2.22044604925E-16,0.));
#1178 = ADVANCED_FACE('',(#1179),#1190,.F.);
#1179 = FACE_BOUND('',#1180,.F.);
#1180 = EDGE_LOOP('',(#1181,#1187,#1188,#1189));
#1181 = ORIENTED_EDGE('',*,*,#1182,.T.);
#1182 = EDGE_CURVE('',#809,#221,#1183,.T.);
#1183 = LINE('',#1184,#1185);
#1184 = CARTESIAN_POINT('',(5.89,0.67,3.967));
#1185 = VECTOR('',#1186,1.);
#1186 = DIRECTION('',(0.,-0.,-1.));
#1187 = ORIENTED_EDGE('',*,*,#229,.T.);
#1188 = ORIENTED_EDGE('',*,*,#1137,.F.);
#1189 = ORIENTED_EDGE('',*,*,#817,.F.);
#1190 = PLANE('',#1191);
#1191 = AXIS2_PLACEMENT_3D('',#1192,#1193,#1194);
#1192 = CARTESIAN_POINT('',(5.89,0.67,3.967));
#1193 = DIRECTION('',(1.,-2.22044604925E-16,0.));
#1194 = DIRECTION('',(2.22044604925E-16,1.,0.));
#1195 = ADVANCED_FACE('',(#1196),#1202,.F.);
#1196 = FACE_BOUND('',#1197,.F.);
#1197 = EDGE_LOOP('',(#1198,#1199,#1200,#1201));
#1198 = ORIENTED_EDGE('',*,*,#1161,.T.);
#1199 = ORIENTED_EDGE('',*,*,#220,.T.);
#1200 = ORIENTED_EDGE('',*,*,#1182,.F.);
#1201 = ORIENTED_EDGE('',*,*,#808,.F.);
#1202 = CYLINDRICAL_SURFACE('',#1203,0.5);
#1203 = AXIS2_PLACEMENT_3D('',#1204,#1205,#1206);
#1204 = CARTESIAN_POINT('',(5.39,0.67,3.967));
#1205 = DIRECTION('',(0.,0.,1.));
#1206 = DIRECTION('',(-4.662936703426E-15,-1.,0.));
#1207 = ADVANCED_FACE('',(#1208,#1211),#1222,.T.);
#1208 = FACE_BOUND('',#1209,.T.);
#1209 = EDGE_LOOP('',(#1210));
#1210 = ORIENTED_EDGE('',*,*,#254,.F.);
#1211 = FACE_BOUND('',#1212,.T.);
#1212 = EDGE_LOOP('',(#1213));
#1213 = ORIENTED_EDGE('',*,*,#1214,.T.);
#1214 = EDGE_CURVE('',#1215,#1215,#1217,.T.);
#1215 = VERTEX_POINT('',#1216);
#1216 = CARTESIAN_POINT('',(-2.6645352591E-15,-17.018,1.3));
#1217 = CIRCLE('',#1218,0.762);
#1218 = AXIS2_PLACEMENT_3D('',#1219,#1220,#1221);
#1219 = CARTESIAN_POINT('',(-3.10862446895E-15,-17.78,1.3));
#1220 = DIRECTION('',(0.,-0.,1.));
#1221 = DIRECTION('',(3.445092848398E-16,1.,0.));
#1222 = PLANE('',#1223);
#1223 = AXIS2_PLACEMENT_3D('',#1224,#1225,#1226);
#1224 = CARTESIAN_POINT('',(-2.728005077161E-15,-16.918,1.3));
#1225 = DIRECTION('',(-0.,0.,-1.));
#1226 = DIRECTION('',(-3.445092848398E-16,-1.,0.));
#1227 = ADVANCED_FACE('',(#1228,#1231),#1242,.T.);
#1228 = FACE_BOUND('',#1229,.T.);
#1229 = EDGE_LOOP('',(#1230));
#1230 = ORIENTED_EDGE('',*,*,#265,.F.);
#1231 = FACE_BOUND('',#1232,.T.);
#1232 = EDGE_LOOP('',(#1233));
#1233 = ORIENTED_EDGE('',*,*,#1234,.T.);
#1234 = EDGE_CURVE('',#1235,#1235,#1237,.T.);
#1235 = VERTEX_POINT('',#1236);
#1236 = CARTESIAN_POINT('',(-2.22044604925E-15,-14.478,1.3));
#1237 = CIRCLE('',#1238,0.762);
#1238 = AXIS2_PLACEMENT_3D('',#1239,#1240,#1241);
#1239 = CARTESIAN_POINT('',(-2.22044604925E-15,-15.24,1.3));
#1240 = DIRECTION('',(0.,-0.,1.));
#1241 = DIRECTION('',(3.445092848398E-16,1.,0.));
#1242 = PLANE('',#1243);
#1243 = AXIS2_PLACEMENT_3D('',#1244,#1245,#1246);
#1244 = CARTESIAN_POINT('',(-1.839826657461E-15,-14.378,1.3));
#1245 = DIRECTION('',(-0.,0.,-1.));
#1246 = DIRECTION('',(-3.445092848398E-16,-1.,0.));
#1247 = ADVANCED_FACE('',(#1248,#1251),#1262,.T.);
#1248 = FACE_BOUND('',#1249,.T.);
#1249 = EDGE_LOOP('',(#1250));
#1250 = ORIENTED_EDGE('',*,*,#276,.F.);
#1251 = FACE_BOUND('',#1252,.T.);
#1252 = EDGE_LOOP('',(#1253));
#1253 = ORIENTED_EDGE('',*,*,#1254,.T.);
#1254 = EDGE_CURVE('',#1255,#1255,#1257,.T.);
#1255 = VERTEX_POINT('',#1256);
#1256 = CARTESIAN_POINT('',(0.,-9.398,1.3));
#1257 = CIRCLE('',#1258,0.762);
#1258 = AXIS2_PLACEMENT_3D('',#1259,#1260,#1261);
#1259 = CARTESIAN_POINT('',(-4.440892098501E-16,-10.16,1.3));
#1260 = DIRECTION('',(0.,-0.,1.));
#1261 = DIRECTION('',(3.445092848398E-16,1.,0.));
#1262 = PLANE('',#1263);
#1263 = AXIS2_PLACEMENT_3D('',#1264,#1265,#1266);
#1264 = CARTESIAN_POINT('',(-6.346981806075E-17,-9.298,1.3));
#1265 = DIRECTION('',(-0.,0.,-1.));
#1266 = DIRECTION('',(-3.445092848398E-16,-1.,0.));
#1267 = ADVANCED_FACE('',(#1268,#1271),#1282,.T.);
#1268 = FACE_BOUND('',#1269,.T.);
#1269 = EDGE_LOOP('',(#1270));
#1270 = ORIENTED_EDGE('',*,*,#287,.F.);
#1271 = FACE_BOUND('',#1272,.T.);
#1272 = EDGE_LOOP('',(#1273));
#1273 = ORIENTED_EDGE('',*,*,#1274,.T.);
#1274 = EDGE_CURVE('',#1275,#1275,#1277,.T.);
#1275 = VERTEX_POINT('',#1276);
#1276 = CARTESIAN_POINT('',(-1.33226762955E-15,-11.938,1.3));
#1277 = CIRCLE('',#1278,0.762);
#1278 = AXIS2_PLACEMENT_3D('',#1279,#1280,#1281);
#1279 = CARTESIAN_POINT('',(-1.33226762955E-15,-12.7,1.3));
#1280 = DIRECTION('',(0.,-0.,1.));
#1281 = DIRECTION('',(3.445092848398E-16,1.,0.));
#1282 = PLANE('',#1283);
#1283 = AXIS2_PLACEMENT_3D('',#1284,#1285,#1286);
#1284 = CARTESIAN_POINT('',(-9.516482377609E-16,-11.838,1.3));
#1285 = DIRECTION('',(-0.,0.,-1.));
#1286 = DIRECTION('',(-3.445092848398E-16,-1.,0.));
#1287 = ADVANCED_FACE('',(#1288),#1327,.T.);
#1288 = FACE_BOUND('',#1289,.T.);
#1289 = EDGE_LOOP('',(#1290,#1291,#1299,#1307,#1313,#1314,#1320,#1321));
#1290 = ORIENTED_EDGE('',*,*,#500,.T.);
#1291 = ORIENTED_EDGE('',*,*,#1292,.T.);
#1292 = EDGE_CURVE('',#503,#1293,#1295,.T.);
#1293 = VERTEX_POINT('',#1294);
#1294 = CARTESIAN_POINT('',(5.89,-7.99,2.6335));
#1295 = LINE('',#1296,#1297);
#1296 = CARTESIAN_POINT('',(5.89,-7.99,1.3));
#1297 = VECTOR('',#1298,1.);
#1298 = DIRECTION('',(0.,0.,1.));
#1299 = ORIENTED_EDGE('',*,*,#1300,.F.);
#1300 = EDGE_CURVE('',#1301,#1293,#1303,.T.);
#1301 = VERTEX_POINT('',#1302);
#1302 = CARTESIAN_POINT('',(5.89,-10.89,2.6335));
#1303 = LINE('',#1304,#1305);
#1304 = CARTESIAN_POINT('',(5.89,-16.65,2.6335));
#1305 = VECTOR('',#1306,1.);
#1306 = DIRECTION('',(2.528413601157E-16,1.,0.));
#1307 = ORIENTED_EDGE('',*,*,#1308,.F.);
#1308 = EDGE_CURVE('',#299,#1301,#1309,.T.);
#1309 = LINE('',#1310,#1311);
#1310 = CARTESIAN_POINT('',(5.89,-10.89,1.3));
#1311 = VECTOR('',#1312,1.);
#1312 = DIRECTION('',(0.,0.,1.));
#1313 = ORIENTED_EDGE('',*,*,#298,.T.);
#1314 = ORIENTED_EDGE('',*,*,#1315,.T.);
#1315 = EDGE_CURVE('',#301,#875,#1316,.T.);
#1316 = LINE('',#1317,#1318);
#1317 = CARTESIAN_POINT('',(5.89,-16.65,1.3));
#1318 = VECTOR('',#1319,1.);
#1319 = DIRECTION('',(0.,0.,1.));
#1320 = ORIENTED_EDGE('',*,*,#883,.T.);
#1321 = ORIENTED_EDGE('',*,*,#1322,.T.);
#1322 = EDGE_CURVE('',#884,#501,#1323,.T.);
#1323 = LINE('',#1324,#1325);
#1324 = CARTESIAN_POINT('',(5.89,-2.23,3.967));
#1325 = VECTOR('',#1326,1.);
#1326 = DIRECTION('',(0.,-0.,-1.));
#1327 = PLANE('',#1328);
#1328 = AXIS2_PLACEMENT_3D('',#1329,#1330,#1331);
#1329 = CARTESIAN_POINT('',(5.89,-9.44,2.690201168535));
#1330 = DIRECTION('',(-1.,2.433746693562E-16,-7.952105479759E-17));
#1331 = DIRECTION('',(7.952105479759E-17,-1.765722119575E-32,-1.));
#1332 = ADVANCED_FACE('',(#1333),#1352,.F.);
#1333 = FACE_BOUND('',#1334,.F.);
#1334 = EDGE_LOOP('',(#1335,#1343,#1350,#1351));
#1335 = ORIENTED_EDGE('',*,*,#1336,.T.);
#1336 = EDGE_CURVE('',#309,#1337,#1339,.T.);
#1337 = VERTEX_POINT('',#1338);
#1338 = CARTESIAN_POINT('',(5.39,-10.39,2.6335));
#1339 = LINE('',#1340,#1341);
#1340 = CARTESIAN_POINT('',(5.39,-10.39,1.3));
#1341 = VECTOR('',#1342,1.);
#1342 = DIRECTION('',(0.,0.,1.));
#1343 = ORIENTED_EDGE('',*,*,#1344,.T.);
#1344 = EDGE_CURVE('',#1337,#1301,#1345,.T.);
#1345 = CIRCLE('',#1346,0.5);
#1346 = AXIS2_PLACEMENT_3D('',#1347,#1348,#1349);
#1347 = CARTESIAN_POINT('',(5.39,-10.89,2.6335));
#1348 = DIRECTION('',(0.,0.,-1.));
#1349 = DIRECTION('',(-6.661338147751E-16,1.,0.));
#1350 = ORIENTED_EDGE('',*,*,#1308,.F.);
#1351 = ORIENTED_EDGE('',*,*,#308,.F.);
#1352 = CYLINDRICAL_SURFACE('',#1353,0.5);
#1353 = AXIS2_PLACEMENT_3D('',#1354,#1355,#1356);
#1354 = CARTESIAN_POINT('',(5.39,-10.89,1.3));
#1355 = DIRECTION('',(0.,-0.,-1.));
#1356 = DIRECTION('',(-6.661338147751E-16,1.,-0.));
#1357 = ADVANCED_FACE('',(#1358),#1369,.F.);
#1358 = FACE_BOUND('',#1359,.F.);
#1359 = EDGE_LOOP('',(#1360,#1361,#1367,#1368));
#1360 = ORIENTED_EDGE('',*,*,#874,.F.);
#1361 = ORIENTED_EDGE('',*,*,#1362,.T.);
#1362 = EDGE_CURVE('',#867,#352,#1363,.T.);
#1363 = LINE('',#1364,#1365);
#1364 = CARTESIAN_POINT('',(5.39,-17.15,3.967));
#1365 = VECTOR('',#1366,1.);
#1366 = DIRECTION('',(0.,-0.,-1.));
#1367 = ORIENTED_EDGE('',*,*,#359,.F.);
#1368 = ORIENTED_EDGE('',*,*,#1315,.T.);
#1369 = CYLINDRICAL_SURFACE('',#1370,0.5);
#1370 = AXIS2_PLACEMENT_3D('',#1371,#1372,#1373);
#1371 = CARTESIAN_POINT('',(5.39,-16.65,1.3));
#1372 = DIRECTION('',(0.,-0.,-1.));
#1373 = DIRECTION('',(1.,3.330669073875E-15,0.));
#1374 = ADVANCED_FACE('',(#1375),#1393,.F.);
#1375 = FACE_BOUND('',#1376,.F.);
#1376 = EDGE_LOOP('',(#1377,#1385,#1391,#1392));
#1377 = ORIENTED_EDGE('',*,*,#1378,.T.);
#1378 = EDGE_CURVE('',#318,#1379,#1381,.T.);
#1379 = VERTEX_POINT('',#1380);
#1380 = CARTESIAN_POINT('',(2.23,-10.39,2.6335));
#1381 = LINE('',#1382,#1383);
#1382 = CARTESIAN_POINT('',(2.23,-10.39,1.3));
#1383 = VECTOR('',#1384,1.);
#1384 = DIRECTION('',(0.,0.,1.));
#1385 = ORIENTED_EDGE('',*,*,#1386,.T.);
#1386 = EDGE_CURVE('',#1379,#1337,#1387,.T.);
#1387 = LINE('',#1388,#1389);
#1388 = CARTESIAN_POINT('',(2.23,-10.39,2.6335));
#1389 = VECTOR('',#1390,1.);
#1390 = DIRECTION('',(1.,-2.22044604925E-16,0.));
#1391 = ORIENTED_EDGE('',*,*,#1336,.F.);
#1392 = ORIENTED_EDGE('',*,*,#317,.F.);
#1393 = PLANE('',#1394);
#1394 = AXIS2_PLACEMENT_3D('',#1395,#1396,#1397);
#1395 = CARTESIAN_POINT('',(2.23,-10.39,1.3));
#1396 = DIRECTION('',(2.22044604925E-16,1.,0.));
#1397 = DIRECTION('',(1.,-2.22044604925E-16,0.));
#1398 = ADVANCED_FACE('',(#1399),#1417,.T.);
#1399 = FACE_BOUND('',#1400,.T.);
#1400 = EDGE_LOOP('',(#1401,#1402,#1403,#1409,#1410,#1416));
#1401 = ORIENTED_EDGE('',*,*,#1362,.T.);
#1402 = ORIENTED_EDGE('',*,*,#351,.T.);
#1403 = ORIENTED_EDGE('',*,*,#1404,.T.);
#1404 = EDGE_CURVE('',#343,#1079,#1405,.T.);
#1405 = LINE('',#1406,#1407);
#1406 = CARTESIAN_POINT('',(2.23,-17.15,1.3));
#1407 = VECTOR('',#1408,1.);
#1408 = DIRECTION('',(0.,0.,1.));
#1409 = ORIENTED_EDGE('',*,*,#1078,.F.);
#1410 = ORIENTED_EDGE('',*,*,#1411,.F.);
#1411 = EDGE_CURVE('',#859,#1071,#1412,.T.);
#1412 = LINE('',#1413,#1414);
#1413 = CARTESIAN_POINT('',(4.43,-17.15,2.6335));
#1414 = VECTOR('',#1415,1.);
#1415 = DIRECTION('',(0.,-0.,-1.));
#1416 = ORIENTED_EDGE('',*,*,#866,.T.);
#1417 = PLANE('',#1418);
#1418 = AXIS2_PLACEMENT_3D('',#1419,#1420,#1421);
#1419 = CARTESIAN_POINT('',(5.39,-17.15,1.3));
#1420 = DIRECTION('',(2.22044604925E-16,1.,0.));
#1421 = DIRECTION('',(0.,0.,-1.));
#1422 = ADVANCED_FACE('',(#1423),#1442,.F.);
#1423 = FACE_BOUND('',#1424,.F.);
#1424 = EDGE_LOOP('',(#1425,#1433,#1440,#1441));
#1425 = ORIENTED_EDGE('',*,*,#1426,.T.);
#1426 = EDGE_CURVE('',#326,#1427,#1429,.T.);
#1427 = VERTEX_POINT('',#1428);
#1428 = CARTESIAN_POINT('',(1.73,-10.89,2.6335));
#1429 = LINE('',#1430,#1431);
#1430 = CARTESIAN_POINT('',(1.73,-10.89,1.3));
#1431 = VECTOR('',#1432,1.);
#1432 = DIRECTION('',(0.,0.,1.));
#1433 = ORIENTED_EDGE('',*,*,#1434,.T.);
#1434 = EDGE_CURVE('',#1427,#1379,#1435,.T.);
#1435 = CIRCLE('',#1436,0.5);
#1436 = AXIS2_PLACEMENT_3D('',#1437,#1438,#1439);
#1437 = CARTESIAN_POINT('',(2.23,-10.89,2.6335));
#1438 = DIRECTION('',(0.,-0.,-1.));
#1439 = DIRECTION('',(-1.,-1.554312234475E-15,0.));
#1440 = ORIENTED_EDGE('',*,*,#1378,.F.);
#1441 = ORIENTED_EDGE('',*,*,#325,.F.);
#1442 = CYLINDRICAL_SURFACE('',#1443,0.5);
#1443 = AXIS2_PLACEMENT_3D('',#1444,#1445,#1446);
#1444 = CARTESIAN_POINT('',(2.23,-10.89,1.3));
#1445 = DIRECTION('',(0.,-0.,-1.));
#1446 = DIRECTION('',(-1.,-1.554312234475E-15,0.));
#1447 = ADVANCED_FACE('',(#1448),#1465,.F.);
#1448 = FACE_BOUND('',#1449,.F.);
#1449 = EDGE_LOOP('',(#1450,#1451,#1457,#1458,#1459));
#1450 = ORIENTED_EDGE('',*,*,#620,.F.);
#1451 = ORIENTED_EDGE('',*,*,#1452,.T.);
#1452 = EDGE_CURVE('',#613,#335,#1453,.T.);
#1453 = LINE('',#1454,#1455);
#1454 = CARTESIAN_POINT('',(1.73,-16.65,3.967));
#1455 = VECTOR('',#1456,1.);
#1456 = DIRECTION('',(0.,-0.,-1.));
#1457 = ORIENTED_EDGE('',*,*,#342,.F.);
#1458 = ORIENTED_EDGE('',*,*,#1404,.T.);
#1459 = ORIENTED_EDGE('',*,*,#1460,.T.);
#1460 = EDGE_CURVE('',#1079,#621,#1461,.T.);
#1461 = LINE('',#1462,#1463);
#1462 = CARTESIAN_POINT('',(2.23,-17.15,1.3));
#1463 = VECTOR('',#1464,1.);
#1464 = DIRECTION('',(0.,0.,1.));
#1465 = CYLINDRICAL_SURFACE('',#1466,0.5);
#1466 = AXIS2_PLACEMENT_3D('',#1467,#1468,#1469);
#1467 = CARTESIAN_POINT('',(2.23,-16.65,1.3));
#1468 = DIRECTION('',(0.,-0.,-1.));
#1469 = DIRECTION('',(5.107025913276E-15,-1.,0.));
#1470 = ADVANCED_FACE('',(#1471),#1498,.T.);
#1471 = FACE_BOUND('',#1472,.T.);
#1472 = EDGE_LOOP('',(#1473,#1481,#1482,#1488,#1489,#1490,#1491,#1492));
#1473 = ORIENTED_EDGE('',*,*,#1474,.F.);
#1474 = EDGE_CURVE('',#537,#1475,#1477,.T.);
#1475 = VERTEX_POINT('',#1476);
#1476 = CARTESIAN_POINT('',(1.73,-7.99,2.6335));
#1477 = LINE('',#1478,#1479);
#1478 = CARTESIAN_POINT('',(1.73,-7.99,1.3));
#1479 = VECTOR('',#1480,1.);
#1480 = DIRECTION('',(0.,0.,1.));
#1481 = ORIENTED_EDGE('',*,*,#536,.T.);
#1482 = ORIENTED_EDGE('',*,*,#1483,.T.);
#1483 = EDGE_CURVE('',#528,#604,#1484,.T.);
#1484 = LINE('',#1485,#1486);
#1485 = CARTESIAN_POINT('',(1.73,-2.23,1.3));
#1486 = VECTOR('',#1487,1.);
#1487 = DIRECTION('',(0.,0.,1.));
#1488 = ORIENTED_EDGE('',*,*,#612,.T.);
#1489 = ORIENTED_EDGE('',*,*,#1452,.T.);
#1490 = ORIENTED_EDGE('',*,*,#334,.T.);
#1491 = ORIENTED_EDGE('',*,*,#1426,.T.);
#1492 = ORIENTED_EDGE('',*,*,#1493,.F.);
#1493 = EDGE_CURVE('',#1475,#1427,#1494,.T.);
#1494 = LINE('',#1495,#1496);
#1495 = CARTESIAN_POINT('',(1.73,-2.23,2.6335));
#1496 = VECTOR('',#1497,1.);
#1497 = DIRECTION('',(-2.836381153065E-16,-1.,0.));
#1498 = PLANE('',#1499);
#1499 = AXIS2_PLACEMENT_3D('',#1500,#1501,#1502);
#1500 = CARTESIAN_POINT('',(1.73,-7.99,1.3));
#1501 = DIRECTION('',(1.,-2.22044604925E-16,0.));
#1502 = DIRECTION('',(0.,0.,1.));
#1503 = ADVANCED_FACE('',(#1504,#1507),#1518,.T.);
#1504 = FACE_BOUND('',#1505,.T.);
#1505 = EDGE_LOOP('',(#1506));
#1506 = ORIENTED_EDGE('',*,*,#368,.F.);
#1507 = FACE_BOUND('',#1508,.T.);
#1508 = EDGE_LOOP('',(#1509));
#1509 = ORIENTED_EDGE('',*,*,#1510,.T.);
#1510 = EDGE_CURVE('',#1511,#1511,#1513,.T.);
#1511 = VERTEX_POINT('',#1512);
#1512 = CARTESIAN_POINT('',(7.62,-18.542,1.3));
#1513 = CIRCLE('',#1514,0.762);
#1514 = AXIS2_PLACEMENT_3D('',#1515,#1516,#1517);
#1515 = CARTESIAN_POINT('',(7.62,-17.78,1.3));
#1516 = DIRECTION('',(0.,0.,1.));
#1517 = DIRECTION('',(-2.22044604925E-16,-1.,0.));
#1518 = PLANE('',#1519);
#1519 = AXIS2_PLACEMENT_3D('',#1520,#1521,#1522);
#1520 = CARTESIAN_POINT('',(7.62,-18.642,1.3));
#1521 = DIRECTION('',(0.,0.,-1.));
#1522 = DIRECTION('',(2.22044604925E-16,1.,0.));
#1523 = ADVANCED_FACE('',(#1524,#1527),#1538,.T.);
#1524 = FACE_BOUND('',#1525,.T.);
#1525 = EDGE_LOOP('',(#1526));
#1526 = ORIENTED_EDGE('',*,*,#379,.F.);
#1527 = FACE_BOUND('',#1528,.T.);
#1528 = EDGE_LOOP('',(#1529));
#1529 = ORIENTED_EDGE('',*,*,#1530,.T.);
#1530 = EDGE_CURVE('',#1531,#1531,#1533,.T.);
#1531 = VERTEX_POINT('',#1532);
#1532 = CARTESIAN_POINT('',(7.62,-16.002,1.3));
#1533 = CIRCLE('',#1534,0.762);
#1534 = AXIS2_PLACEMENT_3D('',#1535,#1536,#1537);
#1535 = CARTESIAN_POINT('',(7.62,-15.24,1.3));
#1536 = DIRECTION('',(0.,0.,1.));
#1537 = DIRECTION('',(-2.22044604925E-16,-1.,0.));
#1538 = PLANE('',#1539);
#1539 = AXIS2_PLACEMENT_3D('',#1540,#1541,#1542);
#1540 = CARTESIAN_POINT('',(7.62,-16.102,1.3));
#1541 = DIRECTION('',(0.,0.,-1.));
#1542 = DIRECTION('',(2.22044604925E-16,1.,0.));
#1543 = ADVANCED_FACE('',(#1544,#1547),#1558,.T.);
#1544 = FACE_BOUND('',#1545,.T.);
#1545 = EDGE_LOOP('',(#1546));
#1546 = ORIENTED_EDGE('',*,*,#390,.F.);
#1547 = FACE_BOUND('',#1548,.T.);
#1548 = EDGE_LOOP('',(#1549));
#1549 = ORIENTED_EDGE('',*,*,#1550,.T.);
#1550 = EDGE_CURVE('',#1551,#1551,#1553,.T.);
#1551 = VERTEX_POINT('',#1552);
#1552 = CARTESIAN_POINT('',(7.62,-10.922,1.3));
#1553 = CIRCLE('',#1554,0.762);
#1554 = AXIS2_PLACEMENT_3D('',#1555,#1556,#1557);
#1555 = CARTESIAN_POINT('',(7.62,-10.16,1.3));
#1556 = DIRECTION('',(0.,0.,1.));
#1557 = DIRECTION('',(-2.22044604925E-16,-1.,0.));
#1558 = PLANE('',#1559);
#1559 = AXIS2_PLACEMENT_3D('',#1560,#1561,#1562);
#1560 = CARTESIAN_POINT('',(7.62,-11.022,1.3));
#1561 = DIRECTION('',(0.,0.,-1.));
#1562 = DIRECTION('',(2.22044604925E-16,1.,0.));
#1563 = ADVANCED_FACE('',(#1564,#1567),#1578,.T.);
#1564 = FACE_BOUND('',#1565,.T.);
#1565 = EDGE_LOOP('',(#1566));
#1566 = ORIENTED_EDGE('',*,*,#401,.F.);
#1567 = FACE_BOUND('',#1568,.T.);
#1568 = EDGE_LOOP('',(#1569));
#1569 = ORIENTED_EDGE('',*,*,#1570,.T.);
#1570 = EDGE_CURVE('',#1571,#1571,#1573,.T.);
#1571 = VERTEX_POINT('',#1572);
#1572 = CARTESIAN_POINT('',(7.62,-13.462,1.3));
#1573 = CIRCLE('',#1574,0.762);
#1574 = AXIS2_PLACEMENT_3D('',#1575,#1576,#1577);
#1575 = CARTESIAN_POINT('',(7.62,-12.7,1.3));
#1576 = DIRECTION('',(0.,0.,1.));
#1577 = DIRECTION('',(-2.22044604925E-16,-1.,0.));
#1578 = PLANE('',#1579);
#1579 = AXIS2_PLACEMENT_3D('',#1580,#1581,#1582);
#1580 = CARTESIAN_POINT('',(7.62,-13.562,1.3));
#1581 = DIRECTION('',(0.,0.,-1.));
#1582 = DIRECTION('',(2.22044604925E-16,1.,0.));
#1583 = ADVANCED_FACE('',(#1584,#1587),#1598,.T.);
#1584 = FACE_BOUND('',#1585,.T.);
#1585 = EDGE_LOOP('',(#1586));
#1586 = ORIENTED_EDGE('',*,*,#412,.F.);
#1587 = FACE_BOUND('',#1588,.T.);
#1588 = EDGE_LOOP('',(#1589));
#1589 = ORIENTED_EDGE('',*,*,#1590,.T.);
#1590 = EDGE_CURVE('',#1591,#1591,#1593,.T.);
#1591 = VERTEX_POINT('',#1592);
#1592 = CARTESIAN_POINT('',(7.62,-0.762,1.3));
#1593 = CIRCLE('',#1594,0.762);
#1594 = AXIS2_PLACEMENT_3D('',#1595,#1596,#1597);
#1595 = CARTESIAN_POINT('',(7.62,0.,1.3));
#1596 = DIRECTION('',(0.,0.,1.));
#1597 = DIRECTION('',(-2.22044604925E-16,-1.,0.));
#1598 = PLANE('',#1599);
#1599 = AXIS2_PLACEMENT_3D('',#1600,#1601,#1602);
#1600 = CARTESIAN_POINT('',(7.62,-0.862,1.3));
#1601 = DIRECTION('',(0.,0.,-1.));
#1602 = DIRECTION('',(2.22044604925E-16,1.,0.));
#1603 = ADVANCED_FACE('',(#1604,#1607),#1618,.T.);
#1604 = FACE_BOUND('',#1605,.T.);
#1605 = EDGE_LOOP('',(#1606));
#1606 = ORIENTED_EDGE('',*,*,#423,.F.);
#1607 = FACE_BOUND('',#1608,.T.);
#1608 = EDGE_LOOP('',(#1609));
#1609 = ORIENTED_EDGE('',*,*,#1610,.T.);
#1610 = EDGE_CURVE('',#1611,#1611,#1613,.T.);
#1611 = VERTEX_POINT('',#1612);
#1612 = CARTESIAN_POINT('',(7.62,-3.302,1.3));
#1613 = CIRCLE('',#1614,0.762);
#1614 = AXIS2_PLACEMENT_3D('',#1615,#1616,#1617);
#1615 = CARTESIAN_POINT('',(7.62,-2.54,1.3));
#1616 = DIRECTION('',(0.,0.,1.));
#1617 = DIRECTION('',(-2.22044604925E-16,-1.,0.));
#1618 = PLANE('',#1619);
#1619 = AXIS2_PLACEMENT_3D('',#1620,#1621,#1622);
#1620 = CARTESIAN_POINT('',(7.62,-3.402,1.3));
#1621 = DIRECTION('',(0.,0.,-1.));
#1622 = DIRECTION('',(2.22044604925E-16,1.,0.));
#1623 = ADVANCED_FACE('',(#1624,#1627),#1638,.T.);
#1624 = FACE_BOUND('',#1625,.T.);
#1625 = EDGE_LOOP('',(#1626));
#1626 = ORIENTED_EDGE('',*,*,#434,.F.);
#1627 = FACE_BOUND('',#1628,.T.);
#1628 = EDGE_LOOP('',(#1629));
#1629 = ORIENTED_EDGE('',*,*,#1630,.T.);
#1630 = EDGE_CURVE('',#1631,#1631,#1633,.T.);
#1631 = VERTEX_POINT('',#1632);
#1632 = CARTESIAN_POINT('',(7.62,-5.842,1.3));
#1633 = CIRCLE('',#1634,0.762);
#1634 = AXIS2_PLACEMENT_3D('',#1635,#1636,#1637);
#1635 = CARTESIAN_POINT('',(7.62,-5.08,1.3));
#1636 = DIRECTION('',(0.,0.,1.));
#1637 = DIRECTION('',(-2.22044604925E-16,-1.,0.));
#1638 = PLANE('',#1639);
#1639 = AXIS2_PLACEMENT_3D('',#1640,#1641,#1642);
#1640 = CARTESIAN_POINT('',(7.62,-5.942,1.3));
#1641 = DIRECTION('',(0.,0.,-1.));
#1642 = DIRECTION('',(2.22044604925E-16,1.,0.));
#1643 = ADVANCED_FACE('',(#1644,#1647),#1658,.T.);
#1644 = FACE_BOUND('',#1645,.T.);
#1645 = EDGE_LOOP('',(#1646));
#1646 = ORIENTED_EDGE('',*,*,#445,.F.);
#1647 = FACE_BOUND('',#1648,.T.);
#1648 = EDGE_LOOP('',(#1649));
#1649 = ORIENTED_EDGE('',*,*,#1650,.T.);
#1650 = EDGE_CURVE('',#1651,#1651,#1653,.T.);
#1651 = VERTEX_POINT('',#1652);
#1652 = CARTESIAN_POINT('',(2.6645352591E-15,-1.778,1.3));
#1653 = CIRCLE('',#1654,0.762);
#1654 = AXIS2_PLACEMENT_3D('',#1655,#1656,#1657);
#1655 = CARTESIAN_POINT('',(2.22044604925E-15,-2.54,1.3));
#1656 = DIRECTION('',(0.,-0.,1.));
#1657 = DIRECTION('',(3.445092848398E-16,1.,0.));
#1658 = PLANE('',#1659);
#1659 = AXIS2_PLACEMENT_3D('',#1660,#1661,#1662);
#1660 = CARTESIAN_POINT('',(2.60106544104E-15,-1.678,1.3));
#1661 = DIRECTION('',(-0.,0.,-1.));
#1662 = DIRECTION('',(-3.445092848398E-16,-1.,0.));
#1663 = ADVANCED_FACE('',(#1664,#1667),#1678,.T.);
#1664 = FACE_BOUND('',#1665,.T.);
#1665 = EDGE_LOOP('',(#1666));
#1666 = ORIENTED_EDGE('',*,*,#456,.F.);
#1667 = FACE_BOUND('',#1668,.T.);
#1668 = EDGE_LOOP('',(#1669));
#1669 = ORIENTED_EDGE('',*,*,#1670,.T.);
#1670 = EDGE_CURVE('',#1671,#1671,#1673,.T.);
#1671 = VERTEX_POINT('',#1672);
#1672 = CARTESIAN_POINT('',(3.552713678801E-15,0.762,1.3));
#1673 = CIRCLE('',#1674,0.762);
#1674 = AXIS2_PLACEMENT_3D('',#1675,#1676,#1677);
#1675 = CARTESIAN_POINT('',(3.10862446895E-15,1.7763568394E-15,1.3));
#1676 = DIRECTION('',(0.,-0.,1.));
#1677 = DIRECTION('',(3.445092848398E-16,1.,0.));
#1678 = PLANE('',#1679);
#1679 = AXIS2_PLACEMENT_3D('',#1680,#1681,#1682);
#1680 = CARTESIAN_POINT('',(3.48924386074E-15,0.862,1.3));
#1681 = DIRECTION('',(-0.,0.,-1.));
#1682 = DIRECTION('',(-3.445092848398E-16,-1.,0.));
#1683 = ADVANCED_FACE('',(#1684,#1687),#1698,.T.);
#1684 = FACE_BOUND('',#1685,.T.);
#1685 = EDGE_LOOP('',(#1686));
#1686 = ORIENTED_EDGE('',*,*,#467,.F.);
#1687 = FACE_BOUND('',#1688,.T.);
#1688 = EDGE_LOOP('',(#1689));
#1689 = ORIENTED_EDGE('',*,*,#1690,.T.);
#1690 = EDGE_CURVE('',#1691,#1691,#1693,.T.);
#1691 = VERTEX_POINT('',#1692);
#1692 = CARTESIAN_POINT('',(7.62,-8.382,1.3));
#1693 = CIRCLE('',#1694,0.762);
#1694 = AXIS2_PLACEMENT_3D('',#1695,#1696,#1697);
#1695 = CARTESIAN_POINT('',(7.62,-7.62,1.3));
#1696 = DIRECTION('',(0.,0.,1.));
#1697 = DIRECTION('',(-2.22044604925E-16,-1.,0.));
#1698 = PLANE('',#1699);
#1699 = AXIS2_PLACEMENT_3D('',#1700,#1701,#1702);
#1700 = CARTESIAN_POINT('',(7.62,-8.482,1.3));
#1701 = DIRECTION('',(0.,0.,-1.));
#1702 = DIRECTION('',(2.22044604925E-16,1.,0.));
#1703 = ADVANCED_FACE('',(#1704,#1707),#1718,.T.);
#1704 = FACE_BOUND('',#1705,.T.);
#1705 = EDGE_LOOP('',(#1706));
#1706 = ORIENTED_EDGE('',*,*,#478,.F.);
#1707 = FACE_BOUND('',#1708,.T.);
#1708 = EDGE_LOOP('',(#1709));
#1709 = ORIENTED_EDGE('',*,*,#1710,.T.);
#1710 = EDGE_CURVE('',#1711,#1711,#1713,.T.);
#1711 = VERTEX_POINT('',#1712);
#1712 = CARTESIAN_POINT('',(8.881784197001E-16,-6.858,1.3));
#1713 = CIRCLE('',#1714,0.762);
#1714 = AXIS2_PLACEMENT_3D('',#1715,#1716,#1717);
#1715 = CARTESIAN_POINT('',(4.440892098501E-16,-7.62,1.3));
#1716 = DIRECTION('',(0.,-0.,1.));
#1717 = DIRECTION('',(3.445092848398E-16,1.,0.));
#1718 = PLANE('',#1719);
#1719 = AXIS2_PLACEMENT_3D('',#1720,#1721,#1722);
#1720 = CARTESIAN_POINT('',(8.247086016394E-16,-6.758,1.3));
#1721 = DIRECTION('',(-0.,0.,-1.));
#1722 = DIRECTION('',(-3.445092848398E-16,-1.,0.));
#1723 = ADVANCED_FACE('',(#1724,#1727),#1738,.T.);
#1724 = FACE_BOUND('',#1725,.T.);
#1725 = EDGE_LOOP('',(#1726));
#1726 = ORIENTED_EDGE('',*,*,#489,.F.);
#1727 = FACE_BOUND('',#1728,.T.);
#1728 = EDGE_LOOP('',(#1729));
#1729 = ORIENTED_EDGE('',*,*,#1730,.T.);
#1730 = EDGE_CURVE('',#1731,#1731,#1733,.T.);
#1731 = VERTEX_POINT('',#1732);
#1732 = CARTESIAN_POINT('',(1.33226762955E-15,-4.318,1.3));
#1733 = CIRCLE('',#1734,0.762);
#1734 = AXIS2_PLACEMENT_3D('',#1735,#1736,#1737);
#1735 = CARTESIAN_POINT('',(1.33226762955E-15,-5.08,1.3));
#1736 = DIRECTION('',(0.,-0.,1.));
#1737 = DIRECTION('',(3.445092848398E-16,1.,0.));
#1738 = PLANE('',#1739);
#1739 = AXIS2_PLACEMENT_3D('',#1740,#1741,#1742);
#1740 = CARTESIAN_POINT('',(1.71288702134E-15,-4.218,1.3));
#1741 = DIRECTION('',(-0.,0.,-1.));
#1742 = DIRECTION('',(-3.445092848398E-16,-1.,0.));
#1743 = ADVANCED_FACE('',(#1744),#1755,.F.);
#1744 = FACE_BOUND('',#1745,.F.);
#1745 = EDGE_LOOP('',(#1746,#1747,#1748,#1749));
#1746 = ORIENTED_EDGE('',*,*,#891,.F.);
#1747 = ORIENTED_EDGE('',*,*,#1322,.T.);
#1748 = ORIENTED_EDGE('',*,*,#510,.F.);
#1749 = ORIENTED_EDGE('',*,*,#1750,.T.);
#1750 = EDGE_CURVE('',#511,#892,#1751,.T.);
#1751 = LINE('',#1752,#1753);
#1752 = CARTESIAN_POINT('',(5.39,-1.73,1.3));
#1753 = VECTOR('',#1754,1.);
#1754 = DIRECTION('',(0.,0.,1.));
#1755 = CYLINDRICAL_SURFACE('',#1756,0.5);
#1756 = AXIS2_PLACEMENT_3D('',#1757,#1758,#1759);
#1757 = CARTESIAN_POINT('',(5.39,-2.23,1.3));
#1758 = DIRECTION('',(0.,-0.,-1.));
#1759 = DIRECTION('',(-6.661338147751E-16,1.,-0.));
#1760 = ADVANCED_FACE('',(#1761),#1780,.F.);
#1761 = FACE_BOUND('',#1762,.F.);
#1762 = EDGE_LOOP('',(#1763,#1764,#1773,#1779));
#1763 = ORIENTED_EDGE('',*,*,#1292,.T.);
#1764 = ORIENTED_EDGE('',*,*,#1765,.T.);
#1765 = EDGE_CURVE('',#1293,#1766,#1768,.T.);
#1766 = VERTEX_POINT('',#1767);
#1767 = CARTESIAN_POINT('',(5.39,-8.49,2.6335));
#1768 = CIRCLE('',#1769,0.5);
#1769 = AXIS2_PLACEMENT_3D('',#1770,#1771,#1772);
#1770 = CARTESIAN_POINT('',(5.39,-7.99,2.6335));
#1771 = DIRECTION('',(0.,0.,-1.));
#1772 = DIRECTION('',(1.,2.22044604925E-16,0.));
#1773 = ORIENTED_EDGE('',*,*,#1774,.F.);
#1774 = EDGE_CURVE('',#554,#1766,#1775,.T.);
#1775 = LINE('',#1776,#1777);
#1776 = CARTESIAN_POINT('',(5.39,-8.49,1.3));
#1777 = VECTOR('',#1778,1.);
#1778 = DIRECTION('',(0.,0.,1.));
#1779 = ORIENTED_EDGE('',*,*,#561,.F.);
#1780 = CYLINDRICAL_SURFACE('',#1781,0.5);
#1781 = AXIS2_PLACEMENT_3D('',#1782,#1783,#1784);
#1782 = CARTESIAN_POINT('',(5.39,-7.99,1.3));
#1783 = DIRECTION('',(0.,-0.,-1.));
#1784 = DIRECTION('',(1.,2.22044604925E-16,0.));
#1785 = ADVANCED_FACE('',(#1786),#1813,.T.);
#1786 = FACE_BOUND('',#1787,.T.);
#1787 = EDGE_LOOP('',(#1788,#1796,#1797,#1798,#1799,#1807));
#1788 = ORIENTED_EDGE('',*,*,#1789,.T.);
#1789 = EDGE_CURVE('',#1790,#520,#1792,.T.);
#1790 = VERTEX_POINT('',#1791);
#1791 = CARTESIAN_POINT('',(2.23,-1.73,2.6335));
#1792 = LINE('',#1793,#1794);
#1793 = CARTESIAN_POINT('',(2.23,-1.73,3.967));
#1794 = VECTOR('',#1795,1.);
#1795 = DIRECTION('',(0.,-0.,-1.));
#1796 = ORIENTED_EDGE('',*,*,#519,.T.);
#1797 = ORIENTED_EDGE('',*,*,#1750,.T.);
#1798 = ORIENTED_EDGE('',*,*,#900,.T.);
#1799 = ORIENTED_EDGE('',*,*,#1800,.F.);
#1800 = EDGE_CURVE('',#1801,#791,#1803,.T.);
#1801 = VERTEX_POINT('',#1802);
#1802 = CARTESIAN_POINT('',(4.43,-1.73,2.6335));
#1803 = LINE('',#1804,#1805);
#1804 = CARTESIAN_POINT('',(4.43,-1.73,2.6335));
#1805 = VECTOR('',#1806,1.);
#1806 = DIRECTION('',(0.,0.,1.));
#1807 = ORIENTED_EDGE('',*,*,#1808,.F.);
#1808 = EDGE_CURVE('',#1790,#1801,#1809,.T.);
#1809 = LINE('',#1810,#1811);
#1810 = CARTESIAN_POINT('',(2.23,-1.73,2.6335));
#1811 = VECTOR('',#1812,1.);
#1812 = DIRECTION('',(1.,-2.22044604925E-16,0.));
#1813 = PLANE('',#1814);
#1814 = AXIS2_PLACEMENT_3D('',#1815,#1816,#1817);
#1815 = CARTESIAN_POINT('',(2.23,-1.73,1.3));
#1816 = DIRECTION('',(-2.22044604925E-16,-1.,0.));
#1817 = DIRECTION('',(0.,0.,1.));
#1818 = ADVANCED_FACE('',(#1819),#1837,.F.);
#1819 = FACE_BOUND('',#1820,.F.);
#1820 = EDGE_LOOP('',(#1821,#1822,#1830,#1836));
#1821 = ORIENTED_EDGE('',*,*,#1774,.T.);
#1822 = ORIENTED_EDGE('',*,*,#1823,.T.);
#1823 = EDGE_CURVE('',#1766,#1824,#1826,.T.);
#1824 = VERTEX_POINT('',#1825);
#1825 = CARTESIAN_POINT('',(2.23,-8.49,2.6335));
#1826 = LINE('',#1827,#1828);
#1827 = CARTESIAN_POINT('',(5.39,-8.49,2.6335));
#1828 = VECTOR('',#1829,1.);
#1829 = DIRECTION('',(-1.,1.693441448954E-16,0.));
#1830 = ORIENTED_EDGE('',*,*,#1831,.F.);
#1831 = EDGE_CURVE('',#545,#1824,#1832,.T.);
#1832 = LINE('',#1833,#1834);
#1833 = CARTESIAN_POINT('',(2.23,-8.49,1.3));
#1834 = VECTOR('',#1835,1.);
#1835 = DIRECTION('',(0.,0.,1.));
#1836 = ORIENTED_EDGE('',*,*,#553,.F.);
#1837 = PLANE('',#1838);
#1838 = AXIS2_PLACEMENT_3D('',#1839,#1840,#1841);
#1839 = CARTESIAN_POINT('',(5.39,-8.49,1.3));
#1840 = DIRECTION('',(-1.693441448954E-16,-1.,0.));
#1841 = DIRECTION('',(-1.,1.693441448954E-16,0.));
#1842 = ADVANCED_FACE('',(#1843),#1855,.F.);
#1843 = FACE_BOUND('',#1844,.F.);
#1844 = EDGE_LOOP('',(#1845,#1846,#1852,#1853,#1854));
#1845 = ORIENTED_EDGE('',*,*,#603,.F.);
#1846 = ORIENTED_EDGE('',*,*,#1847,.T.);
#1847 = EDGE_CURVE('',#596,#1790,#1848,.T.);
#1848 = LINE('',#1849,#1850);
#1849 = CARTESIAN_POINT('',(2.23,-1.73,3.967));
#1850 = VECTOR('',#1851,1.);
#1851 = DIRECTION('',(0.,-0.,-1.));
#1852 = ORIENTED_EDGE('',*,*,#1789,.T.);
#1853 = ORIENTED_EDGE('',*,*,#527,.F.);
#1854 = ORIENTED_EDGE('',*,*,#1483,.T.);
#1855 = CYLINDRICAL_SURFACE('',#1856,0.5);
#1856 = AXIS2_PLACEMENT_3D('',#1857,#1858,#1859);
#1857 = CARTESIAN_POINT('',(2.23,-2.23,1.3));
#1858 = DIRECTION('',(0.,-0.,-1.));
#1859 = DIRECTION('',(-1.,2.22044604925E-16,-0.));
#1860 = ADVANCED_FACE('',(#1861),#1873,.F.);
#1861 = FACE_BOUND('',#1862,.F.);
#1862 = EDGE_LOOP('',(#1863,#1864,#1871,#1872));
#1863 = ORIENTED_EDGE('',*,*,#1831,.T.);
#1864 = ORIENTED_EDGE('',*,*,#1865,.T.);
#1865 = EDGE_CURVE('',#1824,#1475,#1866,.T.);
#1866 = CIRCLE('',#1867,0.5);
#1867 = AXIS2_PLACEMENT_3D('',#1868,#1869,#1870);
#1868 = CARTESIAN_POINT('',(2.23,-7.99,2.6335));
#1869 = DIRECTION('',(0.,-0.,-1.));
#1870 = DIRECTION('',(1.554312234475E-15,-1.,0.));
#1871 = ORIENTED_EDGE('',*,*,#1474,.F.);
#1872 = ORIENTED_EDGE('',*,*,#544,.F.);
#1873 = CYLINDRICAL_SURFACE('',#1874,0.5);
#1874 = AXIS2_PLACEMENT_3D('',#1875,#1876,#1877);
#1875 = CARTESIAN_POINT('',(2.23,-7.99,1.3));
#1876 = DIRECTION('',(0.,-0.,-1.));
#1877 = DIRECTION('',(1.554312234475E-15,-1.,0.));
#1878 = ADVANCED_FACE('',(#1879),#1890,.F.);
#1879 = FACE_BOUND('',#1880,.F.);
#1880 = EDGE_LOOP('',(#1881,#1882,#1888,#1889));
#1881 = ORIENTED_EDGE('',*,*,#637,.T.);
#1882 = ORIENTED_EDGE('',*,*,#1883,.T.);
#1883 = EDGE_CURVE('',#630,#1087,#1884,.T.);
#1884 = LINE('',#1885,#1886);
#1885 = CARTESIAN_POINT('',(2.23,-17.95,3.967));
#1886 = VECTOR('',#1887,1.);
#1887 = DIRECTION('',(0.,-0.,-1.));
#1888 = ORIENTED_EDGE('',*,*,#1094,.F.);
#1889 = ORIENTED_EDGE('',*,*,#1011,.F.);
#1890 = CYLINDRICAL_SURFACE('',#1891,0.5);
#1891 = AXIS2_PLACEMENT_3D('',#1892,#1893,#1894);
#1892 = CARTESIAN_POINT('',(2.23,-18.45,3.967));
#1893 = DIRECTION('',(0.,0.,1.));
#1894 = DIRECTION('',(-1.,2.22044604925E-16,0.));
#1895 = ADVANCED_FACE('',(#1896),#1907,.F.);
#1896 = FACE_BOUND('',#1897,.F.);
#1897 = EDGE_LOOP('',(#1898,#1899,#1900,#1906));
#1898 = ORIENTED_EDGE('',*,*,#595,.F.);
#1899 = ORIENTED_EDGE('',*,*,#1119,.T.);
#1900 = ORIENTED_EDGE('',*,*,#1901,.T.);
#1901 = EDGE_CURVE('',#1112,#1790,#1902,.T.);
#1902 = LINE('',#1903,#1904);
#1903 = CARTESIAN_POINT('',(2.23,1.27,2.6335));
#1904 = VECTOR('',#1905,1.);
#1905 = DIRECTION('',(-2.22044604925E-16,-1.,0.));
#1906 = ORIENTED_EDGE('',*,*,#1847,.F.);
#1907 = PLANE('',#1908);
#1908 = AXIS2_PLACEMENT_3D('',#1909,#1910,#1911);
#1909 = CARTESIAN_POINT('',(2.23,1.27,3.967));
#1910 = DIRECTION('',(-1.,2.22044604925E-16,0.));
#1911 = DIRECTION('',(-2.22044604925E-16,-1.,0.));
#1912 = ADVANCED_FACE('',(#1913),#1919,.F.);
#1913 = FACE_BOUND('',#1914,.F.);
#1914 = EDGE_LOOP('',(#1915,#1916,#1917,#1918));
#1915 = ORIENTED_EDGE('',*,*,#629,.F.);
#1916 = ORIENTED_EDGE('',*,*,#1460,.F.);
#1917 = ORIENTED_EDGE('',*,*,#1086,.T.);
#1918 = ORIENTED_EDGE('',*,*,#1883,.F.);
#1919 = PLANE('',#1920);
#1920 = AXIS2_PLACEMENT_3D('',#1921,#1922,#1923);
#1921 = CARTESIAN_POINT('',(2.23,1.27,3.967));
#1922 = DIRECTION('',(-1.,2.22044604925E-16,0.));
#1923 = DIRECTION('',(-2.22044604925E-16,-1.,0.));
#1924 = ADVANCED_FACE('',(#1925),#1944,.T.);
#1925 = FACE_BOUND('',#1926,.T.);
#1926 = EDGE_LOOP('',(#1927,#1935,#1942,#1943));
#1927 = ORIENTED_EDGE('',*,*,#1928,.T.);
#1928 = EDGE_CURVE('',#656,#1929,#1931,.T.);
#1929 = VERTEX_POINT('',#1930);
#1930 = CARTESIAN_POINT('',(3.552713678801E-15,0.862,4.007));
#1931 = LINE('',#1932,#1933);
#1932 = CARTESIAN_POINT('',(3.48924386074E-15,0.862,1.3));
#1933 = VECTOR('',#1934,1.);
#1934 = DIRECTION('',(0.,0.,1.));
#1935 = ORIENTED_EDGE('',*,*,#1936,.F.);
#1936 = EDGE_CURVE('',#1929,#1929,#1937,.T.);
#1937 = CIRCLE('',#1938,0.862);
#1938 = AXIS2_PLACEMENT_3D('',#1939,#1940,#1941);
#1939 = CARTESIAN_POINT('',(3.192276857208E-15,1.887379141863E-15,4.007)
  );
#1940 = DIRECTION('',(0.,-0.,1.));
#1941 = DIRECTION('',(3.445092848398E-16,1.,0.));
#1942 = ORIENTED_EDGE('',*,*,#1928,.F.);
#1943 = ORIENTED_EDGE('',*,*,#655,.F.);
#1944 = CYLINDRICAL_SURFACE('',#1945,0.862);
#1945 = AXIS2_PLACEMENT_3D('',#1946,#1947,#1948);
#1946 = CARTESIAN_POINT('',(3.192276857208E-15,1.887379141863E-15,1.3));
#1947 = DIRECTION('',(0.,-0.,-1.));
#1948 = DIRECTION('',(3.445092848398E-16,1.,0.));
#1949 = ADVANCED_FACE('',(#1950),#1969,.T.);
#1950 = FACE_BOUND('',#1951,.T.);
#1951 = EDGE_LOOP('',(#1952,#1960,#1967,#1968));
#1952 = ORIENTED_EDGE('',*,*,#1953,.T.);
#1953 = EDGE_CURVE('',#667,#1954,#1956,.T.);
#1954 = VERTEX_POINT('',#1955);
#1955 = CARTESIAN_POINT('',(2.6645352591E-15,-1.678,4.007));
#1956 = LINE('',#1957,#1958);
#1957 = CARTESIAN_POINT('',(2.60106544104E-15,-1.678,1.3));
#1958 = VECTOR('',#1959,1.);
#1959 = DIRECTION('',(0.,0.,1.));
#1960 = ORIENTED_EDGE('',*,*,#1961,.F.);
#1961 = EDGE_CURVE('',#1954,#1954,#1962,.T.);
#1962 = CIRCLE('',#1963,0.862);
#1963 = AXIS2_PLACEMENT_3D('',#1964,#1965,#1966);
#1964 = CARTESIAN_POINT('',(2.304098437508E-15,-2.54,4.007));
#1965 = DIRECTION('',(0.,-0.,1.));
#1966 = DIRECTION('',(3.445092848398E-16,1.,0.));
#1967 = ORIENTED_EDGE('',*,*,#1953,.F.);
#1968 = ORIENTED_EDGE('',*,*,#666,.F.);
#1969 = CYLINDRICAL_SURFACE('',#1970,0.862);
#1970 = AXIS2_PLACEMENT_3D('',#1971,#1972,#1973);
#1971 = CARTESIAN_POINT('',(2.304098437508E-15,-2.54,1.3));
#1972 = DIRECTION('',(0.,-0.,-1.));
#1973 = DIRECTION('',(3.445092848398E-16,1.,0.));
#1974 = ADVANCED_FACE('',(#1975),#1994,.T.);
#1975 = FACE_BOUND('',#1976,.T.);
#1976 = EDGE_LOOP('',(#1977,#1985,#1992,#1993));
#1977 = ORIENTED_EDGE('',*,*,#1978,.T.);
#1978 = EDGE_CURVE('',#678,#1979,#1981,.T.);
#1979 = VERTEX_POINT('',#1980);
#1980 = CARTESIAN_POINT('',(1.7763568394E-15,-4.218,4.007));
#1981 = LINE('',#1982,#1983);
#1982 = CARTESIAN_POINT('',(1.71288702134E-15,-4.218,1.3));
#1983 = VECTOR('',#1984,1.);
#1984 = DIRECTION('',(0.,0.,1.));
#1985 = ORIENTED_EDGE('',*,*,#1986,.F.);
#1986 = EDGE_CURVE('',#1979,#1979,#1987,.T.);
#1987 = CIRCLE('',#1988,0.862);
#1988 = AXIS2_PLACEMENT_3D('',#1989,#1990,#1991);
#1989 = CARTESIAN_POINT('',(1.415920017808E-15,-5.08,4.007));
#1990 = DIRECTION('',(0.,-0.,1.));
#1991 = DIRECTION('',(3.445092848398E-16,1.,0.));
#1992 = ORIENTED_EDGE('',*,*,#1978,.F.);
#1993 = ORIENTED_EDGE('',*,*,#677,.F.);
#1994 = CYLINDRICAL_SURFACE('',#1995,0.862);
#1995 = AXIS2_PLACEMENT_3D('',#1996,#1997,#1998);
#1996 = CARTESIAN_POINT('',(1.415920017808E-15,-5.08,1.3));
#1997 = DIRECTION('',(0.,-0.,-1.));
#1998 = DIRECTION('',(3.445092848398E-16,1.,0.));
#1999 = ADVANCED_FACE('',(#2000),#2019,.T.);
#2000 = FACE_BOUND('',#2001,.T.);
#2001 = EDGE_LOOP('',(#2002,#2010,#2017,#2018));
#2002 = ORIENTED_EDGE('',*,*,#2003,.T.);
#2003 = EDGE_CURVE('',#689,#2004,#2006,.T.);
#2004 = VERTEX_POINT('',#2005);
#2005 = CARTESIAN_POINT('',(-1.7763568394E-15,-14.378,4.007));
#2006 = LINE('',#2007,#2008);
#2007 = CARTESIAN_POINT('',(-1.839826657461E-15,-14.378,1.3));
#2008 = VECTOR('',#2009,1.);
#2009 = DIRECTION('',(0.,0.,1.));
#2010 = ORIENTED_EDGE('',*,*,#2011,.F.);
#2011 = EDGE_CURVE('',#2004,#2004,#2012,.T.);
#2012 = CIRCLE('',#2013,0.862);
#2013 = AXIS2_PLACEMENT_3D('',#2014,#2015,#2016);
#2014 = CARTESIAN_POINT('',(-2.136793660993E-15,-15.24,4.007));
#2015 = DIRECTION('',(0.,-0.,1.));
#2016 = DIRECTION('',(3.445092848398E-16,1.,0.));
#2017 = ORIENTED_EDGE('',*,*,#2003,.F.);
#2018 = ORIENTED_EDGE('',*,*,#688,.F.);
#2019 = CYLINDRICAL_SURFACE('',#2020,0.862);
#2020 = AXIS2_PLACEMENT_3D('',#2021,#2022,#2023);
#2021 = CARTESIAN_POINT('',(-2.136793660993E-15,-15.24,1.3));
#2022 = DIRECTION('',(0.,-0.,-1.));
#2023 = DIRECTION('',(3.445092848398E-16,1.,0.));
#2024 = ADVANCED_FACE('',(#2025),#2044,.T.);
#2025 = FACE_BOUND('',#2026,.T.);
#2026 = EDGE_LOOP('',(#2027,#2035,#2042,#2043));
#2027 = ORIENTED_EDGE('',*,*,#2028,.T.);
#2028 = EDGE_CURVE('',#700,#2029,#2031,.T.);
#2029 = VERTEX_POINT('',#2030);
#2030 = CARTESIAN_POINT('',(-8.881784197001E-16,-11.838,4.007));
#2031 = LINE('',#2032,#2033);
#2032 = CARTESIAN_POINT('',(-9.516482377609E-16,-11.838,1.3));
#2033 = VECTOR('',#2034,1.);
#2034 = DIRECTION('',(0.,0.,1.));
#2035 = ORIENTED_EDGE('',*,*,#2036,.F.);
#2036 = EDGE_CURVE('',#2029,#2029,#2037,.T.);
#2037 = CIRCLE('',#2038,0.862);
#2038 = AXIS2_PLACEMENT_3D('',#2039,#2040,#2041);
#2039 = CARTESIAN_POINT('',(-1.248615241293E-15,-12.7,4.007));
#2040 = DIRECTION('',(0.,-0.,1.));
#2041 = DIRECTION('',(3.445092848398E-16,1.,0.));
#2042 = ORIENTED_EDGE('',*,*,#2028,.F.);
#2043 = ORIENTED_EDGE('',*,*,#699,.F.);
#2044 = CYLINDRICAL_SURFACE('',#2045,0.862);
#2045 = AXIS2_PLACEMENT_3D('',#2046,#2047,#2048);
#2046 = CARTESIAN_POINT('',(-1.248615241293E-15,-12.7,1.3));
#2047 = DIRECTION('',(0.,-0.,-1.));
#2048 = DIRECTION('',(3.445092848398E-16,1.,0.));
#2049 = ADVANCED_FACE('',(#2050),#2069,.T.);
#2050 = FACE_BOUND('',#2051,.T.);
#2051 = EDGE_LOOP('',(#2052,#2060,#2067,#2068));
#2052 = ORIENTED_EDGE('',*,*,#2053,.T.);
#2053 = EDGE_CURVE('',#711,#2054,#2056,.T.);
#2054 = VERTEX_POINT('',#2055);
#2055 = CARTESIAN_POINT('',(8.881784197001E-16,-6.758,4.007));
#2056 = LINE('',#2057,#2058);
#2057 = CARTESIAN_POINT('',(8.247086016394E-16,-6.758,1.3));
#2058 = VECTOR('',#2059,1.);
#2059 = DIRECTION('',(0.,0.,1.));
#2060 = ORIENTED_EDGE('',*,*,#2061,.F.);
#2061 = EDGE_CURVE('',#2054,#2054,#2062,.T.);
#2062 = CIRCLE('',#2063,0.862);
#2063 = AXIS2_PLACEMENT_3D('',#2064,#2065,#2066);
#2064 = CARTESIAN_POINT('',(5.277415981075E-16,-7.62,4.007));
#2065 = DIRECTION('',(0.,-0.,1.));
#2066 = DIRECTION('',(3.445092848398E-16,1.,0.));
#2067 = ORIENTED_EDGE('',*,*,#2053,.F.);
#2068 = ORIENTED_EDGE('',*,*,#710,.F.);
#2069 = CYLINDRICAL_SURFACE('',#2070,0.862);
#2070 = AXIS2_PLACEMENT_3D('',#2071,#2072,#2073);
#2071 = CARTESIAN_POINT('',(5.277415981075E-16,-7.62,1.3));
#2072 = DIRECTION('',(0.,-0.,-1.));
#2073 = DIRECTION('',(3.445092848398E-16,1.,0.));
#2074 = ADVANCED_FACE('',(#2075),#2094,.T.);
#2075 = FACE_BOUND('',#2076,.T.);
#2076 = EDGE_LOOP('',(#2077,#2085,#2092,#2093));
#2077 = ORIENTED_EDGE('',*,*,#2078,.T.);
#2078 = EDGE_CURVE('',#722,#2079,#2081,.T.);
#2079 = VERTEX_POINT('',#2080);
#2080 = CARTESIAN_POINT('',(0.,-9.298,4.007));
#2081 = LINE('',#2082,#2083);
#2082 = CARTESIAN_POINT('',(-6.346981806075E-17,-9.298,1.3));
#2083 = VECTOR('',#2084,1.);
#2084 = DIRECTION('',(0.,0.,1.));
#2085 = ORIENTED_EDGE('',*,*,#2086,.F.);
#2086 = EDGE_CURVE('',#2079,#2079,#2087,.T.);
#2087 = CIRCLE('',#2088,0.862);
#2088 = AXIS2_PLACEMENT_3D('',#2089,#2090,#2091);
#2089 = CARTESIAN_POINT('',(-3.604368215926E-16,-10.16,4.007));
#2090 = DIRECTION('',(0.,-0.,1.));
#2091 = DIRECTION('',(3.445092848398E-16,1.,0.));
#2092 = ORIENTED_EDGE('',*,*,#2078,.F.);
#2093 = ORIENTED_EDGE('',*,*,#721,.F.);
#2094 = CYLINDRICAL_SURFACE('',#2095,0.862);
#2095 = AXIS2_PLACEMENT_3D('',#2096,#2097,#2098);
#2096 = CARTESIAN_POINT('',(-3.604368215926E-16,-10.16,1.3));
#2097 = DIRECTION('',(0.,-0.,-1.));
#2098 = DIRECTION('',(3.445092848398E-16,1.,0.));
#2099 = ADVANCED_FACE('',(#2100),#2119,.T.);
#2100 = FACE_BOUND('',#2101,.T.);
#2101 = EDGE_LOOP('',(#2102,#2110,#2117,#2118));
#2102 = ORIENTED_EDGE('',*,*,#2103,.T.);
#2103 = EDGE_CURVE('',#733,#2104,#2106,.T.);
#2104 = VERTEX_POINT('',#2105);
#2105 = CARTESIAN_POINT('',(-2.6645352591E-15,-16.918,4.007));
#2106 = LINE('',#2107,#2108);
#2107 = CARTESIAN_POINT('',(-2.728005077161E-15,-16.918,1.3));
#2108 = VECTOR('',#2109,1.);
#2109 = DIRECTION('',(0.,0.,1.));
#2110 = ORIENTED_EDGE('',*,*,#2111,.F.);
#2111 = EDGE_CURVE('',#2104,#2104,#2112,.T.);
#2112 = CIRCLE('',#2113,0.862);
#2113 = AXIS2_PLACEMENT_3D('',#2114,#2115,#2116);
#2114 = CARTESIAN_POINT('',(-3.024972080693E-15,-17.78,4.007));
#2115 = DIRECTION('',(0.,-0.,1.));
#2116 = DIRECTION('',(3.445092848398E-16,1.,0.));
#2117 = ORIENTED_EDGE('',*,*,#2103,.F.);
#2118 = ORIENTED_EDGE('',*,*,#732,.F.);
#2119 = CYLINDRICAL_SURFACE('',#2120,0.862);
#2120 = AXIS2_PLACEMENT_3D('',#2121,#2122,#2123);
#2121 = CARTESIAN_POINT('',(-3.024972080693E-15,-17.78,1.3));
#2122 = DIRECTION('',(0.,-0.,-1.));
#2123 = DIRECTION('',(3.445092848398E-16,1.,0.));
#2124 = ADVANCED_FACE('',(#2125),#2136,.F.);
#2125 = FACE_BOUND('',#2126,.F.);
#2126 = EDGE_LOOP('',(#2127,#2128,#2129,#2135));
#2127 = ORIENTED_EDGE('',*,*,#790,.F.);
#2128 = ORIENTED_EDGE('',*,*,#1800,.F.);
#2129 = ORIENTED_EDGE('',*,*,#2130,.T.);
#2130 = EDGE_CURVE('',#1801,#1152,#2131,.T.);
#2131 = LINE('',#2132,#2133);
#2132 = CARTESIAN_POINT('',(4.43,-19.05,2.6335));
#2133 = VECTOR('',#2134,1.);
#2134 = DIRECTION('',(2.22044604925E-16,1.,0.));
#2135 = ORIENTED_EDGE('',*,*,#1168,.T.);
#2136 = PLANE('',#2137);
#2137 = AXIS2_PLACEMENT_3D('',#2138,#2139,#2140);
#2138 = CARTESIAN_POINT('',(4.43,-19.05,3.967));
#2139 = DIRECTION('',(1.,-2.22044604925E-16,0.));
#2140 = DIRECTION('',(2.22044604925E-16,1.,0.));
#2141 = ADVANCED_FACE('',(#2142),#2153,.F.);
#2142 = FACE_BOUND('',#2143,.F.);
#2143 = EDGE_LOOP('',(#2144,#2145,#2151,#2152));
#2144 = ORIENTED_EDGE('',*,*,#858,.F.);
#2145 = ORIENTED_EDGE('',*,*,#2146,.F.);
#2146 = EDGE_CURVE('',#1063,#851,#2147,.T.);
#2147 = LINE('',#2148,#2149);
#2148 = CARTESIAN_POINT('',(4.43,-17.95,3.967));
#2149 = VECTOR('',#2150,1.);
#2150 = DIRECTION('',(0.,0.,1.));
#2151 = ORIENTED_EDGE('',*,*,#1070,.T.);
#2152 = ORIENTED_EDGE('',*,*,#1411,.F.);
#2153 = PLANE('',#2154);
#2154 = AXIS2_PLACEMENT_3D('',#2155,#2156,#2157);
#2155 = CARTESIAN_POINT('',(4.43,-19.05,3.967));
#2156 = DIRECTION('',(1.,-2.22044604925E-16,0.));
#2157 = DIRECTION('',(2.22044604925E-16,1.,0.));
#2158 = ADVANCED_FACE('',(#2159),#2170,.T.);
#2159 = FACE_BOUND('',#2160,.T.);
#2160 = EDGE_LOOP('',(#2161,#2162,#2163,#2164));
#2161 = ORIENTED_EDGE('',*,*,#850,.F.);
#2162 = ORIENTED_EDGE('',*,*,#2146,.F.);
#2163 = ORIENTED_EDGE('',*,*,#1062,.T.);
#2164 = ORIENTED_EDGE('',*,*,#2165,.F.);
#2165 = EDGE_CURVE('',#842,#1054,#2166,.T.);
#2166 = LINE('',#2167,#2168);
#2167 = CARTESIAN_POINT('',(5.39,-17.95,3.967));
#2168 = VECTOR('',#2169,1.);
#2169 = DIRECTION('',(0.,-0.,-1.));
#2170 = PLANE('',#2171);
#2171 = AXIS2_PLACEMENT_3D('',#2172,#2173,#2174);
#2172 = CARTESIAN_POINT('',(2.23,-17.95,3.967));
#2173 = DIRECTION('',(-2.22044604925E-16,-1.,0.));
#2174 = DIRECTION('',(1.,-2.22044604925E-16,0.));
#2175 = ADVANCED_FACE('',(#2176),#2182,.F.);
#2176 = FACE_BOUND('',#2177,.F.);
#2177 = EDGE_LOOP('',(#2178,#2179,#2180,#2181));
#2178 = ORIENTED_EDGE('',*,*,#841,.T.);
#2179 = ORIENTED_EDGE('',*,*,#1026,.T.);
#2180 = ORIENTED_EDGE('',*,*,#1053,.F.);
#2181 = ORIENTED_EDGE('',*,*,#2165,.F.);
#2182 = CYLINDRICAL_SURFACE('',#2183,0.5);
#2183 = AXIS2_PLACEMENT_3D('',#2184,#2185,#2186);
#2184 = CARTESIAN_POINT('',(5.39,-18.45,3.967));
#2185 = DIRECTION('',(0.,0.,1.));
#2186 = DIRECTION('',(-4.218847493576E-15,1.,0.));
#2187 = ADVANCED_FACE('',(#2188),#2207,.T.);
#2188 = FACE_BOUND('',#2189,.T.);
#2189 = EDGE_LOOP('',(#2190,#2198,#2205,#2206));
#2190 = ORIENTED_EDGE('',*,*,#2191,.T.);
#2191 = EDGE_CURVE('',#909,#2192,#2194,.T.);
#2192 = VERTEX_POINT('',#2193);
#2193 = CARTESIAN_POINT('',(7.62,-11.022,4.007));
#2194 = LINE('',#2195,#2196);
#2195 = CARTESIAN_POINT('',(7.62,-11.022,1.3));
#2196 = VECTOR('',#2197,1.);
#2197 = DIRECTION('',(0.,0.,1.));
#2198 = ORIENTED_EDGE('',*,*,#2199,.F.);
#2199 = EDGE_CURVE('',#2192,#2192,#2200,.T.);
#2200 = CIRCLE('',#2201,0.862);
#2201 = AXIS2_PLACEMENT_3D('',#2202,#2203,#2204);
#2202 = CARTESIAN_POINT('',(7.62,-10.16,4.007));
#2203 = DIRECTION('',(0.,0.,1.));
#2204 = DIRECTION('',(-2.22044604925E-16,-1.,0.));
#2205 = ORIENTED_EDGE('',*,*,#2191,.F.);
#2206 = ORIENTED_EDGE('',*,*,#908,.F.);
#2207 = CYLINDRICAL_SURFACE('',#2208,0.862);
#2208 = AXIS2_PLACEMENT_3D('',#2209,#2210,#2211);
#2209 = CARTESIAN_POINT('',(7.62,-10.16,1.3));
#2210 = DIRECTION('',(0.,0.,-1.));
#2211 = DIRECTION('',(-2.22044604925E-16,-1.,-0.));
#2212 = ADVANCED_FACE('',(#2213),#2232,.T.);
#2213 = FACE_BOUND('',#2214,.T.);
#2214 = EDGE_LOOP('',(#2215,#2223,#2230,#2231));
#2215 = ORIENTED_EDGE('',*,*,#2216,.T.);
#2216 = EDGE_CURVE('',#920,#2217,#2219,.T.);
#2217 = VERTEX_POINT('',#2218);
#2218 = CARTESIAN_POINT('',(7.62,-8.482,4.007));
#2219 = LINE('',#2220,#2221);
#2220 = CARTESIAN_POINT('',(7.62,-8.482,1.3));
#2221 = VECTOR('',#2222,1.);
#2222 = DIRECTION('',(0.,0.,1.));
#2223 = ORIENTED_EDGE('',*,*,#2224,.F.);
#2224 = EDGE_CURVE('',#2217,#2217,#2225,.T.);
#2225 = CIRCLE('',#2226,0.862);
#2226 = AXIS2_PLACEMENT_3D('',#2227,#2228,#2229);
#2227 = CARTESIAN_POINT('',(7.62,-7.62,4.007));
#2228 = DIRECTION('',(0.,0.,1.));
#2229 = DIRECTION('',(-2.22044604925E-16,-1.,0.));
#2230 = ORIENTED_EDGE('',*,*,#2216,.F.);
#2231 = ORIENTED_EDGE('',*,*,#919,.F.);
#2232 = CYLINDRICAL_SURFACE('',#2233,0.862);
#2233 = AXIS2_PLACEMENT_3D('',#2234,#2235,#2236);
#2234 = CARTESIAN_POINT('',(7.62,-7.62,1.3));
#2235 = DIRECTION('',(0.,0.,-1.));
#2236 = DIRECTION('',(-2.22044604925E-16,-1.,-0.));
#2237 = ADVANCED_FACE('',(#2238),#2257,.T.);
#2238 = FACE_BOUND('',#2239,.T.);
#2239 = EDGE_LOOP('',(#2240,#2248,#2255,#2256));
#2240 = ORIENTED_EDGE('',*,*,#2241,.T.);
#2241 = EDGE_CURVE('',#931,#2242,#2244,.T.);
#2242 = VERTEX_POINT('',#2243);
#2243 = CARTESIAN_POINT('',(7.62,-3.402,4.007));
#2244 = LINE('',#2245,#2246);
#2245 = CARTESIAN_POINT('',(7.62,-3.402,1.3));
#2246 = VECTOR('',#2247,1.);
#2247 = DIRECTION('',(0.,0.,1.));
#2248 = ORIENTED_EDGE('',*,*,#2249,.F.);
#2249 = EDGE_CURVE('',#2242,#2242,#2250,.T.);
#2250 = CIRCLE('',#2251,0.862);
#2251 = AXIS2_PLACEMENT_3D('',#2252,#2253,#2254);
#2252 = CARTESIAN_POINT('',(7.62,-2.54,4.007));
#2253 = DIRECTION('',(0.,0.,1.));
#2254 = DIRECTION('',(-2.22044604925E-16,-1.,0.));
#2255 = ORIENTED_EDGE('',*,*,#2241,.F.);
#2256 = ORIENTED_EDGE('',*,*,#930,.F.);
#2257 = CYLINDRICAL_SURFACE('',#2258,0.862);
#2258 = AXIS2_PLACEMENT_3D('',#2259,#2260,#2261);
#2259 = CARTESIAN_POINT('',(7.62,-2.54,1.3));
#2260 = DIRECTION('',(0.,0.,-1.));
#2261 = DIRECTION('',(-2.22044604925E-16,-1.,-0.));
#2262 = ADVANCED_FACE('',(#2263),#2282,.T.);
#2263 = FACE_BOUND('',#2264,.T.);
#2264 = EDGE_LOOP('',(#2265,#2273,#2280,#2281));
#2265 = ORIENTED_EDGE('',*,*,#2266,.T.);
#2266 = EDGE_CURVE('',#942,#2267,#2269,.T.);
#2267 = VERTEX_POINT('',#2268);
#2268 = CARTESIAN_POINT('',(7.62,-5.942,4.007));
#2269 = LINE('',#2270,#2271);
#2270 = CARTESIAN_POINT('',(7.62,-5.942,1.3));
#2271 = VECTOR('',#2272,1.);
#2272 = DIRECTION('',(0.,0.,1.));
#2273 = ORIENTED_EDGE('',*,*,#2274,.F.);
#2274 = EDGE_CURVE('',#2267,#2267,#2275,.T.);
#2275 = CIRCLE('',#2276,0.862);
#2276 = AXIS2_PLACEMENT_3D('',#2277,#2278,#2279);
#2277 = CARTESIAN_POINT('',(7.62,-5.08,4.007));
#2278 = DIRECTION('',(0.,0.,1.));
#2279 = DIRECTION('',(-2.22044604925E-16,-1.,0.));
#2280 = ORIENTED_EDGE('',*,*,#2266,.F.);
#2281 = ORIENTED_EDGE('',*,*,#941,.F.);
#2282 = CYLINDRICAL_SURFACE('',#2283,0.862);
#2283 = AXIS2_PLACEMENT_3D('',#2284,#2285,#2286);
#2284 = CARTESIAN_POINT('',(7.62,-5.08,1.3));
#2285 = DIRECTION('',(0.,0.,-1.));
#2286 = DIRECTION('',(-2.22044604925E-16,-1.,-0.));
#2287 = ADVANCED_FACE('',(#2288),#2307,.T.);
#2288 = FACE_BOUND('',#2289,.T.);
#2289 = EDGE_LOOP('',(#2290,#2298,#2305,#2306));
#2290 = ORIENTED_EDGE('',*,*,#2291,.T.);
#2291 = EDGE_CURVE('',#953,#2292,#2294,.T.);
#2292 = VERTEX_POINT('',#2293);
#2293 = CARTESIAN_POINT('',(7.62,-18.642,4.007));
#2294 = LINE('',#2295,#2296);
#2295 = CARTESIAN_POINT('',(7.62,-18.642,1.3));
#2296 = VECTOR('',#2297,1.);
#2297 = DIRECTION('',(0.,0.,1.));
#2298 = ORIENTED_EDGE('',*,*,#2299,.F.);
#2299 = EDGE_CURVE('',#2292,#2292,#2300,.T.);
#2300 = CIRCLE('',#2301,0.862);
#2301 = AXIS2_PLACEMENT_3D('',#2302,#2303,#2304);
#2302 = CARTESIAN_POINT('',(7.62,-17.78,4.007));
#2303 = DIRECTION('',(0.,0.,1.));
#2304 = DIRECTION('',(-2.22044604925E-16,-1.,0.));
#2305 = ORIENTED_EDGE('',*,*,#2291,.F.);
#2306 = ORIENTED_EDGE('',*,*,#952,.F.);
#2307 = CYLINDRICAL_SURFACE('',#2308,0.862);
#2308 = AXIS2_PLACEMENT_3D('',#2309,#2310,#2311);
#2309 = CARTESIAN_POINT('',(7.62,-17.78,1.3));
#2310 = DIRECTION('',(0.,0.,-1.));
#2311 = DIRECTION('',(-2.22044604925E-16,-1.,-0.));
#2312 = ADVANCED_FACE('',(#2313),#2332,.T.);
#2313 = FACE_BOUND('',#2314,.T.);
#2314 = EDGE_LOOP('',(#2315,#2323,#2330,#2331));
#2315 = ORIENTED_EDGE('',*,*,#2316,.T.);
#2316 = EDGE_CURVE('',#964,#2317,#2319,.T.);
#2317 = VERTEX_POINT('',#2318);
#2318 = CARTESIAN_POINT('',(7.62,-16.102,4.007));
#2319 = LINE('',#2320,#2321);
#2320 = CARTESIAN_POINT('',(7.62,-16.102,1.3));
#2321 = VECTOR('',#2322,1.);
#2322 = DIRECTION('',(0.,0.,1.));
#2323 = ORIENTED_EDGE('',*,*,#2324,.F.);
#2324 = EDGE_CURVE('',#2317,#2317,#2325,.T.);
#2325 = CIRCLE('',#2326,0.862);
#2326 = AXIS2_PLACEMENT_3D('',#2327,#2328,#2329);
#2327 = CARTESIAN_POINT('',(7.62,-15.24,4.007));
#2328 = DIRECTION('',(0.,0.,1.));
#2329 = DIRECTION('',(-2.22044604925E-16,-1.,0.));
#2330 = ORIENTED_EDGE('',*,*,#2316,.F.);
#2331 = ORIENTED_EDGE('',*,*,#963,.F.);
#2332 = CYLINDRICAL_SURFACE('',#2333,0.862);
#2333 = AXIS2_PLACEMENT_3D('',#2334,#2335,#2336);
#2334 = CARTESIAN_POINT('',(7.62,-15.24,1.3));
#2335 = DIRECTION('',(0.,0.,-1.));
#2336 = DIRECTION('',(-2.22044604925E-16,-1.,-0.));
#2337 = ADVANCED_FACE('',(#2338),#2357,.T.);
#2338 = FACE_BOUND('',#2339,.T.);
#2339 = EDGE_LOOP('',(#2340,#2348,#2355,#2356));
#2340 = ORIENTED_EDGE('',*,*,#2341,.T.);
#2341 = EDGE_CURVE('',#975,#2342,#2344,.T.);
#2342 = VERTEX_POINT('',#2343);
#2343 = CARTESIAN_POINT('',(7.62,-13.562,4.007));
#2344 = LINE('',#2345,#2346);
#2345 = CARTESIAN_POINT('',(7.62,-13.562,1.3));
#2346 = VECTOR('',#2347,1.);
#2347 = DIRECTION('',(0.,0.,1.));
#2348 = ORIENTED_EDGE('',*,*,#2349,.F.);
#2349 = EDGE_CURVE('',#2342,#2342,#2350,.T.);
#2350 = CIRCLE('',#2351,0.862);
#2351 = AXIS2_PLACEMENT_3D('',#2352,#2353,#2354);
#2352 = CARTESIAN_POINT('',(7.62,-12.7,4.007));
#2353 = DIRECTION('',(0.,0.,1.));
#2354 = DIRECTION('',(-2.22044604925E-16,-1.,0.));
#2355 = ORIENTED_EDGE('',*,*,#2341,.F.);
#2356 = ORIENTED_EDGE('',*,*,#974,.F.);
#2357 = CYLINDRICAL_SURFACE('',#2358,0.862);
#2358 = AXIS2_PLACEMENT_3D('',#2359,#2360,#2361);
#2359 = CARTESIAN_POINT('',(7.62,-12.7,1.3));
#2360 = DIRECTION('',(0.,0.,-1.));
#2361 = DIRECTION('',(-2.22044604925E-16,-1.,-0.));
#2362 = ADVANCED_FACE('',(#2363),#2382,.T.);
#2363 = FACE_BOUND('',#2364,.T.);
#2364 = EDGE_LOOP('',(#2365,#2373,#2380,#2381));
#2365 = ORIENTED_EDGE('',*,*,#2366,.T.);
#2366 = EDGE_CURVE('',#986,#2367,#2369,.T.);
#2367 = VERTEX_POINT('',#2368);
#2368 = CARTESIAN_POINT('',(7.62,-0.862,4.007));
#2369 = LINE('',#2370,#2371);
#2370 = CARTESIAN_POINT('',(7.62,-0.862,1.3));
#2371 = VECTOR('',#2372,1.);
#2372 = DIRECTION('',(0.,0.,1.));
#2373 = ORIENTED_EDGE('',*,*,#2374,.F.);
#2374 = EDGE_CURVE('',#2367,#2367,#2375,.T.);
#2375 = CIRCLE('',#2376,0.862);
#2376 = AXIS2_PLACEMENT_3D('',#2377,#2378,#2379);
#2377 = CARTESIAN_POINT('',(7.62,-1.110223024625E-16,4.007));
#2378 = DIRECTION('',(0.,0.,1.));
#2379 = DIRECTION('',(-2.22044604925E-16,-1.,0.));
#2380 = ORIENTED_EDGE('',*,*,#2366,.F.);
#2381 = ORIENTED_EDGE('',*,*,#985,.F.);
#2382 = CYLINDRICAL_SURFACE('',#2383,0.862);
#2383 = AXIS2_PLACEMENT_3D('',#2384,#2385,#2386);
#2384 = CARTESIAN_POINT('',(7.62,-1.110223024625E-16,1.3));
#2385 = DIRECTION('',(0.,0.,-1.));
#2386 = DIRECTION('',(-2.22044604925E-16,-1.,-0.));
#2387 = ADVANCED_FACE('',(#2388),#2394,.F.);
#2388 = FACE_BOUND('',#2389,.F.);
#2389 = EDGE_LOOP('',(#2390,#2391,#2392,#2393));
#2390 = ORIENTED_EDGE('',*,*,#1808,.F.);
#2391 = ORIENTED_EDGE('',*,*,#1901,.F.);
#2392 = ORIENTED_EDGE('',*,*,#1151,.T.);
#2393 = ORIENTED_EDGE('',*,*,#2130,.F.);
#2394 = PLANE('',#2395);
#2395 = AXIS2_PLACEMENT_3D('',#2396,#2397,#2398);
#2396 = CARTESIAN_POINT('',(2.23,1.27,2.6335));
#2397 = DIRECTION('',(0.,-0.,-1.));
#2398 = DIRECTION('',(2.22044604925E-16,1.,0.));
#2399 = ADVANCED_FACE('',(#2400),#2419,.T.);
#2400 = FACE_BOUND('',#2401,.T.);
#2401 = EDGE_LOOP('',(#2402,#2410,#2417,#2418));
#2402 = ORIENTED_EDGE('',*,*,#2403,.T.);
#2403 = EDGE_CURVE('',#1215,#2404,#2406,.T.);
#2404 = VERTEX_POINT('',#2405);
#2405 = CARTESIAN_POINT('',(-2.6645352591E-15,-17.018,0.3));
#2406 = LINE('',#2407,#2408);
#2407 = CARTESIAN_POINT('',(-2.846108393903E-15,-17.018,1.3));
#2408 = VECTOR('',#2409,1.);
#2409 = DIRECTION('',(0.,-0.,-1.));
#2410 = ORIENTED_EDGE('',*,*,#2411,.T.);
#2411 = EDGE_CURVE('',#2404,#2404,#2412,.T.);
#2412 = CIRCLE('',#2413,0.762);
#2413 = AXIS2_PLACEMENT_3D('',#2414,#2415,#2416);
#2414 = CARTESIAN_POINT('',(-3.10862446895E-15,-17.78,0.3));
#2415 = DIRECTION('',(0.,-0.,1.));
#2416 = DIRECTION('',(3.445092848398E-16,1.,0.));
#2417 = ORIENTED_EDGE('',*,*,#2403,.F.);
#2418 = ORIENTED_EDGE('',*,*,#1214,.F.);
#2419 = CYLINDRICAL_SURFACE('',#2420,0.762);
#2420 = AXIS2_PLACEMENT_3D('',#2421,#2422,#2423);
#2421 = CARTESIAN_POINT('',(-3.10862446895E-15,-17.78,1.3));
#2422 = DIRECTION('',(0.,0.,1.));
#2423 = DIRECTION('',(3.445092848398E-16,1.,-0.));
#2424 = ADVANCED_FACE('',(#2425),#2444,.T.);
#2425 = FACE_BOUND('',#2426,.T.);
#2426 = EDGE_LOOP('',(#2427,#2435,#2442,#2443));
#2427 = ORIENTED_EDGE('',*,*,#2428,.T.);
#2428 = EDGE_CURVE('',#1235,#2429,#2431,.T.);
#2429 = VERTEX_POINT('',#2430);
#2430 = CARTESIAN_POINT('',(-1.7763568394E-15,-14.478,0.3));
#2431 = LINE('',#2432,#2433);
#2432 = CARTESIAN_POINT('',(-1.957929974202E-15,-14.478,1.3));
#2433 = VECTOR('',#2434,1.);
#2434 = DIRECTION('',(0.,-0.,-1.));
#2435 = ORIENTED_EDGE('',*,*,#2436,.T.);
#2436 = EDGE_CURVE('',#2429,#2429,#2437,.T.);
#2437 = CIRCLE('',#2438,0.762);
#2438 = AXIS2_PLACEMENT_3D('',#2439,#2440,#2441);
#2439 = CARTESIAN_POINT('',(-2.22044604925E-15,-15.24,0.3));
#2440 = DIRECTION('',(0.,-0.,1.));
#2441 = DIRECTION('',(3.445092848398E-16,1.,0.));
#2442 = ORIENTED_EDGE('',*,*,#2428,.F.);
#2443 = ORIENTED_EDGE('',*,*,#1234,.F.);
#2444 = CYLINDRICAL_SURFACE('',#2445,0.762);
#2445 = AXIS2_PLACEMENT_3D('',#2446,#2447,#2448);
#2446 = CARTESIAN_POINT('',(-2.22044604925E-15,-15.24,1.3));
#2447 = DIRECTION('',(0.,0.,1.));
#2448 = DIRECTION('',(3.445092848398E-16,1.,-0.));
#2449 = ADVANCED_FACE('',(#2450),#2469,.T.);
#2450 = FACE_BOUND('',#2451,.T.);
#2451 = EDGE_LOOP('',(#2452,#2460,#2467,#2468));
#2452 = ORIENTED_EDGE('',*,*,#2453,.T.);
#2453 = EDGE_CURVE('',#1255,#2454,#2456,.T.);
#2454 = VERTEX_POINT('',#2455);
#2455 = CARTESIAN_POINT('',(0.,-9.398,0.3));
#2456 = LINE('',#2457,#2458);
#2457 = CARTESIAN_POINT('',(-1.815731348022E-16,-9.398,1.3));
#2458 = VECTOR('',#2459,1.);
#2459 = DIRECTION('',(0.,-0.,-1.));
#2460 = ORIENTED_EDGE('',*,*,#2461,.T.);
#2461 = EDGE_CURVE('',#2454,#2454,#2462,.T.);
#2462 = CIRCLE('',#2463,0.762);
#2463 = AXIS2_PLACEMENT_3D('',#2464,#2465,#2466);
#2464 = CARTESIAN_POINT('',(-4.440892098501E-16,-10.16,0.3));
#2465 = DIRECTION('',(0.,-0.,1.));
#2466 = DIRECTION('',(3.445092848398E-16,1.,0.));
#2467 = ORIENTED_EDGE('',*,*,#2453,.F.);
#2468 = ORIENTED_EDGE('',*,*,#1254,.F.);
#2469 = CYLINDRICAL_SURFACE('',#2470,0.762);
#2470 = AXIS2_PLACEMENT_3D('',#2471,#2472,#2473);
#2471 = CARTESIAN_POINT('',(-4.440892098501E-16,-10.16,1.3));
#2472 = DIRECTION('',(0.,0.,1.));
#2473 = DIRECTION('',(3.445092848398E-16,1.,-0.));
#2474 = ADVANCED_FACE('',(#2475),#2494,.T.);
#2475 = FACE_BOUND('',#2476,.T.);
#2476 = EDGE_LOOP('',(#2477,#2485,#2492,#2493));
#2477 = ORIENTED_EDGE('',*,*,#2478,.T.);
#2478 = EDGE_CURVE('',#1275,#2479,#2481,.T.);
#2479 = VERTEX_POINT('',#2480);
#2480 = CARTESIAN_POINT('',(-8.881784197001E-16,-11.938,0.3));
#2481 = LINE('',#2482,#2483);
#2482 = CARTESIAN_POINT('',(-1.069751554502E-15,-11.938,1.3));
#2483 = VECTOR('',#2484,1.);
#2484 = DIRECTION('',(0.,-0.,-1.));
#2485 = ORIENTED_EDGE('',*,*,#2486,.T.);
#2486 = EDGE_CURVE('',#2479,#2479,#2487,.T.);
#2487 = CIRCLE('',#2488,0.762);
#2488 = AXIS2_PLACEMENT_3D('',#2489,#2490,#2491);
#2489 = CARTESIAN_POINT('',(-1.33226762955E-15,-12.7,0.3));
#2490 = DIRECTION('',(0.,-0.,1.));
#2491 = DIRECTION('',(3.445092848398E-16,1.,0.));
#2492 = ORIENTED_EDGE('',*,*,#2478,.F.);
#2493 = ORIENTED_EDGE('',*,*,#1274,.F.);
#2494 = CYLINDRICAL_SURFACE('',#2495,0.762);
#2495 = AXIS2_PLACEMENT_3D('',#2496,#2497,#2498);
#2496 = CARTESIAN_POINT('',(-1.33226762955E-15,-12.7,1.3));
#2497 = DIRECTION('',(0.,0.,1.));
#2498 = DIRECTION('',(3.445092848398E-16,1.,-0.));
#2499 = ADVANCED_FACE('',(#2500),#2510,.F.);
#2500 = FACE_BOUND('',#2501,.T.);
#2501 = EDGE_LOOP('',(#2502,#2503,#2504,#2505,#2506,#2507,#2508,#2509));
#2502 = ORIENTED_EDGE('',*,*,#1386,.T.);
#2503 = ORIENTED_EDGE('',*,*,#1344,.T.);
#2504 = ORIENTED_EDGE('',*,*,#1300,.T.);
#2505 = ORIENTED_EDGE('',*,*,#1765,.T.);
#2506 = ORIENTED_EDGE('',*,*,#1823,.T.);
#2507 = ORIENTED_EDGE('',*,*,#1865,.T.);
#2508 = ORIENTED_EDGE('',*,*,#1493,.T.);
#2509 = ORIENTED_EDGE('',*,*,#1434,.T.);
#2510 = PLANE('',#2511);
#2511 = AXIS2_PLACEMENT_3D('',#2512,#2513,#2514);
#2512 = CARTESIAN_POINT('',(1.73,-9.44,2.6335));
#2513 = DIRECTION('',(0.,-0.,-1.));
#2514 = DIRECTION('',(2.22044604925E-16,1.,0.));
#2515 = ADVANCED_FACE('',(#2516),#2535,.T.);
#2516 = FACE_BOUND('',#2517,.T.);
#2517 = EDGE_LOOP('',(#2518,#2526,#2533,#2534));
#2518 = ORIENTED_EDGE('',*,*,#2519,.T.);
#2519 = EDGE_CURVE('',#1511,#2520,#2522,.T.);
#2520 = VERTEX_POINT('',#2521);
#2521 = CARTESIAN_POINT('',(7.62,-18.542,0.3));
#2522 = LINE('',#2523,#2524);
#2523 = CARTESIAN_POINT('',(7.62,-18.542,1.3));
#2524 = VECTOR('',#2525,1.);
#2525 = DIRECTION('',(0.,0.,-1.));
#2526 = ORIENTED_EDGE('',*,*,#2527,.T.);
#2527 = EDGE_CURVE('',#2520,#2520,#2528,.T.);
#2528 = CIRCLE('',#2529,0.762);
#2529 = AXIS2_PLACEMENT_3D('',#2530,#2531,#2532);
#2530 = CARTESIAN_POINT('',(7.62,-17.78,0.3));
#2531 = DIRECTION('',(0.,0.,1.));
#2532 = DIRECTION('',(-2.22044604925E-16,-1.,0.));
#2533 = ORIENTED_EDGE('',*,*,#2519,.F.);
#2534 = ORIENTED_EDGE('',*,*,#1510,.F.);
#2535 = CYLINDRICAL_SURFACE('',#2536,0.762);
#2536 = AXIS2_PLACEMENT_3D('',#2537,#2538,#2539);
#2537 = CARTESIAN_POINT('',(7.62,-17.78,1.3));
#2538 = DIRECTION('',(0.,0.,1.));
#2539 = DIRECTION('',(-2.22044604925E-16,-1.,0.));
#2540 = ADVANCED_FACE('',(#2541),#2560,.T.);
#2541 = FACE_BOUND('',#2542,.T.);
#2542 = EDGE_LOOP('',(#2543,#2551,#2558,#2559));
#2543 = ORIENTED_EDGE('',*,*,#2544,.T.);
#2544 = EDGE_CURVE('',#1531,#2545,#2547,.T.);
#2545 = VERTEX_POINT('',#2546);
#2546 = CARTESIAN_POINT('',(7.62,-16.002,0.3));
#2547 = LINE('',#2548,#2549);
#2548 = CARTESIAN_POINT('',(7.62,-16.002,1.3));
#2549 = VECTOR('',#2550,1.);
#2550 = DIRECTION('',(0.,0.,-1.));
#2551 = ORIENTED_EDGE('',*,*,#2552,.T.);
#2552 = EDGE_CURVE('',#2545,#2545,#2553,.T.);
#2553 = CIRCLE('',#2554,0.762);
#2554 = AXIS2_PLACEMENT_3D('',#2555,#2556,#2557);
#2555 = CARTESIAN_POINT('',(7.62,-15.24,0.3));
#2556 = DIRECTION('',(0.,0.,1.));
#2557 = DIRECTION('',(-2.22044604925E-16,-1.,0.));
#2558 = ORIENTED_EDGE('',*,*,#2544,.F.);
#2559 = ORIENTED_EDGE('',*,*,#1530,.F.);
#2560 = CYLINDRICAL_SURFACE('',#2561,0.762);
#2561 = AXIS2_PLACEMENT_3D('',#2562,#2563,#2564);
#2562 = CARTESIAN_POINT('',(7.62,-15.24,1.3));
#2563 = DIRECTION('',(0.,0.,1.));
#2564 = DIRECTION('',(-2.22044604925E-16,-1.,0.));
#2565 = ADVANCED_FACE('',(#2566),#2585,.T.);
#2566 = FACE_BOUND('',#2567,.T.);
#2567 = EDGE_LOOP('',(#2568,#2576,#2583,#2584));
#2568 = ORIENTED_EDGE('',*,*,#2569,.T.);
#2569 = EDGE_CURVE('',#1551,#2570,#2572,.T.);
#2570 = VERTEX_POINT('',#2571);
#2571 = CARTESIAN_POINT('',(7.62,-10.922,0.3));
#2572 = LINE('',#2573,#2574);
#2573 = CARTESIAN_POINT('',(7.62,-10.922,1.3));
#2574 = VECTOR('',#2575,1.);
#2575 = DIRECTION('',(0.,0.,-1.));
#2576 = ORIENTED_EDGE('',*,*,#2577,.T.);
#2577 = EDGE_CURVE('',#2570,#2570,#2578,.T.);
#2578 = CIRCLE('',#2579,0.762);
#2579 = AXIS2_PLACEMENT_3D('',#2580,#2581,#2582);
#2580 = CARTESIAN_POINT('',(7.62,-10.16,0.3));
#2581 = DIRECTION('',(0.,0.,1.));
#2582 = DIRECTION('',(-2.22044604925E-16,-1.,0.));
#2583 = ORIENTED_EDGE('',*,*,#2569,.F.);
#2584 = ORIENTED_EDGE('',*,*,#1550,.F.);
#2585 = CYLINDRICAL_SURFACE('',#2586,0.762);
#2586 = AXIS2_PLACEMENT_3D('',#2587,#2588,#2589);
#2587 = CARTESIAN_POINT('',(7.62,-10.16,1.3));
#2588 = DIRECTION('',(0.,0.,1.));
#2589 = DIRECTION('',(-2.22044604925E-16,-1.,0.));
#2590 = ADVANCED_FACE('',(#2591),#2610,.T.);
#2591 = FACE_BOUND('',#2592,.T.);
#2592 = EDGE_LOOP('',(#2593,#2601,#2608,#2609));
#2593 = ORIENTED_EDGE('',*,*,#2594,.T.);
#2594 = EDGE_CURVE('',#1571,#2595,#2597,.T.);
#2595 = VERTEX_POINT('',#2596);
#2596 = CARTESIAN_POINT('',(7.62,-13.462,0.3));
#2597 = LINE('',#2598,#2599);
#2598 = CARTESIAN_POINT('',(7.62,-13.462,1.3));
#2599 = VECTOR('',#2600,1.);
#2600 = DIRECTION('',(0.,0.,-1.));
#2601 = ORIENTED_EDGE('',*,*,#2602,.T.);
#2602 = EDGE_CURVE('',#2595,#2595,#2603,.T.);
#2603 = CIRCLE('',#2604,0.762);
#2604 = AXIS2_PLACEMENT_3D('',#2605,#2606,#2607);
#2605 = CARTESIAN_POINT('',(7.62,-12.7,0.3));
#2606 = DIRECTION('',(0.,0.,1.));
#2607 = DIRECTION('',(-2.22044604925E-16,-1.,0.));
#2608 = ORIENTED_EDGE('',*,*,#2594,.F.);
#2609 = ORIENTED_EDGE('',*,*,#1570,.F.);
#2610 = CYLINDRICAL_SURFACE('',#2611,0.762);
#2611 = AXIS2_PLACEMENT_3D('',#2612,#2613,#2614);
#2612 = CARTESIAN_POINT('',(7.62,-12.7,1.3));
#2613 = DIRECTION('',(0.,0.,1.));
#2614 = DIRECTION('',(-2.22044604925E-16,-1.,0.));
#2615 = ADVANCED_FACE('',(#2616),#2635,.T.);
#2616 = FACE_BOUND('',#2617,.T.);
#2617 = EDGE_LOOP('',(#2618,#2626,#2633,#2634));
#2618 = ORIENTED_EDGE('',*,*,#2619,.T.);
#2619 = EDGE_CURVE('',#1591,#2620,#2622,.T.);
#2620 = VERTEX_POINT('',#2621);
#2621 = CARTESIAN_POINT('',(7.62,-0.762,0.3));
#2622 = LINE('',#2623,#2624);
#2623 = CARTESIAN_POINT('',(7.62,-0.762,1.3));
#2624 = VECTOR('',#2625,1.);
#2625 = DIRECTION('',(0.,0.,-1.));
#2626 = ORIENTED_EDGE('',*,*,#2627,.T.);
#2627 = EDGE_CURVE('',#2620,#2620,#2628,.T.);
#2628 = CIRCLE('',#2629,0.762);
#2629 = AXIS2_PLACEMENT_3D('',#2630,#2631,#2632);
#2630 = CARTESIAN_POINT('',(7.62,0.,0.3));
#2631 = DIRECTION('',(0.,0.,1.));
#2632 = DIRECTION('',(-2.22044604925E-16,-1.,0.));
#2633 = ORIENTED_EDGE('',*,*,#2619,.F.);
#2634 = ORIENTED_EDGE('',*,*,#1590,.F.);
#2635 = CYLINDRICAL_SURFACE('',#2636,0.762);
#2636 = AXIS2_PLACEMENT_3D('',#2637,#2638,#2639);
#2637 = CARTESIAN_POINT('',(7.62,0.,1.3));
#2638 = DIRECTION('',(0.,0.,1.));
#2639 = DIRECTION('',(-2.22044604925E-16,-1.,0.));
#2640 = ADVANCED_FACE('',(#2641),#2660,.T.);
#2641 = FACE_BOUND('',#2642,.T.);
#2642 = EDGE_LOOP('',(#2643,#2651,#2658,#2659));
#2643 = ORIENTED_EDGE('',*,*,#2644,.T.);
#2644 = EDGE_CURVE('',#1611,#2645,#2647,.T.);
#2645 = VERTEX_POINT('',#2646);
#2646 = CARTESIAN_POINT('',(7.62,-3.302,0.3));
#2647 = LINE('',#2648,#2649);
#2648 = CARTESIAN_POINT('',(7.62,-3.302,1.3));
#2649 = VECTOR('',#2650,1.);
#2650 = DIRECTION('',(0.,0.,-1.));
#2651 = ORIENTED_EDGE('',*,*,#2652,.T.);
#2652 = EDGE_CURVE('',#2645,#2645,#2653,.T.);
#2653 = CIRCLE('',#2654,0.762);
#2654 = AXIS2_PLACEMENT_3D('',#2655,#2656,#2657);
#2655 = CARTESIAN_POINT('',(7.62,-2.54,0.3));
#2656 = DIRECTION('',(0.,0.,1.));
#2657 = DIRECTION('',(-2.22044604925E-16,-1.,0.));
#2658 = ORIENTED_EDGE('',*,*,#2644,.F.);
#2659 = ORIENTED_EDGE('',*,*,#1610,.F.);
#2660 = CYLINDRICAL_SURFACE('',#2661,0.762);
#2661 = AXIS2_PLACEMENT_3D('',#2662,#2663,#2664);
#2662 = CARTESIAN_POINT('',(7.62,-2.54,1.3));
#2663 = DIRECTION('',(0.,0.,1.));
#2664 = DIRECTION('',(-2.22044604925E-16,-1.,0.));
#2665 = ADVANCED_FACE('',(#2666),#2685,.T.);
#2666 = FACE_BOUND('',#2667,.T.);
#2667 = EDGE_LOOP('',(#2668,#2676,#2683,#2684));
#2668 = ORIENTED_EDGE('',*,*,#2669,.T.);
#2669 = EDGE_CURVE('',#1631,#2670,#2672,.T.);
#2670 = VERTEX_POINT('',#2671);
#2671 = CARTESIAN_POINT('',(7.62,-5.842,0.3));
#2672 = LINE('',#2673,#2674);
#2673 = CARTESIAN_POINT('',(7.62,-5.842,1.3));
#2674 = VECTOR('',#2675,1.);
#2675 = DIRECTION('',(0.,0.,-1.));
#2676 = ORIENTED_EDGE('',*,*,#2677,.T.);
#2677 = EDGE_CURVE('',#2670,#2670,#2678,.T.);
#2678 = CIRCLE('',#2679,0.762);
#2679 = AXIS2_PLACEMENT_3D('',#2680,#2681,#2682);
#2680 = CARTESIAN_POINT('',(7.62,-5.08,0.3));
#2681 = DIRECTION('',(0.,0.,1.));
#2682 = DIRECTION('',(-2.22044604925E-16,-1.,0.));
#2683 = ORIENTED_EDGE('',*,*,#2669,.F.);
#2684 = ORIENTED_EDGE('',*,*,#1630,.F.);
#2685 = CYLINDRICAL_SURFACE('',#2686,0.762);
#2686 = AXIS2_PLACEMENT_3D('',#2687,#2688,#2689);
#2687 = CARTESIAN_POINT('',(7.62,-5.08,1.3));
#2688 = DIRECTION('',(0.,0.,1.));
#2689 = DIRECTION('',(-2.22044604925E-16,-1.,0.));
#2690 = ADVANCED_FACE('',(#2691),#2710,.T.);
#2691 = FACE_BOUND('',#2692,.T.);
#2692 = EDGE_LOOP('',(#2693,#2701,#2708,#2709));
#2693 = ORIENTED_EDGE('',*,*,#2694,.T.);
#2694 = EDGE_CURVE('',#1651,#2695,#2697,.T.);
#2695 = VERTEX_POINT('',#2696);
#2696 = CARTESIAN_POINT('',(2.6645352591E-15,-1.778,0.3));
#2697 = LINE('',#2698,#2699);
#2698 = CARTESIAN_POINT('',(2.482962124298E-15,-1.778,1.3));
#2699 = VECTOR('',#2700,1.);
#2700 = DIRECTION('',(0.,-0.,-1.));
#2701 = ORIENTED_EDGE('',*,*,#2702,.T.);
#2702 = EDGE_CURVE('',#2695,#2695,#2703,.T.);
#2703 = CIRCLE('',#2704,0.762);
#2704 = AXIS2_PLACEMENT_3D('',#2705,#2706,#2707);
#2705 = CARTESIAN_POINT('',(2.22044604925E-15,-2.54,0.3));
#2706 = DIRECTION('',(0.,-0.,1.));
#2707 = DIRECTION('',(3.445092848398E-16,1.,0.));
#2708 = ORIENTED_EDGE('',*,*,#2694,.F.);
#2709 = ORIENTED_EDGE('',*,*,#1650,.F.);
#2710 = CYLINDRICAL_SURFACE('',#2711,0.762);
#2711 = AXIS2_PLACEMENT_3D('',#2712,#2713,#2714);
#2712 = CARTESIAN_POINT('',(2.22044604925E-15,-2.54,1.3));
#2713 = DIRECTION('',(0.,0.,1.));
#2714 = DIRECTION('',(3.445092848398E-16,1.,-0.));
#2715 = ADVANCED_FACE('',(#2716),#2735,.T.);
#2716 = FACE_BOUND('',#2717,.T.);
#2717 = EDGE_LOOP('',(#2718,#2726,#2733,#2734));
#2718 = ORIENTED_EDGE('',*,*,#2719,.T.);
#2719 = EDGE_CURVE('',#1671,#2720,#2722,.T.);
#2720 = VERTEX_POINT('',#2721);
#2721 = CARTESIAN_POINT('',(3.10862446895E-15,0.762,0.3));
#2722 = LINE('',#2723,#2724);
#2723 = CARTESIAN_POINT('',(3.371140543998E-15,0.762,1.3));
#2724 = VECTOR('',#2725,1.);
#2725 = DIRECTION('',(0.,-0.,-1.));
#2726 = ORIENTED_EDGE('',*,*,#2727,.T.);
#2727 = EDGE_CURVE('',#2720,#2720,#2728,.T.);
#2728 = CIRCLE('',#2729,0.762);
#2729 = AXIS2_PLACEMENT_3D('',#2730,#2731,#2732);
#2730 = CARTESIAN_POINT('',(3.10862446895E-15,1.7763568394E-15,0.3));
#2731 = DIRECTION('',(0.,-0.,1.));
#2732 = DIRECTION('',(3.445092848398E-16,1.,0.));
#2733 = ORIENTED_EDGE('',*,*,#2719,.F.);
#2734 = ORIENTED_EDGE('',*,*,#1670,.F.);
#2735 = CYLINDRICAL_SURFACE('',#2736,0.762);
#2736 = AXIS2_PLACEMENT_3D('',#2737,#2738,#2739);
#2737 = CARTESIAN_POINT('',(3.10862446895E-15,1.7763568394E-15,1.3));
#2738 = DIRECTION('',(0.,0.,1.));
#2739 = DIRECTION('',(3.445092848398E-16,1.,-0.));
#2740 = ADVANCED_FACE('',(#2741),#2760,.T.);
#2741 = FACE_BOUND('',#2742,.T.);
#2742 = EDGE_LOOP('',(#2743,#2751,#2758,#2759));
#2743 = ORIENTED_EDGE('',*,*,#2744,.T.);
#2744 = EDGE_CURVE('',#1691,#2745,#2747,.T.);
#2745 = VERTEX_POINT('',#2746);
#2746 = CARTESIAN_POINT('',(7.62,-8.382,0.3));
#2747 = LINE('',#2748,#2749);
#2748 = CARTESIAN_POINT('',(7.62,-8.382,1.3));
#2749 = VECTOR('',#2750,1.);
#2750 = DIRECTION('',(0.,0.,-1.));
#2751 = ORIENTED_EDGE('',*,*,#2752,.T.);
#2752 = EDGE_CURVE('',#2745,#2745,#2753,.T.);
#2753 = CIRCLE('',#2754,0.762);
#2754 = AXIS2_PLACEMENT_3D('',#2755,#2756,#2757);
#2755 = CARTESIAN_POINT('',(7.62,-7.62,0.3));
#2756 = DIRECTION('',(0.,0.,1.));
#2757 = DIRECTION('',(-2.22044604925E-16,-1.,0.));
#2758 = ORIENTED_EDGE('',*,*,#2744,.F.);
#2759 = ORIENTED_EDGE('',*,*,#1690,.F.);
#2760 = CYLINDRICAL_SURFACE('',#2761,0.762);
#2761 = AXIS2_PLACEMENT_3D('',#2762,#2763,#2764);
#2762 = CARTESIAN_POINT('',(7.62,-7.62,1.3));
#2763 = DIRECTION('',(0.,0.,1.));
#2764 = DIRECTION('',(-2.22044604925E-16,-1.,0.));
#2765 = ADVANCED_FACE('',(#2766),#2785,.T.);
#2766 = FACE_BOUND('',#2767,.T.);
#2767 = EDGE_LOOP('',(#2768,#2776,#2783,#2784));
#2768 = ORIENTED_EDGE('',*,*,#2769,.T.);
#2769 = EDGE_CURVE('',#1711,#2770,#2772,.T.);
#2770 = VERTEX_POINT('',#2771);
#2771 = CARTESIAN_POINT('',(8.881784197001E-16,-6.858,0.3));
#2772 = LINE('',#2773,#2774);
#2773 = CARTESIAN_POINT('',(7.06605284898E-16,-6.858,1.3));
#2774 = VECTOR('',#2775,1.);
#2775 = DIRECTION('',(0.,-0.,-1.));
#2776 = ORIENTED_EDGE('',*,*,#2777,.T.);
#2777 = EDGE_CURVE('',#2770,#2770,#2778,.T.);
#2778 = CIRCLE('',#2779,0.762);
#2779 = AXIS2_PLACEMENT_3D('',#2780,#2781,#2782);
#2780 = CARTESIAN_POINT('',(4.440892098501E-16,-7.62,0.3));
#2781 = DIRECTION('',(0.,-0.,1.));
#2782 = DIRECTION('',(3.445092848398E-16,1.,0.));
#2783 = ORIENTED_EDGE('',*,*,#2769,.F.);
#2784 = ORIENTED_EDGE('',*,*,#1710,.F.);
#2785 = CYLINDRICAL_SURFACE('',#2786,0.762);
#2786 = AXIS2_PLACEMENT_3D('',#2787,#2788,#2789);
#2787 = CARTESIAN_POINT('',(4.440892098501E-16,-7.62,1.3));
#2788 = DIRECTION('',(0.,0.,1.));
#2789 = DIRECTION('',(3.445092848398E-16,1.,-0.));
#2790 = ADVANCED_FACE('',(#2791),#2810,.T.);
#2791 = FACE_BOUND('',#2792,.T.);
#2792 = EDGE_LOOP('',(#2793,#2801,#2808,#2809));
#2793 = ORIENTED_EDGE('',*,*,#2794,.T.);
#2794 = EDGE_CURVE('',#1731,#2795,#2797,.T.);
#2795 = VERTEX_POINT('',#2796);
#2796 = CARTESIAN_POINT('',(1.7763568394E-15,-4.318,0.3));
#2797 = LINE('',#2798,#2799);
#2798 = CARTESIAN_POINT('',(1.594783704598E-15,-4.318,1.3));
#2799 = VECTOR('',#2800,1.);
#2800 = DIRECTION('',(0.,-0.,-1.));
#2801 = ORIENTED_EDGE('',*,*,#2802,.T.);
#2802 = EDGE_CURVE('',#2795,#2795,#2803,.T.);
#2803 = CIRCLE('',#2804,0.762);
#2804 = AXIS2_PLACEMENT_3D('',#2805,#2806,#2807);
#2805 = CARTESIAN_POINT('',(1.33226762955E-15,-5.08,0.3));
#2806 = DIRECTION('',(0.,-0.,1.));
#2807 = DIRECTION('',(3.445092848398E-16,1.,0.));
#2808 = ORIENTED_EDGE('',*,*,#2794,.F.);
#2809 = ORIENTED_EDGE('',*,*,#1730,.F.);
#2810 = CYLINDRICAL_SURFACE('',#2811,0.762);
#2811 = AXIS2_PLACEMENT_3D('',#2812,#2813,#2814);
#2812 = CARTESIAN_POINT('',(1.33226762955E-15,-5.08,1.3));
#2813 = DIRECTION('',(0.,0.,1.));
#2814 = DIRECTION('',(3.445092848398E-16,1.,-0.));
#2815 = ADVANCED_FACE('',(#2816,#2819),#2830,.F.);
#2816 = FACE_BOUND('',#2817,.F.);
#2817 = EDGE_LOOP('',(#2818));
#2818 = ORIENTED_EDGE('',*,*,#1936,.F.);
#2819 = FACE_BOUND('',#2820,.F.);
#2820 = EDGE_LOOP('',(#2821));
#2821 = ORIENTED_EDGE('',*,*,#2822,.F.);
#2822 = EDGE_CURVE('',#2823,#2823,#2825,.T.);
#2823 = VERTEX_POINT('',#2824);
#2824 = CARTESIAN_POINT('',(3.10862446895E-15,-0.762,4.007));
#2825 = CIRCLE('',#2826,0.762);
#2826 = AXIS2_PLACEMENT_3D('',#2827,#2828,#2829);
#2827 = CARTESIAN_POINT('',(3.2763230848E-15,1.7763568394E-15,4.007));
#2828 = DIRECTION('',(-0.,0.,-1.));
#2829 = DIRECTION('',(-3.445092848398E-16,-1.,0.));
#2830 = PLANE('',#2831);
#2831 = AXIS2_PLACEMENT_3D('',#2832,#2833,#2834);
#2832 = CARTESIAN_POINT('',(3.48924386074E-15,0.862,4.007));
#2833 = DIRECTION('',(-0.,0.,-1.));
#2834 = DIRECTION('',(-3.445092848398E-16,-1.,0.));
#2835 = ADVANCED_FACE('',(#2836,#2839),#2850,.F.);
#2836 = FACE_BOUND('',#2837,.F.);
#2837 = EDGE_LOOP('',(#2838));
#2838 = ORIENTED_EDGE('',*,*,#1961,.F.);
#2839 = FACE_BOUND('',#2840,.F.);
#2840 = EDGE_LOOP('',(#2841));
#2841 = ORIENTED_EDGE('',*,*,#2842,.F.);
#2842 = EDGE_CURVE('',#2843,#2843,#2845,.T.);
#2843 = VERTEX_POINT('',#2844);
#2844 = CARTESIAN_POINT('',(2.22044604925E-15,-3.302,4.007));
#2845 = CIRCLE('',#2846,0.762);
#2846 = AXIS2_PLACEMENT_3D('',#2847,#2848,#2849);
#2847 = CARTESIAN_POINT('',(2.3881446651E-15,-2.54,4.007));
#2848 = DIRECTION('',(-0.,0.,-1.));
#2849 = DIRECTION('',(-3.445092848398E-16,-1.,0.));
#2850 = PLANE('',#2851);
#2851 = AXIS2_PLACEMENT_3D('',#2852,#2853,#2854);
#2852 = CARTESIAN_POINT('',(2.60106544104E-15,-1.678,4.007));
#2853 = DIRECTION('',(-0.,0.,-1.));
#2854 = DIRECTION('',(-3.445092848398E-16,-1.,0.));
#2855 = ADVANCED_FACE('',(#2856,#2859),#2870,.F.);
#2856 = FACE_BOUND('',#2857,.F.);
#2857 = EDGE_LOOP('',(#2858));
#2858 = ORIENTED_EDGE('',*,*,#1986,.F.);
#2859 = FACE_BOUND('',#2860,.F.);
#2860 = EDGE_LOOP('',(#2861));
#2861 = ORIENTED_EDGE('',*,*,#2862,.F.);
#2862 = EDGE_CURVE('',#2863,#2863,#2865,.T.);
#2863 = VERTEX_POINT('',#2864);
#2864 = CARTESIAN_POINT('',(1.33226762955E-15,-5.842,4.007));
#2865 = CIRCLE('',#2866,0.762);
#2866 = AXIS2_PLACEMENT_3D('',#2867,#2868,#2869);
#2867 = CARTESIAN_POINT('',(1.4999662454E-15,-5.08,4.007));
#2868 = DIRECTION('',(-0.,0.,-1.));
#2869 = DIRECTION('',(-3.445092848398E-16,-1.,0.));
#2870 = PLANE('',#2871);
#2871 = AXIS2_PLACEMENT_3D('',#2872,#2873,#2874);
#2872 = CARTESIAN_POINT('',(1.71288702134E-15,-4.218,4.007));
#2873 = DIRECTION('',(-0.,0.,-1.));
#2874 = DIRECTION('',(-3.445092848398E-16,-1.,0.));
#2875 = ADVANCED_FACE('',(#2876,#2879),#2890,.F.);
#2876 = FACE_BOUND('',#2877,.F.);
#2877 = EDGE_LOOP('',(#2878));
#2878 = ORIENTED_EDGE('',*,*,#2011,.F.);
#2879 = FACE_BOUND('',#2880,.F.);
#2880 = EDGE_LOOP('',(#2881));
#2881 = ORIENTED_EDGE('',*,*,#2882,.F.);
#2882 = EDGE_CURVE('',#2883,#2883,#2885,.T.);
#2883 = VERTEX_POINT('',#2884);
#2884 = CARTESIAN_POINT('',(-2.22044604925E-15,-16.002,4.007));
#2885 = CIRCLE('',#2886,0.762);
#2886 = AXIS2_PLACEMENT_3D('',#2887,#2888,#2889);
#2887 = CARTESIAN_POINT('',(-2.0527474334E-15,-15.24,4.007));
#2888 = DIRECTION('',(-0.,0.,-1.));
#2889 = DIRECTION('',(-3.445092848398E-16,-1.,0.));
#2890 = PLANE('',#2891);
#2891 = AXIS2_PLACEMENT_3D('',#2892,#2893,#2894);
#2892 = CARTESIAN_POINT('',(-1.839826657461E-15,-14.378,4.007));
#2893 = DIRECTION('',(-0.,0.,-1.));
#2894 = DIRECTION('',(-3.445092848398E-16,-1.,0.));
#2895 = ADVANCED_FACE('',(#2896,#2899),#2910,.F.);
#2896 = FACE_BOUND('',#2897,.F.);
#2897 = EDGE_LOOP('',(#2898));
#2898 = ORIENTED_EDGE('',*,*,#2036,.F.);
#2899 = FACE_BOUND('',#2900,.F.);
#2900 = EDGE_LOOP('',(#2901));
#2901 = ORIENTED_EDGE('',*,*,#2902,.F.);
#2902 = EDGE_CURVE('',#2903,#2903,#2905,.T.);
#2903 = VERTEX_POINT('',#2904);
#2904 = CARTESIAN_POINT('',(-1.33226762955E-15,-13.462,4.007));
#2905 = CIRCLE('',#2906,0.762);
#2906 = AXIS2_PLACEMENT_3D('',#2907,#2908,#2909);
#2907 = CARTESIAN_POINT('',(-1.1645690137E-15,-12.7,4.007));
#2908 = DIRECTION('',(-0.,0.,-1.));
#2909 = DIRECTION('',(-3.445092848398E-16,-1.,0.));
#2910 = PLANE('',#2911);
#2911 = AXIS2_PLACEMENT_3D('',#2912,#2913,#2914);
#2912 = CARTESIAN_POINT('',(-9.516482377609E-16,-11.838,4.007));
#2913 = DIRECTION('',(-0.,0.,-1.));
#2914 = DIRECTION('',(-3.445092848398E-16,-1.,0.));
#2915 = ADVANCED_FACE('',(#2916,#2919),#2930,.F.);
#2916 = FACE_BOUND('',#2917,.F.);
#2917 = EDGE_LOOP('',(#2918));
#2918 = ORIENTED_EDGE('',*,*,#2061,.F.);
#2919 = FACE_BOUND('',#2920,.F.);
#2920 = EDGE_LOOP('',(#2921));
#2921 = ORIENTED_EDGE('',*,*,#2922,.F.);
#2922 = EDGE_CURVE('',#2923,#2923,#2925,.T.);
#2923 = VERTEX_POINT('',#2924);
#2924 = CARTESIAN_POINT('',(4.440892098501E-16,-8.382,4.007));
#2925 = CIRCLE('',#2926,0.762);
#2926 = AXIS2_PLACEMENT_3D('',#2927,#2928,#2929);
#2927 = CARTESIAN_POINT('',(6.117878256999E-16,-7.62,4.007));
#2928 = DIRECTION('',(-0.,0.,-1.));
#2929 = DIRECTION('',(-3.445092848398E-16,-1.,0.));
#2930 = PLANE('',#2931);
#2931 = AXIS2_PLACEMENT_3D('',#2932,#2933,#2934);
#2932 = CARTESIAN_POINT('',(8.247086016394E-16,-6.758,4.007));
#2933 = DIRECTION('',(-0.,0.,-1.));
#2934 = DIRECTION('',(-3.445092848398E-16,-1.,0.));
#2935 = ADVANCED_FACE('',(#2936,#2939),#2950,.F.);
#2936 = FACE_BOUND('',#2937,.F.);
#2937 = EDGE_LOOP('',(#2938));
#2938 = ORIENTED_EDGE('',*,*,#2086,.F.);
#2939 = FACE_BOUND('',#2940,.F.);
#2940 = EDGE_LOOP('',(#2941));
#2941 = ORIENTED_EDGE('',*,*,#2942,.F.);
#2942 = EDGE_CURVE('',#2943,#2943,#2945,.T.);
#2943 = VERTEX_POINT('',#2944);
#2944 = CARTESIAN_POINT('',(-4.440892098501E-16,-10.922,4.007));
#2945 = CIRCLE('',#2946,0.762);
#2946 = AXIS2_PLACEMENT_3D('',#2947,#2948,#2949);
#2947 = CARTESIAN_POINT('',(-2.763905940002E-16,-10.16,4.007));
#2948 = DIRECTION('',(-0.,0.,-1.));
#2949 = DIRECTION('',(-3.445092848398E-16,-1.,0.));
#2950 = PLANE('',#2951);
#2951 = AXIS2_PLACEMENT_3D('',#2952,#2953,#2954);
#2952 = CARTESIAN_POINT('',(-6.346981806075E-17,-9.298,4.007));
#2953 = DIRECTION('',(-0.,0.,-1.));
#2954 = DIRECTION('',(-3.445092848398E-16,-1.,0.));
#2955 = ADVANCED_FACE('',(#2956,#2959),#2970,.F.);
#2956 = FACE_BOUND('',#2957,.F.);
#2957 = EDGE_LOOP('',(#2958));
#2958 = ORIENTED_EDGE('',*,*,#2111,.F.);
#2959 = FACE_BOUND('',#2960,.F.);
#2960 = EDGE_LOOP('',(#2961));
#2961 = ORIENTED_EDGE('',*,*,#2962,.F.);
#2962 = EDGE_CURVE('',#2963,#2963,#2965,.T.);
#2963 = VERTEX_POINT('',#2964);
#2964 = CARTESIAN_POINT('',(-2.6645352591E-15,-18.542,4.007));
#2965 = CIRCLE('',#2966,0.762);
#2966 = AXIS2_PLACEMENT_3D('',#2967,#2968,#2969);
#2967 = CARTESIAN_POINT('',(-2.940925853101E-15,-17.78,4.007));
#2968 = DIRECTION('',(-0.,0.,-1.));
#2969 = DIRECTION('',(-3.445092848398E-16,-1.,0.));
#2970 = PLANE('',#2971);
#2971 = AXIS2_PLACEMENT_3D('',#2972,#2973,#2974);
#2972 = CARTESIAN_POINT('',(-2.728005077161E-15,-16.918,4.007));
#2973 = DIRECTION('',(-0.,0.,-1.));
#2974 = DIRECTION('',(-3.445092848398E-16,-1.,0.));
#2975 = ADVANCED_FACE('',(#2976,#2979),#2990,.F.);
#2976 = FACE_BOUND('',#2977,.F.);
#2977 = EDGE_LOOP('',(#2978));
#2978 = ORIENTED_EDGE('',*,*,#2199,.F.);
#2979 = FACE_BOUND('',#2980,.F.);
#2980 = EDGE_LOOP('',(#2981));
#2981 = ORIENTED_EDGE('',*,*,#2982,.F.);
#2982 = EDGE_CURVE('',#2983,#2983,#2985,.T.);
#2983 = VERTEX_POINT('',#2984);
#2984 = CARTESIAN_POINT('',(7.62,-9.398,4.007));
#2985 = CIRCLE('',#2986,0.762);
#2986 = AXIS2_PLACEMENT_3D('',#2987,#2988,#2989);
#2987 = CARTESIAN_POINT('',(7.62,-10.16,4.007));
#2988 = DIRECTION('',(0.,0.,-1.));
#2989 = DIRECTION('',(2.22044604925E-16,1.,0.));
#2990 = PLANE('',#2991);
#2991 = AXIS2_PLACEMENT_3D('',#2992,#2993,#2994);
#2992 = CARTESIAN_POINT('',(7.62,-11.022,4.007));
#2993 = DIRECTION('',(0.,0.,-1.));
#2994 = DIRECTION('',(2.22044604925E-16,1.,0.));
#2995 = ADVANCED_FACE('',(#2996,#2999),#3010,.F.);
#2996 = FACE_BOUND('',#2997,.F.);
#2997 = EDGE_LOOP('',(#2998));
#2998 = ORIENTED_EDGE('',*,*,#2224,.F.);
#2999 = FACE_BOUND('',#3000,.F.);
#3000 = EDGE_LOOP('',(#3001));
#3001 = ORIENTED_EDGE('',*,*,#3002,.F.);
#3002 = EDGE_CURVE('',#3003,#3003,#3005,.T.);
#3003 = VERTEX_POINT('',#3004);
#3004 = CARTESIAN_POINT('',(7.62,-6.858,4.007));
#3005 = CIRCLE('',#3006,0.762);
#3006 = AXIS2_PLACEMENT_3D('',#3007,#3008,#3009);
#3007 = CARTESIAN_POINT('',(7.62,-7.62,4.007));
#3008 = DIRECTION('',(0.,0.,-1.));
#3009 = DIRECTION('',(2.22044604925E-16,1.,0.));
#3010 = PLANE('',#3011);
#3011 = AXIS2_PLACEMENT_3D('',#3012,#3013,#3014);
#3012 = CARTESIAN_POINT('',(7.62,-8.482,4.007));
#3013 = DIRECTION('',(0.,0.,-1.));
#3014 = DIRECTION('',(2.22044604925E-16,1.,0.));
#3015 = ADVANCED_FACE('',(#3016,#3019),#3030,.F.);
#3016 = FACE_BOUND('',#3017,.F.);
#3017 = EDGE_LOOP('',(#3018));
#3018 = ORIENTED_EDGE('',*,*,#2249,.F.);
#3019 = FACE_BOUND('',#3020,.F.);
#3020 = EDGE_LOOP('',(#3021));
#3021 = ORIENTED_EDGE('',*,*,#3022,.F.);
#3022 = EDGE_CURVE('',#3023,#3023,#3025,.T.);
#3023 = VERTEX_POINT('',#3024);
#3024 = CARTESIAN_POINT('',(7.62,-1.778,4.007));
#3025 = CIRCLE('',#3026,0.762);
#3026 = AXIS2_PLACEMENT_3D('',#3027,#3028,#3029);
#3027 = CARTESIAN_POINT('',(7.62,-2.54,4.007));
#3028 = DIRECTION('',(0.,0.,-1.));
#3029 = DIRECTION('',(2.22044604925E-16,1.,0.));
#3030 = PLANE('',#3031);
#3031 = AXIS2_PLACEMENT_3D('',#3032,#3033,#3034);
#3032 = CARTESIAN_POINT('',(7.62,-3.402,4.007));
#3033 = DIRECTION('',(0.,0.,-1.));
#3034 = DIRECTION('',(2.22044604925E-16,1.,0.));
#3035 = ADVANCED_FACE('',(#3036,#3039),#3050,.F.);
#3036 = FACE_BOUND('',#3037,.F.);
#3037 = EDGE_LOOP('',(#3038));
#3038 = ORIENTED_EDGE('',*,*,#2274,.F.);
#3039 = FACE_BOUND('',#3040,.F.);
#3040 = EDGE_LOOP('',(#3041));
#3041 = ORIENTED_EDGE('',*,*,#3042,.F.);
#3042 = EDGE_CURVE('',#3043,#3043,#3045,.T.);
#3043 = VERTEX_POINT('',#3044);
#3044 = CARTESIAN_POINT('',(7.62,-4.318,4.007));
#3045 = CIRCLE('',#3046,0.762);
#3046 = AXIS2_PLACEMENT_3D('',#3047,#3048,#3049);
#3047 = CARTESIAN_POINT('',(7.62,-5.08,4.007));
#3048 = DIRECTION('',(0.,0.,-1.));
#3049 = DIRECTION('',(2.22044604925E-16,1.,0.));
#3050 = PLANE('',#3051);
#3051 = AXIS2_PLACEMENT_3D('',#3052,#3053,#3054);
#3052 = CARTESIAN_POINT('',(7.62,-5.942,4.007));
#3053 = DIRECTION('',(0.,0.,-1.));
#3054 = DIRECTION('',(2.22044604925E-16,1.,0.));
#3055 = ADVANCED_FACE('',(#3056,#3059),#3070,.F.);
#3056 = FACE_BOUND('',#3057,.F.);
#3057 = EDGE_LOOP('',(#3058));
#3058 = ORIENTED_EDGE('',*,*,#2299,.F.);
#3059 = FACE_BOUND('',#3060,.F.);
#3060 = EDGE_LOOP('',(#3061));
#3061 = ORIENTED_EDGE('',*,*,#3062,.F.);
#3062 = EDGE_CURVE('',#3063,#3063,#3065,.T.);
#3063 = VERTEX_POINT('',#3064);
#3064 = CARTESIAN_POINT('',(7.62,-17.018,4.007));
#3065 = CIRCLE('',#3066,0.762);
#3066 = AXIS2_PLACEMENT_3D('',#3067,#3068,#3069);
#3067 = CARTESIAN_POINT('',(7.62,-17.78,4.007));
#3068 = DIRECTION('',(0.,0.,-1.));
#3069 = DIRECTION('',(2.22044604925E-16,1.,0.));
#3070 = PLANE('',#3071);
#3071 = AXIS2_PLACEMENT_3D('',#3072,#3073,#3074);
#3072 = CARTESIAN_POINT('',(7.62,-18.642,4.007));
#3073 = DIRECTION('',(0.,0.,-1.));
#3074 = DIRECTION('',(2.22044604925E-16,1.,0.));
#3075 = ADVANCED_FACE('',(#3076,#3079),#3090,.F.);
#3076 = FACE_BOUND('',#3077,.F.);
#3077 = EDGE_LOOP('',(#3078));
#3078 = ORIENTED_EDGE('',*,*,#2324,.F.);
#3079 = FACE_BOUND('',#3080,.F.);
#3080 = EDGE_LOOP('',(#3081));
#3081 = ORIENTED_EDGE('',*,*,#3082,.F.);
#3082 = EDGE_CURVE('',#3083,#3083,#3085,.T.);
#3083 = VERTEX_POINT('',#3084);
#3084 = CARTESIAN_POINT('',(7.62,-14.478,4.007));
#3085 = CIRCLE('',#3086,0.762);
#3086 = AXIS2_PLACEMENT_3D('',#3087,#3088,#3089);
#3087 = CARTESIAN_POINT('',(7.62,-15.24,4.007));
#3088 = DIRECTION('',(0.,0.,-1.));
#3089 = DIRECTION('',(2.22044604925E-16,1.,0.));
#3090 = PLANE('',#3091);
#3091 = AXIS2_PLACEMENT_3D('',#3092,#3093,#3094);
#3092 = CARTESIAN_POINT('',(7.62,-16.102,4.007));
#3093 = DIRECTION('',(0.,0.,-1.));
#3094 = DIRECTION('',(2.22044604925E-16,1.,0.));
#3095 = ADVANCED_FACE('',(#3096,#3099),#3110,.F.);
#3096 = FACE_BOUND('',#3097,.F.);
#3097 = EDGE_LOOP('',(#3098));
#3098 = ORIENTED_EDGE('',*,*,#2349,.F.);
#3099 = FACE_BOUND('',#3100,.F.);
#3100 = EDGE_LOOP('',(#3101));
#3101 = ORIENTED_EDGE('',*,*,#3102,.F.);
#3102 = EDGE_CURVE('',#3103,#3103,#3105,.T.);
#3103 = VERTEX_POINT('',#3104);
#3104 = CARTESIAN_POINT('',(7.62,-11.938,4.007));
#3105 = CIRCLE('',#3106,0.762);
#3106 = AXIS2_PLACEMENT_3D('',#3107,#3108,#3109);
#3107 = CARTESIAN_POINT('',(7.62,-12.7,4.007));
#3108 = DIRECTION('',(0.,0.,-1.));
#3109 = DIRECTION('',(2.22044604925E-16,1.,0.));
#3110 = PLANE('',#3111);
#3111 = AXIS2_PLACEMENT_3D('',#3112,#3113,#3114);
#3112 = CARTESIAN_POINT('',(7.62,-13.562,4.007));
#3113 = DIRECTION('',(0.,0.,-1.));
#3114 = DIRECTION('',(2.22044604925E-16,1.,0.));
#3115 = ADVANCED_FACE('',(#3116,#3119),#3130,.F.);
#3116 = FACE_BOUND('',#3117,.F.);
#3117 = EDGE_LOOP('',(#3118));
#3118 = ORIENTED_EDGE('',*,*,#2374,.F.);
#3119 = FACE_BOUND('',#3120,.F.);
#3120 = EDGE_LOOP('',(#3121));
#3121 = ORIENTED_EDGE('',*,*,#3122,.F.);
#3122 = EDGE_CURVE('',#3123,#3123,#3125,.T.);
#3123 = VERTEX_POINT('',#3124);
#3124 = CARTESIAN_POINT('',(7.62,0.762,4.007));
#3125 = CIRCLE('',#3126,0.762);
#3126 = AXIS2_PLACEMENT_3D('',#3127,#3128,#3129);
#3127 = CARTESIAN_POINT('',(7.62,4.930380657631E-32,4.007));
#3128 = DIRECTION('',(0.,0.,-1.));
#3129 = DIRECTION('',(2.22044604925E-16,1.,0.));
#3130 = PLANE('',#3131);
#3131 = AXIS2_PLACEMENT_3D('',#3132,#3133,#3134);
#3132 = CARTESIAN_POINT('',(7.62,-0.862,4.007));
#3133 = DIRECTION('',(0.,0.,-1.));
#3134 = DIRECTION('',(2.22044604925E-16,1.,0.));
#3135 = ADVANCED_FACE('',(#3136),#3155,.T.);
#3136 = FACE_BOUND('',#3137,.T.);
#3137 = EDGE_LOOP('',(#3138,#3147,#3153,#3154));
#3138 = ORIENTED_EDGE('',*,*,#3139,.T.);
#3139 = EDGE_CURVE('',#3140,#3140,#3142,.T.);
#3140 = VERTEX_POINT('',#3141);
#3141 = CARTESIAN_POINT('',(-3.10862446895E-15,-17.318,0.));
#3142 = CIRCLE('',#3143,0.462);
#3143 = AXIS2_PLACEMENT_3D('',#3144,#3145,#3146);
#3144 = CARTESIAN_POINT('',(-3.10862446895E-15,-17.78,0.));
#3145 = DIRECTION('',(0.,-0.,1.));
#3146 = DIRECTION('',(3.445092848398E-16,1.,0.));
#3147 = ORIENTED_EDGE('',*,*,#3148,.F.);
#3148 = EDGE_CURVE('',#2404,#3140,#3149,.T.);
#3149 = LINE('',#3150,#3151);
#3150 = CARTESIAN_POINT('',(-2.846108393903E-15,-17.018,0.3));
#3151 = VECTOR('',#3152,1.);
#3152 = DIRECTION('',(-2.436048514917E-16,-0.707106781187,
    -0.707106781187));
#3153 = ORIENTED_EDGE('',*,*,#2411,.F.);
#3154 = ORIENTED_EDGE('',*,*,#3148,.T.);
#3155 = CONICAL_SURFACE('',#3156,0.762,0.785398163397);
#3156 = AXIS2_PLACEMENT_3D('',#3157,#3158,#3159);
#3157 = CARTESIAN_POINT('',(-3.10862446895E-15,-17.78,0.3));
#3158 = DIRECTION('',(0.,0.,1.));
#3159 = DIRECTION('',(3.445092848398E-16,1.,-0.));
#3160 = ADVANCED_FACE('',(#3161),#3180,.T.);
#3161 = FACE_BOUND('',#3162,.T.);
#3162 = EDGE_LOOP('',(#3163,#3172,#3178,#3179));
#3163 = ORIENTED_EDGE('',*,*,#3164,.T.);
#3164 = EDGE_CURVE('',#3165,#3165,#3167,.T.);
#3165 = VERTEX_POINT('',#3166);
#3166 = CARTESIAN_POINT('',(-2.22044604925E-15,-14.778,0.));
#3167 = CIRCLE('',#3168,0.462);
#3168 = AXIS2_PLACEMENT_3D('',#3169,#3170,#3171);
#3169 = CARTESIAN_POINT('',(-2.22044604925E-15,-15.24,0.));
#3170 = DIRECTION('',(0.,-0.,1.));
#3171 = DIRECTION('',(3.445092848398E-16,1.,0.));
#3172 = ORIENTED_EDGE('',*,*,#3173,.F.);
#3173 = EDGE_CURVE('',#2429,#3165,#3174,.T.);
#3174 = LINE('',#3175,#3176);
#3175 = CARTESIAN_POINT('',(-1.957929974202E-15,-14.478,0.3));
#3176 = VECTOR('',#3177,1.);
#3177 = DIRECTION('',(-2.436048514917E-16,-0.707106781187,
    -0.707106781187));
#3178 = ORIENTED_EDGE('',*,*,#2436,.F.);
#3179 = ORIENTED_EDGE('',*,*,#3173,.T.);
#3180 = CONICAL_SURFACE('',#3181,0.762,0.785398163397);
#3181 = AXIS2_PLACEMENT_3D('',#3182,#3183,#3184);
#3182 = CARTESIAN_POINT('',(-2.22044604925E-15,-15.24,0.3));
#3183 = DIRECTION('',(0.,0.,1.));
#3184 = DIRECTION('',(3.445092848398E-16,1.,-0.));
#3185 = ADVANCED_FACE('',(#3186),#3205,.T.);
#3186 = FACE_BOUND('',#3187,.T.);
#3187 = EDGE_LOOP('',(#3188,#3197,#3203,#3204));
#3188 = ORIENTED_EDGE('',*,*,#3189,.T.);
#3189 = EDGE_CURVE('',#3190,#3190,#3192,.T.);
#3190 = VERTEX_POINT('',#3191);
#3191 = CARTESIAN_POINT('',(-4.440892098501E-16,-9.698,0.));
#3192 = CIRCLE('',#3193,0.462);
#3193 = AXIS2_PLACEMENT_3D('',#3194,#3195,#3196);
#3194 = CARTESIAN_POINT('',(-4.440892098501E-16,-10.16,0.));
#3195 = DIRECTION('',(0.,-0.,1.));
#3196 = DIRECTION('',(3.445092848398E-16,1.,0.));
#3197 = ORIENTED_EDGE('',*,*,#3198,.F.);
#3198 = EDGE_CURVE('',#2454,#3190,#3199,.T.);
#3199 = LINE('',#3200,#3201);
#3200 = CARTESIAN_POINT('',(-1.815731348022E-16,-9.398,0.3));
#3201 = VECTOR('',#3202,1.);
#3202 = DIRECTION('',(-2.436048514917E-16,-0.707106781187,
    -0.707106781187));
#3203 = ORIENTED_EDGE('',*,*,#2461,.F.);
#3204 = ORIENTED_EDGE('',*,*,#3198,.T.);
#3205 = CONICAL_SURFACE('',#3206,0.762,0.785398163397);
#3206 = AXIS2_PLACEMENT_3D('',#3207,#3208,#3209);
#3207 = CARTESIAN_POINT('',(-4.440892098501E-16,-10.16,0.3));
#3208 = DIRECTION('',(0.,0.,1.));
#3209 = DIRECTION('',(3.445092848398E-16,1.,-0.));
#3210 = ADVANCED_FACE('',(#3211),#3230,.T.);
#3211 = FACE_BOUND('',#3212,.T.);
#3212 = EDGE_LOOP('',(#3213,#3222,#3228,#3229));
#3213 = ORIENTED_EDGE('',*,*,#3214,.T.);
#3214 = EDGE_CURVE('',#3215,#3215,#3217,.T.);
#3215 = VERTEX_POINT('',#3216);
#3216 = CARTESIAN_POINT('',(-1.33226762955E-15,-12.238,0.));
#3217 = CIRCLE('',#3218,0.462);
#3218 = AXIS2_PLACEMENT_3D('',#3219,#3220,#3221);
#3219 = CARTESIAN_POINT('',(-1.33226762955E-15,-12.7,0.));
#3220 = DIRECTION('',(0.,-0.,1.));
#3221 = DIRECTION('',(3.445092848398E-16,1.,0.));
#3222 = ORIENTED_EDGE('',*,*,#3223,.F.);
#3223 = EDGE_CURVE('',#2479,#3215,#3224,.T.);
#3224 = LINE('',#3225,#3226);
#3225 = CARTESIAN_POINT('',(-1.069751554502E-15,-11.938,0.3));
#3226 = VECTOR('',#3227,1.);
#3227 = DIRECTION('',(-2.436048514917E-16,-0.707106781187,
    -0.707106781187));
#3228 = ORIENTED_EDGE('',*,*,#2486,.F.);
#3229 = ORIENTED_EDGE('',*,*,#3223,.T.);
#3230 = CONICAL_SURFACE('',#3231,0.762,0.785398163397);
#3231 = AXIS2_PLACEMENT_3D('',#3232,#3233,#3234);
#3232 = CARTESIAN_POINT('',(-1.33226762955E-15,-12.7,0.3));
#3233 = DIRECTION('',(0.,0.,1.));
#3234 = DIRECTION('',(3.445092848398E-16,1.,-0.));
#3235 = ADVANCED_FACE('',(#3236),#3255,.T.);
#3236 = FACE_BOUND('',#3237,.T.);
#3237 = EDGE_LOOP('',(#3238,#3247,#3253,#3254));
#3238 = ORIENTED_EDGE('',*,*,#3239,.T.);
#3239 = EDGE_CURVE('',#3240,#3240,#3242,.T.);
#3240 = VERTEX_POINT('',#3241);
#3241 = CARTESIAN_POINT('',(7.62,-18.242,0.));
#3242 = CIRCLE('',#3243,0.462);
#3243 = AXIS2_PLACEMENT_3D('',#3244,#3245,#3246);
#3244 = CARTESIAN_POINT('',(7.62,-17.78,0.));
#3245 = DIRECTION('',(0.,0.,1.));
#3246 = DIRECTION('',(-2.22044604925E-16,-1.,0.));
#3247 = ORIENTED_EDGE('',*,*,#3248,.F.);
#3248 = EDGE_CURVE('',#2520,#3240,#3249,.T.);
#3249 = LINE('',#3250,#3251);
#3250 = CARTESIAN_POINT('',(7.62,-18.542,0.3));
#3251 = VECTOR('',#3252,1.);
#3252 = DIRECTION('',(1.570092458683E-16,0.707106781187,-0.707106781187)
  );
#3253 = ORIENTED_EDGE('',*,*,#2527,.F.);
#3254 = ORIENTED_EDGE('',*,*,#3248,.T.);
#3255 = CONICAL_SURFACE('',#3256,0.762,0.785398163397);
#3256 = AXIS2_PLACEMENT_3D('',#3257,#3258,#3259);
#3257 = CARTESIAN_POINT('',(7.62,-17.78,0.3));
#3258 = DIRECTION('',(0.,0.,1.));
#3259 = DIRECTION('',(-2.22044604925E-16,-1.,0.));
#3260 = ADVANCED_FACE('',(#3261),#3280,.T.);
#3261 = FACE_BOUND('',#3262,.T.);
#3262 = EDGE_LOOP('',(#3263,#3272,#3278,#3279));
#3263 = ORIENTED_EDGE('',*,*,#3264,.T.);
#3264 = EDGE_CURVE('',#3265,#3265,#3267,.T.);
#3265 = VERTEX_POINT('',#3266);
#3266 = CARTESIAN_POINT('',(7.62,-15.702,0.));
#3267 = CIRCLE('',#3268,0.462);
#3268 = AXIS2_PLACEMENT_3D('',#3269,#3270,#3271);
#3269 = CARTESIAN_POINT('',(7.62,-15.24,0.));
#3270 = DIRECTION('',(0.,0.,1.));
#3271 = DIRECTION('',(-2.22044604925E-16,-1.,0.));
#3272 = ORIENTED_EDGE('',*,*,#3273,.F.);
#3273 = EDGE_CURVE('',#2545,#3265,#3274,.T.);
#3274 = LINE('',#3275,#3276);
#3275 = CARTESIAN_POINT('',(7.62,-16.002,0.3));
#3276 = VECTOR('',#3277,1.);
#3277 = DIRECTION('',(1.570092458683E-16,0.707106781187,-0.707106781187)
  );
#3278 = ORIENTED_EDGE('',*,*,#2552,.F.);
#3279 = ORIENTED_EDGE('',*,*,#3273,.T.);
#3280 = CONICAL_SURFACE('',#3281,0.762,0.785398163397);
#3281 = AXIS2_PLACEMENT_3D('',#3282,#3283,#3284);
#3282 = CARTESIAN_POINT('',(7.62,-15.24,0.3));
#3283 = DIRECTION('',(0.,0.,1.));
#3284 = DIRECTION('',(-2.22044604925E-16,-1.,0.));
#3285 = ADVANCED_FACE('',(#3286),#3305,.T.);
#3286 = FACE_BOUND('',#3287,.T.);
#3287 = EDGE_LOOP('',(#3288,#3297,#3303,#3304));
#3288 = ORIENTED_EDGE('',*,*,#3289,.T.);
#3289 = EDGE_CURVE('',#3290,#3290,#3292,.T.);
#3290 = VERTEX_POINT('',#3291);
#3291 = CARTESIAN_POINT('',(7.62,-10.622,0.));
#3292 = CIRCLE('',#3293,0.462);
#3293 = AXIS2_PLACEMENT_3D('',#3294,#3295,#3296);
#3294 = CARTESIAN_POINT('',(7.62,-10.16,0.));
#3295 = DIRECTION('',(0.,0.,1.));
#3296 = DIRECTION('',(-2.22044604925E-16,-1.,0.));
#3297 = ORIENTED_EDGE('',*,*,#3298,.F.);
#3298 = EDGE_CURVE('',#2570,#3290,#3299,.T.);
#3299 = LINE('',#3300,#3301);
#3300 = CARTESIAN_POINT('',(7.62,-10.922,0.3));
#3301 = VECTOR('',#3302,1.);
#3302 = DIRECTION('',(1.570092458683E-16,0.707106781187,-0.707106781187)
  );
#3303 = ORIENTED_EDGE('',*,*,#2577,.F.);
#3304 = ORIENTED_EDGE('',*,*,#3298,.T.);
#3305 = CONICAL_SURFACE('',#3306,0.762,0.785398163397);
#3306 = AXIS2_PLACEMENT_3D('',#3307,#3308,#3309);
#3307 = CARTESIAN_POINT('',(7.62,-10.16,0.3));
#3308 = DIRECTION('',(0.,0.,1.));
#3309 = DIRECTION('',(-2.22044604925E-16,-1.,0.));
#3310 = ADVANCED_FACE('',(#3311),#3330,.T.);
#3311 = FACE_BOUND('',#3312,.T.);
#3312 = EDGE_LOOP('',(#3313,#3322,#3328,#3329));
#3313 = ORIENTED_EDGE('',*,*,#3314,.T.);
#3314 = EDGE_CURVE('',#3315,#3315,#3317,.T.);
#3315 = VERTEX_POINT('',#3316);
#3316 = CARTESIAN_POINT('',(7.62,-13.162,0.));
#3317 = CIRCLE('',#3318,0.462);
#3318 = AXIS2_PLACEMENT_3D('',#3319,#3320,#3321);
#3319 = CARTESIAN_POINT('',(7.62,-12.7,0.));
#3320 = DIRECTION('',(0.,0.,1.));
#3321 = DIRECTION('',(-2.22044604925E-16,-1.,0.));
#3322 = ORIENTED_EDGE('',*,*,#3323,.F.);
#3323 = EDGE_CURVE('',#2595,#3315,#3324,.T.);
#3324 = LINE('',#3325,#3326);
#3325 = CARTESIAN_POINT('',(7.62,-13.462,0.3));
#3326 = VECTOR('',#3327,1.);
#3327 = DIRECTION('',(1.570092458683E-16,0.707106781187,-0.707106781187)
  );
#3328 = ORIENTED_EDGE('',*,*,#2602,.F.);
#3329 = ORIENTED_EDGE('',*,*,#3323,.T.);
#3330 = CONICAL_SURFACE('',#3331,0.762,0.785398163397);
#3331 = AXIS2_PLACEMENT_3D('',#3332,#3333,#3334);
#3332 = CARTESIAN_POINT('',(7.62,-12.7,0.3));
#3333 = DIRECTION('',(0.,0.,1.));
#3334 = DIRECTION('',(-2.22044604925E-16,-1.,0.));
#3335 = ADVANCED_FACE('',(#3336),#3355,.T.);
#3336 = FACE_BOUND('',#3337,.T.);
#3337 = EDGE_LOOP('',(#3338,#3347,#3353,#3354));
#3338 = ORIENTED_EDGE('',*,*,#3339,.T.);
#3339 = EDGE_CURVE('',#3340,#3340,#3342,.T.);
#3340 = VERTEX_POINT('',#3341);
#3341 = CARTESIAN_POINT('',(7.62,-0.462,0.));
#3342 = CIRCLE('',#3343,0.462);
#3343 = AXIS2_PLACEMENT_3D('',#3344,#3345,#3346);
#3344 = CARTESIAN_POINT('',(7.62,0.,0.));
#3345 = DIRECTION('',(0.,0.,1.));
#3346 = DIRECTION('',(-2.22044604925E-16,-1.,0.));
#3347 = ORIENTED_EDGE('',*,*,#3348,.F.);
#3348 = EDGE_CURVE('',#2620,#3340,#3349,.T.);
#3349 = LINE('',#3350,#3351);
#3350 = CARTESIAN_POINT('',(7.62,-0.762,0.3));
#3351 = VECTOR('',#3352,1.);
#3352 = DIRECTION('',(1.570092458683E-16,0.707106781187,-0.707106781187)
  );
#3353 = ORIENTED_EDGE('',*,*,#2627,.F.);
#3354 = ORIENTED_EDGE('',*,*,#3348,.T.);
#3355 = CONICAL_SURFACE('',#3356,0.762,0.785398163397);
#3356 = AXIS2_PLACEMENT_3D('',#3357,#3358,#3359);
#3357 = CARTESIAN_POINT('',(7.62,0.,0.3));
#3358 = DIRECTION('',(0.,0.,1.));
#3359 = DIRECTION('',(-2.22044604925E-16,-1.,0.));
#3360 = ADVANCED_FACE('',(#3361),#3380,.T.);
#3361 = FACE_BOUND('',#3362,.T.);
#3362 = EDGE_LOOP('',(#3363,#3372,#3378,#3379));
#3363 = ORIENTED_EDGE('',*,*,#3364,.T.);
#3364 = EDGE_CURVE('',#3365,#3365,#3367,.T.);
#3365 = VERTEX_POINT('',#3366);
#3366 = CARTESIAN_POINT('',(7.62,-3.002,0.));
#3367 = CIRCLE('',#3368,0.462);
#3368 = AXIS2_PLACEMENT_3D('',#3369,#3370,#3371);
#3369 = CARTESIAN_POINT('',(7.62,-2.54,0.));
#3370 = DIRECTION('',(0.,0.,1.));
#3371 = DIRECTION('',(-2.22044604925E-16,-1.,0.));
#3372 = ORIENTED_EDGE('',*,*,#3373,.F.);
#3373 = EDGE_CURVE('',#2645,#3365,#3374,.T.);
#3374 = LINE('',#3375,#3376);
#3375 = CARTESIAN_POINT('',(7.62,-3.302,0.3));
#3376 = VECTOR('',#3377,1.);
#3377 = DIRECTION('',(1.570092458683E-16,0.707106781187,-0.707106781187)
  );
#3378 = ORIENTED_EDGE('',*,*,#2652,.F.);
#3379 = ORIENTED_EDGE('',*,*,#3373,.T.);
#3380 = CONICAL_SURFACE('',#3381,0.762,0.785398163397);
#3381 = AXIS2_PLACEMENT_3D('',#3382,#3383,#3384);
#3382 = CARTESIAN_POINT('',(7.62,-2.54,0.3));
#3383 = DIRECTION('',(0.,0.,1.));
#3384 = DIRECTION('',(-2.22044604925E-16,-1.,0.));
#3385 = ADVANCED_FACE('',(#3386),#3405,.T.);
#3386 = FACE_BOUND('',#3387,.T.);
#3387 = EDGE_LOOP('',(#3388,#3397,#3403,#3404));
#3388 = ORIENTED_EDGE('',*,*,#3389,.T.);
#3389 = EDGE_CURVE('',#3390,#3390,#3392,.T.);
#3390 = VERTEX_POINT('',#3391);
#3391 = CARTESIAN_POINT('',(7.62,-5.542,0.));
#3392 = CIRCLE('',#3393,0.462);
#3393 = AXIS2_PLACEMENT_3D('',#3394,#3395,#3396);
#3394 = CARTESIAN_POINT('',(7.62,-5.08,0.));
#3395 = DIRECTION('',(0.,0.,1.));
#3396 = DIRECTION('',(-2.22044604925E-16,-1.,0.));
#3397 = ORIENTED_EDGE('',*,*,#3398,.F.);
#3398 = EDGE_CURVE('',#2670,#3390,#3399,.T.);
#3399 = LINE('',#3400,#3401);
#3400 = CARTESIAN_POINT('',(7.62,-5.842,0.3));
#3401 = VECTOR('',#3402,1.);
#3402 = DIRECTION('',(1.570092458683E-16,0.707106781187,-0.707106781187)
  );
#3403 = ORIENTED_EDGE('',*,*,#2677,.F.);
#3404 = ORIENTED_EDGE('',*,*,#3398,.T.);
#3405 = CONICAL_SURFACE('',#3406,0.762,0.785398163397);
#3406 = AXIS2_PLACEMENT_3D('',#3407,#3408,#3409);
#3407 = CARTESIAN_POINT('',(7.62,-5.08,0.3));
#3408 = DIRECTION('',(0.,0.,1.));
#3409 = DIRECTION('',(-2.22044604925E-16,-1.,0.));
#3410 = ADVANCED_FACE('',(#3411),#3430,.T.);
#3411 = FACE_BOUND('',#3412,.T.);
#3412 = EDGE_LOOP('',(#3413,#3422,#3428,#3429));
#3413 = ORIENTED_EDGE('',*,*,#3414,.T.);
#3414 = EDGE_CURVE('',#3415,#3415,#3417,.T.);
#3415 = VERTEX_POINT('',#3416);
#3416 = CARTESIAN_POINT('',(2.22044604925E-15,-2.078,0.));
#3417 = CIRCLE('',#3418,0.462);
#3418 = AXIS2_PLACEMENT_3D('',#3419,#3420,#3421);
#3419 = CARTESIAN_POINT('',(2.22044604925E-15,-2.54,0.));
#3420 = DIRECTION('',(0.,-0.,1.));
#3421 = DIRECTION('',(3.445092848398E-16,1.,0.));
#3422 = ORIENTED_EDGE('',*,*,#3423,.F.);
#3423 = EDGE_CURVE('',#2695,#3415,#3424,.T.);
#3424 = LINE('',#3425,#3426);
#3425 = CARTESIAN_POINT('',(2.482962124298E-15,-1.778,0.3));
#3426 = VECTOR('',#3427,1.);
#3427 = DIRECTION('',(-2.436048514917E-16,-0.707106781187,
    -0.707106781187));
#3428 = ORIENTED_EDGE('',*,*,#2702,.F.);
#3429 = ORIENTED_EDGE('',*,*,#3423,.T.);
#3430 = CONICAL_SURFACE('',#3431,0.762,0.785398163397);
#3431 = AXIS2_PLACEMENT_3D('',#3432,#3433,#3434);
#3432 = CARTESIAN_POINT('',(2.22044604925E-15,-2.54,0.3));
#3433 = DIRECTION('',(0.,0.,1.));
#3434 = DIRECTION('',(3.445092848398E-16,1.,-0.));
#3435 = ADVANCED_FACE('',(#3436),#3455,.T.);
#3436 = FACE_BOUND('',#3437,.T.);
#3437 = EDGE_LOOP('',(#3438,#3447,#3453,#3454));
#3438 = ORIENTED_EDGE('',*,*,#3439,.T.);
#3439 = EDGE_CURVE('',#3440,#3440,#3442,.T.);
#3440 = VERTEX_POINT('',#3441);
#3441 = CARTESIAN_POINT('',(3.10862446895E-15,0.462,0.));
#3442 = CIRCLE('',#3443,0.462);
#3443 = AXIS2_PLACEMENT_3D('',#3444,#3445,#3446);
#3444 = CARTESIAN_POINT('',(3.10862446895E-15,1.7763568394E-15,0.));
#3445 = DIRECTION('',(0.,-0.,1.));
#3446 = DIRECTION('',(3.445092848398E-16,1.,0.));
#3447 = ORIENTED_EDGE('',*,*,#3448,.F.);
#3448 = EDGE_CURVE('',#2720,#3440,#3449,.T.);
#3449 = LINE('',#3450,#3451);
#3450 = CARTESIAN_POINT('',(3.371140543998E-15,0.762,0.3));
#3451 = VECTOR('',#3452,1.);
#3452 = DIRECTION('',(-2.436048514917E-16,-0.707106781187,
    -0.707106781187));
#3453 = ORIENTED_EDGE('',*,*,#2727,.F.);
#3454 = ORIENTED_EDGE('',*,*,#3448,.T.);
#3455 = CONICAL_SURFACE('',#3456,0.762,0.785398163397);
#3456 = AXIS2_PLACEMENT_3D('',#3457,#3458,#3459);
#3457 = CARTESIAN_POINT('',(3.10862446895E-15,1.7763568394E-15,0.3));
#3458 = DIRECTION('',(0.,0.,1.));
#3459 = DIRECTION('',(3.445092848398E-16,1.,-0.));
#3460 = ADVANCED_FACE('',(#3461),#3480,.T.);
#3461 = FACE_BOUND('',#3462,.T.);
#3462 = EDGE_LOOP('',(#3463,#3472,#3478,#3479));
#3463 = ORIENTED_EDGE('',*,*,#3464,.T.);
#3464 = EDGE_CURVE('',#3465,#3465,#3467,.T.);
#3465 = VERTEX_POINT('',#3466);
#3466 = CARTESIAN_POINT('',(7.62,-8.082,0.));
#3467 = CIRCLE('',#3468,0.462);
#3468 = AXIS2_PLACEMENT_3D('',#3469,#3470,#3471);
#3469 = CARTESIAN_POINT('',(7.62,-7.62,0.));
#3470 = DIRECTION('',(0.,0.,1.));
#3471 = DIRECTION('',(-2.22044604925E-16,-1.,0.));
#3472 = ORIENTED_EDGE('',*,*,#3473,.F.);
#3473 = EDGE_CURVE('',#2745,#3465,#3474,.T.);
#3474 = LINE('',#3475,#3476);
#3475 = CARTESIAN_POINT('',(7.62,-8.382,0.3));
#3476 = VECTOR('',#3477,1.);
#3477 = DIRECTION('',(1.570092458683E-16,0.707106781187,-0.707106781187)
  );
#3478 = ORIENTED_EDGE('',*,*,#2752,.F.);
#3479 = ORIENTED_EDGE('',*,*,#3473,.T.);
#3480 = CONICAL_SURFACE('',#3481,0.762,0.785398163397);
#3481 = AXIS2_PLACEMENT_3D('',#3482,#3483,#3484);
#3482 = CARTESIAN_POINT('',(7.62,-7.62,0.3));
#3483 = DIRECTION('',(0.,0.,1.));
#3484 = DIRECTION('',(-2.22044604925E-16,-1.,0.));
#3485 = ADVANCED_FACE('',(#3486),#3505,.T.);
#3486 = FACE_BOUND('',#3487,.T.);
#3487 = EDGE_LOOP('',(#3488,#3497,#3503,#3504));
#3488 = ORIENTED_EDGE('',*,*,#3489,.T.);
#3489 = EDGE_CURVE('',#3490,#3490,#3492,.T.);
#3490 = VERTEX_POINT('',#3491);
#3491 = CARTESIAN_POINT('',(4.440892098501E-16,-7.158,0.));
#3492 = CIRCLE('',#3493,0.462);
#3493 = AXIS2_PLACEMENT_3D('',#3494,#3495,#3496);
#3494 = CARTESIAN_POINT('',(4.440892098501E-16,-7.62,0.));
#3495 = DIRECTION('',(0.,-0.,1.));
#3496 = DIRECTION('',(3.445092848398E-16,1.,0.));
#3497 = ORIENTED_EDGE('',*,*,#3498,.F.);
#3498 = EDGE_CURVE('',#2770,#3490,#3499,.T.);
#3499 = LINE('',#3500,#3501);
#3500 = CARTESIAN_POINT('',(7.06605284898E-16,-6.858,0.3));
#3501 = VECTOR('',#3502,1.);
#3502 = DIRECTION('',(-2.436048514917E-16,-0.707106781187,
    -0.707106781187));
#3503 = ORIENTED_EDGE('',*,*,#2777,.F.);
#3504 = ORIENTED_EDGE('',*,*,#3498,.T.);
#3505 = CONICAL_SURFACE('',#3506,0.762,0.785398163397);
#3506 = AXIS2_PLACEMENT_3D('',#3507,#3508,#3509);
#3507 = CARTESIAN_POINT('',(4.440892098501E-16,-7.62,0.3));
#3508 = DIRECTION('',(0.,0.,1.));
#3509 = DIRECTION('',(3.445092848398E-16,1.,-0.));
#3510 = ADVANCED_FACE('',(#3511),#3530,.T.);
#3511 = FACE_BOUND('',#3512,.T.);
#3512 = EDGE_LOOP('',(#3513,#3522,#3528,#3529));
#3513 = ORIENTED_EDGE('',*,*,#3514,.T.);
#3514 = EDGE_CURVE('',#3515,#3515,#3517,.T.);
#3515 = VERTEX_POINT('',#3516);
#3516 = CARTESIAN_POINT('',(1.33226762955E-15,-4.618,0.));
#3517 = CIRCLE('',#3518,0.462);
#3518 = AXIS2_PLACEMENT_3D('',#3519,#3520,#3521);
#3519 = CARTESIAN_POINT('',(1.33226762955E-15,-5.08,0.));
#3520 = DIRECTION('',(0.,-0.,1.));
#3521 = DIRECTION('',(3.445092848398E-16,1.,0.));
#3522 = ORIENTED_EDGE('',*,*,#3523,.F.);
#3523 = EDGE_CURVE('',#2795,#3515,#3524,.T.);
#3524 = LINE('',#3525,#3526);
#3525 = CARTESIAN_POINT('',(1.594783704598E-15,-4.318,0.3));
#3526 = VECTOR('',#3527,1.);
#3527 = DIRECTION('',(-2.436048514917E-16,-0.707106781187,
    -0.707106781187));
#3528 = ORIENTED_EDGE('',*,*,#2802,.F.);
#3529 = ORIENTED_EDGE('',*,*,#3523,.T.);
#3530 = CONICAL_SURFACE('',#3531,0.762,0.785398163397);
#3531 = AXIS2_PLACEMENT_3D('',#3532,#3533,#3534);
#3532 = CARTESIAN_POINT('',(1.33226762955E-15,-5.08,0.3));
#3533 = DIRECTION('',(0.,0.,1.));
#3534 = DIRECTION('',(3.445092848398E-16,1.,-0.));
#3535 = ADVANCED_FACE('',(#3536),#3555,.F.);
#3536 = FACE_BOUND('',#3537,.F.);
#3537 = EDGE_LOOP('',(#3538,#3546,#3553,#3554));
#3538 = ORIENTED_EDGE('',*,*,#3539,.T.);
#3539 = EDGE_CURVE('',#2823,#3540,#3542,.T.);
#3540 = VERTEX_POINT('',#3541);
#3541 = CARTESIAN_POINT('',(3.552713678801E-15,-0.254,3.422612849132));
#3542 = LINE('',#3543,#3544);
#3543 = CARTESIAN_POINT('',(3.200443181942E-15,-0.762,4.007));
#3544 = VECTOR('',#3545,1.);
#3545 = DIRECTION('',(6.533030890917E-17,0.656059028991,-0.754709580223)
  );
#3546 = ORIENTED_EDGE('',*,*,#3547,.F.);
#3547 = EDGE_CURVE('',#3540,#3540,#3548,.T.);
#3548 = CIRCLE('',#3549,0.254);
#3549 = AXIS2_PLACEMENT_3D('',#3550,#3551,#3552);
#3550 = CARTESIAN_POINT('',(3.2763230848E-15,1.7763568394E-15,
    3.422612849132));
#3551 = DIRECTION('',(0.,0.,-1.));
#3552 = DIRECTION('',(-1.,3.445092848398E-16,0.));
#3553 = ORIENTED_EDGE('',*,*,#3539,.F.);
#3554 = ORIENTED_EDGE('',*,*,#2822,.T.);
#3555 = CONICAL_SURFACE('',#3556,0.762,0.715584993318);
#3556 = AXIS2_PLACEMENT_3D('',#3557,#3558,#3559);
#3557 = CARTESIAN_POINT('',(3.2763230848E-15,1.7763568394E-15,4.007));
#3558 = DIRECTION('',(0.,0.,1.));
#3559 = DIRECTION('',(-3.445092848398E-16,-1.,0.));
#3560 = ADVANCED_FACE('',(#3561),#3580,.F.);
#3561 = FACE_BOUND('',#3562,.F.);
#3562 = EDGE_LOOP('',(#3563,#3571,#3578,#3579));
#3563 = ORIENTED_EDGE('',*,*,#3564,.T.);
#3564 = EDGE_CURVE('',#2843,#3565,#3567,.T.);
#3565 = VERTEX_POINT('',#3566);
#3566 = CARTESIAN_POINT('',(2.6645352591E-15,-2.794,3.422612849132));
#3567 = LINE('',#3568,#3569);
#3568 = CARTESIAN_POINT('',(2.312264762242E-15,-3.302,4.007));
#3569 = VECTOR('',#3570,1.);
#3570 = DIRECTION('',(6.533030890917E-17,0.656059028991,-0.754709580223)
  );
#3571 = ORIENTED_EDGE('',*,*,#3572,.F.);
#3572 = EDGE_CURVE('',#3565,#3565,#3573,.T.);
#3573 = CIRCLE('',#3574,0.254);
#3574 = AXIS2_PLACEMENT_3D('',#3575,#3576,#3577);
#3575 = CARTESIAN_POINT('',(2.3881446651E-15,-2.54,3.422612849132));
#3576 = DIRECTION('',(0.,0.,-1.));
#3577 = DIRECTION('',(-1.,3.445092848398E-16,0.));
#3578 = ORIENTED_EDGE('',*,*,#3564,.F.);
#3579 = ORIENTED_EDGE('',*,*,#2842,.T.);
#3580 = CONICAL_SURFACE('',#3581,0.762,0.715584993318);
#3581 = AXIS2_PLACEMENT_3D('',#3582,#3583,#3584);
#3582 = CARTESIAN_POINT('',(2.3881446651E-15,-2.54,4.007));
#3583 = DIRECTION('',(0.,0.,1.));
#3584 = DIRECTION('',(-3.445092848398E-16,-1.,0.));
#3585 = ADVANCED_FACE('',(#3586),#3605,.F.);
#3586 = FACE_BOUND('',#3587,.F.);
#3587 = EDGE_LOOP('',(#3588,#3596,#3603,#3604));
#3588 = ORIENTED_EDGE('',*,*,#3589,.T.);
#3589 = EDGE_CURVE('',#2863,#3590,#3592,.T.);
#3590 = VERTEX_POINT('',#3591);
#3591 = CARTESIAN_POINT('',(1.7763568394E-15,-5.334,3.422612849132));
#3592 = LINE('',#3593,#3594);
#3593 = CARTESIAN_POINT('',(1.424086342542E-15,-5.842,4.007));
#3594 = VECTOR('',#3595,1.);
#3595 = DIRECTION('',(6.533030890917E-17,0.656059028991,-0.754709580223)
  );
#3596 = ORIENTED_EDGE('',*,*,#3597,.F.);
#3597 = EDGE_CURVE('',#3590,#3590,#3598,.T.);
#3598 = CIRCLE('',#3599,0.254);
#3599 = AXIS2_PLACEMENT_3D('',#3600,#3601,#3602);
#3600 = CARTESIAN_POINT('',(1.4999662454E-15,-5.08,3.422612849132));
#3601 = DIRECTION('',(0.,0.,-1.));
#3602 = DIRECTION('',(-1.,3.445092848398E-16,0.));
#3603 = ORIENTED_EDGE('',*,*,#3589,.F.);
#3604 = ORIENTED_EDGE('',*,*,#2862,.T.);
#3605 = CONICAL_SURFACE('',#3606,0.762,0.715584993318);
#3606 = AXIS2_PLACEMENT_3D('',#3607,#3608,#3609);
#3607 = CARTESIAN_POINT('',(1.4999662454E-15,-5.08,4.007));
#3608 = DIRECTION('',(0.,0.,1.));
#3609 = DIRECTION('',(-3.445092848398E-16,-1.,0.));
#3610 = ADVANCED_FACE('',(#3611),#3630,.F.);
#3611 = FACE_BOUND('',#3612,.F.);
#3612 = EDGE_LOOP('',(#3613,#3621,#3628,#3629));
#3613 = ORIENTED_EDGE('',*,*,#3614,.T.);
#3614 = EDGE_CURVE('',#2883,#3615,#3617,.T.);
#3615 = VERTEX_POINT('',#3616);
#3616 = CARTESIAN_POINT('',(-1.7763568394E-15,-15.494,3.422612849132));
#3617 = LINE('',#3618,#3619);
#3618 = CARTESIAN_POINT('',(-2.128627336258E-15,-16.002,4.007));
#3619 = VECTOR('',#3620,1.);
#3620 = DIRECTION('',(6.533030890917E-17,0.656059028991,-0.754709580223)
  );
#3621 = ORIENTED_EDGE('',*,*,#3622,.F.);
#3622 = EDGE_CURVE('',#3615,#3615,#3623,.T.);
#3623 = CIRCLE('',#3624,0.254);
#3624 = AXIS2_PLACEMENT_3D('',#3625,#3626,#3627);
#3625 = CARTESIAN_POINT('',(-2.0527474334E-15,-15.24,3.422612849132));
#3626 = DIRECTION('',(0.,0.,-1.));
#3627 = DIRECTION('',(-1.,3.445092848398E-16,0.));
#3628 = ORIENTED_EDGE('',*,*,#3614,.F.);
#3629 = ORIENTED_EDGE('',*,*,#2882,.T.);
#3630 = CONICAL_SURFACE('',#3631,0.762,0.715584993318);
#3631 = AXIS2_PLACEMENT_3D('',#3632,#3633,#3634);
#3632 = CARTESIAN_POINT('',(-2.0527474334E-15,-15.24,4.007));
#3633 = DIRECTION('',(0.,0.,1.));
#3634 = DIRECTION('',(-3.445092848398E-16,-1.,0.));
#3635 = ADVANCED_FACE('',(#3636),#3655,.F.);
#3636 = FACE_BOUND('',#3637,.F.);
#3637 = EDGE_LOOP('',(#3638,#3646,#3653,#3654));
#3638 = ORIENTED_EDGE('',*,*,#3639,.T.);
#3639 = EDGE_CURVE('',#2903,#3640,#3642,.T.);
#3640 = VERTEX_POINT('',#3641);
#3641 = CARTESIAN_POINT('',(-8.881784197001E-16,-12.954,3.422612849132)
  );
#3642 = LINE('',#3643,#3644);
#3643 = CARTESIAN_POINT('',(-1.240448916558E-15,-13.462,4.007));
#3644 = VECTOR('',#3645,1.);
#3645 = DIRECTION('',(6.533030890917E-17,0.656059028991,-0.754709580223)
  );
#3646 = ORIENTED_EDGE('',*,*,#3647,.F.);
#3647 = EDGE_CURVE('',#3640,#3640,#3648,.T.);
#3648 = CIRCLE('',#3649,0.254);
#3649 = AXIS2_PLACEMENT_3D('',#3650,#3651,#3652);
#3650 = CARTESIAN_POINT('',(-1.1645690137E-15,-12.7,3.422612849132));
#3651 = DIRECTION('',(0.,0.,-1.));
#3652 = DIRECTION('',(-1.,3.445092848398E-16,0.));
#3653 = ORIENTED_EDGE('',*,*,#3639,.F.);
#3654 = ORIENTED_EDGE('',*,*,#2902,.T.);
#3655 = CONICAL_SURFACE('',#3656,0.762,0.715584993318);
#3656 = AXIS2_PLACEMENT_3D('',#3657,#3658,#3659);
#3657 = CARTESIAN_POINT('',(-1.1645690137E-15,-12.7,4.007));
#3658 = DIRECTION('',(0.,0.,1.));
#3659 = DIRECTION('',(-3.445092848398E-16,-1.,0.));
#3660 = ADVANCED_FACE('',(#3661),#3680,.F.);
#3661 = FACE_BOUND('',#3662,.F.);
#3662 = EDGE_LOOP('',(#3663,#3671,#3678,#3679));
#3663 = ORIENTED_EDGE('',*,*,#3664,.T.);
#3664 = EDGE_CURVE('',#2923,#3665,#3667,.T.);
#3665 = VERTEX_POINT('',#3666);
#3666 = CARTESIAN_POINT('',(8.881784197001E-16,-7.874,3.422612849132));
#3667 = LINE('',#3668,#3669);
#3668 = CARTESIAN_POINT('',(5.35907922842E-16,-8.382,4.007));
#3669 = VECTOR('',#3670,1.);
#3670 = DIRECTION('',(6.533030890917E-17,0.656059028991,-0.754709580223)
  );
#3671 = ORIENTED_EDGE('',*,*,#3672,.F.);
#3672 = EDGE_CURVE('',#3665,#3665,#3673,.T.);
#3673 = CIRCLE('',#3674,0.254);
#3674 = AXIS2_PLACEMENT_3D('',#3675,#3676,#3677);
#3675 = CARTESIAN_POINT('',(6.117878256999E-16,-7.62,3.422612849132));
#3676 = DIRECTION('',(0.,0.,-1.));
#3677 = DIRECTION('',(-1.,3.445092848398E-16,0.));
#3678 = ORIENTED_EDGE('',*,*,#3664,.F.);
#3679 = ORIENTED_EDGE('',*,*,#2922,.T.);
#3680 = CONICAL_SURFACE('',#3681,0.762,0.715584993318);
#3681 = AXIS2_PLACEMENT_3D('',#3682,#3683,#3684);
#3682 = CARTESIAN_POINT('',(6.117878256999E-16,-7.62,4.007));
#3683 = DIRECTION('',(0.,0.,1.));
#3684 = DIRECTION('',(-3.445092848398E-16,-1.,0.));
#3685 = ADVANCED_FACE('',(#3686),#3705,.F.);
#3686 = FACE_BOUND('',#3687,.F.);
#3687 = EDGE_LOOP('',(#3688,#3696,#3703,#3704));
#3688 = ORIENTED_EDGE('',*,*,#3689,.T.);
#3689 = EDGE_CURVE('',#2943,#3690,#3692,.T.);
#3690 = VERTEX_POINT('',#3691);
#3691 = CARTESIAN_POINT('',(0.,-10.414,3.422612849132));
#3692 = LINE('',#3693,#3694);
#3693 = CARTESIAN_POINT('',(-3.522704968581E-16,-10.922,4.007));
#3694 = VECTOR('',#3695,1.);
#3695 = DIRECTION('',(6.533030890917E-17,0.656059028991,-0.754709580223)
  );
#3696 = ORIENTED_EDGE('',*,*,#3697,.F.);
#3697 = EDGE_CURVE('',#3690,#3690,#3698,.T.);
#3698 = CIRCLE('',#3699,0.254);
#3699 = AXIS2_PLACEMENT_3D('',#3700,#3701,#3702);
#3700 = CARTESIAN_POINT('',(-2.763905940002E-16,-10.16,3.422612849132));
#3701 = DIRECTION('',(0.,0.,-1.));
#3702 = DIRECTION('',(-1.,3.445092848398E-16,0.));
#3703 = ORIENTED_EDGE('',*,*,#3689,.F.);
#3704 = ORIENTED_EDGE('',*,*,#2942,.T.);
#3705 = CONICAL_SURFACE('',#3706,0.762,0.715584993318);
#3706 = AXIS2_PLACEMENT_3D('',#3707,#3708,#3709);
#3707 = CARTESIAN_POINT('',(-2.763905940002E-16,-10.16,4.007));
#3708 = DIRECTION('',(0.,0.,1.));
#3709 = DIRECTION('',(-3.445092848398E-16,-1.,0.));
#3710 = ADVANCED_FACE('',(#3711),#3730,.F.);
#3711 = FACE_BOUND('',#3712,.F.);
#3712 = EDGE_LOOP('',(#3713,#3721,#3728,#3729));
#3713 = ORIENTED_EDGE('',*,*,#3714,.T.);
#3714 = EDGE_CURVE('',#2963,#3715,#3717,.T.);
#3715 = VERTEX_POINT('',#3716);
#3716 = CARTESIAN_POINT('',(-2.6645352591E-15,-18.034,3.422612849132));
#3717 = LINE('',#3718,#3719);
#3718 = CARTESIAN_POINT('',(-3.016805755958E-15,-18.542,4.007));
#3719 = VECTOR('',#3720,1.);
#3720 = DIRECTION('',(6.533030890917E-17,0.656059028991,-0.754709580223)
  );
#3721 = ORIENTED_EDGE('',*,*,#3722,.F.);
#3722 = EDGE_CURVE('',#3715,#3715,#3723,.T.);
#3723 = CIRCLE('',#3724,0.254);
#3724 = AXIS2_PLACEMENT_3D('',#3725,#3726,#3727);
#3725 = CARTESIAN_POINT('',(-2.940925853101E-15,-17.78,3.422612849132));
#3726 = DIRECTION('',(0.,0.,-1.));
#3727 = DIRECTION('',(-1.,3.445092848398E-16,0.));
#3728 = ORIENTED_EDGE('',*,*,#3714,.F.);
#3729 = ORIENTED_EDGE('',*,*,#2962,.T.);
#3730 = CONICAL_SURFACE('',#3731,0.762,0.715584993318);
#3731 = AXIS2_PLACEMENT_3D('',#3732,#3733,#3734);
#3732 = CARTESIAN_POINT('',(-2.940925853101E-15,-17.78,4.007));
#3733 = DIRECTION('',(0.,0.,1.));
#3734 = DIRECTION('',(-3.445092848398E-16,-1.,0.));
#3735 = ADVANCED_FACE('',(#3736),#3755,.F.);
#3736 = FACE_BOUND('',#3737,.F.);
#3737 = EDGE_LOOP('',(#3738,#3746,#3753,#3754));
#3738 = ORIENTED_EDGE('',*,*,#3739,.T.);
#3739 = EDGE_CURVE('',#2983,#3740,#3742,.T.);
#3740 = VERTEX_POINT('',#3741);
#3741 = CARTESIAN_POINT('',(7.62,-9.906,3.422612849132));
#3742 = LINE('',#3743,#3744);
#3743 = CARTESIAN_POINT('',(7.62,-9.398,4.007));
#3744 = VECTOR('',#3745,1.);
#3745 = DIRECTION('',(1.501375008128E-17,-0.656059028991,-0.754709580223
    ));
#3746 = ORIENTED_EDGE('',*,*,#3747,.F.);
#3747 = EDGE_CURVE('',#3740,#3740,#3748,.T.);
#3748 = CIRCLE('',#3749,0.254);
#3749 = AXIS2_PLACEMENT_3D('',#3750,#3751,#3752);
#3750 = CARTESIAN_POINT('',(7.62,-10.16,3.422612849132));
#3751 = DIRECTION('',(0.,-0.,-1.));
#3752 = DIRECTION('',(1.,-2.22044604925E-16,0.));
#3753 = ORIENTED_EDGE('',*,*,#3739,.F.);
#3754 = ORIENTED_EDGE('',*,*,#2982,.T.);
#3755 = CONICAL_SURFACE('',#3756,0.762,0.715584993318);
#3756 = AXIS2_PLACEMENT_3D('',#3757,#3758,#3759);
#3757 = CARTESIAN_POINT('',(7.62,-10.16,4.007));
#3758 = DIRECTION('',(0.,0.,1.));
#3759 = DIRECTION('',(2.22044604925E-16,1.,-0.));
#3760 = ADVANCED_FACE('',(#3761),#3780,.F.);
#3761 = FACE_BOUND('',#3762,.F.);
#3762 = EDGE_LOOP('',(#3763,#3771,#3778,#3779));
#3763 = ORIENTED_EDGE('',*,*,#3764,.T.);
#3764 = EDGE_CURVE('',#3003,#3765,#3767,.T.);
#3765 = VERTEX_POINT('',#3766);
#3766 = CARTESIAN_POINT('',(7.62,-7.366,3.422612849132));
#3767 = LINE('',#3768,#3769);
#3768 = CARTESIAN_POINT('',(7.62,-6.858,4.007));
#3769 = VECTOR('',#3770,1.);
#3770 = DIRECTION('',(1.501375008128E-17,-0.656059028991,-0.754709580223
    ));
#3771 = ORIENTED_EDGE('',*,*,#3772,.F.);
#3772 = EDGE_CURVE('',#3765,#3765,#3773,.T.);
#3773 = CIRCLE('',#3774,0.254);
#3774 = AXIS2_PLACEMENT_3D('',#3775,#3776,#3777);
#3775 = CARTESIAN_POINT('',(7.62,-7.62,3.422612849132));
#3776 = DIRECTION('',(0.,-0.,-1.));
#3777 = DIRECTION('',(1.,-2.22044604925E-16,0.));
#3778 = ORIENTED_EDGE('',*,*,#3764,.F.);
#3779 = ORIENTED_EDGE('',*,*,#3002,.T.);
#3780 = CONICAL_SURFACE('',#3781,0.762,0.715584993318);
#3781 = AXIS2_PLACEMENT_3D('',#3782,#3783,#3784);
#3782 = CARTESIAN_POINT('',(7.62,-7.62,4.007));
#3783 = DIRECTION('',(0.,0.,1.));
#3784 = DIRECTION('',(2.22044604925E-16,1.,-0.));
#3785 = ADVANCED_FACE('',(#3786),#3805,.F.);
#3786 = FACE_BOUND('',#3787,.F.);
#3787 = EDGE_LOOP('',(#3788,#3796,#3803,#3804));
#3788 = ORIENTED_EDGE('',*,*,#3789,.T.);
#3789 = EDGE_CURVE('',#3023,#3790,#3792,.T.);
#3790 = VERTEX_POINT('',#3791);
#3791 = CARTESIAN_POINT('',(7.62,-2.286,3.422612849132));
#3792 = LINE('',#3793,#3794);
#3793 = CARTESIAN_POINT('',(7.62,-1.778,4.007));
#3794 = VECTOR('',#3795,1.);
#3795 = DIRECTION('',(1.501375008128E-17,-0.656059028991,-0.754709580223
    ));
#3796 = ORIENTED_EDGE('',*,*,#3797,.F.);
#3797 = EDGE_CURVE('',#3790,#3790,#3798,.T.);
#3798 = CIRCLE('',#3799,0.254);
#3799 = AXIS2_PLACEMENT_3D('',#3800,#3801,#3802);
#3800 = CARTESIAN_POINT('',(7.62,-2.54,3.422612849132));
#3801 = DIRECTION('',(0.,-0.,-1.));
#3802 = DIRECTION('',(1.,-2.22044604925E-16,0.));
#3803 = ORIENTED_EDGE('',*,*,#3789,.F.);
#3804 = ORIENTED_EDGE('',*,*,#3022,.T.);
#3805 = CONICAL_SURFACE('',#3806,0.762,0.715584993318);
#3806 = AXIS2_PLACEMENT_3D('',#3807,#3808,#3809);
#3807 = CARTESIAN_POINT('',(7.62,-2.54,4.007));
#3808 = DIRECTION('',(0.,0.,1.));
#3809 = DIRECTION('',(2.22044604925E-16,1.,-0.));
#3810 = ADVANCED_FACE('',(#3811),#3830,.F.);
#3811 = FACE_BOUND('',#3812,.F.);
#3812 = EDGE_LOOP('',(#3813,#3821,#3828,#3829));
#3813 = ORIENTED_EDGE('',*,*,#3814,.T.);
#3814 = EDGE_CURVE('',#3043,#3815,#3817,.T.);
#3815 = VERTEX_POINT('',#3816);
#3816 = CARTESIAN_POINT('',(7.62,-4.826,3.422612849132));
#3817 = LINE('',#3818,#3819);
#3818 = CARTESIAN_POINT('',(7.62,-4.318,4.007));
#3819 = VECTOR('',#3820,1.);
#3820 = DIRECTION('',(1.501375008128E-17,-0.656059028991,-0.754709580223
    ));
#3821 = ORIENTED_EDGE('',*,*,#3822,.F.);
#3822 = EDGE_CURVE('',#3815,#3815,#3823,.T.);
#3823 = CIRCLE('',#3824,0.254);
#3824 = AXIS2_PLACEMENT_3D('',#3825,#3826,#3827);
#3825 = CARTESIAN_POINT('',(7.62,-5.08,3.422612849132));
#3826 = DIRECTION('',(0.,-0.,-1.));
#3827 = DIRECTION('',(1.,-2.22044604925E-16,0.));
#3828 = ORIENTED_EDGE('',*,*,#3814,.F.);
#3829 = ORIENTED_EDGE('',*,*,#3042,.T.);
#3830 = CONICAL_SURFACE('',#3831,0.762,0.715584993318);
#3831 = AXIS2_PLACEMENT_3D('',#3832,#3833,#3834);
#3832 = CARTESIAN_POINT('',(7.62,-5.08,4.007));
#3833 = DIRECTION('',(0.,0.,1.));
#3834 = DIRECTION('',(2.22044604925E-16,1.,-0.));
#3835 = ADVANCED_FACE('',(#3836),#3855,.F.);
#3836 = FACE_BOUND('',#3837,.F.);
#3837 = EDGE_LOOP('',(#3838,#3846,#3853,#3854));
#3838 = ORIENTED_EDGE('',*,*,#3839,.T.);
#3839 = EDGE_CURVE('',#3063,#3840,#3842,.T.);
#3840 = VERTEX_POINT('',#3841);
#3841 = CARTESIAN_POINT('',(7.62,-17.526,3.422612849132));
#3842 = LINE('',#3843,#3844);
#3843 = CARTESIAN_POINT('',(7.62,-17.018,4.007));
#3844 = VECTOR('',#3845,1.);
#3845 = DIRECTION('',(1.501375008128E-17,-0.656059028991,-0.754709580223
    ));
#3846 = ORIENTED_EDGE('',*,*,#3847,.F.);
#3847 = EDGE_CURVE('',#3840,#3840,#3848,.T.);
#3848 = CIRCLE('',#3849,0.254);
#3849 = AXIS2_PLACEMENT_3D('',#3850,#3851,#3852);
#3850 = CARTESIAN_POINT('',(7.62,-17.78,3.422612849132));
#3851 = DIRECTION('',(0.,-0.,-1.));
#3852 = DIRECTION('',(1.,-2.22044604925E-16,0.));
#3853 = ORIENTED_EDGE('',*,*,#3839,.F.);
#3854 = ORIENTED_EDGE('',*,*,#3062,.T.);
#3855 = CONICAL_SURFACE('',#3856,0.762,0.715584993318);
#3856 = AXIS2_PLACEMENT_3D('',#3857,#3858,#3859);
#3857 = CARTESIAN_POINT('',(7.62,-17.78,4.007));
#3858 = DIRECTION('',(0.,0.,1.));
#3859 = DIRECTION('',(2.22044604925E-16,1.,-0.));
#3860 = ADVANCED_FACE('',(#3861),#3880,.F.);
#3861 = FACE_BOUND('',#3862,.F.);
#3862 = EDGE_LOOP('',(#3863,#3871,#3878,#3879));
#3863 = ORIENTED_EDGE('',*,*,#3864,.T.);
#3864 = EDGE_CURVE('',#3083,#3865,#3867,.T.);
#3865 = VERTEX_POINT('',#3866);
#3866 = CARTESIAN_POINT('',(7.62,-14.986,3.422612849132));
#3867 = LINE('',#3868,#3869);
#3868 = CARTESIAN_POINT('',(7.62,-14.478,4.007));
#3869 = VECTOR('',#3870,1.);
#3870 = DIRECTION('',(1.501375008128E-17,-0.656059028991,-0.754709580223
    ));
#3871 = ORIENTED_EDGE('',*,*,#3872,.F.);
#3872 = EDGE_CURVE('',#3865,#3865,#3873,.T.);
#3873 = CIRCLE('',#3874,0.254);
#3874 = AXIS2_PLACEMENT_3D('',#3875,#3876,#3877);
#3875 = CARTESIAN_POINT('',(7.62,-15.24,3.422612849132));
#3876 = DIRECTION('',(0.,-0.,-1.));
#3877 = DIRECTION('',(1.,-2.22044604925E-16,0.));
#3878 = ORIENTED_EDGE('',*,*,#3864,.F.);
#3879 = ORIENTED_EDGE('',*,*,#3082,.T.);
#3880 = CONICAL_SURFACE('',#3881,0.762,0.715584993318);
#3881 = AXIS2_PLACEMENT_3D('',#3882,#3883,#3884);
#3882 = CARTESIAN_POINT('',(7.62,-15.24,4.007));
#3883 = DIRECTION('',(0.,0.,1.));
#3884 = DIRECTION('',(2.22044604925E-16,1.,-0.));
#3885 = ADVANCED_FACE('',(#3886),#3905,.F.);
#3886 = FACE_BOUND('',#3887,.F.);
#3887 = EDGE_LOOP('',(#3888,#3896,#3903,#3904));
#3888 = ORIENTED_EDGE('',*,*,#3889,.T.);
#3889 = EDGE_CURVE('',#3103,#3890,#3892,.T.);
#3890 = VERTEX_POINT('',#3891);
#3891 = CARTESIAN_POINT('',(7.62,-12.446,3.422612849132));
#3892 = LINE('',#3893,#3894);
#3893 = CARTESIAN_POINT('',(7.62,-11.938,4.007));
#3894 = VECTOR('',#3895,1.);
#3895 = DIRECTION('',(1.501375008128E-17,-0.656059028991,-0.754709580223
    ));
#3896 = ORIENTED_EDGE('',*,*,#3897,.F.);
#3897 = EDGE_CURVE('',#3890,#3890,#3898,.T.);
#3898 = CIRCLE('',#3899,0.254);
#3899 = AXIS2_PLACEMENT_3D('',#3900,#3901,#3902);
#3900 = CARTESIAN_POINT('',(7.62,-12.7,3.422612849132));
#3901 = DIRECTION('',(0.,-0.,-1.));
#3902 = DIRECTION('',(1.,-2.22044604925E-16,0.));
#3903 = ORIENTED_EDGE('',*,*,#3889,.F.);
#3904 = ORIENTED_EDGE('',*,*,#3102,.T.);
#3905 = CONICAL_SURFACE('',#3906,0.762,0.715584993318);
#3906 = AXIS2_PLACEMENT_3D('',#3907,#3908,#3909);
#3907 = CARTESIAN_POINT('',(7.62,-12.7,4.007));
#3908 = DIRECTION('',(0.,0.,1.));
#3909 = DIRECTION('',(2.22044604925E-16,1.,-0.));
#3910 = ADVANCED_FACE('',(#3911),#3930,.F.);
#3911 = FACE_BOUND('',#3912,.F.);
#3912 = EDGE_LOOP('',(#3913,#3921,#3928,#3929));
#3913 = ORIENTED_EDGE('',*,*,#3914,.T.);
#3914 = EDGE_CURVE('',#3123,#3915,#3917,.T.);
#3915 = VERTEX_POINT('',#3916);
#3916 = CARTESIAN_POINT('',(7.62,0.254,3.422612849132));
#3917 = LINE('',#3918,#3919);
#3918 = CARTESIAN_POINT('',(7.62,0.762,4.007));
#3919 = VECTOR('',#3920,1.);
#3920 = DIRECTION('',(1.501375008128E-17,-0.656059028991,-0.754709580223
    ));
#3921 = ORIENTED_EDGE('',*,*,#3922,.F.);
#3922 = EDGE_CURVE('',#3915,#3915,#3923,.T.);
#3923 = CIRCLE('',#3924,0.254);
#3924 = AXIS2_PLACEMENT_3D('',#3925,#3926,#3927);
#3925 = CARTESIAN_POINT('',(7.62,4.930380657631E-32,3.422612849132));
#3926 = DIRECTION('',(0.,-0.,-1.));
#3927 = DIRECTION('',(1.,-2.22044604925E-16,0.));
#3928 = ORIENTED_EDGE('',*,*,#3914,.F.);
#3929 = ORIENTED_EDGE('',*,*,#3122,.T.);
#3930 = CONICAL_SURFACE('',#3931,0.762,0.715584993318);
#3931 = AXIS2_PLACEMENT_3D('',#3932,#3933,#3934);
#3932 = CARTESIAN_POINT('',(7.62,4.930380657631E-32,4.007));
#3933 = DIRECTION('',(0.,0.,1.));
#3934 = DIRECTION('',(2.22044604925E-16,1.,-0.));
#3935 = ADVANCED_FACE('',(#3936,#3939),#3950,.T.);
#3936 = FACE_BOUND('',#3937,.T.);
#3937 = EDGE_LOOP('',(#3938));
#3938 = ORIENTED_EDGE('',*,*,#3139,.F.);
#3939 = FACE_BOUND('',#3940,.T.);
#3940 = EDGE_LOOP('',(#3941));
#3941 = ORIENTED_EDGE('',*,*,#3942,.T.);
#3942 = EDGE_CURVE('',#3943,#3943,#3945,.T.);
#3943 = VERTEX_POINT('',#3944);
#3944 = CARTESIAN_POINT('',(-3.10862446895E-15,-17.526,0.));
#3945 = CIRCLE('',#3946,0.254);
#3946 = AXIS2_PLACEMENT_3D('',#3947,#3948,#3949);
#3947 = CARTESIAN_POINT('',(-3.076115267924E-15,-17.78,0.));
#3948 = DIRECTION('',(0.,-0.,1.));
#3949 = DIRECTION('',(3.445092848398E-16,1.,0.));
#3950 = PLANE('',#3951);
#3951 = AXIS2_PLACEMENT_3D('',#3952,#3953,#3954);
#3952 = CARTESIAN_POINT('',(-2.846108393903E-15,-17.018,0.));
#3953 = DIRECTION('',(-0.,0.,-1.));
#3954 = DIRECTION('',(-3.445092848398E-16,-1.,0.));
#3955 = ADVANCED_FACE('',(#3956,#3959),#3970,.T.);
#3956 = FACE_BOUND('',#3957,.T.);
#3957 = EDGE_LOOP('',(#3958));
#3958 = ORIENTED_EDGE('',*,*,#3164,.F.);
#3959 = FACE_BOUND('',#3960,.T.);
#3960 = EDGE_LOOP('',(#3961));
#3961 = ORIENTED_EDGE('',*,*,#3962,.T.);
#3962 = EDGE_CURVE('',#3963,#3963,#3965,.T.);
#3963 = VERTEX_POINT('',#3964);
#3964 = CARTESIAN_POINT('',(-2.22044604925E-15,-14.986,0.));
#3965 = CIRCLE('',#3966,0.254);
#3966 = AXIS2_PLACEMENT_3D('',#3967,#3968,#3969);
#3967 = CARTESIAN_POINT('',(-2.187936848224E-15,-15.24,0.));
#3968 = DIRECTION('',(0.,-0.,1.));
#3969 = DIRECTION('',(3.445092848398E-16,1.,0.));
#3970 = PLANE('',#3971);
#3971 = AXIS2_PLACEMENT_3D('',#3972,#3973,#3974);
#3972 = CARTESIAN_POINT('',(-1.957929974202E-15,-14.478,0.));
#3973 = DIRECTION('',(-0.,0.,-1.));
#3974 = DIRECTION('',(-3.445092848398E-16,-1.,0.));
#3975 = ADVANCED_FACE('',(#3976,#3979),#3990,.T.);
#3976 = FACE_BOUND('',#3977,.T.);
#3977 = EDGE_LOOP('',(#3978));
#3978 = ORIENTED_EDGE('',*,*,#3189,.F.);
#3979 = FACE_BOUND('',#3980,.T.);
#3980 = EDGE_LOOP('',(#3981));
#3981 = ORIENTED_EDGE('',*,*,#3982,.T.);
#3982 = EDGE_CURVE('',#3983,#3983,#3985,.T.);
#3983 = VERTEX_POINT('',#3984);
#3984 = CARTESIAN_POINT('',(-4.440892098501E-16,-9.906,0.));
#3985 = CIRCLE('',#3986,0.254);
#3986 = AXIS2_PLACEMENT_3D('',#3987,#3988,#3989);
#3987 = CARTESIAN_POINT('',(-4.115800088235E-16,-10.16,0.));
#3988 = DIRECTION('',(0.,-0.,1.));
#3989 = DIRECTION('',(3.445092848398E-16,1.,0.));
#3990 = PLANE('',#3991);
#3991 = AXIS2_PLACEMENT_3D('',#3992,#3993,#3994);
#3992 = CARTESIAN_POINT('',(-1.815731348022E-16,-9.398,0.));
#3993 = DIRECTION('',(-0.,0.,-1.));
#3994 = DIRECTION('',(-3.445092848398E-16,-1.,0.));
#3995 = ADVANCED_FACE('',(#3996,#3999),#4010,.T.);
#3996 = FACE_BOUND('',#3997,.T.);
#3997 = EDGE_LOOP('',(#3998));
#3998 = ORIENTED_EDGE('',*,*,#3214,.F.);
#3999 = FACE_BOUND('',#4000,.T.);
#4000 = EDGE_LOOP('',(#4001));
#4001 = ORIENTED_EDGE('',*,*,#4002,.T.);
#4002 = EDGE_CURVE('',#4003,#4003,#4005,.T.);
#4003 = VERTEX_POINT('',#4004);
#4004 = CARTESIAN_POINT('',(-1.33226762955E-15,-12.446,0.));
#4005 = CIRCLE('',#4006,0.254);
#4006 = AXIS2_PLACEMENT_3D('',#4007,#4008,#4009);
#4007 = CARTESIAN_POINT('',(-1.299758428524E-15,-12.7,0.));
#4008 = DIRECTION('',(0.,-0.,1.));
#4009 = DIRECTION('',(3.445092848398E-16,1.,0.));
#4010 = PLANE('',#4011);
#4011 = AXIS2_PLACEMENT_3D('',#4012,#4013,#4014);
#4012 = CARTESIAN_POINT('',(-1.069751554502E-15,-11.938,0.));
#4013 = DIRECTION('',(-0.,0.,-1.));
#4014 = DIRECTION('',(-3.445092848398E-16,-1.,0.));
#4015 = ADVANCED_FACE('',(#4016,#4019),#4030,.T.);
#4016 = FACE_BOUND('',#4017,.T.);
#4017 = EDGE_LOOP('',(#4018));
#4018 = ORIENTED_EDGE('',*,*,#3239,.F.);
#4019 = FACE_BOUND('',#4020,.T.);
#4020 = EDGE_LOOP('',(#4021));
#4021 = ORIENTED_EDGE('',*,*,#4022,.T.);
#4022 = EDGE_CURVE('',#4023,#4023,#4025,.T.);
#4023 = VERTEX_POINT('',#4024);
#4024 = CARTESIAN_POINT('',(7.62,-18.034,0.));
#4025 = CIRCLE('',#4026,0.254);
#4026 = AXIS2_PLACEMENT_3D('',#4027,#4028,#4029);
#4027 = CARTESIAN_POINT('',(7.62,-17.78,0.));
#4028 = DIRECTION('',(0.,0.,1.));
#4029 = DIRECTION('',(-2.22044604925E-16,-1.,0.));
#4030 = PLANE('',#4031);
#4031 = AXIS2_PLACEMENT_3D('',#4032,#4033,#4034);
#4032 = CARTESIAN_POINT('',(7.62,-18.542,0.));
#4033 = DIRECTION('',(0.,0.,-1.));
#4034 = DIRECTION('',(2.22044604925E-16,1.,0.));
#4035 = ADVANCED_FACE('',(#4036,#4039),#4050,.T.);
#4036 = FACE_BOUND('',#4037,.T.);
#4037 = EDGE_LOOP('',(#4038));
#4038 = ORIENTED_EDGE('',*,*,#3264,.F.);
#4039 = FACE_BOUND('',#4040,.T.);
#4040 = EDGE_LOOP('',(#4041));
#4041 = ORIENTED_EDGE('',*,*,#4042,.T.);
#4042 = EDGE_CURVE('',#4043,#4043,#4045,.T.);
#4043 = VERTEX_POINT('',#4044);
#4044 = CARTESIAN_POINT('',(7.62,-15.494,0.));
#4045 = CIRCLE('',#4046,0.254);
#4046 = AXIS2_PLACEMENT_3D('',#4047,#4048,#4049);
#4047 = CARTESIAN_POINT('',(7.62,-15.24,0.));
#4048 = DIRECTION('',(0.,0.,1.));
#4049 = DIRECTION('',(-2.22044604925E-16,-1.,0.));
#4050 = PLANE('',#4051);
#4051 = AXIS2_PLACEMENT_3D('',#4052,#4053,#4054);
#4052 = CARTESIAN_POINT('',(7.62,-16.002,0.));
#4053 = DIRECTION('',(0.,0.,-1.));
#4054 = DIRECTION('',(2.22044604925E-16,1.,0.));
#4055 = ADVANCED_FACE('',(#4056,#4059),#4070,.T.);
#4056 = FACE_BOUND('',#4057,.T.);
#4057 = EDGE_LOOP('',(#4058));
#4058 = ORIENTED_EDGE('',*,*,#3289,.F.);
#4059 = FACE_BOUND('',#4060,.T.);
#4060 = EDGE_LOOP('',(#4061));
#4061 = ORIENTED_EDGE('',*,*,#4062,.T.);
#4062 = EDGE_CURVE('',#4063,#4063,#4065,.T.);
#4063 = VERTEX_POINT('',#4064);
#4064 = CARTESIAN_POINT('',(7.62,-10.414,0.));
#4065 = CIRCLE('',#4066,0.254);
#4066 = AXIS2_PLACEMENT_3D('',#4067,#4068,#4069);
#4067 = CARTESIAN_POINT('',(7.62,-10.16,0.));
#4068 = DIRECTION('',(0.,0.,1.));
#4069 = DIRECTION('',(-2.22044604925E-16,-1.,0.));
#4070 = PLANE('',#4071);
#4071 = AXIS2_PLACEMENT_3D('',#4072,#4073,#4074);
#4072 = CARTESIAN_POINT('',(7.62,-10.922,0.));
#4073 = DIRECTION('',(0.,0.,-1.));
#4074 = DIRECTION('',(2.22044604925E-16,1.,0.));
#4075 = ADVANCED_FACE('',(#4076,#4079),#4090,.T.);
#4076 = FACE_BOUND('',#4077,.T.);
#4077 = EDGE_LOOP('',(#4078));
#4078 = ORIENTED_EDGE('',*,*,#3314,.F.);
#4079 = FACE_BOUND('',#4080,.T.);
#4080 = EDGE_LOOP('',(#4081));
#4081 = ORIENTED_EDGE('',*,*,#4082,.T.);
#4082 = EDGE_CURVE('',#4083,#4083,#4085,.T.);
#4083 = VERTEX_POINT('',#4084);
#4084 = CARTESIAN_POINT('',(7.62,-12.954,0.));
#4085 = CIRCLE('',#4086,0.254);
#4086 = AXIS2_PLACEMENT_3D('',#4087,#4088,#4089);
#4087 = CARTESIAN_POINT('',(7.62,-12.7,0.));
#4088 = DIRECTION('',(0.,0.,1.));
#4089 = DIRECTION('',(-2.22044604925E-16,-1.,0.));
#4090 = PLANE('',#4091);
#4091 = AXIS2_PLACEMENT_3D('',#4092,#4093,#4094);
#4092 = CARTESIAN_POINT('',(7.62,-13.462,0.));
#4093 = DIRECTION('',(0.,0.,-1.));
#4094 = DIRECTION('',(2.22044604925E-16,1.,0.));
#4095 = ADVANCED_FACE('',(#4096,#4099),#4110,.T.);
#4096 = FACE_BOUND('',#4097,.T.);
#4097 = EDGE_LOOP('',(#4098));
#4098 = ORIENTED_EDGE('',*,*,#3339,.F.);
#4099 = FACE_BOUND('',#4100,.T.);
#4100 = EDGE_LOOP('',(#4101));
#4101 = ORIENTED_EDGE('',*,*,#4102,.T.);
#4102 = EDGE_CURVE('',#4103,#4103,#4105,.T.);
#4103 = VERTEX_POINT('',#4104);
#4104 = CARTESIAN_POINT('',(7.62,-0.254,0.));
#4105 = CIRCLE('',#4106,0.254);
#4106 = AXIS2_PLACEMENT_3D('',#4107,#4108,#4109);
#4107 = CARTESIAN_POINT('',(7.62,5.551115123126E-17,0.));
#4108 = DIRECTION('',(0.,0.,1.));
#4109 = DIRECTION('',(-2.22044604925E-16,-1.,0.));
#4110 = PLANE('',#4111);
#4111 = AXIS2_PLACEMENT_3D('',#4112,#4113,#4114);
#4112 = CARTESIAN_POINT('',(7.62,-0.762,0.));
#4113 = DIRECTION('',(0.,0.,-1.));
#4114 = DIRECTION('',(2.22044604925E-16,1.,0.));
#4115 = ADVANCED_FACE('',(#4116,#4119),#4130,.T.);
#4116 = FACE_BOUND('',#4117,.T.);
#4117 = EDGE_LOOP('',(#4118));
#4118 = ORIENTED_EDGE('',*,*,#3364,.F.);
#4119 = FACE_BOUND('',#4120,.T.);
#4120 = EDGE_LOOP('',(#4121));
#4121 = ORIENTED_EDGE('',*,*,#4122,.T.);
#4122 = EDGE_CURVE('',#4123,#4123,#4125,.T.);
#4123 = VERTEX_POINT('',#4124);
#4124 = CARTESIAN_POINT('',(7.62,-2.794,0.));
#4125 = CIRCLE('',#4126,0.254);
#4126 = AXIS2_PLACEMENT_3D('',#4127,#4128,#4129);
#4127 = CARTESIAN_POINT('',(7.62,-2.54,0.));
#4128 = DIRECTION('',(0.,0.,1.));
#4129 = DIRECTION('',(-2.22044604925E-16,-1.,0.));
#4130 = PLANE('',#4131);
#4131 = AXIS2_PLACEMENT_3D('',#4132,#4133,#4134);
#4132 = CARTESIAN_POINT('',(7.62,-3.302,0.));
#4133 = DIRECTION('',(0.,0.,-1.));
#4134 = DIRECTION('',(2.22044604925E-16,1.,0.));
#4135 = ADVANCED_FACE('',(#4136,#4139),#4150,.T.);
#4136 = FACE_BOUND('',#4137,.T.);
#4137 = EDGE_LOOP('',(#4138));
#4138 = ORIENTED_EDGE('',*,*,#3389,.F.);
#4139 = FACE_BOUND('',#4140,.T.);
#4140 = EDGE_LOOP('',(#4141));
#4141 = ORIENTED_EDGE('',*,*,#4142,.T.);
#4142 = EDGE_CURVE('',#4143,#4143,#4145,.T.);
#4143 = VERTEX_POINT('',#4144);
#4144 = CARTESIAN_POINT('',(7.62,-5.334,0.));
#4145 = CIRCLE('',#4146,0.254);
#4146 = AXIS2_PLACEMENT_3D('',#4147,#4148,#4149);
#4147 = CARTESIAN_POINT('',(7.62,-5.08,0.));
#4148 = DIRECTION('',(0.,0.,1.));
#4149 = DIRECTION('',(-2.22044604925E-16,-1.,0.));
#4150 = PLANE('',#4151);
#4151 = AXIS2_PLACEMENT_3D('',#4152,#4153,#4154);
#4152 = CARTESIAN_POINT('',(7.62,-5.842,0.));
#4153 = DIRECTION('',(0.,0.,-1.));
#4154 = DIRECTION('',(2.22044604925E-16,1.,0.));
#4155 = ADVANCED_FACE('',(#4156,#4159),#4170,.T.);
#4156 = FACE_BOUND('',#4157,.T.);
#4157 = EDGE_LOOP('',(#4158));
#4158 = ORIENTED_EDGE('',*,*,#3414,.F.);
#4159 = FACE_BOUND('',#4160,.T.);
#4160 = EDGE_LOOP('',(#4161));
#4161 = ORIENTED_EDGE('',*,*,#4162,.T.);
#4162 = EDGE_CURVE('',#4163,#4163,#4165,.T.);
#4163 = VERTEX_POINT('',#4164);
#4164 = CARTESIAN_POINT('',(2.22044604925E-15,-2.286,0.));
#4165 = CIRCLE('',#4166,0.254);
#4166 = AXIS2_PLACEMENT_3D('',#4167,#4168,#4169);
#4167 = CARTESIAN_POINT('',(2.252955250277E-15,-2.54,0.));
#4168 = DIRECTION('',(0.,-0.,1.));
#4169 = DIRECTION('',(3.445092848398E-16,1.,0.));
#4170 = PLANE('',#4171);
#4171 = AXIS2_PLACEMENT_3D('',#4172,#4173,#4174);
#4172 = CARTESIAN_POINT('',(2.482962124298E-15,-1.778,0.));
#4173 = DIRECTION('',(-0.,0.,-1.));
#4174 = DIRECTION('',(-3.445092848398E-16,-1.,0.));
#4175 = ADVANCED_FACE('',(#4176,#4179),#4190,.T.);
#4176 = FACE_BOUND('',#4177,.T.);
#4177 = EDGE_LOOP('',(#4178));
#4178 = ORIENTED_EDGE('',*,*,#3439,.F.);
#4179 = FACE_BOUND('',#4180,.T.);
#4180 = EDGE_LOOP('',(#4181));
#4181 = ORIENTED_EDGE('',*,*,#4182,.T.);
#4182 = EDGE_CURVE('',#4183,#4183,#4185,.T.);
#4183 = VERTEX_POINT('',#4184);
#4184 = CARTESIAN_POINT('',(3.10862446895E-15,0.254,0.));
#4185 = CIRCLE('',#4186,0.254);
#4186 = AXIS2_PLACEMENT_3D('',#4187,#4188,#4189);
#4187 = CARTESIAN_POINT('',(3.141133669977E-15,1.720845688169E-15,0.));
#4188 = DIRECTION('',(0.,-0.,1.));
#4189 = DIRECTION('',(3.445092848398E-16,1.,0.));
#4190 = PLANE('',#4191);
#4191 = AXIS2_PLACEMENT_3D('',#4192,#4193,#4194);
#4192 = CARTESIAN_POINT('',(3.371140543998E-15,0.762,0.));
#4193 = DIRECTION('',(-0.,0.,-1.));
#4194 = DIRECTION('',(-3.445092848398E-16,-1.,0.));
#4195 = ADVANCED_FACE('',(#4196,#4199),#4210,.T.);
#4196 = FACE_BOUND('',#4197,.T.);
#4197 = EDGE_LOOP('',(#4198));
#4198 = ORIENTED_EDGE('',*,*,#3464,.F.);
#4199 = FACE_BOUND('',#4200,.T.);
#4200 = EDGE_LOOP('',(#4201));
#4201 = ORIENTED_EDGE('',*,*,#4202,.T.);
#4202 = EDGE_CURVE('',#4203,#4203,#4205,.T.);
#4203 = VERTEX_POINT('',#4204);
#4204 = CARTESIAN_POINT('',(7.62,-7.874,0.));
#4205 = CIRCLE('',#4206,0.254);
#4206 = AXIS2_PLACEMENT_3D('',#4207,#4208,#4209);
#4207 = CARTESIAN_POINT('',(7.62,-7.62,0.));
#4208 = DIRECTION('',(0.,0.,1.));
#4209 = DIRECTION('',(-2.22044604925E-16,-1.,0.));
#4210 = PLANE('',#4211);
#4211 = AXIS2_PLACEMENT_3D('',#4212,#4213,#4214);
#4212 = CARTESIAN_POINT('',(7.62,-8.382,0.));
#4213 = DIRECTION('',(0.,0.,-1.));
#4214 = DIRECTION('',(2.22044604925E-16,1.,0.));
#4215 = ADVANCED_FACE('',(#4216,#4219),#4230,.T.);
#4216 = FACE_BOUND('',#4217,.T.);
#4217 = EDGE_LOOP('',(#4218));
#4218 = ORIENTED_EDGE('',*,*,#3489,.F.);
#4219 = FACE_BOUND('',#4220,.T.);
#4220 = EDGE_LOOP('',(#4221));
#4221 = ORIENTED_EDGE('',*,*,#4222,.T.);
#4222 = EDGE_CURVE('',#4223,#4223,#4225,.T.);
#4223 = VERTEX_POINT('',#4224);
#4224 = CARTESIAN_POINT('',(4.440892098501E-16,-7.366,0.));
#4225 = CIRCLE('',#4226,0.254);
#4226 = AXIS2_PLACEMENT_3D('',#4227,#4228,#4229);
#4227 = CARTESIAN_POINT('',(4.765984108766E-16,-7.62,0.));
#4228 = DIRECTION('',(0.,-0.,1.));
#4229 = DIRECTION('',(3.445092848398E-16,1.,0.));
#4230 = PLANE('',#4231);
#4231 = AXIS2_PLACEMENT_3D('',#4232,#4233,#4234);
#4232 = CARTESIAN_POINT('',(7.06605284898E-16,-6.858,0.));
#4233 = DIRECTION('',(-0.,0.,-1.));
#4234 = DIRECTION('',(-3.445092848398E-16,-1.,0.));
#4235 = ADVANCED_FACE('',(#4236,#4239),#4250,.T.);
#4236 = FACE_BOUND('',#4237,.T.);
#4237 = EDGE_LOOP('',(#4238));
#4238 = ORIENTED_EDGE('',*,*,#3514,.F.);
#4239 = FACE_BOUND('',#4240,.T.);
#4240 = EDGE_LOOP('',(#4241));
#4241 = ORIENTED_EDGE('',*,*,#4242,.T.);
#4242 = EDGE_CURVE('',#4243,#4243,#4245,.T.);
#4243 = VERTEX_POINT('',#4244);
#4244 = CARTESIAN_POINT('',(1.33226762955E-15,-4.826,0.));
#4245 = CIRCLE('',#4246,0.254);
#4246 = AXIS2_PLACEMENT_3D('',#4247,#4248,#4249);
#4247 = CARTESIAN_POINT('',(1.364776830577E-15,-5.08,0.));
#4248 = DIRECTION('',(0.,-0.,1.));
#4249 = DIRECTION('',(3.445092848398E-16,1.,0.));
#4250 = PLANE('',#4251);
#4251 = AXIS2_PLACEMENT_3D('',#4252,#4253,#4254);
#4252 = CARTESIAN_POINT('',(1.594783704598E-15,-4.318,0.));
#4253 = DIRECTION('',(-0.,0.,-1.));
#4254 = DIRECTION('',(-3.445092848398E-16,-1.,0.));
#4255 = ADVANCED_FACE('',(#4256),#4275,.F.);
#4256 = FACE_BOUND('',#4257,.F.);
#4257 = EDGE_LOOP('',(#4258,#4266,#4273,#4274));
#4258 = ORIENTED_EDGE('',*,*,#4259,.T.);
#4259 = EDGE_CURVE('',#3540,#4260,#4262,.T.);
#4260 = VERTEX_POINT('',#4261);
#4261 = CARTESIAN_POINT('',(3.552713678801E-15,-0.254,1.34));
#4262 = LINE('',#4263,#4264);
#4263 = CARTESIAN_POINT('',(3.251029783848E-15,-0.254,4.007));
#4264 = VECTOR('',#4265,1.);
#4265 = DIRECTION('',(0.,0.,-1.));
#4266 = ORIENTED_EDGE('',*,*,#4267,.F.);
#4267 = EDGE_CURVE('',#4260,#4260,#4268,.T.);
#4268 = CIRCLE('',#4269,0.254);
#4269 = AXIS2_PLACEMENT_3D('',#4270,#4271,#4272);
#4270 = CARTESIAN_POINT('',(3.2763230848E-15,1.7763568394E-15,1.34));
#4271 = DIRECTION('',(-0.,0.,-1.));
#4272 = DIRECTION('',(-3.445092848398E-16,-1.,0.));
#4273 = ORIENTED_EDGE('',*,*,#4259,.F.);
#4274 = ORIENTED_EDGE('',*,*,#3547,.T.);
#4275 = CYLINDRICAL_SURFACE('',#4276,0.254);
#4276 = AXIS2_PLACEMENT_3D('',#4277,#4278,#4279);
#4277 = CARTESIAN_POINT('',(3.2763230848E-15,1.7763568394E-15,4.007));
#4278 = DIRECTION('',(0.,0.,-1.));
#4279 = DIRECTION('',(-3.445092848398E-16,-1.,-0.));
#4280 = ADVANCED_FACE('',(#4281),#4300,.F.);
#4281 = FACE_BOUND('',#4282,.F.);
#4282 = EDGE_LOOP('',(#4283,#4291,#4298,#4299));
#4283 = ORIENTED_EDGE('',*,*,#4284,.T.);
#4284 = EDGE_CURVE('',#3565,#4285,#4287,.T.);
#4285 = VERTEX_POINT('',#4286);
#4286 = CARTESIAN_POINT('',(2.6645352591E-15,-2.794,1.34));
#4287 = LINE('',#4288,#4289);
#4288 = CARTESIAN_POINT('',(2.362851364148E-15,-2.794,4.007));
#4289 = VECTOR('',#4290,1.);
#4290 = DIRECTION('',(0.,0.,-1.));
#4291 = ORIENTED_EDGE('',*,*,#4292,.F.);
#4292 = EDGE_CURVE('',#4285,#4285,#4293,.T.);
#4293 = CIRCLE('',#4294,0.254);
#4294 = AXIS2_PLACEMENT_3D('',#4295,#4296,#4297);
#4295 = CARTESIAN_POINT('',(2.3881446651E-15,-2.54,1.34));
#4296 = DIRECTION('',(-0.,0.,-1.));
#4297 = DIRECTION('',(-3.445092848398E-16,-1.,0.));
#4298 = ORIENTED_EDGE('',*,*,#4284,.F.);
#4299 = ORIENTED_EDGE('',*,*,#3572,.T.);
#4300 = CYLINDRICAL_SURFACE('',#4301,0.254);
#4301 = AXIS2_PLACEMENT_3D('',#4302,#4303,#4304);
#4302 = CARTESIAN_POINT('',(2.3881446651E-15,-2.54,4.007));
#4303 = DIRECTION('',(0.,0.,-1.));
#4304 = DIRECTION('',(-3.445092848398E-16,-1.,-0.));
#4305 = ADVANCED_FACE('',(#4306),#4325,.F.);
#4306 = FACE_BOUND('',#4307,.F.);
#4307 = EDGE_LOOP('',(#4308,#4316,#4323,#4324));
#4308 = ORIENTED_EDGE('',*,*,#4309,.T.);
#4309 = EDGE_CURVE('',#3590,#4310,#4312,.T.);
#4310 = VERTEX_POINT('',#4311);
#4311 = CARTESIAN_POINT('',(1.7763568394E-15,-5.334,1.34));
#4312 = LINE('',#4313,#4314);
#4313 = CARTESIAN_POINT('',(1.474672944447E-15,-5.334,4.007));
#4314 = VECTOR('',#4315,1.);
#4315 = DIRECTION('',(0.,0.,-1.));
#4316 = ORIENTED_EDGE('',*,*,#4317,.F.);
#4317 = EDGE_CURVE('',#4310,#4310,#4318,.T.);
#4318 = CIRCLE('',#4319,0.254);
#4319 = AXIS2_PLACEMENT_3D('',#4320,#4321,#4322);
#4320 = CARTESIAN_POINT('',(1.4999662454E-15,-5.08,1.34));
#4321 = DIRECTION('',(-0.,0.,-1.));
#4322 = DIRECTION('',(-3.445092848398E-16,-1.,0.));
#4323 = ORIENTED_EDGE('',*,*,#4309,.F.);
#4324 = ORIENTED_EDGE('',*,*,#3597,.T.);
#4325 = CYLINDRICAL_SURFACE('',#4326,0.254);
#4326 = AXIS2_PLACEMENT_3D('',#4327,#4328,#4329);
#4327 = CARTESIAN_POINT('',(1.4999662454E-15,-5.08,4.007));
#4328 = DIRECTION('',(0.,0.,-1.));
#4329 = DIRECTION('',(-3.445092848398E-16,-1.,-0.));
#4330 = ADVANCED_FACE('',(#4331),#4350,.F.);
#4331 = FACE_BOUND('',#4332,.F.);
#4332 = EDGE_LOOP('',(#4333,#4341,#4348,#4349));
#4333 = ORIENTED_EDGE('',*,*,#4334,.T.);
#4334 = EDGE_CURVE('',#3615,#4335,#4337,.T.);
#4335 = VERTEX_POINT('',#4336);
#4336 = CARTESIAN_POINT('',(-1.7763568394E-15,-15.494,1.34));
#4337 = LINE('',#4338,#4339);
#4338 = CARTESIAN_POINT('',(-2.078040734353E-15,-15.494,4.007));
#4339 = VECTOR('',#4340,1.);
#4340 = DIRECTION('',(0.,0.,-1.));
#4341 = ORIENTED_EDGE('',*,*,#4342,.F.);
#4342 = EDGE_CURVE('',#4335,#4335,#4343,.T.);
#4343 = CIRCLE('',#4344,0.254);
#4344 = AXIS2_PLACEMENT_3D('',#4345,#4346,#4347);
#4345 = CARTESIAN_POINT('',(-2.0527474334E-15,-15.24,1.34));
#4346 = DIRECTION('',(-0.,0.,-1.));
#4347 = DIRECTION('',(-3.445092848398E-16,-1.,0.));
#4348 = ORIENTED_EDGE('',*,*,#4334,.F.);
#4349 = ORIENTED_EDGE('',*,*,#3622,.T.);
#4350 = CYLINDRICAL_SURFACE('',#4351,0.254);
#4351 = AXIS2_PLACEMENT_3D('',#4352,#4353,#4354);
#4352 = CARTESIAN_POINT('',(-2.0527474334E-15,-15.24,4.007));
#4353 = DIRECTION('',(0.,0.,-1.));
#4354 = DIRECTION('',(-3.445092848398E-16,-1.,-0.));
#4355 = ADVANCED_FACE('',(#4356),#4375,.F.);
#4356 = FACE_BOUND('',#4357,.F.);
#4357 = EDGE_LOOP('',(#4358,#4366,#4373,#4374));
#4358 = ORIENTED_EDGE('',*,*,#4359,.T.);
#4359 = EDGE_CURVE('',#3640,#4360,#4362,.T.);
#4360 = VERTEX_POINT('',#4361);
#4361 = CARTESIAN_POINT('',(-8.881784197001E-16,-12.954,1.34));
#4362 = LINE('',#4363,#4364);
#4363 = CARTESIAN_POINT('',(-1.189862314653E-15,-12.954,4.007));
#4364 = VECTOR('',#4365,1.);
#4365 = DIRECTION('',(0.,0.,-1.));
#4366 = ORIENTED_EDGE('',*,*,#4367,.F.);
#4367 = EDGE_CURVE('',#4360,#4360,#4368,.T.);
#4368 = CIRCLE('',#4369,0.254);
#4369 = AXIS2_PLACEMENT_3D('',#4370,#4371,#4372);
#4370 = CARTESIAN_POINT('',(-1.1645690137E-15,-12.7,1.34));
#4371 = DIRECTION('',(-0.,0.,-1.));
#4372 = DIRECTION('',(-3.445092848398E-16,-1.,0.));
#4373 = ORIENTED_EDGE('',*,*,#4359,.F.);
#4374 = ORIENTED_EDGE('',*,*,#3647,.T.);
#4375 = CYLINDRICAL_SURFACE('',#4376,0.254);
#4376 = AXIS2_PLACEMENT_3D('',#4377,#4378,#4379);
#4377 = CARTESIAN_POINT('',(-1.1645690137E-15,-12.7,4.007));
#4378 = DIRECTION('',(0.,0.,-1.));
#4379 = DIRECTION('',(-3.445092848398E-16,-1.,-0.));
#4380 = ADVANCED_FACE('',(#4381),#4400,.F.);
#4381 = FACE_BOUND('',#4382,.F.);
#4382 = EDGE_LOOP('',(#4383,#4391,#4398,#4399));
#4383 = ORIENTED_EDGE('',*,*,#4384,.T.);
#4384 = EDGE_CURVE('',#3665,#4385,#4387,.T.);
#4385 = VERTEX_POINT('',#4386);
#4386 = CARTESIAN_POINT('',(8.881784197001E-16,-7.874,1.34));
#4387 = LINE('',#4388,#4389);
#4388 = CARTESIAN_POINT('',(5.864945247473E-16,-7.874,4.007));
#4389 = VECTOR('',#4390,1.);
#4390 = DIRECTION('',(0.,0.,-1.));
#4391 = ORIENTED_EDGE('',*,*,#4392,.F.);
#4392 = EDGE_CURVE('',#4385,#4385,#4393,.T.);
#4393 = CIRCLE('',#4394,0.254);
#4394 = AXIS2_PLACEMENT_3D('',#4395,#4396,#4397);
#4395 = CARTESIAN_POINT('',(6.117878256999E-16,-7.62,1.34));
#4396 = DIRECTION('',(-0.,0.,-1.));
#4397 = DIRECTION('',(-3.445092848398E-16,-1.,0.));
#4398 = ORIENTED_EDGE('',*,*,#4384,.F.);
#4399 = ORIENTED_EDGE('',*,*,#3672,.T.);
#4400 = CYLINDRICAL_SURFACE('',#4401,0.254);
#4401 = AXIS2_PLACEMENT_3D('',#4402,#4403,#4404);
#4402 = CARTESIAN_POINT('',(6.117878256999E-16,-7.62,4.007));
#4403 = DIRECTION('',(0.,0.,-1.));
#4404 = DIRECTION('',(-3.445092848398E-16,-1.,-0.));
#4405 = ADVANCED_FACE('',(#4406),#4425,.F.);
#4406 = FACE_BOUND('',#4407,.F.);
#4407 = EDGE_LOOP('',(#4408,#4416,#4423,#4424));
#4408 = ORIENTED_EDGE('',*,*,#4409,.T.);
#4409 = EDGE_CURVE('',#3690,#4410,#4412,.T.);
#4410 = VERTEX_POINT('',#4411);
#4411 = CARTESIAN_POINT('',(0.,-10.414,1.34));
#4412 = LINE('',#4413,#4414);
#4413 = CARTESIAN_POINT('',(-3.016838949528E-16,-10.414,4.007));
#4414 = VECTOR('',#4415,1.);
#4415 = DIRECTION('',(0.,0.,-1.));
#4416 = ORIENTED_EDGE('',*,*,#4417,.F.);
#4417 = EDGE_CURVE('',#4410,#4410,#4418,.T.);
#4418 = CIRCLE('',#4419,0.254);
#4419 = AXIS2_PLACEMENT_3D('',#4420,#4421,#4422);
#4420 = CARTESIAN_POINT('',(-2.763905940002E-16,-10.16,1.34));
#4421 = DIRECTION('',(-0.,0.,-1.));
#4422 = DIRECTION('',(-3.445092848398E-16,-1.,0.));
#4423 = ORIENTED_EDGE('',*,*,#4409,.F.);
#4424 = ORIENTED_EDGE('',*,*,#3697,.T.);
#4425 = CYLINDRICAL_SURFACE('',#4426,0.254);
#4426 = AXIS2_PLACEMENT_3D('',#4427,#4428,#4429);
#4427 = CARTESIAN_POINT('',(-2.763905940002E-16,-10.16,4.007));
#4428 = DIRECTION('',(0.,0.,-1.));
#4429 = DIRECTION('',(-3.445092848398E-16,-1.,-0.));
#4430 = ADVANCED_FACE('',(#4431),#4450,.F.);
#4431 = FACE_BOUND('',#4432,.F.);
#4432 = EDGE_LOOP('',(#4433,#4441,#4448,#4449));
#4433 = ORIENTED_EDGE('',*,*,#4434,.T.);
#4434 = EDGE_CURVE('',#3715,#4435,#4437,.T.);
#4435 = VERTEX_POINT('',#4436);
#4436 = CARTESIAN_POINT('',(-2.6645352591E-15,-18.034,1.34));
#4437 = LINE('',#4438,#4439);
#4438 = CARTESIAN_POINT('',(-2.966219154053E-15,-18.034,4.007));
#4439 = VECTOR('',#4440,1.);
#4440 = DIRECTION('',(0.,0.,-1.));
#4441 = ORIENTED_EDGE('',*,*,#4442,.F.);
#4442 = EDGE_CURVE('',#4435,#4435,#4443,.T.);
#4443 = CIRCLE('',#4444,0.254);
#4444 = AXIS2_PLACEMENT_3D('',#4445,#4446,#4447);
#4445 = CARTESIAN_POINT('',(-2.940925853101E-15,-17.78,1.34));
#4446 = DIRECTION('',(-0.,0.,-1.));
#4447 = DIRECTION('',(-3.445092848398E-16,-1.,0.));
#4448 = ORIENTED_EDGE('',*,*,#4434,.F.);
#4449 = ORIENTED_EDGE('',*,*,#3722,.T.);
#4450 = CYLINDRICAL_SURFACE('',#4451,0.254);
#4451 = AXIS2_PLACEMENT_3D('',#4452,#4453,#4454);
#4452 = CARTESIAN_POINT('',(-2.940925853101E-15,-17.78,4.007));
#4453 = DIRECTION('',(0.,0.,-1.));
#4454 = DIRECTION('',(-3.445092848398E-16,-1.,-0.));
#4455 = ADVANCED_FACE('',(#4456),#4475,.F.);
#4456 = FACE_BOUND('',#4457,.F.);
#4457 = EDGE_LOOP('',(#4458,#4466,#4473,#4474));
#4458 = ORIENTED_EDGE('',*,*,#4459,.T.);
#4459 = EDGE_CURVE('',#3740,#4460,#4462,.T.);
#4460 = VERTEX_POINT('',#4461);
#4461 = CARTESIAN_POINT('',(7.62,-9.906,1.34));
#4462 = LINE('',#4463,#4464);
#4463 = CARTESIAN_POINT('',(7.62,-9.906,4.007));
#4464 = VECTOR('',#4465,1.);
#4465 = DIRECTION('',(0.,-0.,-1.));
#4466 = ORIENTED_EDGE('',*,*,#4467,.F.);
#4467 = EDGE_CURVE('',#4460,#4460,#4468,.T.);
#4468 = CIRCLE('',#4469,0.254);
#4469 = AXIS2_PLACEMENT_3D('',#4470,#4471,#4472);
#4470 = CARTESIAN_POINT('',(7.62,-10.16,1.34));
#4471 = DIRECTION('',(0.,0.,-1.));
#4472 = DIRECTION('',(2.22044604925E-16,1.,0.));
#4473 = ORIENTED_EDGE('',*,*,#4459,.F.);
#4474 = ORIENTED_EDGE('',*,*,#3747,.T.);
#4475 = CYLINDRICAL_SURFACE('',#4476,0.254);
#4476 = AXIS2_PLACEMENT_3D('',#4477,#4478,#4479);
#4477 = CARTESIAN_POINT('',(7.62,-10.16,4.007));
#4478 = DIRECTION('',(0.,-0.,-1.));
#4479 = DIRECTION('',(2.22044604925E-16,1.,0.));
#4480 = ADVANCED_FACE('',(#4481),#4500,.F.);
#4481 = FACE_BOUND('',#4482,.F.);
#4482 = EDGE_LOOP('',(#4483,#4491,#4498,#4499));
#4483 = ORIENTED_EDGE('',*,*,#4484,.T.);
#4484 = EDGE_CURVE('',#3765,#4485,#4487,.T.);
#4485 = VERTEX_POINT('',#4486);
#4486 = CARTESIAN_POINT('',(7.62,-7.366,1.34));
#4487 = LINE('',#4488,#4489);
#4488 = CARTESIAN_POINT('',(7.62,-7.366,4.007));
#4489 = VECTOR('',#4490,1.);
#4490 = DIRECTION('',(0.,-0.,-1.));
#4491 = ORIENTED_EDGE('',*,*,#4492,.F.);
#4492 = EDGE_CURVE('',#4485,#4485,#4493,.T.);
#4493 = CIRCLE('',#4494,0.254);
#4494 = AXIS2_PLACEMENT_3D('',#4495,#4496,#4497);
#4495 = CARTESIAN_POINT('',(7.62,-7.62,1.34));
#4496 = DIRECTION('',(0.,0.,-1.));
#4497 = DIRECTION('',(2.22044604925E-16,1.,0.));
#4498 = ORIENTED_EDGE('',*,*,#4484,.F.);
#4499 = ORIENTED_EDGE('',*,*,#3772,.T.);
#4500 = CYLINDRICAL_SURFACE('',#4501,0.254);
#4501 = AXIS2_PLACEMENT_3D('',#4502,#4503,#4504);
#4502 = CARTESIAN_POINT('',(7.62,-7.62,4.007));
#4503 = DIRECTION('',(0.,-0.,-1.));
#4504 = DIRECTION('',(2.22044604925E-16,1.,0.));
#4505 = ADVANCED_FACE('',(#4506),#4525,.F.);
#4506 = FACE_BOUND('',#4507,.F.);
#4507 = EDGE_LOOP('',(#4508,#4516,#4523,#4524));
#4508 = ORIENTED_EDGE('',*,*,#4509,.T.);
#4509 = EDGE_CURVE('',#3790,#4510,#4512,.T.);
#4510 = VERTEX_POINT('',#4511);
#4511 = CARTESIAN_POINT('',(7.62,-2.286,1.34));
#4512 = LINE('',#4513,#4514);
#4513 = CARTESIAN_POINT('',(7.62,-2.286,4.007));
#4514 = VECTOR('',#4515,1.);
#4515 = DIRECTION('',(0.,-0.,-1.));
#4516 = ORIENTED_EDGE('',*,*,#4517,.F.);
#4517 = EDGE_CURVE('',#4510,#4510,#4518,.T.);
#4518 = CIRCLE('',#4519,0.254);
#4519 = AXIS2_PLACEMENT_3D('',#4520,#4521,#4522);
#4520 = CARTESIAN_POINT('',(7.62,-2.54,1.34));
#4521 = DIRECTION('',(0.,0.,-1.));
#4522 = DIRECTION('',(2.22044604925E-16,1.,0.));
#4523 = ORIENTED_EDGE('',*,*,#4509,.F.);
#4524 = ORIENTED_EDGE('',*,*,#3797,.T.);
#4525 = CYLINDRICAL_SURFACE('',#4526,0.254);
#4526 = AXIS2_PLACEMENT_3D('',#4527,#4528,#4529);
#4527 = CARTESIAN_POINT('',(7.62,-2.54,4.007));
#4528 = DIRECTION('',(0.,-0.,-1.));
#4529 = DIRECTION('',(2.22044604925E-16,1.,0.));
#4530 = ADVANCED_FACE('',(#4531),#4550,.F.);
#4531 = FACE_BOUND('',#4532,.F.);
#4532 = EDGE_LOOP('',(#4533,#4541,#4548,#4549));
#4533 = ORIENTED_EDGE('',*,*,#4534,.T.);
#4534 = EDGE_CURVE('',#3815,#4535,#4537,.T.);
#4535 = VERTEX_POINT('',#4536);
#4536 = CARTESIAN_POINT('',(7.62,-4.826,1.34));
#4537 = LINE('',#4538,#4539);
#4538 = CARTESIAN_POINT('',(7.62,-4.826,4.007));
#4539 = VECTOR('',#4540,1.);
#4540 = DIRECTION('',(0.,-0.,-1.));
#4541 = ORIENTED_EDGE('',*,*,#4542,.F.);
#4542 = EDGE_CURVE('',#4535,#4535,#4543,.T.);
#4543 = CIRCLE('',#4544,0.254);
#4544 = AXIS2_PLACEMENT_3D('',#4545,#4546,#4547);
#4545 = CARTESIAN_POINT('',(7.62,-5.08,1.34));
#4546 = DIRECTION('',(0.,0.,-1.));
#4547 = DIRECTION('',(2.22044604925E-16,1.,0.));
#4548 = ORIENTED_EDGE('',*,*,#4534,.F.);
#4549 = ORIENTED_EDGE('',*,*,#3822,.T.);
#4550 = CYLINDRICAL_SURFACE('',#4551,0.254);
#4551 = AXIS2_PLACEMENT_3D('',#4552,#4553,#4554);
#4552 = CARTESIAN_POINT('',(7.62,-5.08,4.007));
#4553 = DIRECTION('',(0.,-0.,-1.));
#4554 = DIRECTION('',(2.22044604925E-16,1.,0.));
#4555 = ADVANCED_FACE('',(#4556),#4575,.F.);
#4556 = FACE_BOUND('',#4557,.F.);
#4557 = EDGE_LOOP('',(#4558,#4566,#4573,#4574));
#4558 = ORIENTED_EDGE('',*,*,#4559,.T.);
#4559 = EDGE_CURVE('',#3840,#4560,#4562,.T.);
#4560 = VERTEX_POINT('',#4561);
#4561 = CARTESIAN_POINT('',(7.62,-17.526,1.34));
#4562 = LINE('',#4563,#4564);
#4563 = CARTESIAN_POINT('',(7.62,-17.526,4.007));
#4564 = VECTOR('',#4565,1.);
#4565 = DIRECTION('',(0.,-0.,-1.));
#4566 = ORIENTED_EDGE('',*,*,#4567,.F.);
#4567 = EDGE_CURVE('',#4560,#4560,#4568,.T.);
#4568 = CIRCLE('',#4569,0.254);
#4569 = AXIS2_PLACEMENT_3D('',#4570,#4571,#4572);
#4570 = CARTESIAN_POINT('',(7.62,-17.78,1.34));
#4571 = DIRECTION('',(0.,0.,-1.));
#4572 = DIRECTION('',(2.22044604925E-16,1.,0.));
#4573 = ORIENTED_EDGE('',*,*,#4559,.F.);
#4574 = ORIENTED_EDGE('',*,*,#3847,.T.);
#4575 = CYLINDRICAL_SURFACE('',#4576,0.254);
#4576 = AXIS2_PLACEMENT_3D('',#4577,#4578,#4579);
#4577 = CARTESIAN_POINT('',(7.62,-17.78,4.007));
#4578 = DIRECTION('',(0.,-0.,-1.));
#4579 = DIRECTION('',(2.22044604925E-16,1.,0.));
#4580 = ADVANCED_FACE('',(#4581),#4600,.F.);
#4581 = FACE_BOUND('',#4582,.F.);
#4582 = EDGE_LOOP('',(#4583,#4591,#4598,#4599));
#4583 = ORIENTED_EDGE('',*,*,#4584,.T.);
#4584 = EDGE_CURVE('',#3865,#4585,#4587,.T.);
#4585 = VERTEX_POINT('',#4586);
#4586 = CARTESIAN_POINT('',(7.62,-14.986,1.34));
#4587 = LINE('',#4588,#4589);
#4588 = CARTESIAN_POINT('',(7.62,-14.986,4.007));
#4589 = VECTOR('',#4590,1.);
#4590 = DIRECTION('',(0.,-0.,-1.));
#4591 = ORIENTED_EDGE('',*,*,#4592,.F.);
#4592 = EDGE_CURVE('',#4585,#4585,#4593,.T.);
#4593 = CIRCLE('',#4594,0.254);
#4594 = AXIS2_PLACEMENT_3D('',#4595,#4596,#4597);
#4595 = CARTESIAN_POINT('',(7.62,-15.24,1.34));
#4596 = DIRECTION('',(0.,0.,-1.));
#4597 = DIRECTION('',(2.22044604925E-16,1.,0.));
#4598 = ORIENTED_EDGE('',*,*,#4584,.F.);
#4599 = ORIENTED_EDGE('',*,*,#3872,.T.);
#4600 = CYLINDRICAL_SURFACE('',#4601,0.254);
#4601 = AXIS2_PLACEMENT_3D('',#4602,#4603,#4604);
#4602 = CARTESIAN_POINT('',(7.62,-15.24,4.007));
#4603 = DIRECTION('',(0.,-0.,-1.));
#4604 = DIRECTION('',(2.22044604925E-16,1.,0.));
#4605 = ADVANCED_FACE('',(#4606),#4625,.F.);
#4606 = FACE_BOUND('',#4607,.F.);
#4607 = EDGE_LOOP('',(#4608,#4616,#4623,#4624));
#4608 = ORIENTED_EDGE('',*,*,#4609,.T.);
#4609 = EDGE_CURVE('',#3890,#4610,#4612,.T.);
#4610 = VERTEX_POINT('',#4611);
#4611 = CARTESIAN_POINT('',(7.62,-12.446,1.34));
#4612 = LINE('',#4613,#4614);
#4613 = CARTESIAN_POINT('',(7.62,-12.446,4.007));
#4614 = VECTOR('',#4615,1.);
#4615 = DIRECTION('',(0.,-0.,-1.));
#4616 = ORIENTED_EDGE('',*,*,#4617,.F.);
#4617 = EDGE_CURVE('',#4610,#4610,#4618,.T.);
#4618 = CIRCLE('',#4619,0.254);
#4619 = AXIS2_PLACEMENT_3D('',#4620,#4621,#4622);
#4620 = CARTESIAN_POINT('',(7.62,-12.7,1.34));
#4621 = DIRECTION('',(0.,0.,-1.));
#4622 = DIRECTION('',(2.22044604925E-16,1.,0.));
#4623 = ORIENTED_EDGE('',*,*,#4609,.F.);
#4624 = ORIENTED_EDGE('',*,*,#3897,.T.);
#4625 = CYLINDRICAL_SURFACE('',#4626,0.254);
#4626 = AXIS2_PLACEMENT_3D('',#4627,#4628,#4629);
#4627 = CARTESIAN_POINT('',(7.62,-12.7,4.007));
#4628 = DIRECTION('',(0.,-0.,-1.));
#4629 = DIRECTION('',(2.22044604925E-16,1.,0.));
#4630 = ADVANCED_FACE('',(#4631),#4650,.F.);
#4631 = FACE_BOUND('',#4632,.F.);
#4632 = EDGE_LOOP('',(#4633,#4641,#4648,#4649));
#4633 = ORIENTED_EDGE('',*,*,#4634,.T.);
#4634 = EDGE_CURVE('',#3915,#4635,#4637,.T.);
#4635 = VERTEX_POINT('',#4636);
#4636 = CARTESIAN_POINT('',(7.62,0.254,1.34));
#4637 = LINE('',#4638,#4639);
#4638 = CARTESIAN_POINT('',(7.62,0.254,4.007));
#4639 = VECTOR('',#4640,1.);
#4640 = DIRECTION('',(0.,-0.,-1.));
#4641 = ORIENTED_EDGE('',*,*,#4642,.F.);
#4642 = EDGE_CURVE('',#4635,#4635,#4643,.T.);
#4643 = CIRCLE('',#4644,0.254);
#4644 = AXIS2_PLACEMENT_3D('',#4645,#4646,#4647);
#4645 = CARTESIAN_POINT('',(7.62,4.930380657631E-32,1.34));
#4646 = DIRECTION('',(0.,0.,-1.));
#4647 = DIRECTION('',(2.22044604925E-16,1.,0.));
#4648 = ORIENTED_EDGE('',*,*,#4634,.F.);
#4649 = ORIENTED_EDGE('',*,*,#3922,.T.);
#4650 = CYLINDRICAL_SURFACE('',#4651,0.254);
#4651 = AXIS2_PLACEMENT_3D('',#4652,#4653,#4654);
#4652 = CARTESIAN_POINT('',(7.62,4.930380657631E-32,4.007));
#4653 = DIRECTION('',(0.,-0.,-1.));
#4654 = DIRECTION('',(2.22044604925E-16,1.,0.));
#4655 = ADVANCED_FACE('',(#4656),#4675,.T.);
#4656 = FACE_BOUND('',#4657,.T.);
#4657 = EDGE_LOOP('',(#4658,#4666,#4667,#4668));
#4658 = ORIENTED_EDGE('',*,*,#4659,.F.);
#4659 = EDGE_CURVE('',#3943,#4660,#4662,.T.);
#4660 = VERTEX_POINT('',#4661);
#4661 = CARTESIAN_POINT('',(-3.10862446895E-15,-17.526,-3.68));
#4662 = LINE('',#4663,#4664);
#4663 = CARTESIAN_POINT('',(-2.988609909575E-15,-17.526,0.));
#4664 = VECTOR('',#4665,1.);
#4665 = DIRECTION('',(0.,0.,-1.));
#4666 = ORIENTED_EDGE('',*,*,#3942,.F.);
#4667 = ORIENTED_EDGE('',*,*,#4659,.T.);
#4668 = ORIENTED_EDGE('',*,*,#4669,.T.);
#4669 = EDGE_CURVE('',#4660,#4660,#4670,.T.);
#4670 = CIRCLE('',#4671,0.254);
#4671 = AXIS2_PLACEMENT_3D('',#4672,#4673,#4674);
#4672 = CARTESIAN_POINT('',(-3.076115267924E-15,-17.78,-3.68));
#4673 = DIRECTION('',(0.,-0.,1.));
#4674 = DIRECTION('',(3.445092848398E-16,1.,0.));
#4675 = CYLINDRICAL_SURFACE('',#4676,0.254);
#4676 = AXIS2_PLACEMENT_3D('',#4677,#4678,#4679);
#4677 = CARTESIAN_POINT('',(-3.076115267924E-15,-17.78,0.));
#4678 = DIRECTION('',(0.,0.,1.));
#4679 = DIRECTION('',(3.445092848398E-16,1.,-0.));
#4680 = ADVANCED_FACE('',(#4681),#4700,.T.);
#4681 = FACE_BOUND('',#4682,.T.);
#4682 = EDGE_LOOP('',(#4683,#4691,#4692,#4693));
#4683 = ORIENTED_EDGE('',*,*,#4684,.F.);
#4684 = EDGE_CURVE('',#3963,#4685,#4687,.T.);
#4685 = VERTEX_POINT('',#4686);
#4686 = CARTESIAN_POINT('',(-2.22044604925E-15,-14.986,-3.68));
#4687 = LINE('',#4688,#4689);
#4688 = CARTESIAN_POINT('',(-2.100431489874E-15,-14.986,0.));
#4689 = VECTOR('',#4690,1.);
#4690 = DIRECTION('',(0.,0.,-1.));
#4691 = ORIENTED_EDGE('',*,*,#3962,.F.);
#4692 = ORIENTED_EDGE('',*,*,#4684,.T.);
#4693 = ORIENTED_EDGE('',*,*,#4694,.T.);
#4694 = EDGE_CURVE('',#4685,#4685,#4695,.T.);
#4695 = CIRCLE('',#4696,0.254);
#4696 = AXIS2_PLACEMENT_3D('',#4697,#4698,#4699);
#4697 = CARTESIAN_POINT('',(-2.187936848224E-15,-15.24,-3.68));
#4698 = DIRECTION('',(0.,-0.,1.));
#4699 = DIRECTION('',(3.445092848398E-16,1.,0.));
#4700 = CYLINDRICAL_SURFACE('',#4701,0.254);
#4701 = AXIS2_PLACEMENT_3D('',#4702,#4703,#4704);
#4702 = CARTESIAN_POINT('',(-2.187936848224E-15,-15.24,0.));
#4703 = DIRECTION('',(0.,0.,1.));
#4704 = DIRECTION('',(3.445092848398E-16,1.,-0.));
#4705 = ADVANCED_FACE('',(#4706),#4725,.T.);
#4706 = FACE_BOUND('',#4707,.T.);
#4707 = EDGE_LOOP('',(#4708,#4716,#4717,#4718));
#4708 = ORIENTED_EDGE('',*,*,#4709,.F.);
#4709 = EDGE_CURVE('',#3983,#4710,#4712,.T.);
#4710 = VERTEX_POINT('',#4711);
#4711 = CARTESIAN_POINT('',(-4.440892098501E-16,-9.906,-3.68));
#4712 = LINE('',#4713,#4714);
#4713 = CARTESIAN_POINT('',(-3.240746504742E-16,-9.906,0.));
#4714 = VECTOR('',#4715,1.);
#4715 = DIRECTION('',(0.,0.,-1.));
#4716 = ORIENTED_EDGE('',*,*,#3982,.F.);
#4717 = ORIENTED_EDGE('',*,*,#4709,.T.);
#4718 = ORIENTED_EDGE('',*,*,#4719,.T.);
#4719 = EDGE_CURVE('',#4710,#4710,#4720,.T.);
#4720 = CIRCLE('',#4721,0.254);
#4721 = AXIS2_PLACEMENT_3D('',#4722,#4723,#4724);
#4722 = CARTESIAN_POINT('',(-4.115800088235E-16,-10.16,-3.68));
#4723 = DIRECTION('',(0.,-0.,1.));
#4724 = DIRECTION('',(3.445092848398E-16,1.,0.));
#4725 = CYLINDRICAL_SURFACE('',#4726,0.254);
#4726 = AXIS2_PLACEMENT_3D('',#4727,#4728,#4729);
#4727 = CARTESIAN_POINT('',(-4.115800088235E-16,-10.16,0.));
#4728 = DIRECTION('',(0.,0.,1.));
#4729 = DIRECTION('',(3.445092848398E-16,1.,-0.));
#4730 = ADVANCED_FACE('',(#4731),#4750,.T.);
#4731 = FACE_BOUND('',#4732,.T.);
#4732 = EDGE_LOOP('',(#4733,#4741,#4742,#4743));
#4733 = ORIENTED_EDGE('',*,*,#4734,.F.);
#4734 = EDGE_CURVE('',#4003,#4735,#4737,.T.);
#4735 = VERTEX_POINT('',#4736);
#4736 = CARTESIAN_POINT('',(-1.33226762955E-15,-12.446,-3.68));
#4737 = LINE('',#4738,#4739);
#4738 = CARTESIAN_POINT('',(-1.212253070174E-15,-12.446,0.));
#4739 = VECTOR('',#4740,1.);
#4740 = DIRECTION('',(0.,0.,-1.));
#4741 = ORIENTED_EDGE('',*,*,#4002,.F.);
#4742 = ORIENTED_EDGE('',*,*,#4734,.T.);
#4743 = ORIENTED_EDGE('',*,*,#4744,.T.);
#4744 = EDGE_CURVE('',#4735,#4735,#4745,.T.);
#4745 = CIRCLE('',#4746,0.254);
#4746 = AXIS2_PLACEMENT_3D('',#4747,#4748,#4749);
#4747 = CARTESIAN_POINT('',(-1.299758428524E-15,-12.7,-3.68));
#4748 = DIRECTION('',(0.,-0.,1.));
#4749 = DIRECTION('',(3.445092848398E-16,1.,0.));
#4750 = CYLINDRICAL_SURFACE('',#4751,0.254);
#4751 = AXIS2_PLACEMENT_3D('',#4752,#4753,#4754);
#4752 = CARTESIAN_POINT('',(-1.299758428524E-15,-12.7,0.));
#4753 = DIRECTION('',(0.,0.,1.));
#4754 = DIRECTION('',(3.445092848398E-16,1.,-0.));
#4755 = ADVANCED_FACE('',(#4756),#4775,.T.);
#4756 = FACE_BOUND('',#4757,.T.);
#4757 = EDGE_LOOP('',(#4758,#4766,#4767,#4768));
#4758 = ORIENTED_EDGE('',*,*,#4759,.F.);
#4759 = EDGE_CURVE('',#4023,#4760,#4762,.T.);
#4760 = VERTEX_POINT('',#4761);
#4761 = CARTESIAN_POINT('',(7.62,-18.034,-3.68));
#4762 = LINE('',#4763,#4764);
#4763 = CARTESIAN_POINT('',(7.62,-18.034,0.));
#4764 = VECTOR('',#4765,1.);
#4765 = DIRECTION('',(0.,-0.,-1.));
#4766 = ORIENTED_EDGE('',*,*,#4022,.F.);
#4767 = ORIENTED_EDGE('',*,*,#4759,.T.);
#4768 = ORIENTED_EDGE('',*,*,#4769,.T.);
#4769 = EDGE_CURVE('',#4760,#4760,#4770,.T.);
#4770 = CIRCLE('',#4771,0.254);
#4771 = AXIS2_PLACEMENT_3D('',#4772,#4773,#4774);
#4772 = CARTESIAN_POINT('',(7.62,-17.78,-3.68));
#4773 = DIRECTION('',(0.,0.,1.));
#4774 = DIRECTION('',(-2.22044604925E-16,-1.,0.));
#4775 = CYLINDRICAL_SURFACE('',#4776,0.254);
#4776 = AXIS2_PLACEMENT_3D('',#4777,#4778,#4779);
#4777 = CARTESIAN_POINT('',(7.62,-17.78,0.));
#4778 = DIRECTION('',(0.,0.,1.));
#4779 = DIRECTION('',(-2.22044604925E-16,-1.,0.));
#4780 = ADVANCED_FACE('',(#4781),#4800,.T.);
#4781 = FACE_BOUND('',#4782,.T.);
#4782 = EDGE_LOOP('',(#4783,#4791,#4792,#4793));
#4783 = ORIENTED_EDGE('',*,*,#4784,.F.);
#4784 = EDGE_CURVE('',#4043,#4785,#4787,.T.);
#4785 = VERTEX_POINT('',#4786);
#4786 = CARTESIAN_POINT('',(7.62,-15.494,-3.68));
#4787 = LINE('',#4788,#4789);
#4788 = CARTESIAN_POINT('',(7.62,-15.494,0.));
#4789 = VECTOR('',#4790,1.);
#4790 = DIRECTION('',(0.,-0.,-1.));
#4791 = ORIENTED_EDGE('',*,*,#4042,.F.);
#4792 = ORIENTED_EDGE('',*,*,#4784,.T.);
#4793 = ORIENTED_EDGE('',*,*,#4794,.T.);
#4794 = EDGE_CURVE('',#4785,#4785,#4795,.T.);
#4795 = CIRCLE('',#4796,0.254);
#4796 = AXIS2_PLACEMENT_3D('',#4797,#4798,#4799);
#4797 = CARTESIAN_POINT('',(7.62,-15.24,-3.68));
#4798 = DIRECTION('',(0.,0.,1.));
#4799 = DIRECTION('',(-2.22044604925E-16,-1.,0.));
#4800 = CYLINDRICAL_SURFACE('',#4801,0.254);
#4801 = AXIS2_PLACEMENT_3D('',#4802,#4803,#4804);
#4802 = CARTESIAN_POINT('',(7.62,-15.24,0.));
#4803 = DIRECTION('',(0.,0.,1.));
#4804 = DIRECTION('',(-2.22044604925E-16,-1.,0.));
#4805 = ADVANCED_FACE('',(#4806),#4825,.T.);
#4806 = FACE_BOUND('',#4807,.T.);
#4807 = EDGE_LOOP('',(#4808,#4816,#4817,#4818));
#4808 = ORIENTED_EDGE('',*,*,#4809,.F.);
#4809 = EDGE_CURVE('',#4063,#4810,#4812,.T.);
#4810 = VERTEX_POINT('',#4811);
#4811 = CARTESIAN_POINT('',(7.62,-10.414,-3.68));
#4812 = LINE('',#4813,#4814);
#4813 = CARTESIAN_POINT('',(7.62,-10.414,0.));
#4814 = VECTOR('',#4815,1.);
#4815 = DIRECTION('',(0.,-0.,-1.));
#4816 = ORIENTED_EDGE('',*,*,#4062,.F.);
#4817 = ORIENTED_EDGE('',*,*,#4809,.T.);
#4818 = ORIENTED_EDGE('',*,*,#4819,.T.);
#4819 = EDGE_CURVE('',#4810,#4810,#4820,.T.);
#4820 = CIRCLE('',#4821,0.254);
#4821 = AXIS2_PLACEMENT_3D('',#4822,#4823,#4824);
#4822 = CARTESIAN_POINT('',(7.62,-10.16,-3.68));
#4823 = DIRECTION('',(0.,0.,1.));
#4824 = DIRECTION('',(-2.22044604925E-16,-1.,0.));
#4825 = CYLINDRICAL_SURFACE('',#4826,0.254);
#4826 = AXIS2_PLACEMENT_3D('',#4827,#4828,#4829);
#4827 = CARTESIAN_POINT('',(7.62,-10.16,0.));
#4828 = DIRECTION('',(0.,0.,1.));
#4829 = DIRECTION('',(-2.22044604925E-16,-1.,0.));
#4830 = ADVANCED_FACE('',(#4831),#4850,.T.);
#4831 = FACE_BOUND('',#4832,.T.);
#4832 = EDGE_LOOP('',(#4833,#4841,#4842,#4843));
#4833 = ORIENTED_EDGE('',*,*,#4834,.F.);
#4834 = EDGE_CURVE('',#4083,#4835,#4837,.T.);
#4835 = VERTEX_POINT('',#4836);
#4836 = CARTESIAN_POINT('',(7.62,-12.954,-3.68));
#4837 = LINE('',#4838,#4839);
#4838 = CARTESIAN_POINT('',(7.62,-12.954,0.));
#4839 = VECTOR('',#4840,1.);
#4840 = DIRECTION('',(0.,-0.,-1.));
#4841 = ORIENTED_EDGE('',*,*,#4082,.F.);
#4842 = ORIENTED_EDGE('',*,*,#4834,.T.);
#4843 = ORIENTED_EDGE('',*,*,#4844,.T.);
#4844 = EDGE_CURVE('',#4835,#4835,#4845,.T.);
#4845 = CIRCLE('',#4846,0.254);
#4846 = AXIS2_PLACEMENT_3D('',#4847,#4848,#4849);
#4847 = CARTESIAN_POINT('',(7.62,-12.7,-3.68));
#4848 = DIRECTION('',(0.,0.,1.));
#4849 = DIRECTION('',(-2.22044604925E-16,-1.,0.));
#4850 = CYLINDRICAL_SURFACE('',#4851,0.254);
#4851 = AXIS2_PLACEMENT_3D('',#4852,#4853,#4854);
#4852 = CARTESIAN_POINT('',(7.62,-12.7,0.));
#4853 = DIRECTION('',(0.,0.,1.));
#4854 = DIRECTION('',(-2.22044604925E-16,-1.,0.));
#4855 = ADVANCED_FACE('',(#4856),#4875,.T.);
#4856 = FACE_BOUND('',#4857,.T.);
#4857 = EDGE_LOOP('',(#4858,#4866,#4867,#4868));
#4858 = ORIENTED_EDGE('',*,*,#4859,.F.);
#4859 = EDGE_CURVE('',#4103,#4860,#4862,.T.);
#4860 = VERTEX_POINT('',#4861);
#4861 = CARTESIAN_POINT('',(7.62,-0.254,-3.68));
#4862 = LINE('',#4863,#4864);
#4863 = CARTESIAN_POINT('',(7.62,-0.254,0.));
#4864 = VECTOR('',#4865,1.);
#4865 = DIRECTION('',(0.,-0.,-1.));
#4866 = ORIENTED_EDGE('',*,*,#4102,.F.);
#4867 = ORIENTED_EDGE('',*,*,#4859,.T.);
#4868 = ORIENTED_EDGE('',*,*,#4869,.T.);
#4869 = EDGE_CURVE('',#4860,#4860,#4870,.T.);
#4870 = CIRCLE('',#4871,0.254);
#4871 = AXIS2_PLACEMENT_3D('',#4872,#4873,#4874);
#4872 = CARTESIAN_POINT('',(7.62,5.551115123126E-17,-3.68));
#4873 = DIRECTION('',(0.,0.,1.));
#4874 = DIRECTION('',(-2.22044604925E-16,-1.,0.));
#4875 = CYLINDRICAL_SURFACE('',#4876,0.254);
#4876 = AXIS2_PLACEMENT_3D('',#4877,#4878,#4879);
#4877 = CARTESIAN_POINT('',(7.62,5.551115123126E-17,0.));
#4878 = DIRECTION('',(0.,0.,1.));
#4879 = DIRECTION('',(-2.22044604925E-16,-1.,0.));
#4880 = ADVANCED_FACE('',(#4881),#4900,.T.);
#4881 = FACE_BOUND('',#4882,.T.);
#4882 = EDGE_LOOP('',(#4883,#4891,#4892,#4893));
#4883 = ORIENTED_EDGE('',*,*,#4884,.F.);
#4884 = EDGE_CURVE('',#4123,#4885,#4887,.T.);
#4885 = VERTEX_POINT('',#4886);
#4886 = CARTESIAN_POINT('',(7.62,-2.794,-3.68));
#4887 = LINE('',#4888,#4889);
#4888 = CARTESIAN_POINT('',(7.62,-2.794,0.));
#4889 = VECTOR('',#4890,1.);
#4890 = DIRECTION('',(0.,-0.,-1.));
#4891 = ORIENTED_EDGE('',*,*,#4122,.F.);
#4892 = ORIENTED_EDGE('',*,*,#4884,.T.);
#4893 = ORIENTED_EDGE('',*,*,#4894,.T.);
#4894 = EDGE_CURVE('',#4885,#4885,#4895,.T.);
#4895 = CIRCLE('',#4896,0.254);
#4896 = AXIS2_PLACEMENT_3D('',#4897,#4898,#4899);
#4897 = CARTESIAN_POINT('',(7.62,-2.54,-3.68));
#4898 = DIRECTION('',(0.,0.,1.));
#4899 = DIRECTION('',(-2.22044604925E-16,-1.,0.));
#4900 = CYLINDRICAL_SURFACE('',#4901,0.254);
#4901 = AXIS2_PLACEMENT_3D('',#4902,#4903,#4904);
#4902 = CARTESIAN_POINT('',(7.62,-2.54,0.));
#4903 = DIRECTION('',(0.,0.,1.));
#4904 = DIRECTION('',(-2.22044604925E-16,-1.,0.));
#4905 = ADVANCED_FACE('',(#4906),#4925,.T.);
#4906 = FACE_BOUND('',#4907,.T.);
#4907 = EDGE_LOOP('',(#4908,#4916,#4917,#4918));
#4908 = ORIENTED_EDGE('',*,*,#4909,.F.);
#4909 = EDGE_CURVE('',#4143,#4910,#4912,.T.);
#4910 = VERTEX_POINT('',#4911);
#4911 = CARTESIAN_POINT('',(7.62,-5.334,-3.68));
#4912 = LINE('',#4913,#4914);
#4913 = CARTESIAN_POINT('',(7.62,-5.334,0.));
#4914 = VECTOR('',#4915,1.);
#4915 = DIRECTION('',(0.,-0.,-1.));
#4916 = ORIENTED_EDGE('',*,*,#4142,.F.);
#4917 = ORIENTED_EDGE('',*,*,#4909,.T.);
#4918 = ORIENTED_EDGE('',*,*,#4919,.T.);
#4919 = EDGE_CURVE('',#4910,#4910,#4920,.T.);
#4920 = CIRCLE('',#4921,0.254);
#4921 = AXIS2_PLACEMENT_3D('',#4922,#4923,#4924);
#4922 = CARTESIAN_POINT('',(7.62,-5.08,-3.68));
#4923 = DIRECTION('',(0.,0.,1.));
#4924 = DIRECTION('',(-2.22044604925E-16,-1.,0.));
#4925 = CYLINDRICAL_SURFACE('',#4926,0.254);
#4926 = AXIS2_PLACEMENT_3D('',#4927,#4928,#4929);
#4927 = CARTESIAN_POINT('',(7.62,-5.08,0.));
#4928 = DIRECTION('',(0.,0.,1.));
#4929 = DIRECTION('',(-2.22044604925E-16,-1.,0.));
#4930 = ADVANCED_FACE('',(#4931),#4950,.T.);
#4931 = FACE_BOUND('',#4932,.T.);
#4932 = EDGE_LOOP('',(#4933,#4941,#4942,#4943));
#4933 = ORIENTED_EDGE('',*,*,#4934,.F.);
#4934 = EDGE_CURVE('',#4163,#4935,#4937,.T.);
#4935 = VERTEX_POINT('',#4936);
#4936 = CARTESIAN_POINT('',(2.22044604925E-15,-2.286,-3.68));
#4937 = LINE('',#4938,#4939);
#4938 = CARTESIAN_POINT('',(2.340460608626E-15,-2.286,0.));
#4939 = VECTOR('',#4940,1.);
#4940 = DIRECTION('',(0.,0.,-1.));
#4941 = ORIENTED_EDGE('',*,*,#4162,.F.);
#4942 = ORIENTED_EDGE('',*,*,#4934,.T.);
#4943 = ORIENTED_EDGE('',*,*,#4944,.T.);
#4944 = EDGE_CURVE('',#4935,#4935,#4945,.T.);
#4945 = CIRCLE('',#4946,0.254);
#4946 = AXIS2_PLACEMENT_3D('',#4947,#4948,#4949);
#4947 = CARTESIAN_POINT('',(2.252955250277E-15,-2.54,-3.68));
#4948 = DIRECTION('',(0.,-0.,1.));
#4949 = DIRECTION('',(3.445092848398E-16,1.,0.));
#4950 = CYLINDRICAL_SURFACE('',#4951,0.254);
#4951 = AXIS2_PLACEMENT_3D('',#4952,#4953,#4954);
#4952 = CARTESIAN_POINT('',(2.252955250277E-15,-2.54,0.));
#4953 = DIRECTION('',(0.,0.,1.));
#4954 = DIRECTION('',(3.445092848398E-16,1.,-0.));
#4955 = ADVANCED_FACE('',(#4956),#4975,.T.);
#4956 = FACE_BOUND('',#4957,.T.);
#4957 = EDGE_LOOP('',(#4958,#4966,#4967,#4968));
#4958 = ORIENTED_EDGE('',*,*,#4959,.F.);
#4959 = EDGE_CURVE('',#4183,#4960,#4962,.T.);
#4960 = VERTEX_POINT('',#4961);
#4961 = CARTESIAN_POINT('',(3.10862446895E-15,0.254,-3.68));
#4962 = LINE('',#4963,#4964);
#4963 = CARTESIAN_POINT('',(3.228639028326E-15,0.254,0.));
#4964 = VECTOR('',#4965,1.);
#4965 = DIRECTION('',(0.,0.,-1.));
#4966 = ORIENTED_EDGE('',*,*,#4182,.F.);
#4967 = ORIENTED_EDGE('',*,*,#4959,.T.);
#4968 = ORIENTED_EDGE('',*,*,#4969,.T.);
#4969 = EDGE_CURVE('',#4960,#4960,#4970,.T.);
#4970 = CIRCLE('',#4971,0.254);
#4971 = AXIS2_PLACEMENT_3D('',#4972,#4973,#4974);
#4972 = CARTESIAN_POINT('',(3.141133669977E-15,1.720845688169E-15,-3.68)
  );
#4973 = DIRECTION('',(0.,-0.,1.));
#4974 = DIRECTION('',(3.445092848398E-16,1.,0.));
#4975 = CYLINDRICAL_SURFACE('',#4976,0.254);
#4976 = AXIS2_PLACEMENT_3D('',#4977,#4978,#4979);
#4977 = CARTESIAN_POINT('',(3.141133669977E-15,1.720845688169E-15,0.));
#4978 = DIRECTION('',(0.,0.,1.));
#4979 = DIRECTION('',(3.445092848398E-16,1.,-0.));
#4980 = ADVANCED_FACE('',(#4981),#5000,.T.);
#4981 = FACE_BOUND('',#4982,.T.);
#4982 = EDGE_LOOP('',(#4983,#4991,#4992,#4993));
#4983 = ORIENTED_EDGE('',*,*,#4984,.F.);
#4984 = EDGE_CURVE('',#4203,#4985,#4987,.T.);
#4985 = VERTEX_POINT('',#4986);
#4986 = CARTESIAN_POINT('',(7.62,-7.874,-3.68));
#4987 = LINE('',#4988,#4989);
#4988 = CARTESIAN_POINT('',(7.62,-7.874,0.));
#4989 = VECTOR('',#4990,1.);
#4990 = DIRECTION('',(0.,-0.,-1.));
#4991 = ORIENTED_EDGE('',*,*,#4202,.F.);
#4992 = ORIENTED_EDGE('',*,*,#4984,.T.);
#4993 = ORIENTED_EDGE('',*,*,#4994,.T.);
#4994 = EDGE_CURVE('',#4985,#4985,#4995,.T.);
#4995 = CIRCLE('',#4996,0.254);
#4996 = AXIS2_PLACEMENT_3D('',#4997,#4998,#4999);
#4997 = CARTESIAN_POINT('',(7.62,-7.62,-3.68));
#4998 = DIRECTION('',(0.,0.,1.));
#4999 = DIRECTION('',(-2.22044604925E-16,-1.,0.));
#5000 = CYLINDRICAL_SURFACE('',#5001,0.254);
#5001 = AXIS2_PLACEMENT_3D('',#5002,#5003,#5004);
#5002 = CARTESIAN_POINT('',(7.62,-7.62,0.));
#5003 = DIRECTION('',(0.,0.,1.));
#5004 = DIRECTION('',(-2.22044604925E-16,-1.,0.));
#5005 = ADVANCED_FACE('',(#5006),#5025,.T.);
#5006 = FACE_BOUND('',#5007,.T.);
#5007 = EDGE_LOOP('',(#5008,#5016,#5017,#5018));
#5008 = ORIENTED_EDGE('',*,*,#5009,.F.);
#5009 = EDGE_CURVE('',#4223,#5010,#5012,.T.);
#5010 = VERTEX_POINT('',#5011);
#5011 = CARTESIAN_POINT('',(4.440892098501E-16,-7.366,-3.68));
#5012 = LINE('',#5013,#5014);
#5013 = CARTESIAN_POINT('',(5.641037692259E-16,-7.366,0.));
#5014 = VECTOR('',#5015,1.);
#5015 = DIRECTION('',(0.,0.,-1.));
#5016 = ORIENTED_EDGE('',*,*,#4222,.F.);
#5017 = ORIENTED_EDGE('',*,*,#5009,.T.);
#5018 = ORIENTED_EDGE('',*,*,#5019,.T.);
#5019 = EDGE_CURVE('',#5010,#5010,#5020,.T.);
#5020 = CIRCLE('',#5021,0.254);
#5021 = AXIS2_PLACEMENT_3D('',#5022,#5023,#5024);
#5022 = CARTESIAN_POINT('',(4.765984108766E-16,-7.62,-3.68));
#5023 = DIRECTION('',(0.,-0.,1.));
#5024 = DIRECTION('',(3.445092848398E-16,1.,0.));
#5025 = CYLINDRICAL_SURFACE('',#5026,0.254);
#5026 = AXIS2_PLACEMENT_3D('',#5027,#5028,#5029);
#5027 = CARTESIAN_POINT('',(4.765984108766E-16,-7.62,0.));
#5028 = DIRECTION('',(0.,0.,1.));
#5029 = DIRECTION('',(3.445092848398E-16,1.,-0.));
#5030 = ADVANCED_FACE('',(#5031),#5050,.T.);
#5031 = FACE_BOUND('',#5032,.T.);
#5032 = EDGE_LOOP('',(#5033,#5041,#5042,#5043));
#5033 = ORIENTED_EDGE('',*,*,#5034,.F.);
#5034 = EDGE_CURVE('',#4243,#5035,#5037,.T.);
#5035 = VERTEX_POINT('',#5036);
#5036 = CARTESIAN_POINT('',(1.33226762955E-15,-4.826,-3.68));
#5037 = LINE('',#5038,#5039);
#5038 = CARTESIAN_POINT('',(1.452282188926E-15,-4.826,0.));
#5039 = VECTOR('',#5040,1.);
#5040 = DIRECTION('',(0.,0.,-1.));
#5041 = ORIENTED_EDGE('',*,*,#4242,.F.);
#5042 = ORIENTED_EDGE('',*,*,#5034,.T.);
#5043 = ORIENTED_EDGE('',*,*,#5044,.T.);
#5044 = EDGE_CURVE('',#5035,#5035,#5045,.T.);
#5045 = CIRCLE('',#5046,0.254);
#5046 = AXIS2_PLACEMENT_3D('',#5047,#5048,#5049);
#5047 = CARTESIAN_POINT('',(1.364776830577E-15,-5.08,-3.68));
#5048 = DIRECTION('',(0.,-0.,1.));
#5049 = DIRECTION('',(3.445092848398E-16,1.,0.));
#5050 = CYLINDRICAL_SURFACE('',#5051,0.254);
#5051 = AXIS2_PLACEMENT_3D('',#5052,#5053,#5054);
#5052 = CARTESIAN_POINT('',(1.364776830577E-15,-5.08,0.));
#5053 = DIRECTION('',(0.,0.,1.));
#5054 = DIRECTION('',(3.445092848398E-16,1.,-0.));
#5055 = ADVANCED_FACE('',(#5056),#5059,.F.);
#5056 = FACE_BOUND('',#5057,.F.);
#5057 = EDGE_LOOP('',(#5058));
#5058 = ORIENTED_EDGE('',*,*,#4267,.T.);
#5059 = PLANE('',#5060);
#5060 = AXIS2_PLACEMENT_3D('',#5061,#5062,#5063);
#5061 = CARTESIAN_POINT('',(3.2763230848E-15,1.7763568394E-15,1.34));
#5062 = DIRECTION('',(0.,0.,-1.));
#5063 = DIRECTION('',(-3.445092848398E-16,-1.,-0.));
#5064 = ADVANCED_FACE('',(#5065),#5068,.F.);
#5065 = FACE_BOUND('',#5066,.F.);
#5066 = EDGE_LOOP('',(#5067));
#5067 = ORIENTED_EDGE('',*,*,#4292,.T.);
#5068 = PLANE('',#5069);
#5069 = AXIS2_PLACEMENT_3D('',#5070,#5071,#5072);
#5070 = CARTESIAN_POINT('',(2.3881446651E-15,-2.54,1.34));
#5071 = DIRECTION('',(0.,0.,-1.));
#5072 = DIRECTION('',(-3.445092848398E-16,-1.,-0.));
#5073 = ADVANCED_FACE('',(#5074),#5077,.F.);
#5074 = FACE_BOUND('',#5075,.F.);
#5075 = EDGE_LOOP('',(#5076));
#5076 = ORIENTED_EDGE('',*,*,#4317,.T.);
#5077 = PLANE('',#5078);
#5078 = AXIS2_PLACEMENT_3D('',#5079,#5080,#5081);
#5079 = CARTESIAN_POINT('',(1.4999662454E-15,-5.08,1.34));
#5080 = DIRECTION('',(0.,0.,-1.));
#5081 = DIRECTION('',(-3.445092848398E-16,-1.,-0.));
#5082 = ADVANCED_FACE('',(#5083),#5086,.F.);
#5083 = FACE_BOUND('',#5084,.F.);
#5084 = EDGE_LOOP('',(#5085));
#5085 = ORIENTED_EDGE('',*,*,#4342,.T.);
#5086 = PLANE('',#5087);
#5087 = AXIS2_PLACEMENT_3D('',#5088,#5089,#5090);
#5088 = CARTESIAN_POINT('',(-2.0527474334E-15,-15.24,1.34));
#5089 = DIRECTION('',(0.,0.,-1.));
#5090 = DIRECTION('',(-3.445092848398E-16,-1.,-0.));
#5091 = ADVANCED_FACE('',(#5092),#5095,.F.);
#5092 = FACE_BOUND('',#5093,.F.);
#5093 = EDGE_LOOP('',(#5094));
#5094 = ORIENTED_EDGE('',*,*,#4367,.T.);
#5095 = PLANE('',#5096);
#5096 = AXIS2_PLACEMENT_3D('',#5097,#5098,#5099);
#5097 = CARTESIAN_POINT('',(-1.1645690137E-15,-12.7,1.34));
#5098 = DIRECTION('',(0.,0.,-1.));
#5099 = DIRECTION('',(-3.445092848398E-16,-1.,-0.));
#5100 = ADVANCED_FACE('',(#5101),#5104,.F.);
#5101 = FACE_BOUND('',#5102,.F.);
#5102 = EDGE_LOOP('',(#5103));
#5103 = ORIENTED_EDGE('',*,*,#4392,.T.);
#5104 = PLANE('',#5105);
#5105 = AXIS2_PLACEMENT_3D('',#5106,#5107,#5108);
#5106 = CARTESIAN_POINT('',(6.117878256999E-16,-7.62,1.34));
#5107 = DIRECTION('',(0.,0.,-1.));
#5108 = DIRECTION('',(-3.445092848398E-16,-1.,-0.));
#5109 = ADVANCED_FACE('',(#5110),#5113,.F.);
#5110 = FACE_BOUND('',#5111,.F.);
#5111 = EDGE_LOOP('',(#5112));
#5112 = ORIENTED_EDGE('',*,*,#4417,.T.);
#5113 = PLANE('',#5114);
#5114 = AXIS2_PLACEMENT_3D('',#5115,#5116,#5117);
#5115 = CARTESIAN_POINT('',(-2.763905940002E-16,-10.16,1.34));
#5116 = DIRECTION('',(0.,0.,-1.));
#5117 = DIRECTION('',(-3.445092848398E-16,-1.,-0.));
#5118 = ADVANCED_FACE('',(#5119),#5122,.F.);
#5119 = FACE_BOUND('',#5120,.F.);
#5120 = EDGE_LOOP('',(#5121));
#5121 = ORIENTED_EDGE('',*,*,#4442,.T.);
#5122 = PLANE('',#5123);
#5123 = AXIS2_PLACEMENT_3D('',#5124,#5125,#5126);
#5124 = CARTESIAN_POINT('',(-2.940925853101E-15,-17.78,1.34));
#5125 = DIRECTION('',(0.,0.,-1.));
#5126 = DIRECTION('',(-3.445092848398E-16,-1.,-0.));
#5127 = ADVANCED_FACE('',(#5128),#5131,.F.);
#5128 = FACE_BOUND('',#5129,.F.);
#5129 = EDGE_LOOP('',(#5130));
#5130 = ORIENTED_EDGE('',*,*,#4467,.T.);
#5131 = PLANE('',#5132);
#5132 = AXIS2_PLACEMENT_3D('',#5133,#5134,#5135);
#5133 = CARTESIAN_POINT('',(7.62,-10.16,1.34));
#5134 = DIRECTION('',(0.,-0.,-1.));
#5135 = DIRECTION('',(2.22044604925E-16,1.,0.));
#5136 = ADVANCED_FACE('',(#5137),#5140,.F.);
#5137 = FACE_BOUND('',#5138,.F.);
#5138 = EDGE_LOOP('',(#5139));
#5139 = ORIENTED_EDGE('',*,*,#4492,.T.);
#5140 = PLANE('',#5141);
#5141 = AXIS2_PLACEMENT_3D('',#5142,#5143,#5144);
#5142 = CARTESIAN_POINT('',(7.62,-7.62,1.34));
#5143 = DIRECTION('',(0.,-0.,-1.));
#5144 = DIRECTION('',(2.22044604925E-16,1.,0.));
#5145 = ADVANCED_FACE('',(#5146),#5149,.F.);
#5146 = FACE_BOUND('',#5147,.F.);
#5147 = EDGE_LOOP('',(#5148));
#5148 = ORIENTED_EDGE('',*,*,#4517,.T.);
#5149 = PLANE('',#5150);
#5150 = AXIS2_PLACEMENT_3D('',#5151,#5152,#5153);
#5151 = CARTESIAN_POINT('',(7.62,-2.54,1.34));
#5152 = DIRECTION('',(0.,-0.,-1.));
#5153 = DIRECTION('',(2.22044604925E-16,1.,0.));
#5154 = ADVANCED_FACE('',(#5155),#5158,.F.);
#5155 = FACE_BOUND('',#5156,.F.);
#5156 = EDGE_LOOP('',(#5157));
#5157 = ORIENTED_EDGE('',*,*,#4542,.T.);
#5158 = PLANE('',#5159);
#5159 = AXIS2_PLACEMENT_3D('',#5160,#5161,#5162);
#5160 = CARTESIAN_POINT('',(7.62,-5.08,1.34));
#5161 = DIRECTION('',(0.,-0.,-1.));
#5162 = DIRECTION('',(2.22044604925E-16,1.,0.));
#5163 = ADVANCED_FACE('',(#5164),#5167,.F.);
#5164 = FACE_BOUND('',#5165,.F.);
#5165 = EDGE_LOOP('',(#5166));
#5166 = ORIENTED_EDGE('',*,*,#4567,.T.);
#5167 = PLANE('',#5168);
#5168 = AXIS2_PLACEMENT_3D('',#5169,#5170,#5171);
#5169 = CARTESIAN_POINT('',(7.62,-17.78,1.34));
#5170 = DIRECTION('',(0.,-0.,-1.));
#5171 = DIRECTION('',(2.22044604925E-16,1.,0.));
#5172 = ADVANCED_FACE('',(#5173),#5176,.F.);
#5173 = FACE_BOUND('',#5174,.F.);
#5174 = EDGE_LOOP('',(#5175));
#5175 = ORIENTED_EDGE('',*,*,#4592,.T.);
#5176 = PLANE('',#5177);
#5177 = AXIS2_PLACEMENT_3D('',#5178,#5179,#5180);
#5178 = CARTESIAN_POINT('',(7.62,-15.24,1.34));
#5179 = DIRECTION('',(0.,-0.,-1.));
#5180 = DIRECTION('',(2.22044604925E-16,1.,0.));
#5181 = ADVANCED_FACE('',(#5182),#5185,.F.);
#5182 = FACE_BOUND('',#5183,.F.);
#5183 = EDGE_LOOP('',(#5184));
#5184 = ORIENTED_EDGE('',*,*,#4617,.T.);
#5185 = PLANE('',#5186);
#5186 = AXIS2_PLACEMENT_3D('',#5187,#5188,#5189);
#5187 = CARTESIAN_POINT('',(7.62,-12.7,1.34));
#5188 = DIRECTION('',(0.,-0.,-1.));
#5189 = DIRECTION('',(2.22044604925E-16,1.,0.));
#5190 = ADVANCED_FACE('',(#5191),#5194,.F.);
#5191 = FACE_BOUND('',#5192,.F.);
#5192 = EDGE_LOOP('',(#5193));
#5193 = ORIENTED_EDGE('',*,*,#4642,.T.);
#5194 = PLANE('',#5195);
#5195 = AXIS2_PLACEMENT_3D('',#5196,#5197,#5198);
#5196 = CARTESIAN_POINT('',(7.62,4.930380657631E-32,1.34));
#5197 = DIRECTION('',(0.,-0.,-1.));
#5198 = DIRECTION('',(2.22044604925E-16,1.,0.));
#5199 = ADVANCED_FACE('',(#5200),#5219,.T.);
#5200 = FACE_BOUND('',#5201,.T.);
#5201 = EDGE_LOOP('',(#5202,#5211,#5217,#5218));
#5202 = ORIENTED_EDGE('',*,*,#5203,.T.);
#5203 = EDGE_CURVE('',#5204,#5204,#5206,.T.);
#5204 = VERTEX_POINT('',#5205);
#5205 = CARTESIAN_POINT('',(-3.10862446895E-15,-17.626,-3.78));
#5206 = CIRCLE('',#5207,0.154);
#5207 = AXIS2_PLACEMENT_3D('',#5208,#5209,#5210);
#5208 = CARTESIAN_POINT('',(-3.076115267924E-15,-17.78,-3.78));
#5209 = DIRECTION('',(0.,-0.,1.));
#5210 = DIRECTION('',(3.445092848398E-16,1.,0.));
#5211 = ORIENTED_EDGE('',*,*,#5212,.F.);
#5212 = EDGE_CURVE('',#4660,#5204,#5213,.T.);
#5213 = LINE('',#5214,#5215);
#5214 = CARTESIAN_POINT('',(-2.988609909575E-15,-17.526,-3.68));
#5215 = VECTOR('',#5216,1.);
#5216 = DIRECTION('',(-2.436048514917E-16,-0.707106781187,
    -0.707106781187));
#5217 = ORIENTED_EDGE('',*,*,#4669,.F.);
#5218 = ORIENTED_EDGE('',*,*,#5212,.T.);
#5219 = CONICAL_SURFACE('',#5220,0.254,0.785398163397);
#5220 = AXIS2_PLACEMENT_3D('',#5221,#5222,#5223);
#5221 = CARTESIAN_POINT('',(-3.076115267924E-15,-17.78,-3.68));
#5222 = DIRECTION('',(0.,0.,1.));
#5223 = DIRECTION('',(3.445092848398E-16,1.,-0.));
#5224 = ADVANCED_FACE('',(#5225),#5244,.T.);
#5225 = FACE_BOUND('',#5226,.T.);
#5226 = EDGE_LOOP('',(#5227,#5236,#5242,#5243));
#5227 = ORIENTED_EDGE('',*,*,#5228,.T.);
#5228 = EDGE_CURVE('',#5229,#5229,#5231,.T.);
#5229 = VERTEX_POINT('',#5230);
#5230 = CARTESIAN_POINT('',(-2.22044604925E-15,-15.086,-3.78));
#5231 = CIRCLE('',#5232,0.154);
#5232 = AXIS2_PLACEMENT_3D('',#5233,#5234,#5235);
#5233 = CARTESIAN_POINT('',(-2.187936848224E-15,-15.24,-3.78));
#5234 = DIRECTION('',(0.,-0.,1.));
#5235 = DIRECTION('',(3.445092848398E-16,1.,0.));
#5236 = ORIENTED_EDGE('',*,*,#5237,.F.);
#5237 = EDGE_CURVE('',#4685,#5229,#5238,.T.);
#5238 = LINE('',#5239,#5240);
#5239 = CARTESIAN_POINT('',(-2.100431489874E-15,-14.986,-3.68));
#5240 = VECTOR('',#5241,1.);
#5241 = DIRECTION('',(-2.436048514917E-16,-0.707106781187,
    -0.707106781187));
#5242 = ORIENTED_EDGE('',*,*,#4694,.F.);
#5243 = ORIENTED_EDGE('',*,*,#5237,.T.);
#5244 = CONICAL_SURFACE('',#5245,0.254,0.785398163397);
#5245 = AXIS2_PLACEMENT_3D('',#5246,#5247,#5248);
#5246 = CARTESIAN_POINT('',(-2.187936848224E-15,-15.24,-3.68));
#5247 = DIRECTION('',(0.,0.,1.));
#5248 = DIRECTION('',(3.445092848398E-16,1.,-0.));
#5249 = ADVANCED_FACE('',(#5250),#5269,.T.);
#5250 = FACE_BOUND('',#5251,.T.);
#5251 = EDGE_LOOP('',(#5252,#5261,#5267,#5268));
#5252 = ORIENTED_EDGE('',*,*,#5253,.T.);
#5253 = EDGE_CURVE('',#5254,#5254,#5256,.T.);
#5254 = VERTEX_POINT('',#5255);
#5255 = CARTESIAN_POINT('',(-4.440892098501E-16,-10.006,-3.78));
#5256 = CIRCLE('',#5257,0.154);
#5257 = AXIS2_PLACEMENT_3D('',#5258,#5259,#5260);
#5258 = CARTESIAN_POINT('',(-4.115800088235E-16,-10.16,-3.78));
#5259 = DIRECTION('',(0.,-0.,1.));
#5260 = DIRECTION('',(3.445092848398E-16,1.,0.));
#5261 = ORIENTED_EDGE('',*,*,#5262,.F.);
#5262 = EDGE_CURVE('',#4710,#5254,#5263,.T.);
#5263 = LINE('',#5264,#5265);
#5264 = CARTESIAN_POINT('',(-3.240746504742E-16,-9.906,-3.68));
#5265 = VECTOR('',#5266,1.);
#5266 = DIRECTION('',(-2.436048514917E-16,-0.707106781187,
    -0.707106781187));
#5267 = ORIENTED_EDGE('',*,*,#4719,.F.);
#5268 = ORIENTED_EDGE('',*,*,#5262,.T.);
#5269 = CONICAL_SURFACE('',#5270,0.254,0.785398163397);
#5270 = AXIS2_PLACEMENT_3D('',#5271,#5272,#5273);
#5271 = CARTESIAN_POINT('',(-4.115800088235E-16,-10.16,-3.68));
#5272 = DIRECTION('',(0.,0.,1.));
#5273 = DIRECTION('',(3.445092848398E-16,1.,-0.));
#5274 = ADVANCED_FACE('',(#5275),#5294,.T.);
#5275 = FACE_BOUND('',#5276,.T.);
#5276 = EDGE_LOOP('',(#5277,#5286,#5292,#5293));
#5277 = ORIENTED_EDGE('',*,*,#5278,.T.);
#5278 = EDGE_CURVE('',#5279,#5279,#5281,.T.);
#5279 = VERTEX_POINT('',#5280);
#5280 = CARTESIAN_POINT('',(-1.33226762955E-15,-12.546,-3.78));
#5281 = CIRCLE('',#5282,0.154);
#5282 = AXIS2_PLACEMENT_3D('',#5283,#5284,#5285);
#5283 = CARTESIAN_POINT('',(-1.299758428524E-15,-12.7,-3.78));
#5284 = DIRECTION('',(0.,-0.,1.));
#5285 = DIRECTION('',(3.445092848398E-16,1.,0.));
#5286 = ORIENTED_EDGE('',*,*,#5287,.F.);
#5287 = EDGE_CURVE('',#4735,#5279,#5288,.T.);
#5288 = LINE('',#5289,#5290);
#5289 = CARTESIAN_POINT('',(-1.212253070174E-15,-12.446,-3.68));
#5290 = VECTOR('',#5291,1.);
#5291 = DIRECTION('',(-2.436048514917E-16,-0.707106781187,
    -0.707106781187));
#5292 = ORIENTED_EDGE('',*,*,#4744,.F.);
#5293 = ORIENTED_EDGE('',*,*,#5287,.T.);
#5294 = CONICAL_SURFACE('',#5295,0.254,0.785398163397);
#5295 = AXIS2_PLACEMENT_3D('',#5296,#5297,#5298);
#5296 = CARTESIAN_POINT('',(-1.299758428524E-15,-12.7,-3.68));
#5297 = DIRECTION('',(0.,0.,1.));
#5298 = DIRECTION('',(3.445092848398E-16,1.,-0.));
#5299 = ADVANCED_FACE('',(#5300),#5319,.T.);
#5300 = FACE_BOUND('',#5301,.T.);
#5301 = EDGE_LOOP('',(#5302,#5311,#5317,#5318));
#5302 = ORIENTED_EDGE('',*,*,#5303,.T.);
#5303 = EDGE_CURVE('',#5304,#5304,#5306,.T.);
#5304 = VERTEX_POINT('',#5305);
#5305 = CARTESIAN_POINT('',(7.62,-17.934,-3.78));
#5306 = CIRCLE('',#5307,0.154);
#5307 = AXIS2_PLACEMENT_3D('',#5308,#5309,#5310);
#5308 = CARTESIAN_POINT('',(7.62,-17.78,-3.78));
#5309 = DIRECTION('',(0.,0.,1.));
#5310 = DIRECTION('',(-2.22044604925E-16,-1.,0.));
#5311 = ORIENTED_EDGE('',*,*,#5312,.F.);
#5312 = EDGE_CURVE('',#4760,#5304,#5313,.T.);
#5313 = LINE('',#5314,#5315);
#5314 = CARTESIAN_POINT('',(7.62,-18.034,-3.68));
#5315 = VECTOR('',#5316,1.);
#5316 = DIRECTION('',(1.570092458683E-16,0.707106781187,-0.707106781187)
  );
#5317 = ORIENTED_EDGE('',*,*,#4769,.F.);
#5318 = ORIENTED_EDGE('',*,*,#5312,.T.);
#5319 = CONICAL_SURFACE('',#5320,0.254,0.785398163397);
#5320 = AXIS2_PLACEMENT_3D('',#5321,#5322,#5323);
#5321 = CARTESIAN_POINT('',(7.62,-17.78,-3.68));
#5322 = DIRECTION('',(0.,0.,1.));
#5323 = DIRECTION('',(-2.22044604925E-16,-1.,0.));
#5324 = ADVANCED_FACE('',(#5325),#5344,.T.);
#5325 = FACE_BOUND('',#5326,.T.);
#5326 = EDGE_LOOP('',(#5327,#5336,#5342,#5343));
#5327 = ORIENTED_EDGE('',*,*,#5328,.T.);
#5328 = EDGE_CURVE('',#5329,#5329,#5331,.T.);
#5329 = VERTEX_POINT('',#5330);
#5330 = CARTESIAN_POINT('',(7.62,-15.394,-3.78));
#5331 = CIRCLE('',#5332,0.154);
#5332 = AXIS2_PLACEMENT_3D('',#5333,#5334,#5335);
#5333 = CARTESIAN_POINT('',(7.62,-15.24,-3.78));
#5334 = DIRECTION('',(0.,0.,1.));
#5335 = DIRECTION('',(-2.22044604925E-16,-1.,0.));
#5336 = ORIENTED_EDGE('',*,*,#5337,.F.);
#5337 = EDGE_CURVE('',#4785,#5329,#5338,.T.);
#5338 = LINE('',#5339,#5340);
#5339 = CARTESIAN_POINT('',(7.62,-15.494,-3.68));
#5340 = VECTOR('',#5341,1.);
#5341 = DIRECTION('',(1.570092458683E-16,0.707106781187,-0.707106781187)
  );
#5342 = ORIENTED_EDGE('',*,*,#4794,.F.);
#5343 = ORIENTED_EDGE('',*,*,#5337,.T.);
#5344 = CONICAL_SURFACE('',#5345,0.254,0.785398163397);
#5345 = AXIS2_PLACEMENT_3D('',#5346,#5347,#5348);
#5346 = CARTESIAN_POINT('',(7.62,-15.24,-3.68));
#5347 = DIRECTION('',(0.,0.,1.));
#5348 = DIRECTION('',(-2.22044604925E-16,-1.,0.));
#5349 = ADVANCED_FACE('',(#5350),#5369,.T.);
#5350 = FACE_BOUND('',#5351,.T.);
#5351 = EDGE_LOOP('',(#5352,#5361,#5367,#5368));
#5352 = ORIENTED_EDGE('',*,*,#5353,.T.);
#5353 = EDGE_CURVE('',#5354,#5354,#5356,.T.);
#5354 = VERTEX_POINT('',#5355);
#5355 = CARTESIAN_POINT('',(7.62,-10.314,-3.78));
#5356 = CIRCLE('',#5357,0.154);
#5357 = AXIS2_PLACEMENT_3D('',#5358,#5359,#5360);
#5358 = CARTESIAN_POINT('',(7.62,-10.16,-3.78));
#5359 = DIRECTION('',(0.,0.,1.));
#5360 = DIRECTION('',(-2.22044604925E-16,-1.,0.));
#5361 = ORIENTED_EDGE('',*,*,#5362,.F.);
#5362 = EDGE_CURVE('',#4810,#5354,#5363,.T.);
#5363 = LINE('',#5364,#5365);
#5364 = CARTESIAN_POINT('',(7.62,-10.414,-3.68));
#5365 = VECTOR('',#5366,1.);
#5366 = DIRECTION('',(1.570092458683E-16,0.707106781187,-0.707106781187)
  );
#5367 = ORIENTED_EDGE('',*,*,#4819,.F.);
#5368 = ORIENTED_EDGE('',*,*,#5362,.T.);
#5369 = CONICAL_SURFACE('',#5370,0.254,0.785398163397);
#5370 = AXIS2_PLACEMENT_3D('',#5371,#5372,#5373);
#5371 = CARTESIAN_POINT('',(7.62,-10.16,-3.68));
#5372 = DIRECTION('',(0.,0.,1.));
#5373 = DIRECTION('',(-2.22044604925E-16,-1.,0.));
#5374 = ADVANCED_FACE('',(#5375),#5394,.T.);
#5375 = FACE_BOUND('',#5376,.T.);
#5376 = EDGE_LOOP('',(#5377,#5386,#5392,#5393));
#5377 = ORIENTED_EDGE('',*,*,#5378,.T.);
#5378 = EDGE_CURVE('',#5379,#5379,#5381,.T.);
#5379 = VERTEX_POINT('',#5380);
#5380 = CARTESIAN_POINT('',(7.62,-12.854,-3.78));
#5381 = CIRCLE('',#5382,0.154);
#5382 = AXIS2_PLACEMENT_3D('',#5383,#5384,#5385);
#5383 = CARTESIAN_POINT('',(7.62,-12.7,-3.78));
#5384 = DIRECTION('',(0.,0.,1.));
#5385 = DIRECTION('',(-2.22044604925E-16,-1.,0.));
#5386 = ORIENTED_EDGE('',*,*,#5387,.F.);
#5387 = EDGE_CURVE('',#4835,#5379,#5388,.T.);
#5388 = LINE('',#5389,#5390);
#5389 = CARTESIAN_POINT('',(7.62,-12.954,-3.68));
#5390 = VECTOR('',#5391,1.);
#5391 = DIRECTION('',(1.570092458683E-16,0.707106781187,-0.707106781187)
  );
#5392 = ORIENTED_EDGE('',*,*,#4844,.F.);
#5393 = ORIENTED_EDGE('',*,*,#5387,.T.);
#5394 = CONICAL_SURFACE('',#5395,0.254,0.785398163397);
#5395 = AXIS2_PLACEMENT_3D('',#5396,#5397,#5398);
#5396 = CARTESIAN_POINT('',(7.62,-12.7,-3.68));
#5397 = DIRECTION('',(0.,0.,1.));
#5398 = DIRECTION('',(-2.22044604925E-16,-1.,0.));
#5399 = ADVANCED_FACE('',(#5400),#5419,.T.);
#5400 = FACE_BOUND('',#5401,.T.);
#5401 = EDGE_LOOP('',(#5402,#5411,#5417,#5418));
#5402 = ORIENTED_EDGE('',*,*,#5403,.T.);
#5403 = EDGE_CURVE('',#5404,#5404,#5406,.T.);
#5404 = VERTEX_POINT('',#5405);
#5405 = CARTESIAN_POINT('',(7.62,-0.154,-3.78));
#5406 = CIRCLE('',#5407,0.154);
#5407 = AXIS2_PLACEMENT_3D('',#5408,#5409,#5410);
#5408 = CARTESIAN_POINT('',(7.62,5.551115123126E-17,-3.78));
#5409 = DIRECTION('',(0.,0.,1.));
#5410 = DIRECTION('',(-2.22044604925E-16,-1.,0.));
#5411 = ORIENTED_EDGE('',*,*,#5412,.F.);
#5412 = EDGE_CURVE('',#4860,#5404,#5413,.T.);
#5413 = LINE('',#5414,#5415);
#5414 = CARTESIAN_POINT('',(7.62,-0.254,-3.68));
#5415 = VECTOR('',#5416,1.);
#5416 = DIRECTION('',(1.570092458683E-16,0.707106781187,-0.707106781187)
  );
#5417 = ORIENTED_EDGE('',*,*,#4869,.F.);
#5418 = ORIENTED_EDGE('',*,*,#5412,.T.);
#5419 = CONICAL_SURFACE('',#5420,0.254,0.785398163397);
#5420 = AXIS2_PLACEMENT_3D('',#5421,#5422,#5423);
#5421 = CARTESIAN_POINT('',(7.62,5.551115123126E-17,-3.68));
#5422 = DIRECTION('',(0.,0.,1.));
#5423 = DIRECTION('',(-2.22044604925E-16,-1.,0.));
#5424 = ADVANCED_FACE('',(#5425),#5444,.T.);
#5425 = FACE_BOUND('',#5426,.T.);
#5426 = EDGE_LOOP('',(#5427,#5436,#5442,#5443));
#5427 = ORIENTED_EDGE('',*,*,#5428,.T.);
#5428 = EDGE_CURVE('',#5429,#5429,#5431,.T.);
#5429 = VERTEX_POINT('',#5430);
#5430 = CARTESIAN_POINT('',(7.62,-2.694,-3.78));
#5431 = CIRCLE('',#5432,0.154);
#5432 = AXIS2_PLACEMENT_3D('',#5433,#5434,#5435);
#5433 = CARTESIAN_POINT('',(7.62,-2.54,-3.78));
#5434 = DIRECTION('',(0.,0.,1.));
#5435 = DIRECTION('',(-2.22044604925E-16,-1.,0.));
#5436 = ORIENTED_EDGE('',*,*,#5437,.F.);
#5437 = EDGE_CURVE('',#4885,#5429,#5438,.T.);
#5438 = LINE('',#5439,#5440);
#5439 = CARTESIAN_POINT('',(7.62,-2.794,-3.68));
#5440 = VECTOR('',#5441,1.);
#5441 = DIRECTION('',(1.570092458683E-16,0.707106781187,-0.707106781187)
  );
#5442 = ORIENTED_EDGE('',*,*,#4894,.F.);
#5443 = ORIENTED_EDGE('',*,*,#5437,.T.);
#5444 = CONICAL_SURFACE('',#5445,0.254,0.785398163397);
#5445 = AXIS2_PLACEMENT_3D('',#5446,#5447,#5448);
#5446 = CARTESIAN_POINT('',(7.62,-2.54,-3.68));
#5447 = DIRECTION('',(0.,0.,1.));
#5448 = DIRECTION('',(-2.22044604925E-16,-1.,0.));
#5449 = ADVANCED_FACE('',(#5450),#5469,.T.);
#5450 = FACE_BOUND('',#5451,.T.);
#5451 = EDGE_LOOP('',(#5452,#5461,#5467,#5468));
#5452 = ORIENTED_EDGE('',*,*,#5453,.T.);
#5453 = EDGE_CURVE('',#5454,#5454,#5456,.T.);
#5454 = VERTEX_POINT('',#5455);
#5455 = CARTESIAN_POINT('',(7.62,-5.234,-3.78));
#5456 = CIRCLE('',#5457,0.154);
#5457 = AXIS2_PLACEMENT_3D('',#5458,#5459,#5460);
#5458 = CARTESIAN_POINT('',(7.62,-5.08,-3.78));
#5459 = DIRECTION('',(0.,0.,1.));
#5460 = DIRECTION('',(-2.22044604925E-16,-1.,0.));
#5461 = ORIENTED_EDGE('',*,*,#5462,.F.);
#5462 = EDGE_CURVE('',#4910,#5454,#5463,.T.);
#5463 = LINE('',#5464,#5465);
#5464 = CARTESIAN_POINT('',(7.62,-5.334,-3.68));
#5465 = VECTOR('',#5466,1.);
#5466 = DIRECTION('',(1.570092458683E-16,0.707106781187,-0.707106781187)
  );
#5467 = ORIENTED_EDGE('',*,*,#4919,.F.);
#5468 = ORIENTED_EDGE('',*,*,#5462,.T.);
#5469 = CONICAL_SURFACE('',#5470,0.254,0.785398163397);
#5470 = AXIS2_PLACEMENT_3D('',#5471,#5472,#5473);
#5471 = CARTESIAN_POINT('',(7.62,-5.08,-3.68));
#5472 = DIRECTION('',(0.,0.,1.));
#5473 = DIRECTION('',(-2.22044604925E-16,-1.,0.));
#5474 = ADVANCED_FACE('',(#5475),#5494,.T.);
#5475 = FACE_BOUND('',#5476,.T.);
#5476 = EDGE_LOOP('',(#5477,#5486,#5492,#5493));
#5477 = ORIENTED_EDGE('',*,*,#5478,.T.);
#5478 = EDGE_CURVE('',#5479,#5479,#5481,.T.);
#5479 = VERTEX_POINT('',#5480);
#5480 = CARTESIAN_POINT('',(2.22044604925E-15,-2.386,-3.78));
#5481 = CIRCLE('',#5482,0.154);
#5482 = AXIS2_PLACEMENT_3D('',#5483,#5484,#5485);
#5483 = CARTESIAN_POINT('',(2.252955250277E-15,-2.54,-3.78));
#5484 = DIRECTION('',(0.,-0.,1.));
#5485 = DIRECTION('',(3.445092848398E-16,1.,0.));
#5486 = ORIENTED_EDGE('',*,*,#5487,.F.);
#5487 = EDGE_CURVE('',#4935,#5479,#5488,.T.);
#5488 = LINE('',#5489,#5490);
#5489 = CARTESIAN_POINT('',(2.340460608626E-15,-2.286,-3.68));
#5490 = VECTOR('',#5491,1.);
#5491 = DIRECTION('',(-2.436048514917E-16,-0.707106781187,
    -0.707106781187));
#5492 = ORIENTED_EDGE('',*,*,#4944,.F.);
#5493 = ORIENTED_EDGE('',*,*,#5487,.T.);
#5494 = CONICAL_SURFACE('',#5495,0.254,0.785398163397);
#5495 = AXIS2_PLACEMENT_3D('',#5496,#5497,#5498);
#5496 = CARTESIAN_POINT('',(2.252955250277E-15,-2.54,-3.68));
#5497 = DIRECTION('',(0.,0.,1.));
#5498 = DIRECTION('',(3.445092848398E-16,1.,-0.));
#5499 = ADVANCED_FACE('',(#5500),#5519,.T.);
#5500 = FACE_BOUND('',#5501,.T.);
#5501 = EDGE_LOOP('',(#5502,#5511,#5517,#5518));
#5502 = ORIENTED_EDGE('',*,*,#5503,.T.);
#5503 = EDGE_CURVE('',#5504,#5504,#5506,.T.);
#5504 = VERTEX_POINT('',#5505);
#5505 = CARTESIAN_POINT('',(3.10862446895E-15,0.154,-3.78));
#5506 = CIRCLE('',#5507,0.154);
#5507 = AXIS2_PLACEMENT_3D('',#5508,#5509,#5510);
#5508 = CARTESIAN_POINT('',(3.141133669977E-15,1.720845688169E-15,-3.78)
  );
#5509 = DIRECTION('',(0.,-0.,1.));
#5510 = DIRECTION('',(3.445092848398E-16,1.,0.));
#5511 = ORIENTED_EDGE('',*,*,#5512,.F.);
#5512 = EDGE_CURVE('',#4960,#5504,#5513,.T.);
#5513 = LINE('',#5514,#5515);
#5514 = CARTESIAN_POINT('',(3.228639028326E-15,0.254,-3.68));
#5515 = VECTOR('',#5516,1.);
#5516 = DIRECTION('',(-2.436048514917E-16,-0.707106781187,
    -0.707106781187));
#5517 = ORIENTED_EDGE('',*,*,#4969,.F.);
#5518 = ORIENTED_EDGE('',*,*,#5512,.T.);
#5519 = CONICAL_SURFACE('',#5520,0.254,0.785398163397);
#5520 = AXIS2_PLACEMENT_3D('',#5521,#5522,#5523);
#5521 = CARTESIAN_POINT('',(3.141133669977E-15,1.720845688169E-15,-3.68)
  );
#5522 = DIRECTION('',(0.,0.,1.));
#5523 = DIRECTION('',(3.445092848398E-16,1.,-0.));
#5524 = ADVANCED_FACE('',(#5525),#5544,.T.);
#5525 = FACE_BOUND('',#5526,.T.);
#5526 = EDGE_LOOP('',(#5527,#5536,#5542,#5543));
#5527 = ORIENTED_EDGE('',*,*,#5528,.T.);
#5528 = EDGE_CURVE('',#5529,#5529,#5531,.T.);
#5529 = VERTEX_POINT('',#5530);
#5530 = CARTESIAN_POINT('',(7.62,-7.774,-3.78));
#5531 = CIRCLE('',#5532,0.154);
#5532 = AXIS2_PLACEMENT_3D('',#5533,#5534,#5535);
#5533 = CARTESIAN_POINT('',(7.62,-7.62,-3.78));
#5534 = DIRECTION('',(0.,0.,1.));
#5535 = DIRECTION('',(-2.22044604925E-16,-1.,0.));
#5536 = ORIENTED_EDGE('',*,*,#5537,.F.);
#5537 = EDGE_CURVE('',#4985,#5529,#5538,.T.);
#5538 = LINE('',#5539,#5540);
#5539 = CARTESIAN_POINT('',(7.62,-7.874,-3.68));
#5540 = VECTOR('',#5541,1.);
#5541 = DIRECTION('',(1.570092458683E-16,0.707106781187,-0.707106781187)
  );
#5542 = ORIENTED_EDGE('',*,*,#4994,.F.);
#5543 = ORIENTED_EDGE('',*,*,#5537,.T.);
#5544 = CONICAL_SURFACE('',#5545,0.254,0.785398163397);
#5545 = AXIS2_PLACEMENT_3D('',#5546,#5547,#5548);
#5546 = CARTESIAN_POINT('',(7.62,-7.62,-3.68));
#5547 = DIRECTION('',(0.,0.,1.));
#5548 = DIRECTION('',(-2.22044604925E-16,-1.,0.));
#5549 = ADVANCED_FACE('',(#5550),#5569,.T.);
#5550 = FACE_BOUND('',#5551,.T.);
#5551 = EDGE_LOOP('',(#5552,#5561,#5567,#5568));
#5552 = ORIENTED_EDGE('',*,*,#5553,.T.);
#5553 = EDGE_CURVE('',#5554,#5554,#5556,.T.);
#5554 = VERTEX_POINT('',#5555);
#5555 = CARTESIAN_POINT('',(4.440892098501E-16,-7.466,-3.78));
#5556 = CIRCLE('',#5557,0.154);
#5557 = AXIS2_PLACEMENT_3D('',#5558,#5559,#5560);
#5558 = CARTESIAN_POINT('',(4.765984108766E-16,-7.62,-3.78));
#5559 = DIRECTION('',(0.,-0.,1.));
#5560 = DIRECTION('',(3.445092848398E-16,1.,0.));
#5561 = ORIENTED_EDGE('',*,*,#5562,.F.);
#5562 = EDGE_CURVE('',#5010,#5554,#5563,.T.);
#5563 = LINE('',#5564,#5565);
#5564 = CARTESIAN_POINT('',(5.641037692259E-16,-7.366,-3.68));
#5565 = VECTOR('',#5566,1.);
#5566 = DIRECTION('',(-2.436048514917E-16,-0.707106781187,
    -0.707106781187));
#5567 = ORIENTED_EDGE('',*,*,#5019,.F.);
#5568 = ORIENTED_EDGE('',*,*,#5562,.T.);
#5569 = CONICAL_SURFACE('',#5570,0.254,0.785398163397);
#5570 = AXIS2_PLACEMENT_3D('',#5571,#5572,#5573);
#5571 = CARTESIAN_POINT('',(4.765984108766E-16,-7.62,-3.68));
#5572 = DIRECTION('',(0.,0.,1.));
#5573 = DIRECTION('',(3.445092848398E-16,1.,-0.));
#5574 = ADVANCED_FACE('',(#5575),#5594,.T.);
#5575 = FACE_BOUND('',#5576,.T.);
#5576 = EDGE_LOOP('',(#5577,#5586,#5592,#5593));
#5577 = ORIENTED_EDGE('',*,*,#5578,.T.);
#5578 = EDGE_CURVE('',#5579,#5579,#5581,.T.);
#5579 = VERTEX_POINT('',#5580);
#5580 = CARTESIAN_POINT('',(1.33226762955E-15,-4.926,-3.78));
#5581 = CIRCLE('',#5582,0.154);
#5582 = AXIS2_PLACEMENT_3D('',#5583,#5584,#5585);
#5583 = CARTESIAN_POINT('',(1.364776830577E-15,-5.08,-3.78));
#5584 = DIRECTION('',(0.,-0.,1.));
#5585 = DIRECTION('',(3.445092848398E-16,1.,0.));
#5586 = ORIENTED_EDGE('',*,*,#5587,.F.);
#5587 = EDGE_CURVE('',#5035,#5579,#5588,.T.);
#5588 = LINE('',#5589,#5590);
#5589 = CARTESIAN_POINT('',(1.452282188926E-15,-4.826,-3.68));
#5590 = VECTOR('',#5591,1.);
#5591 = DIRECTION('',(-2.436048514917E-16,-0.707106781187,
    -0.707106781187));
#5592 = ORIENTED_EDGE('',*,*,#5044,.F.);
#5593 = ORIENTED_EDGE('',*,*,#5587,.T.);
#5594 = CONICAL_SURFACE('',#5595,0.254,0.785398163397);
#5595 = AXIS2_PLACEMENT_3D('',#5596,#5597,#5598);
#5596 = CARTESIAN_POINT('',(1.364776830577E-15,-5.08,-3.68));
#5597 = DIRECTION('',(0.,0.,1.));
#5598 = DIRECTION('',(3.445092848398E-16,1.,-0.));
#5599 = ADVANCED_FACE('',(#5600),#5603,.T.);
#5600 = FACE_BOUND('',#5601,.T.);
#5601 = EDGE_LOOP('',(#5602));
#5602 = ORIENTED_EDGE('',*,*,#5203,.F.);
#5603 = PLANE('',#5604);
#5604 = AXIS2_PLACEMENT_3D('',#5605,#5606,#5607);
#5605 = CARTESIAN_POINT('',(-2.988609909575E-15,-17.526,-3.78));
#5606 = DIRECTION('',(-0.,0.,-1.));
#5607 = DIRECTION('',(-3.445092848398E-16,-1.,0.));
#5608 = ADVANCED_FACE('',(#5609),#5612,.T.);
#5609 = FACE_BOUND('',#5610,.T.);
#5610 = EDGE_LOOP('',(#5611));
#5611 = ORIENTED_EDGE('',*,*,#5228,.F.);
#5612 = PLANE('',#5613);
#5613 = AXIS2_PLACEMENT_3D('',#5614,#5615,#5616);
#5614 = CARTESIAN_POINT('',(-2.100431489874E-15,-14.986,-3.78));
#5615 = DIRECTION('',(-0.,0.,-1.));
#5616 = DIRECTION('',(-3.445092848398E-16,-1.,0.));
#5617 = ADVANCED_FACE('',(#5618),#5621,.T.);
#5618 = FACE_BOUND('',#5619,.T.);
#5619 = EDGE_LOOP('',(#5620));
#5620 = ORIENTED_EDGE('',*,*,#5253,.F.);
#5621 = PLANE('',#5622);
#5622 = AXIS2_PLACEMENT_3D('',#5623,#5624,#5625);
#5623 = CARTESIAN_POINT('',(-3.240746504742E-16,-9.906,-3.78));
#5624 = DIRECTION('',(-0.,0.,-1.));
#5625 = DIRECTION('',(-3.445092848398E-16,-1.,0.));
#5626 = ADVANCED_FACE('',(#5627),#5630,.T.);
#5627 = FACE_BOUND('',#5628,.T.);
#5628 = EDGE_LOOP('',(#5629));
#5629 = ORIENTED_EDGE('',*,*,#5278,.F.);
#5630 = PLANE('',#5631);
#5631 = AXIS2_PLACEMENT_3D('',#5632,#5633,#5634);
#5632 = CARTESIAN_POINT('',(-1.212253070174E-15,-12.446,-3.78));
#5633 = DIRECTION('',(-0.,0.,-1.));
#5634 = DIRECTION('',(-3.445092848398E-16,-1.,0.));
#5635 = ADVANCED_FACE('',(#5636),#5639,.T.);
#5636 = FACE_BOUND('',#5637,.T.);
#5637 = EDGE_LOOP('',(#5638));
#5638 = ORIENTED_EDGE('',*,*,#5303,.F.);
#5639 = PLANE('',#5640);
#5640 = AXIS2_PLACEMENT_3D('',#5641,#5642,#5643);
#5641 = CARTESIAN_POINT('',(7.62,-18.034,-3.78));
#5642 = DIRECTION('',(0.,0.,-1.));
#5643 = DIRECTION('',(2.22044604925E-16,1.,0.));
#5644 = ADVANCED_FACE('',(#5645),#5648,.T.);
#5645 = FACE_BOUND('',#5646,.T.);
#5646 = EDGE_LOOP('',(#5647));
#5647 = ORIENTED_EDGE('',*,*,#5328,.F.);
#5648 = PLANE('',#5649);
#5649 = AXIS2_PLACEMENT_3D('',#5650,#5651,#5652);
#5650 = CARTESIAN_POINT('',(7.62,-15.494,-3.78));
#5651 = DIRECTION('',(0.,0.,-1.));
#5652 = DIRECTION('',(2.22044604925E-16,1.,0.));
#5653 = ADVANCED_FACE('',(#5654),#5657,.T.);
#5654 = FACE_BOUND('',#5655,.T.);
#5655 = EDGE_LOOP('',(#5656));
#5656 = ORIENTED_EDGE('',*,*,#5353,.F.);
#5657 = PLANE('',#5658);
#5658 = AXIS2_PLACEMENT_3D('',#5659,#5660,#5661);
#5659 = CARTESIAN_POINT('',(7.62,-10.414,-3.78));
#5660 = DIRECTION('',(0.,0.,-1.));
#5661 = DIRECTION('',(2.22044604925E-16,1.,0.));
#5662 = ADVANCED_FACE('',(#5663),#5666,.T.);
#5663 = FACE_BOUND('',#5664,.T.);
#5664 = EDGE_LOOP('',(#5665));
#5665 = ORIENTED_EDGE('',*,*,#5378,.F.);
#5666 = PLANE('',#5667);
#5667 = AXIS2_PLACEMENT_3D('',#5668,#5669,#5670);
#5668 = CARTESIAN_POINT('',(7.62,-12.954,-3.78));
#5669 = DIRECTION('',(0.,0.,-1.));
#5670 = DIRECTION('',(2.22044604925E-16,1.,0.));
#5671 = ADVANCED_FACE('',(#5672),#5675,.T.);
#5672 = FACE_BOUND('',#5673,.T.);
#5673 = EDGE_LOOP('',(#5674));
#5674 = ORIENTED_EDGE('',*,*,#5403,.F.);
#5675 = PLANE('',#5676);
#5676 = AXIS2_PLACEMENT_3D('',#5677,#5678,#5679);
#5677 = CARTESIAN_POINT('',(7.62,-0.254,-3.78));
#5678 = DIRECTION('',(0.,0.,-1.));
#5679 = DIRECTION('',(2.22044604925E-16,1.,0.));
#5680 = ADVANCED_FACE('',(#5681),#5684,.T.);
#5681 = FACE_BOUND('',#5682,.T.);
#5682 = EDGE_LOOP('',(#5683));
#5683 = ORIENTED_EDGE('',*,*,#5428,.F.);
#5684 = PLANE('',#5685);
#5685 = AXIS2_PLACEMENT_3D('',#5686,#5687,#5688);
#5686 = CARTESIAN_POINT('',(7.62,-2.794,-3.78));
#5687 = DIRECTION('',(0.,0.,-1.));
#5688 = DIRECTION('',(2.22044604925E-16,1.,0.));
#5689 = ADVANCED_FACE('',(#5690),#5693,.T.);
#5690 = FACE_BOUND('',#5691,.T.);
#5691 = EDGE_LOOP('',(#5692));
#5692 = ORIENTED_EDGE('',*,*,#5453,.F.);
#5693 = PLANE('',#5694);
#5694 = AXIS2_PLACEMENT_3D('',#5695,#5696,#5697);
#5695 = CARTESIAN_POINT('',(7.62,-5.334,-3.78));
#5696 = DIRECTION('',(0.,0.,-1.));
#5697 = DIRECTION('',(2.22044604925E-16,1.,0.));
#5698 = ADVANCED_FACE('',(#5699),#5702,.T.);
#5699 = FACE_BOUND('',#5700,.T.);
#5700 = EDGE_LOOP('',(#5701));
#5701 = ORIENTED_EDGE('',*,*,#5478,.F.);
#5702 = PLANE('',#5703);
#5703 = AXIS2_PLACEMENT_3D('',#5704,#5705,#5706);
#5704 = CARTESIAN_POINT('',(2.340460608626E-15,-2.286,-3.78));
#5705 = DIRECTION('',(-0.,0.,-1.));
#5706 = DIRECTION('',(-3.445092848398E-16,-1.,0.));
#5707 = ADVANCED_FACE('',(#5708),#5711,.T.);
#5708 = FACE_BOUND('',#5709,.T.);
#5709 = EDGE_LOOP('',(#5710));
#5710 = ORIENTED_EDGE('',*,*,#5503,.F.);
#5711 = PLANE('',#5712);
#5712 = AXIS2_PLACEMENT_3D('',#5713,#5714,#5715);
#5713 = CARTESIAN_POINT('',(3.228639028326E-15,0.254,-3.78));
#5714 = DIRECTION('',(-0.,0.,-1.));
#5715 = DIRECTION('',(-3.445092848398E-16,-1.,0.));
#5716 = ADVANCED_FACE('',(#5717),#5720,.T.);
#5717 = FACE_BOUND('',#5718,.T.);
#5718 = EDGE_LOOP('',(#5719));
#5719 = ORIENTED_EDGE('',*,*,#5528,.F.);
#5720 = PLANE('',#5721);
#5721 = AXIS2_PLACEMENT_3D('',#5722,#5723,#5724);
#5722 = CARTESIAN_POINT('',(7.62,-7.874,-3.78));
#5723 = DIRECTION('',(0.,0.,-1.));
#5724 = DIRECTION('',(2.22044604925E-16,1.,0.));
#5725 = ADVANCED_FACE('',(#5726),#5729,.T.);
#5726 = FACE_BOUND('',#5727,.T.);
#5727 = EDGE_LOOP('',(#5728));
#5728 = ORIENTED_EDGE('',*,*,#5553,.F.);
#5729 = PLANE('',#5730);
#5730 = AXIS2_PLACEMENT_3D('',#5731,#5732,#5733);
#5731 = CARTESIAN_POINT('',(5.641037692259E-16,-7.366,-3.78));
#5732 = DIRECTION('',(-0.,0.,-1.));
#5733 = DIRECTION('',(-3.445092848398E-16,-1.,0.));
#5734 = ADVANCED_FACE('',(#5735),#5738,.T.);
#5735 = FACE_BOUND('',#5736,.T.);
#5736 = EDGE_LOOP('',(#5737));
#5737 = ORIENTED_EDGE('',*,*,#5578,.F.);
#5738 = PLANE('',#5739);
#5739 = AXIS2_PLACEMENT_3D('',#5740,#5741,#5742);
#5740 = CARTESIAN_POINT('',(1.452282188926E-15,-4.826,-3.78));
#5741 = DIRECTION('',(-0.,0.,-1.));
#5742 = DIRECTION('',(-3.445092848398E-16,-1.,0.));
#5743 = ( GEOMETRIC_REPRESENTATION_CONTEXT(3) 
GLOBAL_UNCERTAINTY_ASSIGNED_CONTEXT((#5747)) 
GLOBAL_UNIT_ASSIGNED_CONTEXT((#5744,#5745,#5746)) REPRESENTATION_CONTEXT
('Context #1','3D Context with UNIT and UNCERTAINTY') );
#5744 = ( LENGTH_UNIT() NAMED_UNIT(*) SI_UNIT(.MILLI.,.METRE.) );
#5745 = ( NAMED_UNIT(*) PLANE_ANGLE_UNIT() SI_UNIT($,.RADIAN.) );
#5746 = ( NAMED_UNIT(*) SI_UNIT($,.STERADIAN.) SOLID_ANGLE_UNIT() );
#5747 = UNCERTAINTY_MEASURE_WITH_UNIT(LENGTH_MEASURE(1.E-07),#5744,
  'distance_accuracy_value','confusion accuracy');
#5748 = CONTEXT_DEPENDENT_SHAPE_REPRESENTATION(#5749,#5751);
#5749 = ( REPRESENTATION_RELATIONSHIP('','',#52,#10) 
REPRESENTATION_RELATIONSHIP_WITH_TRANSFORMATION(#5750) 
SHAPE_REPRESENTATION_RELATIONSHIP() );
#5750 = ITEM_DEFINED_TRANSFORMATION('','',#11,#15);
#5751 = PRODUCT_DEFINITION_SHAPE('Placement','Placement of an item',
  #5752);
#5752 = NEXT_ASSEMBLY_USAGE_OCCURRENCE('1','U1','',#5,#47,$);
#5753 = PRODUCT_RELATED_PRODUCT_CATEGORY('part',$,(#49));
#5754 = SHAPE_DEFINITION_REPRESENTATION(#5755,#5761);
#5755 = PRODUCT_DEFINITION_SHAPE('','',#5756);
#5756 = PRODUCT_DEFINITION('design','',#5757,#5760);
#5757 = PRODUCT_DEFINITION_FORMATION('','',#5758);
#5758 = PRODUCT(
  'PhoenixContact_MSTBA_2,5_2-G-5,08_1x02_P5.08mm_Horizontal',
  'PhoenixContact_MSTBA_2,5_2-G-5,08_1x02_P5.08mm_Horizontal','',(#5759)
  );
#5759 = PRODUCT_CONTEXT('',#2,'mechanical');
#5760 = PRODUCT_DEFINITION_CONTEXT('part definition',#2,'design');
#5761 = ADVANCED_BREP_SHAPE_REPRESENTATION('',(#11,#5762),#7525);
#5762 = MANIFOLD_SOLID_BREP('',#5763);
#5763 = CLOSED_SHELL('',(#5764,#5804,#5835,#5934,#5975,#6016,#6033,#6148
    ,#6179,#6203,#6227,#6244,#6275,#6299,#6323,#6340,#6364,#6406,#6423,
    #6447,#6526,#6550,#6574,#6599,#6623,#6648,#6672,#6689,#6706,#6737,
    #6761,#6785,#6802,#6833,#6857,#6881,#6898,#6915,#6946,#6963,#6980,
    #6997,#7009,#7093,#7105,#7117,#7148,#7172,#7196,#7213,#7244,#7268,
    #7292,#7309,#7340,#7364,#7388,#7405,#7436,#7460,#7484,#7501,#7513));
#5764 = ADVANCED_FACE('',(#5765),#5799,.T.);
#5765 = FACE_BOUND('',#5766,.T.);
#5766 = EDGE_LOOP('',(#5767,#5777,#5785,#5793));
#5767 = ORIENTED_EDGE('',*,*,#5768,.T.);
#5768 = EDGE_CURVE('',#5769,#5771,#5773,.T.);
#5769 = VERTEX_POINT('',#5770);
#5770 = CARTESIAN_POINT('',(-3.54,2.,7.6));
#5771 = VERTEX_POINT('',#5772);
#5772 = CARTESIAN_POINT('',(8.62,2.,7.6));
#5773 = LINE('',#5774,#5775);
#5774 = CARTESIAN_POINT('',(-3.54,2.,7.6));
#5775 = VECTOR('',#5776,1.);
#5776 = DIRECTION('',(1.,0.,0.));
#5777 = ORIENTED_EDGE('',*,*,#5778,.T.);
#5778 = EDGE_CURVE('',#5771,#5779,#5781,.T.);
#5779 = VERTEX_POINT('',#5780);
#5780 = CARTESIAN_POINT('',(8.62,2.,-2.22044604925E-17));
#5781 = LINE('',#5782,#5783);
#5782 = CARTESIAN_POINT('',(8.62,2.,7.6));
#5783 = VECTOR('',#5784,1.);
#5784 = DIRECTION('',(0.,-2.22044604925E-16,-1.));
#5785 = ORIENTED_EDGE('',*,*,#5786,.F.);
#5786 = EDGE_CURVE('',#5787,#5779,#5789,.T.);
#5787 = VERTEX_POINT('',#5788);
#5788 = CARTESIAN_POINT('',(-3.54,2.,-2.22044604925E-17));
#5789 = LINE('',#5790,#5791);
#5790 = CARTESIAN_POINT('',(-3.54,2.,0.));
#5791 = VECTOR('',#5792,1.);
#5792 = DIRECTION('',(1.,0.,0.));
#5793 = ORIENTED_EDGE('',*,*,#5794,.F.);
#5794 = EDGE_CURVE('',#5769,#5787,#5795,.T.);
#5795 = LINE('',#5796,#5797);
#5796 = CARTESIAN_POINT('',(-3.54,2.,7.6));
#5797 = VECTOR('',#5798,1.);
#5798 = DIRECTION('',(0.,-2.22044604925E-16,-1.));
#5799 = PLANE('',#5800);
#5800 = AXIS2_PLACEMENT_3D('',#5801,#5802,#5803);
#5801 = CARTESIAN_POINT('',(-3.54,2.,7.6));
#5802 = DIRECTION('',(0.,1.,-2.22044604925E-16));
#5803 = DIRECTION('',(0.,-2.22044604925E-16,-1.));
#5804 = ADVANCED_FACE('',(#5805),#5830,.T.);
#5805 = FACE_BOUND('',#5806,.T.);
#5806 = EDGE_LOOP('',(#5807,#5817,#5823,#5824));
#5807 = ORIENTED_EDGE('',*,*,#5808,.T.);
#5808 = EDGE_CURVE('',#5809,#5811,#5813,.T.);
#5809 = VERTEX_POINT('',#5810);
#5810 = CARTESIAN_POINT('',(-3.54,-7.,7.6));
#5811 = VERTEX_POINT('',#5812);
#5812 = CARTESIAN_POINT('',(8.62,-7.,7.6));
#5813 = LINE('',#5814,#5815);
#5814 = CARTESIAN_POINT('',(-3.54,-7.,7.6));
#5815 = VECTOR('',#5816,1.);
#5816 = DIRECTION('',(1.,0.,0.));
#5817 = ORIENTED_EDGE('',*,*,#5818,.T.);
#5818 = EDGE_CURVE('',#5811,#5771,#5819,.T.);
#5819 = LINE('',#5820,#5821);
#5820 = CARTESIAN_POINT('',(8.62,-7.,7.6));
#5821 = VECTOR('',#5822,1.);
#5822 = DIRECTION('',(0.,1.,-2.22044604925E-16));
#5823 = ORIENTED_EDGE('',*,*,#5768,.F.);
#5824 = ORIENTED_EDGE('',*,*,#5825,.F.);
#5825 = EDGE_CURVE('',#5809,#5769,#5826,.T.);
#5826 = LINE('',#5827,#5828);
#5827 = CARTESIAN_POINT('',(-3.54,-7.,7.6));
#5828 = VECTOR('',#5829,1.);
#5829 = DIRECTION('',(0.,1.,-2.22044604925E-16));
#5830 = PLANE('',#5831);
#5831 = AXIS2_PLACEMENT_3D('',#5832,#5833,#5834);
#5832 = CARTESIAN_POINT('',(-3.54,-7.,7.6));
#5833 = DIRECTION('',(0.,2.22044604925E-16,1.));
#5834 = DIRECTION('',(0.,1.,-2.22044604925E-16));
#5835 = ADVANCED_FACE('',(#5836,#5861,#5895),#5929,.T.);
#5836 = FACE_BOUND('',#5837,.T.);
#5837 = EDGE_LOOP('',(#5838,#5839,#5847,#5855));
#5838 = ORIENTED_EDGE('',*,*,#5786,.T.);
#5839 = ORIENTED_EDGE('',*,*,#5840,.T.);
#5840 = EDGE_CURVE('',#5779,#5841,#5843,.T.);
#5841 = VERTEX_POINT('',#5842);
#5842 = CARTESIAN_POINT('',(8.62,-10.,2.642330798608E-15));
#5843 = LINE('',#5844,#5845);
#5844 = CARTESIAN_POINT('',(8.62,2.,0.));
#5845 = VECTOR('',#5846,1.);
#5846 = DIRECTION('',(0.,-1.,2.22044604925E-16));
#5847 = ORIENTED_EDGE('',*,*,#5848,.F.);
#5848 = EDGE_CURVE('',#5849,#5841,#5851,.T.);
#5849 = VERTEX_POINT('',#5850);
#5850 = CARTESIAN_POINT('',(-3.54,-10.,2.642330798608E-15));
#5851 = LINE('',#5852,#5853);
#5852 = CARTESIAN_POINT('',(-3.54,-10.,2.6645352591E-15));
#5853 = VECTOR('',#5854,1.);
#5854 = DIRECTION('',(1.,0.,0.));
#5855 = ORIENTED_EDGE('',*,*,#5856,.F.);
#5856 = EDGE_CURVE('',#5787,#5849,#5857,.T.);
#5857 = LINE('',#5858,#5859);
#5858 = CARTESIAN_POINT('',(-3.54,2.,0.));
#5859 = VECTOR('',#5860,1.);
#5860 = DIRECTION('',(0.,-1.,2.22044604925E-16));
#5861 = FACE_BOUND('',#5862,.T.);
#5862 = EDGE_LOOP('',(#5863,#5873,#5881,#5889));
#5863 = ORIENTED_EDGE('',*,*,#5864,.F.);
#5864 = EDGE_CURVE('',#5865,#5867,#5869,.T.);
#5865 = VERTEX_POINT('',#5866);
#5866 = CARTESIAN_POINT('',(-0.5,-0.5,8.881784197001E-16));
#5867 = VERTEX_POINT('',#5868);
#5868 = CARTESIAN_POINT('',(-0.5,0.5,4.440892098501E-16));
#5869 = LINE('',#5870,#5871);
#5870 = CARTESIAN_POINT('',(-0.5,-8.245761930026E-02,4.440892098501E-16)
  );
#5871 = VECTOR('',#5872,1.);
#5872 = DIRECTION('',(0.,1.,-2.22044604925E-16));
#5873 = ORIENTED_EDGE('',*,*,#5874,.F.);
#5874 = EDGE_CURVE('',#5875,#5865,#5877,.T.);
#5875 = VERTEX_POINT('',#5876);
#5876 = CARTESIAN_POINT('',(0.5,-0.5,8.881784197001E-16));
#5877 = LINE('',#5878,#5879);
#5878 = CARTESIAN_POINT('',(-2.02,-0.5,2.775557561563E-16));
#5879 = VECTOR('',#5880,1.);
#5880 = DIRECTION('',(-1.,0.,0.));
#5881 = ORIENTED_EDGE('',*,*,#5882,.T.);
#5882 = EDGE_CURVE('',#5875,#5883,#5885,.T.);
#5883 = VERTEX_POINT('',#5884);
#5884 = CARTESIAN_POINT('',(0.5,0.5,4.440892098501E-16));
#5885 = LINE('',#5886,#5887);
#5886 = CARTESIAN_POINT('',(0.5,-8.245761930026E-02,4.440892098501E-16)
  );
#5887 = VECTOR('',#5888,1.);
#5888 = DIRECTION('',(0.,1.,-2.22044604925E-16));
#5889 = ORIENTED_EDGE('',*,*,#5890,.F.);
#5890 = EDGE_CURVE('',#5867,#5883,#5891,.T.);
#5891 = LINE('',#5892,#5893);
#5892 = CARTESIAN_POINT('',(-2.02,0.5,3.885780586188E-16));
#5893 = VECTOR('',#5894,1.);
#5894 = DIRECTION('',(1.,0.,0.));
#5895 = FACE_BOUND('',#5896,.T.);
#5896 = EDGE_LOOP('',(#5897,#5907,#5915,#5923));
#5897 = ORIENTED_EDGE('',*,*,#5898,.F.);
#5898 = EDGE_CURVE('',#5899,#5901,#5903,.T.);
#5899 = VERTEX_POINT('',#5900);
#5900 = CARTESIAN_POINT('',(4.58,0.5,4.440892098501E-16));
#5901 = VERTEX_POINT('',#5902);
#5902 = CARTESIAN_POINT('',(5.58,0.5,4.440892098501E-16));
#5903 = LINE('',#5904,#5905);
#5904 = CARTESIAN_POINT('',(0.52,0.5,3.885780586188E-16));
#5905 = VECTOR('',#5906,1.);
#5906 = DIRECTION('',(1.,0.,0.));
#5907 = ORIENTED_EDGE('',*,*,#5908,.F.);
#5908 = EDGE_CURVE('',#5909,#5899,#5911,.T.);
#5909 = VERTEX_POINT('',#5910);
#5910 = CARTESIAN_POINT('',(4.58,-0.5,0.));
#5911 = LINE('',#5912,#5913);
#5912 = CARTESIAN_POINT('',(4.58,-8.245761930026E-02,4.440892098501E-16)
  );
#5913 = VECTOR('',#5914,1.);
#5914 = DIRECTION('',(0.,1.,-2.22044604925E-16));
#5915 = ORIENTED_EDGE('',*,*,#5916,.F.);
#5916 = EDGE_CURVE('',#5917,#5909,#5919,.T.);
#5917 = VERTEX_POINT('',#5918);
#5918 = CARTESIAN_POINT('',(5.58,-0.5,0.));
#5919 = LINE('',#5920,#5921);
#5920 = CARTESIAN_POINT('',(0.52,-0.5,2.775557561563E-16));
#5921 = VECTOR('',#5922,1.);
#5922 = DIRECTION('',(-1.,0.,0.));
#5923 = ORIENTED_EDGE('',*,*,#5924,.T.);
#5924 = EDGE_CURVE('',#5917,#5901,#5925,.T.);
#5925 = LINE('',#5926,#5927);
#5926 = CARTESIAN_POINT('',(5.58,-8.245761930026E-02,4.440892098501E-16)
  );
#5927 = VECTOR('',#5928,1.);
#5928 = DIRECTION('',(0.,1.,-2.22044604925E-16));
#5929 = PLANE('',#5930);
#5930 = AXIS2_PLACEMENT_3D('',#5931,#5932,#5933);
#5931 = CARTESIAN_POINT('',(-3.54,2.,0.));
#5932 = DIRECTION('',(0.,-2.22044604925E-16,-1.));
#5933 = DIRECTION('',(0.,-1.,2.22044604925E-16));
#5934 = ADVANCED_FACE('',(#5935),#5970,.T.);
#5935 = FACE_BOUND('',#5936,.T.);
#5936 = EDGE_LOOP('',(#5937,#5938,#5939,#5947,#5955,#5963,#5969));
#5937 = ORIENTED_EDGE('',*,*,#5794,.T.);
#5938 = ORIENTED_EDGE('',*,*,#5856,.T.);
#5939 = ORIENTED_EDGE('',*,*,#5940,.T.);
#5940 = EDGE_CURVE('',#5849,#5941,#5943,.T.);
#5941 = VERTEX_POINT('',#5942);
#5942 = CARTESIAN_POINT('',(-3.54,-10.,8.));
#5943 = LINE('',#5944,#5945);
#5944 = CARTESIAN_POINT('',(-3.54,-10.,2.6645352591E-15));
#5945 = VECTOR('',#5946,1.);
#5946 = DIRECTION('',(0.,2.22044604925E-16,1.));
#5947 = ORIENTED_EDGE('',*,*,#5948,.T.);
#5948 = EDGE_CURVE('',#5941,#5949,#5951,.T.);
#5949 = VERTEX_POINT('',#5950);
#5950 = CARTESIAN_POINT('',(-3.54,-8.5,8.6));
#5951 = LINE('',#5952,#5953);
#5952 = CARTESIAN_POINT('',(-3.54,-10.,8.));
#5953 = VECTOR('',#5954,1.);
#5954 = DIRECTION('',(0.,0.928476690885,0.371390676354));
#5955 = ORIENTED_EDGE('',*,*,#5956,.T.);
#5956 = EDGE_CURVE('',#5949,#5957,#5959,.T.);
#5957 = VERTEX_POINT('',#5958);
#5958 = CARTESIAN_POINT('',(-3.54,-7.,8.6));
#5959 = LINE('',#5960,#5961);
#5960 = CARTESIAN_POINT('',(-3.54,-8.5,8.6));
#5961 = VECTOR('',#5962,1.);
#5962 = DIRECTION('',(0.,1.,-2.22044604925E-16));
#5963 = ORIENTED_EDGE('',*,*,#5964,.T.);
#5964 = EDGE_CURVE('',#5957,#5809,#5965,.T.);
#5965 = LINE('',#5966,#5967);
#5966 = CARTESIAN_POINT('',(-3.54,-7.,8.6));
#5967 = VECTOR('',#5968,1.);
#5968 = DIRECTION('',(0.,-2.22044604925E-16,-1.));
#5969 = ORIENTED_EDGE('',*,*,#5825,.T.);
#5970 = PLANE('',#5971);
#5971 = AXIS2_PLACEMENT_3D('',#5972,#5973,#5974);
#5972 = CARTESIAN_POINT('',(-3.54,-4.14752679636,4.020308275647));
#5973 = DIRECTION('',(-1.,6.200837837262E-34,2.273584543531E-32));
#5974 = DIRECTION('',(-2.273584543531E-32,-2.22044604925E-16,-1.));
#5975 = ADVANCED_FACE('',(#5976),#6011,.F.);
#5976 = FACE_BOUND('',#5977,.F.);
#5977 = EDGE_LOOP('',(#5978,#5979,#5980,#5988,#5996,#6004,#6010));
#5978 = ORIENTED_EDGE('',*,*,#5778,.T.);
#5979 = ORIENTED_EDGE('',*,*,#5840,.T.);
#5980 = ORIENTED_EDGE('',*,*,#5981,.T.);
#5981 = EDGE_CURVE('',#5841,#5982,#5984,.T.);
#5982 = VERTEX_POINT('',#5983);
#5983 = CARTESIAN_POINT('',(8.62,-10.,8.));
#5984 = LINE('',#5985,#5986);
#5985 = CARTESIAN_POINT('',(8.62,-10.,2.6645352591E-15));
#5986 = VECTOR('',#5987,1.);
#5987 = DIRECTION('',(0.,2.22044604925E-16,1.));
#5988 = ORIENTED_EDGE('',*,*,#5989,.T.);
#5989 = EDGE_CURVE('',#5982,#5990,#5992,.T.);
#5990 = VERTEX_POINT('',#5991);
#5991 = CARTESIAN_POINT('',(8.62,-8.5,8.6));
#5992 = LINE('',#5993,#5994);
#5993 = CARTESIAN_POINT('',(8.62,-10.,8.));
#5994 = VECTOR('',#5995,1.);
#5995 = DIRECTION('',(0.,0.928476690885,0.371390676354));
#5996 = ORIENTED_EDGE('',*,*,#5997,.T.);
#5997 = EDGE_CURVE('',#5990,#5998,#6000,.T.);
#5998 = VERTEX_POINT('',#5999);
#5999 = CARTESIAN_POINT('',(8.62,-7.,8.6));
#6000 = LINE('',#6001,#6002);
#6001 = CARTESIAN_POINT('',(8.62,-8.5,8.6));
#6002 = VECTOR('',#6003,1.);
#6003 = DIRECTION('',(0.,1.,-2.22044604925E-16));
#6004 = ORIENTED_EDGE('',*,*,#6005,.T.);
#6005 = EDGE_CURVE('',#5998,#5811,#6006,.T.);
#6006 = LINE('',#6007,#6008);
#6007 = CARTESIAN_POINT('',(8.62,-7.,8.6));
#6008 = VECTOR('',#6009,1.);
#6009 = DIRECTION('',(0.,-2.22044604925E-16,-1.));
#6010 = ORIENTED_EDGE('',*,*,#5818,.T.);
#6011 = PLANE('',#6012);
#6012 = AXIS2_PLACEMENT_3D('',#6013,#6014,#6015);
#6013 = CARTESIAN_POINT('',(8.62,-4.14752679636,4.020308275647));
#6014 = DIRECTION('',(-1.,6.200837837262E-34,2.273584543531E-32));
#6015 = DIRECTION('',(-2.273584543531E-32,-2.22044604925E-16,-1.));
#6016 = ADVANCED_FACE('',(#6017),#6028,.T.);
#6017 = FACE_BOUND('',#6018,.T.);
#6018 = EDGE_LOOP('',(#6019,#6025,#6026,#6027));
#6019 = ORIENTED_EDGE('',*,*,#6020,.T.);
#6020 = EDGE_CURVE('',#5957,#5998,#6021,.T.);
#6021 = LINE('',#6022,#6023);
#6022 = CARTESIAN_POINT('',(-3.54,-7.,8.6));
#6023 = VECTOR('',#6024,1.);
#6024 = DIRECTION('',(1.,0.,0.));
#6025 = ORIENTED_EDGE('',*,*,#6005,.T.);
#6026 = ORIENTED_EDGE('',*,*,#5808,.F.);
#6027 = ORIENTED_EDGE('',*,*,#5964,.F.);
#6028 = PLANE('',#6029);
#6029 = AXIS2_PLACEMENT_3D('',#6030,#6031,#6032);
#6030 = CARTESIAN_POINT('',(-3.54,-7.,8.6));
#6031 = DIRECTION('',(0.,1.,-2.22044604925E-16));
#6032 = DIRECTION('',(0.,-2.22044604925E-16,-1.));
#6033 = ADVANCED_FACE('',(#6034),#6143,.T.);
#6034 = FACE_BOUND('',#6035,.T.);
#6035 = EDGE_LOOP('',(#6036,#6037,#6038,#6039,#6047,#6055,#6063,#6071,
    #6079,#6088,#6096,#6105,#6113,#6121,#6129,#6137));
#6036 = ORIENTED_EDGE('',*,*,#5940,.F.);
#6037 = ORIENTED_EDGE('',*,*,#5848,.T.);
#6038 = ORIENTED_EDGE('',*,*,#5981,.T.);
#6039 = ORIENTED_EDGE('',*,*,#6040,.F.);
#6040 = EDGE_CURVE('',#6041,#5982,#6043,.T.);
#6041 = VERTEX_POINT('',#6042);
#6042 = CARTESIAN_POINT('',(6.08,-10.,8.));
#6043 = LINE('',#6044,#6045);
#6044 = CARTESIAN_POINT('',(-3.54,-10.,8.));
#6045 = VECTOR('',#6046,1.);
#6046 = DIRECTION('',(1.,0.,0.));
#6047 = ORIENTED_EDGE('',*,*,#6048,.T.);
#6048 = EDGE_CURVE('',#6041,#6049,#6051,.T.);
#6049 = VERTEX_POINT('',#6050);
#6050 = CARTESIAN_POINT('',(6.08,-10.,6.9));
#6051 = LINE('',#6052,#6053);
#6052 = CARTESIAN_POINT('',(6.08,-10.,8.6));
#6053 = VECTOR('',#6054,1.);
#6054 = DIRECTION('',(0.,-2.22044604925E-16,-1.));
#6055 = ORIENTED_EDGE('',*,*,#6056,.F.);
#6056 = EDGE_CURVE('',#6057,#6049,#6059,.T.);
#6057 = VERTEX_POINT('',#6058);
#6058 = CARTESIAN_POINT('',(7.82,-10.,6.9));
#6059 = LINE('',#6060,#6061);
#6060 = CARTESIAN_POINT('',(7.82,-10.,6.9));
#6061 = VECTOR('',#6062,1.);
#6062 = DIRECTION('',(-1.,0.,0.));
#6063 = ORIENTED_EDGE('',*,*,#6064,.F.);
#6064 = EDGE_CURVE('',#6065,#6057,#6067,.T.);
#6065 = VERTEX_POINT('',#6066);
#6066 = CARTESIAN_POINT('',(7.82,-10.,1.6));
#6067 = LINE('',#6068,#6069);
#6068 = CARTESIAN_POINT('',(7.82,-10.,1.6));
#6069 = VECTOR('',#6070,1.);
#6070 = DIRECTION('',(0.,2.22044604925E-16,1.));
#6071 = ORIENTED_EDGE('',*,*,#6072,.F.);
#6072 = EDGE_CURVE('',#6073,#6065,#6075,.T.);
#6073 = VERTEX_POINT('',#6074);
#6074 = CARTESIAN_POINT('',(7.08,-10.,1.6));
#6075 = LINE('',#6076,#6077);
#6076 = CARTESIAN_POINT('',(-2.74,-10.,1.6));
#6077 = VECTOR('',#6078,1.);
#6078 = DIRECTION('',(1.,0.,0.));
#6079 = ORIENTED_EDGE('',*,*,#6080,.F.);
#6080 = EDGE_CURVE('',#6081,#6073,#6083,.T.);
#6081 = VERTEX_POINT('',#6082);
#6082 = CARTESIAN_POINT('',(3.08,-10.,1.6));
#6083 = CIRCLE('',#6084,3.633333333333);
#6084 = AXIS2_PLACEMENT_3D('',#6085,#6086,#6087);
#6085 = CARTESIAN_POINT('',(5.08,-10.,4.633333333333));
#6086 = DIRECTION('',(1.037450675216E-35,-1.,2.22044604925E-16));
#6087 = DIRECTION('',(-0.550458715596,-1.853766885154E-16,
    -0.834862385321));
#6088 = ORIENTED_EDGE('',*,*,#6089,.F.);
#6089 = EDGE_CURVE('',#6090,#6081,#6092,.T.);
#6090 = VERTEX_POINT('',#6091);
#6091 = CARTESIAN_POINT('',(2.,-10.,1.6));
#6092 = LINE('',#6093,#6094);
#6093 = CARTESIAN_POINT('',(-2.74,-10.,1.6));
#6094 = VECTOR('',#6095,1.);
#6095 = DIRECTION('',(1.,0.,0.));
#6096 = ORIENTED_EDGE('',*,*,#6097,.F.);
#6097 = EDGE_CURVE('',#6098,#6090,#6100,.T.);
#6098 = VERTEX_POINT('',#6099);
#6099 = CARTESIAN_POINT('',(-2.,-10.,1.6));
#6100 = CIRCLE('',#6101,3.633333333333);
#6101 = AXIS2_PLACEMENT_3D('',#6102,#6103,#6104);
#6102 = CARTESIAN_POINT('',(0.,-10.,4.633333333333));
#6103 = DIRECTION('',(1.037450675216E-35,-1.,2.22044604925E-16));
#6104 = DIRECTION('',(-0.550458715596,-1.853766885154E-16,
    -0.834862385321));
#6105 = ORIENTED_EDGE('',*,*,#6106,.F.);
#6106 = EDGE_CURVE('',#6107,#6098,#6109,.T.);
#6107 = VERTEX_POINT('',#6108);
#6108 = CARTESIAN_POINT('',(-2.74,-10.,1.6));
#6109 = LINE('',#6110,#6111);
#6110 = CARTESIAN_POINT('',(-2.74,-10.,1.6));
#6111 = VECTOR('',#6112,1.);
#6112 = DIRECTION('',(1.,0.,0.));
#6113 = ORIENTED_EDGE('',*,*,#6114,.F.);
#6114 = EDGE_CURVE('',#6115,#6107,#6117,.T.);
#6115 = VERTEX_POINT('',#6116);
#6116 = CARTESIAN_POINT('',(-2.74,-10.,6.9));
#6117 = LINE('',#6118,#6119);
#6118 = CARTESIAN_POINT('',(-2.74,-10.,6.9));
#6119 = VECTOR('',#6120,1.);
#6120 = DIRECTION('',(0.,-2.22044604925E-16,-1.));
#6121 = ORIENTED_EDGE('',*,*,#6122,.F.);
#6122 = EDGE_CURVE('',#6123,#6115,#6125,.T.);
#6123 = VERTEX_POINT('',#6124);
#6124 = CARTESIAN_POINT('',(-1.,-10.,6.9));
#6125 = LINE('',#6126,#6127);
#6126 = CARTESIAN_POINT('',(7.82,-10.,6.9));
#6127 = VECTOR('',#6128,1.);
#6128 = DIRECTION('',(-1.,0.,0.));
#6129 = ORIENTED_EDGE('',*,*,#6130,.F.);
#6130 = EDGE_CURVE('',#6131,#6123,#6133,.T.);
#6131 = VERTEX_POINT('',#6132);
#6132 = CARTESIAN_POINT('',(-1.,-10.,8.));
#6133 = LINE('',#6134,#6135);
#6134 = CARTESIAN_POINT('',(-1.,-10.,8.6));
#6135 = VECTOR('',#6136,1.);
#6136 = DIRECTION('',(0.,-2.22044604925E-16,-1.));
#6137 = ORIENTED_EDGE('',*,*,#6138,.F.);
#6138 = EDGE_CURVE('',#5941,#6131,#6139,.T.);
#6139 = LINE('',#6140,#6141);
#6140 = CARTESIAN_POINT('',(-3.54,-10.,8.));
#6141 = VECTOR('',#6142,1.);
#6142 = DIRECTION('',(1.,0.,0.));
#6143 = PLANE('',#6144);
#6144 = AXIS2_PLACEMENT_3D('',#6145,#6146,#6147);
#6145 = CARTESIAN_POINT('',(-3.54,-10.,2.6645352591E-15));
#6146 = DIRECTION('',(0.,-1.,2.22044604925E-16));
#6147 = DIRECTION('',(0.,2.22044604925E-16,1.));
#6148 = ADVANCED_FACE('',(#6149),#6174,.T.);
#6149 = FACE_BOUND('',#6150,.T.);
#6150 = EDGE_LOOP('',(#6151,#6161,#6167,#6168));
#6151 = ORIENTED_EDGE('',*,*,#6152,.T.);
#6152 = EDGE_CURVE('',#6153,#6155,#6157,.T.);
#6153 = VERTEX_POINT('',#6154);
#6154 = CARTESIAN_POINT('',(-0.5,0.5,-3.4));
#6155 = VERTEX_POINT('',#6156);
#6156 = CARTESIAN_POINT('',(-0.5,-0.5,-3.4));
#6157 = LINE('',#6158,#6159);
#6158 = CARTESIAN_POINT('',(-0.5,0.5,-3.4));
#6159 = VECTOR('',#6160,1.);
#6160 = DIRECTION('',(0.,-1.,0.));
#6161 = ORIENTED_EDGE('',*,*,#6162,.T.);
#6162 = EDGE_CURVE('',#6155,#5865,#6163,.T.);
#6163 = LINE('',#6164,#6165);
#6164 = CARTESIAN_POINT('',(-0.5,-0.5,-4.));
#6165 = VECTOR('',#6166,1.);
#6166 = DIRECTION('',(0.,0.,1.));
#6167 = ORIENTED_EDGE('',*,*,#5864,.T.);
#6168 = ORIENTED_EDGE('',*,*,#6169,.T.);
#6169 = EDGE_CURVE('',#5867,#6153,#6170,.T.);
#6170 = LINE('',#6171,#6172);
#6171 = CARTESIAN_POINT('',(-0.5,0.5,3.2));
#6172 = VECTOR('',#6173,1.);
#6173 = DIRECTION('',(0.,-3.083952846181E-17,-1.));
#6174 = PLANE('',#6175);
#6175 = AXIS2_PLACEMENT_3D('',#6176,#6177,#6178);
#6176 = CARTESIAN_POINT('',(-0.5,-2.164915238601,1.736707405469));
#6177 = DIRECTION('',(-1.,-0.,-0.));
#6178 = DIRECTION('',(0.,0.,-1.));
#6179 = ADVANCED_FACE('',(#6180),#6198,.T.);
#6180 = FACE_BOUND('',#6181,.T.);
#6181 = EDGE_LOOP('',(#6182,#6190,#6191,#6192));
#6182 = ORIENTED_EDGE('',*,*,#6183,.F.);
#6183 = EDGE_CURVE('',#6153,#6184,#6186,.T.);
#6184 = VERTEX_POINT('',#6185);
#6185 = CARTESIAN_POINT('',(0.5,0.5,-3.4));
#6186 = LINE('',#6187,#6188);
#6187 = CARTESIAN_POINT('',(-0.3,0.5,-3.4));
#6188 = VECTOR('',#6189,1.);
#6189 = DIRECTION('',(1.,0.,0.));
#6190 = ORIENTED_EDGE('',*,*,#6169,.F.);
#6191 = ORIENTED_EDGE('',*,*,#5890,.T.);
#6192 = ORIENTED_EDGE('',*,*,#6193,.T.);
#6193 = EDGE_CURVE('',#5883,#6184,#6194,.T.);
#6194 = LINE('',#6195,#6196);
#6195 = CARTESIAN_POINT('',(0.5,0.5,3.2));
#6196 = VECTOR('',#6197,1.);
#6197 = DIRECTION('',(0.,-3.083952846181E-17,-1.));
#6198 = PLANE('',#6199);
#6199 = AXIS2_PLACEMENT_3D('',#6200,#6201,#6202);
#6200 = CARTESIAN_POINT('',(-0.5,0.5,3.2));
#6201 = DIRECTION('',(0.,1.,-3.083952846181E-17));
#6202 = DIRECTION('',(0.,-3.083952846181E-17,-1.));
#6203 = ADVANCED_FACE('',(#6204),#6222,.F.);
#6204 = FACE_BOUND('',#6205,.F.);
#6205 = EDGE_LOOP('',(#6206,#6214,#6220,#6221));
#6206 = ORIENTED_EDGE('',*,*,#6207,.T.);
#6207 = EDGE_CURVE('',#6184,#6208,#6210,.T.);
#6208 = VERTEX_POINT('',#6209);
#6209 = CARTESIAN_POINT('',(0.5,-0.5,-3.4));
#6210 = LINE('',#6211,#6212);
#6211 = CARTESIAN_POINT('',(0.5,0.5,-3.4));
#6212 = VECTOR('',#6213,1.);
#6213 = DIRECTION('',(0.,-1.,0.));
#6214 = ORIENTED_EDGE('',*,*,#6215,.T.);
#6215 = EDGE_CURVE('',#6208,#5875,#6216,.T.);
#6216 = LINE('',#6217,#6218);
#6217 = CARTESIAN_POINT('',(0.5,-0.5,-4.));
#6218 = VECTOR('',#6219,1.);
#6219 = DIRECTION('',(0.,0.,1.));
#6220 = ORIENTED_EDGE('',*,*,#5882,.T.);
#6221 = ORIENTED_EDGE('',*,*,#6193,.T.);
#6222 = PLANE('',#6223);
#6223 = AXIS2_PLACEMENT_3D('',#6224,#6225,#6226);
#6224 = CARTESIAN_POINT('',(0.5,-2.164915238601,1.736707405469));
#6225 = DIRECTION('',(-1.,-0.,-0.));
#6226 = DIRECTION('',(0.,0.,-1.));
#6227 = ADVANCED_FACE('',(#6228),#6239,.T.);
#6228 = FACE_BOUND('',#6229,.T.);
#6229 = EDGE_LOOP('',(#6230,#6231,#6237,#6238));
#6230 = ORIENTED_EDGE('',*,*,#6162,.F.);
#6231 = ORIENTED_EDGE('',*,*,#6232,.T.);
#6232 = EDGE_CURVE('',#6155,#6208,#6233,.T.);
#6233 = LINE('',#6234,#6235);
#6234 = CARTESIAN_POINT('',(-0.3,-0.5,-3.4));
#6235 = VECTOR('',#6236,1.);
#6236 = DIRECTION('',(1.,0.,0.));
#6237 = ORIENTED_EDGE('',*,*,#6215,.T.);
#6238 = ORIENTED_EDGE('',*,*,#5874,.T.);
#6239 = PLANE('',#6240);
#6240 = AXIS2_PLACEMENT_3D('',#6241,#6242,#6243);
#6241 = CARTESIAN_POINT('',(-0.5,-0.5,-4.));
#6242 = DIRECTION('',(0.,-1.,0.));
#6243 = DIRECTION('',(0.,0.,1.));
#6244 = ADVANCED_FACE('',(#6245),#6270,.T.);
#6245 = FACE_BOUND('',#6246,.T.);
#6246 = EDGE_LOOP('',(#6247,#6257,#6263,#6264));
#6247 = ORIENTED_EDGE('',*,*,#6248,.F.);
#6248 = EDGE_CURVE('',#6249,#6251,#6253,.T.);
#6249 = VERTEX_POINT('',#6250);
#6250 = CARTESIAN_POINT('',(4.58,0.5,-3.4));
#6251 = VERTEX_POINT('',#6252);
#6252 = CARTESIAN_POINT('',(5.58,0.5,-3.4));
#6253 = LINE('',#6254,#6255);
#6254 = CARTESIAN_POINT('',(4.78,0.5,-3.4));
#6255 = VECTOR('',#6256,1.);
#6256 = DIRECTION('',(1.,0.,0.));
#6257 = ORIENTED_EDGE('',*,*,#6258,.F.);
#6258 = EDGE_CURVE('',#5899,#6249,#6259,.T.);
#6259 = LINE('',#6260,#6261);
#6260 = CARTESIAN_POINT('',(4.58,0.5,3.2));
#6261 = VECTOR('',#6262,1.);
#6262 = DIRECTION('',(0.,-3.083952846181E-17,-1.));
#6263 = ORIENTED_EDGE('',*,*,#5898,.T.);
#6264 = ORIENTED_EDGE('',*,*,#6265,.T.);
#6265 = EDGE_CURVE('',#5901,#6251,#6266,.T.);
#6266 = LINE('',#6267,#6268);
#6267 = CARTESIAN_POINT('',(5.58,0.5,3.2));
#6268 = VECTOR('',#6269,1.);
#6269 = DIRECTION('',(0.,-3.083952846181E-17,-1.));
#6270 = PLANE('',#6271);
#6271 = AXIS2_PLACEMENT_3D('',#6272,#6273,#6274);
#6272 = CARTESIAN_POINT('',(4.58,0.5,3.2));
#6273 = DIRECTION('',(0.,1.,-3.083952846181E-17));
#6274 = DIRECTION('',(0.,-3.083952846181E-17,-1.));
#6275 = ADVANCED_FACE('',(#6276),#6294,.F.);
#6276 = FACE_BOUND('',#6277,.F.);
#6277 = EDGE_LOOP('',(#6278,#6286,#6292,#6293));
#6278 = ORIENTED_EDGE('',*,*,#6279,.T.);
#6279 = EDGE_CURVE('',#6251,#6280,#6282,.T.);
#6280 = VERTEX_POINT('',#6281);
#6281 = CARTESIAN_POINT('',(5.58,-0.5,-3.4));
#6282 = LINE('',#6283,#6284);
#6283 = CARTESIAN_POINT('',(5.58,0.5,-3.4));
#6284 = VECTOR('',#6285,1.);
#6285 = DIRECTION('',(0.,-1.,0.));
#6286 = ORIENTED_EDGE('',*,*,#6287,.T.);
#6287 = EDGE_CURVE('',#6280,#5917,#6288,.T.);
#6288 = LINE('',#6289,#6290);
#6289 = CARTESIAN_POINT('',(5.58,-0.5,-4.));
#6290 = VECTOR('',#6291,1.);
#6291 = DIRECTION('',(0.,0.,1.));
#6292 = ORIENTED_EDGE('',*,*,#5924,.T.);
#6293 = ORIENTED_EDGE('',*,*,#6265,.T.);
#6294 = PLANE('',#6295);
#6295 = AXIS2_PLACEMENT_3D('',#6296,#6297,#6298);
#6296 = CARTESIAN_POINT('',(5.58,-2.164915238601,1.736707405469));
#6297 = DIRECTION('',(-1.,-0.,-0.));
#6298 = DIRECTION('',(0.,0.,-1.));
#6299 = ADVANCED_FACE('',(#6300),#6318,.T.);
#6300 = FACE_BOUND('',#6301,.T.);
#6301 = EDGE_LOOP('',(#6302,#6310,#6316,#6317));
#6302 = ORIENTED_EDGE('',*,*,#6303,.F.);
#6303 = EDGE_CURVE('',#6304,#5909,#6306,.T.);
#6304 = VERTEX_POINT('',#6305);
#6305 = CARTESIAN_POINT('',(4.58,-0.5,-3.4));
#6306 = LINE('',#6307,#6308);
#6307 = CARTESIAN_POINT('',(4.58,-0.5,-4.));
#6308 = VECTOR('',#6309,1.);
#6309 = DIRECTION('',(0.,0.,1.));
#6310 = ORIENTED_EDGE('',*,*,#6311,.T.);
#6311 = EDGE_CURVE('',#6304,#6280,#6312,.T.);
#6312 = LINE('',#6313,#6314);
#6313 = CARTESIAN_POINT('',(4.78,-0.5,-3.4));
#6314 = VECTOR('',#6315,1.);
#6315 = DIRECTION('',(1.,0.,0.));
#6316 = ORIENTED_EDGE('',*,*,#6287,.T.);
#6317 = ORIENTED_EDGE('',*,*,#5916,.T.);
#6318 = PLANE('',#6319);
#6319 = AXIS2_PLACEMENT_3D('',#6320,#6321,#6322);
#6320 = CARTESIAN_POINT('',(4.58,-0.5,-4.));
#6321 = DIRECTION('',(0.,-1.,0.));
#6322 = DIRECTION('',(0.,0.,1.));
#6323 = ADVANCED_FACE('',(#6324),#6335,.T.);
#6324 = FACE_BOUND('',#6325,.T.);
#6325 = EDGE_LOOP('',(#6326,#6332,#6333,#6334));
#6326 = ORIENTED_EDGE('',*,*,#6327,.T.);
#6327 = EDGE_CURVE('',#6249,#6304,#6328,.T.);
#6328 = LINE('',#6329,#6330);
#6329 = CARTESIAN_POINT('',(4.58,0.5,-3.4));
#6330 = VECTOR('',#6331,1.);
#6331 = DIRECTION('',(0.,-1.,0.));
#6332 = ORIENTED_EDGE('',*,*,#6303,.T.);
#6333 = ORIENTED_EDGE('',*,*,#5908,.T.);
#6334 = ORIENTED_EDGE('',*,*,#6258,.T.);
#6335 = PLANE('',#6336);
#6336 = AXIS2_PLACEMENT_3D('',#6337,#6338,#6339);
#6337 = CARTESIAN_POINT('',(4.58,-2.164915238601,1.736707405469));
#6338 = DIRECTION('',(-1.,-0.,-0.));
#6339 = DIRECTION('',(0.,0.,-1.));
#6340 = ADVANCED_FACE('',(#6341),#6359,.T.);
#6341 = FACE_BOUND('',#6342,.T.);
#6342 = EDGE_LOOP('',(#6343,#6344,#6345,#6353));
#6343 = ORIENTED_EDGE('',*,*,#5948,.F.);
#6344 = ORIENTED_EDGE('',*,*,#6138,.T.);
#6345 = ORIENTED_EDGE('',*,*,#6346,.F.);
#6346 = EDGE_CURVE('',#6347,#6131,#6349,.T.);
#6347 = VERTEX_POINT('',#6348);
#6348 = CARTESIAN_POINT('',(-0.75,-8.5,8.6));
#6349 = LINE('',#6350,#6351);
#6350 = CARTESIAN_POINT('',(-0.904700654818,-9.428203928906,
    8.228718428438));
#6351 = VECTOR('',#6352,1.);
#6352 = DIRECTION('',(-0.152925937552,-0.91755562531,-0.367022250124));
#6353 = ORIENTED_EDGE('',*,*,#6354,.F.);
#6354 = EDGE_CURVE('',#5949,#6347,#6355,.T.);
#6355 = LINE('',#6356,#6357);
#6356 = CARTESIAN_POINT('',(-3.54,-8.5,8.6));
#6357 = VECTOR('',#6358,1.);
#6358 = DIRECTION('',(1.,0.,0.));
#6359 = PLANE('',#6360);
#6360 = AXIS2_PLACEMENT_3D('',#6361,#6362,#6363);
#6361 = CARTESIAN_POINT('',(-3.54,-10.,8.));
#6362 = DIRECTION('',(0.,-0.371390676354,0.928476690885));
#6363 = DIRECTION('',(0.,0.928476690885,0.371390676354));
#6364 = ADVANCED_FACE('',(#6365),#6401,.T.);
#6365 = FACE_BOUND('',#6366,.T.);
#6366 = EDGE_LOOP('',(#6367,#6368,#6376,#6384,#6392,#6398,#6399,#6400));
#6367 = ORIENTED_EDGE('',*,*,#6354,.T.);
#6368 = ORIENTED_EDGE('',*,*,#6369,.T.);
#6369 = EDGE_CURVE('',#6347,#6370,#6372,.T.);
#6370 = VERTEX_POINT('',#6371);
#6371 = CARTESIAN_POINT('',(0.75,-8.5,8.6));
#6372 = LINE('',#6373,#6374);
#6373 = CARTESIAN_POINT('',(-3.54,-8.5,8.6));
#6374 = VECTOR('',#6375,1.);
#6375 = DIRECTION('',(1.,0.,0.));
#6376 = ORIENTED_EDGE('',*,*,#6377,.T.);
#6377 = EDGE_CURVE('',#6370,#6378,#6380,.T.);
#6378 = VERTEX_POINT('',#6379);
#6379 = CARTESIAN_POINT('',(4.33,-8.5,8.6));
#6380 = LINE('',#6381,#6382);
#6381 = CARTESIAN_POINT('',(-3.54,-8.5,8.6));
#6382 = VECTOR('',#6383,1.);
#6383 = DIRECTION('',(1.,0.,0.));
#6384 = ORIENTED_EDGE('',*,*,#6385,.T.);
#6385 = EDGE_CURVE('',#6378,#6386,#6388,.T.);
#6386 = VERTEX_POINT('',#6387);
#6387 = CARTESIAN_POINT('',(5.83,-8.5,8.6));
#6388 = LINE('',#6389,#6390);
#6389 = CARTESIAN_POINT('',(-3.54,-8.5,8.6));
#6390 = VECTOR('',#6391,1.);
#6391 = DIRECTION('',(1.,0.,0.));
#6392 = ORIENTED_EDGE('',*,*,#6393,.T.);
#6393 = EDGE_CURVE('',#6386,#5990,#6394,.T.);
#6394 = LINE('',#6395,#6396);
#6395 = CARTESIAN_POINT('',(-3.54,-8.5,8.6));
#6396 = VECTOR('',#6397,1.);
#6397 = DIRECTION('',(1.,0.,0.));
#6398 = ORIENTED_EDGE('',*,*,#5997,.T.);
#6399 = ORIENTED_EDGE('',*,*,#6020,.F.);
#6400 = ORIENTED_EDGE('',*,*,#5956,.F.);
#6401 = PLANE('',#6402);
#6402 = AXIS2_PLACEMENT_3D('',#6403,#6404,#6405);
#6403 = CARTESIAN_POINT('',(-3.54,-8.5,8.6));
#6404 = DIRECTION('',(0.,2.22044604925E-16,1.));
#6405 = DIRECTION('',(0.,1.,-2.22044604925E-16));
#6406 = ADVANCED_FACE('',(#6407),#6418,.T.);
#6407 = FACE_BOUND('',#6408,.T.);
#6408 = EDGE_LOOP('',(#6409,#6415,#6416,#6417));
#6409 = ORIENTED_EDGE('',*,*,#6410,.F.);
#6410 = EDGE_CURVE('',#6041,#6386,#6411,.T.);
#6411 = LINE('',#6412,#6413);
#6412 = CARTESIAN_POINT('',(5.95067352666,-9.224041159963,8.310383536015
    ));
#6413 = VECTOR('',#6414,1.);
#6414 = DIRECTION('',(-0.152925937552,0.91755562531,0.367022250124));
#6415 = ORIENTED_EDGE('',*,*,#6040,.T.);
#6416 = ORIENTED_EDGE('',*,*,#5989,.T.);
#6417 = ORIENTED_EDGE('',*,*,#6393,.F.);
#6418 = PLANE('',#6419);
#6419 = AXIS2_PLACEMENT_3D('',#6420,#6421,#6422);
#6420 = CARTESIAN_POINT('',(-3.54,-10.,8.));
#6421 = DIRECTION('',(0.,-0.371390676354,0.928476690885));
#6422 = DIRECTION('',(0.,0.928476690885,0.371390676354));
#6423 = ADVANCED_FACE('',(#6424),#6442,.F.);
#6424 = FACE_BOUND('',#6425,.F.);
#6425 = EDGE_LOOP('',(#6426,#6427,#6435,#6441));
#6426 = ORIENTED_EDGE('',*,*,#6346,.F.);
#6427 = ORIENTED_EDGE('',*,*,#6428,.T.);
#6428 = EDGE_CURVE('',#6347,#6429,#6431,.T.);
#6429 = VERTEX_POINT('',#6430);
#6430 = CARTESIAN_POINT('',(-0.75,-8.5,6.9));
#6431 = LINE('',#6432,#6433);
#6432 = CARTESIAN_POINT('',(-0.75,-8.5,8.6));
#6433 = VECTOR('',#6434,1.);
#6434 = DIRECTION('',(0.,-2.22044604925E-16,-1.));
#6435 = ORIENTED_EDGE('',*,*,#6436,.T.);
#6436 = EDGE_CURVE('',#6429,#6123,#6437,.T.);
#6437 = LINE('',#6438,#6439);
#6438 = CARTESIAN_POINT('',(-0.75,-8.5,6.9));
#6439 = VECTOR('',#6440,1.);
#6440 = DIRECTION('',(-0.164398987305,-0.986393923832,2.190234491178E-16
    ));
#6441 = ORIENTED_EDGE('',*,*,#6130,.F.);
#6442 = PLANE('',#6443);
#6443 = AXIS2_PLACEMENT_3D('',#6444,#6445,#6446);
#6444 = CARTESIAN_POINT('',(-0.75,-8.5,8.6));
#6445 = DIRECTION('',(-0.986393923832,0.164398987305,-3.65039081863E-17)
  );
#6446 = DIRECTION('',(-0.164398987305,-0.986393923832,2.190234491178E-16
    ));
#6447 = ADVANCED_FACE('',(#6448),#6521,.F.);
#6448 = FACE_BOUND('',#6449,.F.);
#6449 = EDGE_LOOP('',(#6450,#6451,#6459,#6467,#6473,#6474,#6475,#6483,
    #6491,#6499,#6507,#6515));
#6450 = ORIENTED_EDGE('',*,*,#6056,.F.);
#6451 = ORIENTED_EDGE('',*,*,#6452,.T.);
#6452 = EDGE_CURVE('',#6057,#6453,#6455,.T.);
#6453 = VERTEX_POINT('',#6454);
#6454 = CARTESIAN_POINT('',(7.82,-1.5,6.9));
#6455 = LINE('',#6456,#6457);
#6456 = CARTESIAN_POINT('',(7.82,-10.,6.9));
#6457 = VECTOR('',#6458,1.);
#6458 = DIRECTION('',(-0.,1.,-2.22044604925E-16));
#6459 = ORIENTED_EDGE('',*,*,#6460,.T.);
#6460 = EDGE_CURVE('',#6453,#6461,#6463,.T.);
#6461 = VERTEX_POINT('',#6462);
#6462 = CARTESIAN_POINT('',(-2.74,-1.5,6.9));
#6463 = LINE('',#6464,#6465);
#6464 = CARTESIAN_POINT('',(7.82,-1.5,6.9));
#6465 = VECTOR('',#6466,1.);
#6466 = DIRECTION('',(-1.,0.,0.));
#6467 = ORIENTED_EDGE('',*,*,#6468,.F.);
#6468 = EDGE_CURVE('',#6115,#6461,#6469,.T.);
#6469 = LINE('',#6470,#6471);
#6470 = CARTESIAN_POINT('',(-2.74,-10.,6.9));
#6471 = VECTOR('',#6472,1.);
#6472 = DIRECTION('',(-0.,1.,-2.22044604925E-16));
#6473 = ORIENTED_EDGE('',*,*,#6122,.F.);
#6474 = ORIENTED_EDGE('',*,*,#6436,.F.);
#6475 = ORIENTED_EDGE('',*,*,#6476,.F.);
#6476 = EDGE_CURVE('',#6477,#6429,#6479,.T.);
#6477 = VERTEX_POINT('',#6478);
#6478 = CARTESIAN_POINT('',(0.75,-8.5,6.9));
#6479 = LINE('',#6480,#6481);
#6480 = CARTESIAN_POINT('',(0.75,-8.5,6.9));
#6481 = VECTOR('',#6482,1.);
#6482 = DIRECTION('',(-1.,0.,0.));
#6483 = ORIENTED_EDGE('',*,*,#6484,.F.);
#6484 = EDGE_CURVE('',#6485,#6477,#6487,.T.);
#6485 = VERTEX_POINT('',#6486);
#6486 = CARTESIAN_POINT('',(1.,-10.,6.9));
#6487 = LINE('',#6488,#6489);
#6488 = CARTESIAN_POINT('',(1.,-10.,6.9));
#6489 = VECTOR('',#6490,1.);
#6490 = DIRECTION('',(-0.164398987305,0.986393923832,-2.190234491178E-16
    ));
#6491 = ORIENTED_EDGE('',*,*,#6492,.F.);
#6492 = EDGE_CURVE('',#6493,#6485,#6495,.T.);
#6493 = VERTEX_POINT('',#6494);
#6494 = CARTESIAN_POINT('',(4.08,-10.,6.9));
#6495 = LINE('',#6496,#6497);
#6496 = CARTESIAN_POINT('',(7.82,-10.,6.9));
#6497 = VECTOR('',#6498,1.);
#6498 = DIRECTION('',(-1.,0.,0.));
#6499 = ORIENTED_EDGE('',*,*,#6500,.F.);
#6500 = EDGE_CURVE('',#6501,#6493,#6503,.T.);
#6501 = VERTEX_POINT('',#6502);
#6502 = CARTESIAN_POINT('',(4.33,-8.5,6.9));
#6503 = LINE('',#6504,#6505);
#6504 = CARTESIAN_POINT('',(4.33,-8.5,6.9));
#6505 = VECTOR('',#6506,1.);
#6506 = DIRECTION('',(-0.164398987305,-0.986393923832,2.190234491178E-16
    ));
#6507 = ORIENTED_EDGE('',*,*,#6508,.F.);
#6508 = EDGE_CURVE('',#6509,#6501,#6511,.T.);
#6509 = VERTEX_POINT('',#6510);
#6510 = CARTESIAN_POINT('',(5.83,-8.5,6.9));
#6511 = LINE('',#6512,#6513);
#6512 = CARTESIAN_POINT('',(5.83,-8.5,6.9));
#6513 = VECTOR('',#6514,1.);
#6514 = DIRECTION('',(-1.,0.,0.));
#6515 = ORIENTED_EDGE('',*,*,#6516,.F.);
#6516 = EDGE_CURVE('',#6049,#6509,#6517,.T.);
#6517 = LINE('',#6518,#6519);
#6518 = CARTESIAN_POINT('',(6.08,-10.,6.9));
#6519 = VECTOR('',#6520,1.);
#6520 = DIRECTION('',(-0.164398987305,0.986393923832,-2.190234491178E-16
    ));
#6521 = PLANE('',#6522);
#6522 = AXIS2_PLACEMENT_3D('',#6523,#6524,#6525);
#6523 = CARTESIAN_POINT('',(7.82,-10.,6.9));
#6524 = DIRECTION('',(0.,2.22044604925E-16,1.));
#6525 = DIRECTION('',(-1.,0.,0.));
#6526 = ADVANCED_FACE('',(#6527),#6545,.F.);
#6527 = FACE_BOUND('',#6528,.F.);
#6528 = EDGE_LOOP('',(#6529,#6530,#6538,#6544));
#6529 = ORIENTED_EDGE('',*,*,#6468,.T.);
#6530 = ORIENTED_EDGE('',*,*,#6531,.T.);
#6531 = EDGE_CURVE('',#6461,#6532,#6534,.T.);
#6532 = VERTEX_POINT('',#6533);
#6533 = CARTESIAN_POINT('',(-2.74,-1.5,1.6));
#6534 = LINE('',#6535,#6536);
#6535 = CARTESIAN_POINT('',(-2.74,-1.5,6.9));
#6536 = VECTOR('',#6537,1.);
#6537 = DIRECTION('',(0.,-2.22044604925E-16,-1.));
#6538 = ORIENTED_EDGE('',*,*,#6539,.F.);
#6539 = EDGE_CURVE('',#6107,#6532,#6540,.T.);
#6540 = LINE('',#6541,#6542);
#6541 = CARTESIAN_POINT('',(-2.74,-10.,1.6));
#6542 = VECTOR('',#6543,1.);
#6543 = DIRECTION('',(-0.,1.,-2.22044604925E-16));
#6544 = ORIENTED_EDGE('',*,*,#6114,.F.);
#6545 = PLANE('',#6546);
#6546 = AXIS2_PLACEMENT_3D('',#6547,#6548,#6549);
#6547 = CARTESIAN_POINT('',(-2.74,-10.,6.9));
#6548 = DIRECTION('',(-1.,0.,0.));
#6549 = DIRECTION('',(-0.,-2.22044604925E-16,-1.));
#6550 = ADVANCED_FACE('',(#6551),#6569,.F.);
#6551 = FACE_BOUND('',#6552,.F.);
#6552 = EDGE_LOOP('',(#6553,#6554,#6555,#6563));
#6553 = ORIENTED_EDGE('',*,*,#6106,.F.);
#6554 = ORIENTED_EDGE('',*,*,#6539,.T.);
#6555 = ORIENTED_EDGE('',*,*,#6556,.T.);
#6556 = EDGE_CURVE('',#6532,#6557,#6559,.T.);
#6557 = VERTEX_POINT('',#6558);
#6558 = CARTESIAN_POINT('',(-2.,-1.5,1.6));
#6559 = LINE('',#6560,#6561);
#6560 = CARTESIAN_POINT('',(-2.74,-1.5,1.6));
#6561 = VECTOR('',#6562,1.);
#6562 = DIRECTION('',(1.,0.,0.));
#6563 = ORIENTED_EDGE('',*,*,#6564,.F.);
#6564 = EDGE_CURVE('',#6098,#6557,#6565,.T.);
#6565 = LINE('',#6566,#6567);
#6566 = CARTESIAN_POINT('',(-2.,-10.,1.6));
#6567 = VECTOR('',#6568,1.);
#6568 = DIRECTION('',(-0.,1.,-2.22044604925E-16));
#6569 = PLANE('',#6570);
#6570 = AXIS2_PLACEMENT_3D('',#6571,#6572,#6573);
#6571 = CARTESIAN_POINT('',(-2.74,-10.,1.6));
#6572 = DIRECTION('',(0.,-2.22044604925E-16,-1.));
#6573 = DIRECTION('',(1.,0.,0.));
#6574 = ADVANCED_FACE('',(#6575),#6594,.F.);
#6575 = FACE_BOUND('',#6576,.F.);
#6576 = EDGE_LOOP('',(#6577,#6578,#6587,#6593));
#6577 = ORIENTED_EDGE('',*,*,#6564,.T.);
#6578 = ORIENTED_EDGE('',*,*,#6579,.T.);
#6579 = EDGE_CURVE('',#6557,#6580,#6582,.T.);
#6580 = VERTEX_POINT('',#6581);
#6581 = CARTESIAN_POINT('',(2.,-1.5,1.6));
#6582 = CIRCLE('',#6583,3.633333333333);
#6583 = AXIS2_PLACEMENT_3D('',#6584,#6585,#6586);
#6584 = CARTESIAN_POINT('',(0.,-1.5,4.633333333333));
#6585 = DIRECTION('',(1.037450675216E-35,-1.,2.22044604925E-16));
#6586 = DIRECTION('',(-0.550458715596,-1.853766885154E-16,
    -0.834862385321));
#6587 = ORIENTED_EDGE('',*,*,#6588,.F.);
#6588 = EDGE_CURVE('',#6090,#6580,#6589,.T.);
#6589 = LINE('',#6590,#6591);
#6590 = CARTESIAN_POINT('',(2.,-10.,1.6));
#6591 = VECTOR('',#6592,1.);
#6592 = DIRECTION('',(-0.,1.,-2.22044604925E-16));
#6593 = ORIENTED_EDGE('',*,*,#6097,.F.);
#6594 = CYLINDRICAL_SURFACE('',#6595,3.633333333333);
#6595 = AXIS2_PLACEMENT_3D('',#6596,#6597,#6598);
#6596 = CARTESIAN_POINT('',(0.,-10.,4.633333333333));
#6597 = DIRECTION('',(0.,-1.,2.22044604925E-16));
#6598 = DIRECTION('',(-0.550458715596,-1.853766885154E-16,
    -0.834862385321));
#6599 = ADVANCED_FACE('',(#6600),#6618,.F.);
#6600 = FACE_BOUND('',#6601,.F.);
#6601 = EDGE_LOOP('',(#6602,#6603,#6604,#6612));
#6602 = ORIENTED_EDGE('',*,*,#6089,.F.);
#6603 = ORIENTED_EDGE('',*,*,#6588,.T.);
#6604 = ORIENTED_EDGE('',*,*,#6605,.T.);
#6605 = EDGE_CURVE('',#6580,#6606,#6608,.T.);
#6606 = VERTEX_POINT('',#6607);
#6607 = CARTESIAN_POINT('',(3.08,-1.5,1.6));
#6608 = LINE('',#6609,#6610);
#6609 = CARTESIAN_POINT('',(-2.74,-1.5,1.6));
#6610 = VECTOR('',#6611,1.);
#6611 = DIRECTION('',(1.,0.,0.));
#6612 = ORIENTED_EDGE('',*,*,#6613,.F.);
#6613 = EDGE_CURVE('',#6081,#6606,#6614,.T.);
#6614 = LINE('',#6615,#6616);
#6615 = CARTESIAN_POINT('',(3.08,-10.,1.6));
#6616 = VECTOR('',#6617,1.);
#6617 = DIRECTION('',(-0.,1.,-2.22044604925E-16));
#6618 = PLANE('',#6619);
#6619 = AXIS2_PLACEMENT_3D('',#6620,#6621,#6622);
#6620 = CARTESIAN_POINT('',(-2.74,-10.,1.6));
#6621 = DIRECTION('',(0.,-2.22044604925E-16,-1.));
#6622 = DIRECTION('',(1.,0.,0.));
#6623 = ADVANCED_FACE('',(#6624),#6643,.F.);
#6624 = FACE_BOUND('',#6625,.F.);
#6625 = EDGE_LOOP('',(#6626,#6627,#6636,#6642));
#6626 = ORIENTED_EDGE('',*,*,#6613,.T.);
#6627 = ORIENTED_EDGE('',*,*,#6628,.T.);
#6628 = EDGE_CURVE('',#6606,#6629,#6631,.T.);
#6629 = VERTEX_POINT('',#6630);
#6630 = CARTESIAN_POINT('',(7.08,-1.5,1.6));
#6631 = CIRCLE('',#6632,3.633333333333);
#6632 = AXIS2_PLACEMENT_3D('',#6633,#6634,#6635);
#6633 = CARTESIAN_POINT('',(5.08,-1.5,4.633333333333));
#6634 = DIRECTION('',(1.037450675216E-35,-1.,2.22044604925E-16));
#6635 = DIRECTION('',(-0.550458715596,-1.853766885154E-16,
    -0.834862385321));
#6636 = ORIENTED_EDGE('',*,*,#6637,.F.);
#6637 = EDGE_CURVE('',#6073,#6629,#6638,.T.);
#6638 = LINE('',#6639,#6640);
#6639 = CARTESIAN_POINT('',(7.08,-10.,1.6));
#6640 = VECTOR('',#6641,1.);
#6641 = DIRECTION('',(-0.,1.,-2.22044604925E-16));
#6642 = ORIENTED_EDGE('',*,*,#6080,.F.);
#6643 = CYLINDRICAL_SURFACE('',#6644,3.633333333333);
#6644 = AXIS2_PLACEMENT_3D('',#6645,#6646,#6647);
#6645 = CARTESIAN_POINT('',(5.08,-10.,4.633333333333));
#6646 = DIRECTION('',(0.,-1.,2.22044604925E-16));
#6647 = DIRECTION('',(-0.550458715596,-1.853766885154E-16,
    -0.834862385321));
#6648 = ADVANCED_FACE('',(#6649),#6667,.F.);
#6649 = FACE_BOUND('',#6650,.F.);
#6650 = EDGE_LOOP('',(#6651,#6652,#6653,#6661));
#6651 = ORIENTED_EDGE('',*,*,#6072,.F.);
#6652 = ORIENTED_EDGE('',*,*,#6637,.T.);
#6653 = ORIENTED_EDGE('',*,*,#6654,.T.);
#6654 = EDGE_CURVE('',#6629,#6655,#6657,.T.);
#6655 = VERTEX_POINT('',#6656);
#6656 = CARTESIAN_POINT('',(7.82,-1.5,1.6));
#6657 = LINE('',#6658,#6659);
#6658 = CARTESIAN_POINT('',(-2.74,-1.5,1.6));
#6659 = VECTOR('',#6660,1.);
#6660 = DIRECTION('',(1.,0.,0.));
#6661 = ORIENTED_EDGE('',*,*,#6662,.F.);
#6662 = EDGE_CURVE('',#6065,#6655,#6663,.T.);
#6663 = LINE('',#6664,#6665);
#6664 = CARTESIAN_POINT('',(7.82,-10.,1.6));
#6665 = VECTOR('',#6666,1.);
#6666 = DIRECTION('',(-0.,1.,-2.22044604925E-16));
#6667 = PLANE('',#6668);
#6668 = AXIS2_PLACEMENT_3D('',#6669,#6670,#6671);
#6669 = CARTESIAN_POINT('',(-2.74,-10.,1.6));
#6670 = DIRECTION('',(0.,-2.22044604925E-16,-1.));
#6671 = DIRECTION('',(1.,0.,0.));
#6672 = ADVANCED_FACE('',(#6673),#6684,.F.);
#6673 = FACE_BOUND('',#6674,.F.);
#6674 = EDGE_LOOP('',(#6675,#6676,#6682,#6683));
#6675 = ORIENTED_EDGE('',*,*,#6662,.T.);
#6676 = ORIENTED_EDGE('',*,*,#6677,.T.);
#6677 = EDGE_CURVE('',#6655,#6453,#6678,.T.);
#6678 = LINE('',#6679,#6680);
#6679 = CARTESIAN_POINT('',(7.82,-1.5,1.6));
#6680 = VECTOR('',#6681,1.);
#6681 = DIRECTION('',(0.,2.22044604925E-16,1.));
#6682 = ORIENTED_EDGE('',*,*,#6452,.F.);
#6683 = ORIENTED_EDGE('',*,*,#6064,.F.);
#6684 = PLANE('',#6685);
#6685 = AXIS2_PLACEMENT_3D('',#6686,#6687,#6688);
#6686 = CARTESIAN_POINT('',(7.82,-10.,1.6));
#6687 = DIRECTION('',(1.,0.,0.));
#6688 = DIRECTION('',(-0.,2.22044604925E-16,1.));
#6689 = ADVANCED_FACE('',(#6690),#6701,.F.);
#6690 = FACE_BOUND('',#6691,.F.);
#6691 = EDGE_LOOP('',(#6692,#6693,#6694,#6695));
#6692 = ORIENTED_EDGE('',*,*,#6410,.F.);
#6693 = ORIENTED_EDGE('',*,*,#6048,.T.);
#6694 = ORIENTED_EDGE('',*,*,#6516,.T.);
#6695 = ORIENTED_EDGE('',*,*,#6696,.F.);
#6696 = EDGE_CURVE('',#6386,#6509,#6697,.T.);
#6697 = LINE('',#6698,#6699);
#6698 = CARTESIAN_POINT('',(5.83,-8.5,8.6));
#6699 = VECTOR('',#6700,1.);
#6700 = DIRECTION('',(0.,-2.22044604925E-16,-1.));
#6701 = PLANE('',#6702);
#6702 = AXIS2_PLACEMENT_3D('',#6703,#6704,#6705);
#6703 = CARTESIAN_POINT('',(6.08,-10.,8.6));
#6704 = DIRECTION('',(0.986393923832,0.164398987305,-3.65039081863E-17)
  );
#6705 = DIRECTION('',(-0.164398987305,0.986393923832,-2.190234491178E-16
    ));
#6706 = ADVANCED_FACE('',(#6707),#6732,.T.);
#6707 = FACE_BOUND('',#6708,.T.);
#6708 = EDGE_LOOP('',(#6709,#6719,#6725,#6726));
#6709 = ORIENTED_EDGE('',*,*,#6710,.T.);
#6710 = EDGE_CURVE('',#6711,#6713,#6715,.T.);
#6711 = VERTEX_POINT('',#6712);
#6712 = CARTESIAN_POINT('',(-0.3,0.3,-4.));
#6713 = VERTEX_POINT('',#6714);
#6714 = CARTESIAN_POINT('',(-0.3,-0.3,-4.));
#6715 = LINE('',#6716,#6717);
#6716 = CARTESIAN_POINT('',(-0.3,0.5,-4.));
#6717 = VECTOR('',#6718,1.);
#6718 = DIRECTION('',(0.,-1.,0.));
#6719 = ORIENTED_EDGE('',*,*,#6720,.T.);
#6720 = EDGE_CURVE('',#6713,#6155,#6721,.T.);
#6721 = LINE('',#6722,#6723);
#6722 = CARTESIAN_POINT('',(-0.354545454545,-0.354545454545,
    -3.836363636364));
#6723 = VECTOR('',#6724,1.);
#6724 = DIRECTION('',(-0.301511344578,-0.301511344578,0.904534033733));
#6725 = ORIENTED_EDGE('',*,*,#6152,.F.);
#6726 = ORIENTED_EDGE('',*,*,#6727,.F.);
#6727 = EDGE_CURVE('',#6711,#6153,#6728,.T.);
#6728 = LINE('',#6729,#6730);
#6729 = CARTESIAN_POINT('',(-0.4,0.4,-3.7));
#6730 = VECTOR('',#6731,1.);
#6731 = DIRECTION('',(-0.301511344578,0.301511344578,0.904534033733));
#6732 = PLANE('',#6733);
#6733 = AXIS2_PLACEMENT_3D('',#6734,#6735,#6736);
#6734 = CARTESIAN_POINT('',(-0.4,0.5,-3.7));
#6735 = DIRECTION('',(-0.948683298051,-3.476378920805E-18,
    -0.316227766017));
#6736 = DIRECTION('',(3.297982619863E-18,-1.,1.099327539955E-18));
#6737 = ADVANCED_FACE('',(#6738),#6756,.T.);
#6738 = FACE_BOUND('',#6739,.F.);
#6739 = EDGE_LOOP('',(#6740,#6741,#6749,#6755));
#6740 = ORIENTED_EDGE('',*,*,#6727,.F.);
#6741 = ORIENTED_EDGE('',*,*,#6742,.T.);
#6742 = EDGE_CURVE('',#6711,#6743,#6745,.T.);
#6743 = VERTEX_POINT('',#6744);
#6744 = CARTESIAN_POINT('',(0.3,0.3,-4.));
#6745 = LINE('',#6746,#6747);
#6746 = CARTESIAN_POINT('',(-0.3,0.3,-4.));
#6747 = VECTOR('',#6748,1.);
#6748 = DIRECTION('',(1.,0.,0.));
#6749 = ORIENTED_EDGE('',*,*,#6750,.T.);
#6750 = EDGE_CURVE('',#6743,#6184,#6751,.T.);
#6751 = LINE('',#6752,#6753);
#6752 = CARTESIAN_POINT('',(0.372727272727,0.372727272727,
    -3.781818181818));
#6753 = VECTOR('',#6754,1.);
#6754 = DIRECTION('',(0.301511344578,0.301511344578,0.904534033733));
#6755 = ORIENTED_EDGE('',*,*,#6183,.F.);
#6756 = PLANE('',#6757);
#6757 = AXIS2_PLACEMENT_3D('',#6758,#6759,#6760);
#6758 = CARTESIAN_POINT('',(-0.3,0.4,-3.7));
#6759 = DIRECTION('',(-3.476378920805E-18,0.948683298051,-0.316227766017
    ));
#6760 = DIRECTION('',(-1.,-3.297982619863E-18,1.099327539955E-18));
#6761 = ADVANCED_FACE('',(#6762),#6780,.F.);
#6762 = FACE_BOUND('',#6763,.T.);
#6763 = EDGE_LOOP('',(#6764,#6772,#6773,#6774));
#6764 = ORIENTED_EDGE('',*,*,#6765,.F.);
#6765 = EDGE_CURVE('',#6743,#6766,#6768,.T.);
#6766 = VERTEX_POINT('',#6767);
#6767 = CARTESIAN_POINT('',(0.3,-0.3,-4.));
#6768 = LINE('',#6769,#6770);
#6769 = CARTESIAN_POINT('',(0.3,0.5,-4.));
#6770 = VECTOR('',#6771,1.);
#6771 = DIRECTION('',(0.,-1.,0.));
#6772 = ORIENTED_EDGE('',*,*,#6750,.T.);
#6773 = ORIENTED_EDGE('',*,*,#6207,.T.);
#6774 = ORIENTED_EDGE('',*,*,#6775,.F.);
#6775 = EDGE_CURVE('',#6766,#6208,#6776,.T.);
#6776 = LINE('',#6777,#6778);
#6777 = CARTESIAN_POINT('',(0.327272727273,-0.327272727273,
    -3.918181818182));
#6778 = VECTOR('',#6779,1.);
#6779 = DIRECTION('',(0.301511344578,-0.301511344578,0.904534033733));
#6780 = PLANE('',#6781);
#6781 = AXIS2_PLACEMENT_3D('',#6782,#6783,#6784);
#6782 = CARTESIAN_POINT('',(0.4,0.5,-3.7));
#6783 = DIRECTION('',(-0.948683298051,3.476378920805E-18,0.316227766017)
  );
#6784 = DIRECTION('',(3.297982619863E-18,1.,-1.099327539955E-18));
#6785 = ADVANCED_FACE('',(#6786),#6797,.T.);
#6786 = FACE_BOUND('',#6787,.T.);
#6787 = EDGE_LOOP('',(#6788,#6789,#6795,#6796));
#6788 = ORIENTED_EDGE('',*,*,#6720,.F.);
#6789 = ORIENTED_EDGE('',*,*,#6790,.T.);
#6790 = EDGE_CURVE('',#6713,#6766,#6791,.T.);
#6791 = LINE('',#6792,#6793);
#6792 = CARTESIAN_POINT('',(-0.3,-0.3,-4.));
#6793 = VECTOR('',#6794,1.);
#6794 = DIRECTION('',(1.,0.,0.));
#6795 = ORIENTED_EDGE('',*,*,#6775,.T.);
#6796 = ORIENTED_EDGE('',*,*,#6232,.F.);
#6797 = PLANE('',#6798);
#6798 = AXIS2_PLACEMENT_3D('',#6799,#6800,#6801);
#6799 = CARTESIAN_POINT('',(-0.3,-0.4,-3.7));
#6800 = DIRECTION('',(3.476378920805E-18,-0.948683298051,-0.316227766017
    ));
#6801 = DIRECTION('',(1.,3.297982619863E-18,1.099327539955E-18));
#6802 = ADVANCED_FACE('',(#6803),#6828,.T.);
#6803 = FACE_BOUND('',#6804,.F.);
#6804 = EDGE_LOOP('',(#6805,#6813,#6821,#6827));
#6805 = ORIENTED_EDGE('',*,*,#6806,.F.);
#6806 = EDGE_CURVE('',#6807,#6249,#6809,.T.);
#6807 = VERTEX_POINT('',#6808);
#6808 = CARTESIAN_POINT('',(4.78,0.3,-4.));
#6809 = LINE('',#6810,#6811);
#6810 = CARTESIAN_POINT('',(4.68,0.4,-3.7));
#6811 = VECTOR('',#6812,1.);
#6812 = DIRECTION('',(-0.301511344578,0.301511344578,0.904534033733));
#6813 = ORIENTED_EDGE('',*,*,#6814,.T.);
#6814 = EDGE_CURVE('',#6807,#6815,#6817,.T.);
#6815 = VERTEX_POINT('',#6816);
#6816 = CARTESIAN_POINT('',(5.38,0.3,-4.));
#6817 = LINE('',#6818,#6819);
#6818 = CARTESIAN_POINT('',(4.78,0.3,-4.));
#6819 = VECTOR('',#6820,1.);
#6820 = DIRECTION('',(1.,0.,0.));
#6821 = ORIENTED_EDGE('',*,*,#6822,.T.);
#6822 = EDGE_CURVE('',#6815,#6251,#6823,.T.);
#6823 = LINE('',#6824,#6825);
#6824 = CARTESIAN_POINT('',(5.452727272727,0.372727272727,
    -3.781818181818));
#6825 = VECTOR('',#6826,1.);
#6826 = DIRECTION('',(0.301511344578,0.301511344578,0.904534033733));
#6827 = ORIENTED_EDGE('',*,*,#6248,.F.);
#6828 = PLANE('',#6829);
#6829 = AXIS2_PLACEMENT_3D('',#6830,#6831,#6832);
#6830 = CARTESIAN_POINT('',(4.78,0.4,-3.7));
#6831 = DIRECTION('',(-3.476378920805E-18,0.948683298051,-0.316227766017
    ));
#6832 = DIRECTION('',(-1.,-3.297982619863E-18,1.099327539955E-18));
#6833 = ADVANCED_FACE('',(#6834),#6852,.F.);
#6834 = FACE_BOUND('',#6835,.T.);
#6835 = EDGE_LOOP('',(#6836,#6844,#6845,#6846));
#6836 = ORIENTED_EDGE('',*,*,#6837,.F.);
#6837 = EDGE_CURVE('',#6815,#6838,#6840,.T.);
#6838 = VERTEX_POINT('',#6839);
#6839 = CARTESIAN_POINT('',(5.38,-0.3,-4.));
#6840 = LINE('',#6841,#6842);
#6841 = CARTESIAN_POINT('',(5.38,0.5,-4.));
#6842 = VECTOR('',#6843,1.);
#6843 = DIRECTION('',(0.,-1.,0.));
#6844 = ORIENTED_EDGE('',*,*,#6822,.T.);
#6845 = ORIENTED_EDGE('',*,*,#6279,.T.);
#6846 = ORIENTED_EDGE('',*,*,#6847,.F.);
#6847 = EDGE_CURVE('',#6838,#6280,#6848,.T.);
#6848 = LINE('',#6849,#6850);
#6849 = CARTESIAN_POINT('',(5.407272727273,-0.327272727273,
    -3.918181818182));
#6850 = VECTOR('',#6851,1.);
#6851 = DIRECTION('',(0.301511344578,-0.301511344578,0.904534033733));
#6852 = PLANE('',#6853);
#6853 = AXIS2_PLACEMENT_3D('',#6854,#6855,#6856);
#6854 = CARTESIAN_POINT('',(5.48,0.5,-3.7));
#6855 = DIRECTION('',(-0.948683298051,3.476378920805E-18,0.316227766017)
  );
#6856 = DIRECTION('',(3.297982619863E-18,1.,-1.099327539955E-18));
#6857 = ADVANCED_FACE('',(#6858),#6876,.T.);
#6858 = FACE_BOUND('',#6859,.T.);
#6859 = EDGE_LOOP('',(#6860,#6868,#6874,#6875));
#6860 = ORIENTED_EDGE('',*,*,#6861,.F.);
#6861 = EDGE_CURVE('',#6862,#6304,#6864,.T.);
#6862 = VERTEX_POINT('',#6863);
#6863 = CARTESIAN_POINT('',(4.78,-0.3,-4.));
#6864 = LINE('',#6865,#6866);
#6865 = CARTESIAN_POINT('',(4.725454545455,-0.354545454545,
    -3.836363636364));
#6866 = VECTOR('',#6867,1.);
#6867 = DIRECTION('',(-0.301511344578,-0.301511344578,0.904534033733));
#6868 = ORIENTED_EDGE('',*,*,#6869,.T.);
#6869 = EDGE_CURVE('',#6862,#6838,#6870,.T.);
#6870 = LINE('',#6871,#6872);
#6871 = CARTESIAN_POINT('',(4.78,-0.3,-4.));
#6872 = VECTOR('',#6873,1.);
#6873 = DIRECTION('',(1.,0.,0.));
#6874 = ORIENTED_EDGE('',*,*,#6847,.T.);
#6875 = ORIENTED_EDGE('',*,*,#6311,.F.);
#6876 = PLANE('',#6877);
#6877 = AXIS2_PLACEMENT_3D('',#6878,#6879,#6880);
#6878 = CARTESIAN_POINT('',(4.78,-0.4,-3.7));
#6879 = DIRECTION('',(3.476378920805E-18,-0.948683298051,-0.316227766017
    ));
#6880 = DIRECTION('',(1.,3.297982619863E-18,1.099327539955E-18));
#6881 = ADVANCED_FACE('',(#6882),#6893,.T.);
#6882 = FACE_BOUND('',#6883,.T.);
#6883 = EDGE_LOOP('',(#6884,#6890,#6891,#6892));
#6884 = ORIENTED_EDGE('',*,*,#6885,.T.);
#6885 = EDGE_CURVE('',#6807,#6862,#6886,.T.);
#6886 = LINE('',#6887,#6888);
#6887 = CARTESIAN_POINT('',(4.78,0.5,-4.));
#6888 = VECTOR('',#6889,1.);
#6889 = DIRECTION('',(0.,-1.,0.));
#6890 = ORIENTED_EDGE('',*,*,#6861,.T.);
#6891 = ORIENTED_EDGE('',*,*,#6327,.F.);
#6892 = ORIENTED_EDGE('',*,*,#6806,.F.);
#6893 = PLANE('',#6894);
#6894 = AXIS2_PLACEMENT_3D('',#6895,#6896,#6897);
#6895 = CARTESIAN_POINT('',(4.68,0.5,-3.7));
#6896 = DIRECTION('',(-0.948683298051,-3.476378920805E-18,
    -0.316227766017));
#6897 = DIRECTION('',(3.297982619863E-18,-1.,1.099327539955E-18));
#6898 = ADVANCED_FACE('',(#6899),#6910,.F.);
#6899 = FACE_BOUND('',#6900,.F.);
#6900 = EDGE_LOOP('',(#6901,#6907,#6908,#6909));
#6901 = ORIENTED_EDGE('',*,*,#6902,.T.);
#6902 = EDGE_CURVE('',#6370,#6477,#6903,.T.);
#6903 = LINE('',#6904,#6905);
#6904 = CARTESIAN_POINT('',(0.75,-8.5,8.6));
#6905 = VECTOR('',#6906,1.);
#6906 = DIRECTION('',(0.,-2.22044604925E-16,-1.));
#6907 = ORIENTED_EDGE('',*,*,#6476,.T.);
#6908 = ORIENTED_EDGE('',*,*,#6428,.F.);
#6909 = ORIENTED_EDGE('',*,*,#6369,.T.);
#6910 = PLANE('',#6911);
#6911 = AXIS2_PLACEMENT_3D('',#6912,#6913,#6914);
#6912 = CARTESIAN_POINT('',(0.75,-8.5,8.6));
#6913 = DIRECTION('',(-0.,1.,-2.22044604925E-16));
#6914 = DIRECTION('',(-1.,0.,0.));
#6915 = ADVANCED_FACE('',(#6916),#6941,.T.);
#6916 = FACE_BOUND('',#6917,.T.);
#6917 = EDGE_LOOP('',(#6918,#6926,#6934,#6940));
#6918 = ORIENTED_EDGE('',*,*,#6919,.F.);
#6919 = EDGE_CURVE('',#6920,#6370,#6922,.T.);
#6920 = VERTEX_POINT('',#6921);
#6921 = CARTESIAN_POINT('',(1.,-10.,8.));
#6922 = LINE('',#6923,#6924);
#6923 = CARTESIAN_POINT('',(0.930074836296,-9.580449017774,
    8.167820392891));
#6924 = VECTOR('',#6925,1.);
#6925 = DIRECTION('',(-0.152925937552,0.91755562531,0.367022250124));
#6926 = ORIENTED_EDGE('',*,*,#6927,.T.);
#6927 = EDGE_CURVE('',#6920,#6928,#6930,.T.);
#6928 = VERTEX_POINT('',#6929);
#6929 = CARTESIAN_POINT('',(4.08,-10.,8.));
#6930 = LINE('',#6931,#6932);
#6931 = CARTESIAN_POINT('',(-3.54,-10.,8.));
#6932 = VECTOR('',#6933,1.);
#6933 = DIRECTION('',(1.,0.,0.));
#6934 = ORIENTED_EDGE('',*,*,#6935,.F.);
#6935 = EDGE_CURVE('',#6378,#6928,#6936,.T.);
#6936 = LINE('',#6937,#6938);
#6937 = CARTESIAN_POINT('',(4.115898035547,-9.784611786717,
    8.086155285313));
#6938 = VECTOR('',#6939,1.);
#6939 = DIRECTION('',(-0.152925937552,-0.91755562531,-0.367022250124));
#6940 = ORIENTED_EDGE('',*,*,#6377,.F.);
#6941 = PLANE('',#6942);
#6942 = AXIS2_PLACEMENT_3D('',#6943,#6944,#6945);
#6943 = CARTESIAN_POINT('',(-3.54,-10.,8.));
#6944 = DIRECTION('',(0.,-0.371390676354,0.928476690885));
#6945 = DIRECTION('',(0.,0.928476690885,0.371390676354));
#6946 = ADVANCED_FACE('',(#6947),#6958,.F.);
#6947 = FACE_BOUND('',#6948,.F.);
#6948 = EDGE_LOOP('',(#6949,#6950,#6951,#6957));
#6949 = ORIENTED_EDGE('',*,*,#6696,.T.);
#6950 = ORIENTED_EDGE('',*,*,#6508,.T.);
#6951 = ORIENTED_EDGE('',*,*,#6952,.F.);
#6952 = EDGE_CURVE('',#6378,#6501,#6953,.T.);
#6953 = LINE('',#6954,#6955);
#6954 = CARTESIAN_POINT('',(4.33,-8.5,8.6));
#6955 = VECTOR('',#6956,1.);
#6956 = DIRECTION('',(0.,-2.22044604925E-16,-1.));
#6957 = ORIENTED_EDGE('',*,*,#6385,.T.);
#6958 = PLANE('',#6959);
#6959 = AXIS2_PLACEMENT_3D('',#6960,#6961,#6962);
#6960 = CARTESIAN_POINT('',(5.83,-8.5,8.6));
#6961 = DIRECTION('',(-0.,1.,-2.22044604925E-16));
#6962 = DIRECTION('',(-1.,0.,0.));
#6963 = ADVANCED_FACE('',(#6964),#6975,.F.);
#6964 = FACE_BOUND('',#6965,.F.);
#6965 = EDGE_LOOP('',(#6966,#6967,#6968,#6969));
#6966 = ORIENTED_EDGE('',*,*,#6935,.F.);
#6967 = ORIENTED_EDGE('',*,*,#6952,.T.);
#6968 = ORIENTED_EDGE('',*,*,#6500,.T.);
#6969 = ORIENTED_EDGE('',*,*,#6970,.F.);
#6970 = EDGE_CURVE('',#6928,#6493,#6971,.T.);
#6971 = LINE('',#6972,#6973);
#6972 = CARTESIAN_POINT('',(4.08,-10.,8.6));
#6973 = VECTOR('',#6974,1.);
#6974 = DIRECTION('',(0.,-2.22044604925E-16,-1.));
#6975 = PLANE('',#6976);
#6976 = AXIS2_PLACEMENT_3D('',#6977,#6978,#6979);
#6977 = CARTESIAN_POINT('',(4.33,-8.5,8.6));
#6978 = DIRECTION('',(-0.986393923832,0.164398987305,-3.65039081863E-17)
  );
#6979 = DIRECTION('',(-0.164398987305,-0.986393923832,2.190234491178E-16
    ));
#6980 = ADVANCED_FACE('',(#6981),#6992,.T.);
#6981 = FACE_BOUND('',#6982,.T.);
#6982 = EDGE_LOOP('',(#6983,#6984,#6990,#6991));
#6983 = ORIENTED_EDGE('',*,*,#6927,.F.);
#6984 = ORIENTED_EDGE('',*,*,#6985,.T.);
#6985 = EDGE_CURVE('',#6920,#6485,#6986,.T.);
#6986 = LINE('',#6987,#6988);
#6987 = CARTESIAN_POINT('',(1.,-10.,8.6));
#6988 = VECTOR('',#6989,1.);
#6989 = DIRECTION('',(0.,-2.22044604925E-16,-1.));
#6990 = ORIENTED_EDGE('',*,*,#6492,.F.);
#6991 = ORIENTED_EDGE('',*,*,#6970,.F.);
#6992 = PLANE('',#6993);
#6993 = AXIS2_PLACEMENT_3D('',#6994,#6995,#6996);
#6994 = CARTESIAN_POINT('',(-3.54,-10.,2.6645352591E-15));
#6995 = DIRECTION('',(0.,-1.,2.22044604925E-16));
#6996 = DIRECTION('',(0.,2.22044604925E-16,1.));
#6997 = ADVANCED_FACE('',(#6998),#7004,.F.);
#6998 = FACE_BOUND('',#6999,.F.);
#6999 = EDGE_LOOP('',(#7000,#7001,#7002,#7003));
#7000 = ORIENTED_EDGE('',*,*,#6919,.F.);
#7001 = ORIENTED_EDGE('',*,*,#6985,.T.);
#7002 = ORIENTED_EDGE('',*,*,#6484,.T.);
#7003 = ORIENTED_EDGE('',*,*,#6902,.F.);
#7004 = PLANE('',#7005);
#7005 = AXIS2_PLACEMENT_3D('',#7006,#7007,#7008);
#7006 = CARTESIAN_POINT('',(1.,-10.,8.6));
#7007 = DIRECTION('',(0.986393923832,0.164398987305,-3.65039081863E-17)
  );
#7008 = DIRECTION('',(-0.164398987305,0.986393923832,-2.190234491178E-16
    ));
#7009 = ADVANCED_FACE('',(#7010,#7020,#7054),#7088,.T.);
#7010 = FACE_BOUND('',#7011,.T.);
#7011 = EDGE_LOOP('',(#7012,#7013,#7014,#7015,#7016,#7017,#7018,#7019));
#7012 = ORIENTED_EDGE('',*,*,#6556,.T.);
#7013 = ORIENTED_EDGE('',*,*,#6579,.T.);
#7014 = ORIENTED_EDGE('',*,*,#6605,.T.);
#7015 = ORIENTED_EDGE('',*,*,#6628,.T.);
#7016 = ORIENTED_EDGE('',*,*,#6654,.T.);
#7017 = ORIENTED_EDGE('',*,*,#6677,.T.);
#7018 = ORIENTED_EDGE('',*,*,#6460,.T.);
#7019 = ORIENTED_EDGE('',*,*,#6531,.T.);
#7020 = FACE_BOUND('',#7021,.T.);
#7021 = EDGE_LOOP('',(#7022,#7032,#7040,#7048));
#7022 = ORIENTED_EDGE('',*,*,#7023,.F.);
#7023 = EDGE_CURVE('',#7024,#7026,#7028,.T.);
#7024 = VERTEX_POINT('',#7025);
#7025 = CARTESIAN_POINT('',(0.5,-1.5,4.3));
#7026 = VERTEX_POINT('',#7027);
#7027 = CARTESIAN_POINT('',(-0.5,-1.5,4.3));
#7028 = LINE('',#7029,#7030);
#7029 = CARTESIAN_POINT('',(1.02,-1.5,4.3));
#7030 = VECTOR('',#7031,1.);
#7031 = DIRECTION('',(-1.,1.199643574263E-32,0.));
#7032 = ORIENTED_EDGE('',*,*,#7033,.T.);
#7033 = EDGE_CURVE('',#7024,#7034,#7036,.T.);
#7034 = VERTEX_POINT('',#7035);
#7035 = CARTESIAN_POINT('',(0.5,-1.5,3.3));
#7036 = LINE('',#7037,#7038);
#7037 = CARTESIAN_POINT('',(0.5,-1.5,2.929682112542));
#7038 = VECTOR('',#7039,1.);
#7039 = DIRECTION('',(0.,-2.22044604925E-16,-1.));
#7040 = ORIENTED_EDGE('',*,*,#7041,.F.);
#7041 = EDGE_CURVE('',#7042,#7034,#7044,.T.);
#7042 = VERTEX_POINT('',#7043);
#7043 = CARTESIAN_POINT('',(-0.5,-1.5,3.3));
#7044 = LINE('',#7045,#7046);
#7045 = CARTESIAN_POINT('',(1.02,-1.5,3.3));
#7046 = VECTOR('',#7047,1.);
#7047 = DIRECTION('',(1.,-1.199643574263E-32,0.));
#7048 = ORIENTED_EDGE('',*,*,#7049,.F.);
#7049 = EDGE_CURVE('',#7026,#7042,#7050,.T.);
#7050 = LINE('',#7051,#7052);
#7051 = CARTESIAN_POINT('',(-0.5,-1.5,2.929682112542));
#7052 = VECTOR('',#7053,1.);
#7053 = DIRECTION('',(0.,-2.22044604925E-16,-1.));
#7054 = FACE_BOUND('',#7055,.T.);
#7055 = EDGE_LOOP('',(#7056,#7066,#7074,#7082));
#7056 = ORIENTED_EDGE('',*,*,#7057,.F.);
#7057 = EDGE_CURVE('',#7058,#7060,#7062,.T.);
#7058 = VERTEX_POINT('',#7059);
#7059 = CARTESIAN_POINT('',(4.58,-1.5,3.3));
#7060 = VERTEX_POINT('',#7061);
#7061 = CARTESIAN_POINT('',(5.58,-1.5,3.3));
#7062 = LINE('',#7063,#7064);
#7063 = CARTESIAN_POINT('',(3.56,-1.5,3.3));
#7064 = VECTOR('',#7065,1.);
#7065 = DIRECTION('',(1.,-1.199643574263E-32,0.));
#7066 = ORIENTED_EDGE('',*,*,#7067,.F.);
#7067 = EDGE_CURVE('',#7068,#7058,#7070,.T.);
#7068 = VERTEX_POINT('',#7069);
#7069 = CARTESIAN_POINT('',(4.58,-1.5,4.3));
#7070 = LINE('',#7071,#7072);
#7071 = CARTESIAN_POINT('',(4.58,-1.5,2.929682112542));
#7072 = VECTOR('',#7073,1.);
#7073 = DIRECTION('',(0.,-2.22044604925E-16,-1.));
#7074 = ORIENTED_EDGE('',*,*,#7075,.F.);
#7075 = EDGE_CURVE('',#7076,#7068,#7078,.T.);
#7076 = VERTEX_POINT('',#7077);
#7077 = CARTESIAN_POINT('',(5.58,-1.5,4.3));
#7078 = LINE('',#7079,#7080);
#7079 = CARTESIAN_POINT('',(3.56,-1.5,4.3));
#7080 = VECTOR('',#7081,1.);
#7081 = DIRECTION('',(-1.,1.199643574263E-32,0.));
#7082 = ORIENTED_EDGE('',*,*,#7083,.T.);
#7083 = EDGE_CURVE('',#7076,#7060,#7084,.T.);
#7084 = LINE('',#7085,#7086);
#7085 = CARTESIAN_POINT('',(5.58,-1.5,2.929682112542));
#7086 = VECTOR('',#7087,1.);
#7087 = DIRECTION('',(0.,-2.22044604925E-16,-1.));
#7088 = PLANE('',#7089);
#7089 = AXIS2_PLACEMENT_3D('',#7090,#7091,#7092);
#7090 = CARTESIAN_POINT('',(2.54,-1.5,4.122656819616));
#7091 = DIRECTION('',(-1.199643574263E-32,-1.,2.22044604925E-16));
#7092 = DIRECTION('',(1.,-1.199643574263E-32,2.66374383498E-48));
#7093 = ADVANCED_FACE('',(#7094),#7100,.T.);
#7094 = FACE_BOUND('',#7095,.T.);
#7095 = EDGE_LOOP('',(#7096,#7097,#7098,#7099));
#7096 = ORIENTED_EDGE('',*,*,#6710,.F.);
#7097 = ORIENTED_EDGE('',*,*,#6742,.T.);
#7098 = ORIENTED_EDGE('',*,*,#6765,.T.);
#7099 = ORIENTED_EDGE('',*,*,#6790,.F.);
#7100 = PLANE('',#7101);
#7101 = AXIS2_PLACEMENT_3D('',#7102,#7103,#7104);
#7102 = CARTESIAN_POINT('',(-0.5,0.5,-4.));
#7103 = DIRECTION('',(0.,0.,-1.));
#7104 = DIRECTION('',(0.,-1.,0.));
#7105 = ADVANCED_FACE('',(#7106),#7112,.T.);
#7106 = FACE_BOUND('',#7107,.T.);
#7107 = EDGE_LOOP('',(#7108,#7109,#7110,#7111));
#7108 = ORIENTED_EDGE('',*,*,#6885,.F.);
#7109 = ORIENTED_EDGE('',*,*,#6814,.T.);
#7110 = ORIENTED_EDGE('',*,*,#6837,.T.);
#7111 = ORIENTED_EDGE('',*,*,#6869,.F.);
#7112 = PLANE('',#7113);
#7113 = AXIS2_PLACEMENT_3D('',#7114,#7115,#7116);
#7114 = CARTESIAN_POINT('',(4.58,0.5,-4.));
#7115 = DIRECTION('',(0.,0.,-1.));
#7116 = DIRECTION('',(0.,-1.,0.));
#7117 = ADVANCED_FACE('',(#7118),#7143,.T.);
#7118 = FACE_BOUND('',#7119,.T.);
#7119 = EDGE_LOOP('',(#7120,#7128,#7136,#7142));
#7120 = ORIENTED_EDGE('',*,*,#7121,.F.);
#7121 = EDGE_CURVE('',#7122,#7026,#7124,.T.);
#7122 = VERTEX_POINT('',#7123);
#7123 = CARTESIAN_POINT('',(-0.5,-7.4,4.3));
#7124 = LINE('',#7125,#7126);
#7125 = CARTESIAN_POINT('',(-0.5,-8.,4.3));
#7126 = VECTOR('',#7127,1.);
#7127 = DIRECTION('',(0.,1.,0.));
#7128 = ORIENTED_EDGE('',*,*,#7129,.T.);
#7129 = EDGE_CURVE('',#7122,#7130,#7132,.T.);
#7130 = VERTEX_POINT('',#7131);
#7131 = CARTESIAN_POINT('',(0.5,-7.4,4.3));
#7132 = LINE('',#7133,#7134);
#7133 = CARTESIAN_POINT('',(-0.3,-7.4,4.3));
#7134 = VECTOR('',#7135,1.);
#7135 = DIRECTION('',(1.,0.,0.));
#7136 = ORIENTED_EDGE('',*,*,#7137,.T.);
#7137 = EDGE_CURVE('',#7130,#7024,#7138,.T.);
#7138 = LINE('',#7139,#7140);
#7139 = CARTESIAN_POINT('',(0.5,-8.,4.3));
#7140 = VECTOR('',#7141,1.);
#7141 = DIRECTION('',(0.,1.,0.));
#7142 = ORIENTED_EDGE('',*,*,#7023,.T.);
#7143 = PLANE('',#7144);
#7144 = AXIS2_PLACEMENT_3D('',#7145,#7146,#7147);
#7145 = CARTESIAN_POINT('',(-0.5,-8.,4.3));
#7146 = DIRECTION('',(0.,0.,1.));
#7147 = DIRECTION('',(0.,1.,0.));
#7148 = ADVANCED_FACE('',(#7149),#7167,.T.);
#7149 = FACE_BOUND('',#7150,.T.);
#7150 = EDGE_LOOP('',(#7151,#7152,#7160,#7166));
#7151 = ORIENTED_EDGE('',*,*,#7049,.T.);
#7152 = ORIENTED_EDGE('',*,*,#7153,.T.);
#7153 = EDGE_CURVE('',#7042,#7154,#7156,.T.);
#7154 = VERTEX_POINT('',#7155);
#7155 = CARTESIAN_POINT('',(-0.5,-7.4,3.3));
#7156 = LINE('',#7157,#7158);
#7157 = CARTESIAN_POINT('',(-0.5,-0.6,3.3));
#7158 = VECTOR('',#7159,1.);
#7159 = DIRECTION('',(0.,-1.,0.));
#7160 = ORIENTED_EDGE('',*,*,#7161,.T.);
#7161 = EDGE_CURVE('',#7154,#7122,#7162,.T.);
#7162 = LINE('',#7163,#7164);
#7163 = CARTESIAN_POINT('',(-0.5,-7.4,3.3));
#7164 = VECTOR('',#7165,1.);
#7165 = DIRECTION('',(0.,0.,1.));
#7166 = ORIENTED_EDGE('',*,*,#7121,.T.);
#7167 = PLANE('',#7168);
#7168 = AXIS2_PLACEMENT_3D('',#7169,#7170,#7171);
#7169 = CARTESIAN_POINT('',(-0.5,-2.164915238601,1.736707405469));
#7170 = DIRECTION('',(-1.,-0.,-0.));
#7171 = DIRECTION('',(0.,0.,-1.));
#7172 = ADVANCED_FACE('',(#7173),#7191,.T.);
#7173 = FACE_BOUND('',#7174,.T.);
#7174 = EDGE_LOOP('',(#7175,#7183,#7184,#7185));
#7175 = ORIENTED_EDGE('',*,*,#7176,.F.);
#7176 = EDGE_CURVE('',#7154,#7177,#7179,.T.);
#7177 = VERTEX_POINT('',#7178);
#7178 = CARTESIAN_POINT('',(0.5,-7.4,3.3));
#7179 = LINE('',#7180,#7181);
#7180 = CARTESIAN_POINT('',(-0.3,-7.4,3.3));
#7181 = VECTOR('',#7182,1.);
#7182 = DIRECTION('',(1.,0.,0.));
#7183 = ORIENTED_EDGE('',*,*,#7153,.F.);
#7184 = ORIENTED_EDGE('',*,*,#7041,.T.);
#7185 = ORIENTED_EDGE('',*,*,#7186,.T.);
#7186 = EDGE_CURVE('',#7034,#7177,#7187,.T.);
#7187 = LINE('',#7188,#7189);
#7188 = CARTESIAN_POINT('',(0.5,-0.6,3.3));
#7189 = VECTOR('',#7190,1.);
#7190 = DIRECTION('',(0.,-1.,0.));
#7191 = PLANE('',#7192);
#7192 = AXIS2_PLACEMENT_3D('',#7193,#7194,#7195);
#7193 = CARTESIAN_POINT('',(-0.5,-0.6,3.3));
#7194 = DIRECTION('',(0.,0.,-1.));
#7195 = DIRECTION('',(0.,-1.,0.));
#7196 = ADVANCED_FACE('',(#7197),#7208,.F.);
#7197 = FACE_BOUND('',#7198,.F.);
#7198 = EDGE_LOOP('',(#7199,#7200,#7201,#7207));
#7199 = ORIENTED_EDGE('',*,*,#7033,.T.);
#7200 = ORIENTED_EDGE('',*,*,#7186,.T.);
#7201 = ORIENTED_EDGE('',*,*,#7202,.T.);
#7202 = EDGE_CURVE('',#7177,#7130,#7203,.T.);
#7203 = LINE('',#7204,#7205);
#7204 = CARTESIAN_POINT('',(0.5,-7.4,3.3));
#7205 = VECTOR('',#7206,1.);
#7206 = DIRECTION('',(0.,0.,1.));
#7207 = ORIENTED_EDGE('',*,*,#7137,.T.);
#7208 = PLANE('',#7209);
#7209 = AXIS2_PLACEMENT_3D('',#7210,#7211,#7212);
#7210 = CARTESIAN_POINT('',(0.5,-2.164915238601,1.736707405469));
#7211 = DIRECTION('',(-1.,-0.,-0.));
#7212 = DIRECTION('',(0.,0.,-1.));
#7213 = ADVANCED_FACE('',(#7214),#7239,.T.);
#7214 = FACE_BOUND('',#7215,.T.);
#7215 = EDGE_LOOP('',(#7216,#7226,#7232,#7233));
#7216 = ORIENTED_EDGE('',*,*,#7217,.F.);
#7217 = EDGE_CURVE('',#7218,#7220,#7222,.T.);
#7218 = VERTEX_POINT('',#7219);
#7219 = CARTESIAN_POINT('',(4.58,-7.4,3.3));
#7220 = VERTEX_POINT('',#7221);
#7221 = CARTESIAN_POINT('',(5.58,-7.4,3.3));
#7222 = LINE('',#7223,#7224);
#7223 = CARTESIAN_POINT('',(4.78,-7.4,3.3));
#7224 = VECTOR('',#7225,1.);
#7225 = DIRECTION('',(1.,0.,0.));
#7226 = ORIENTED_EDGE('',*,*,#7227,.F.);
#7227 = EDGE_CURVE('',#7058,#7218,#7228,.T.);
#7228 = LINE('',#7229,#7230);
#7229 = CARTESIAN_POINT('',(4.58,-0.6,3.3));
#7230 = VECTOR('',#7231,1.);
#7231 = DIRECTION('',(0.,-1.,0.));
#7232 = ORIENTED_EDGE('',*,*,#7057,.T.);
#7233 = ORIENTED_EDGE('',*,*,#7234,.T.);
#7234 = EDGE_CURVE('',#7060,#7220,#7235,.T.);
#7235 = LINE('',#7236,#7237);
#7236 = CARTESIAN_POINT('',(5.58,-0.6,3.3));
#7237 = VECTOR('',#7238,1.);
#7238 = DIRECTION('',(0.,-1.,0.));
#7239 = PLANE('',#7240);
#7240 = AXIS2_PLACEMENT_3D('',#7241,#7242,#7243);
#7241 = CARTESIAN_POINT('',(4.58,-0.6,3.3));
#7242 = DIRECTION('',(0.,0.,-1.));
#7243 = DIRECTION('',(0.,-1.,0.));
#7244 = ADVANCED_FACE('',(#7245),#7263,.F.);
#7245 = FACE_BOUND('',#7246,.F.);
#7246 = EDGE_LOOP('',(#7247,#7248,#7249,#7257));
#7247 = ORIENTED_EDGE('',*,*,#7083,.T.);
#7248 = ORIENTED_EDGE('',*,*,#7234,.T.);
#7249 = ORIENTED_EDGE('',*,*,#7250,.T.);
#7250 = EDGE_CURVE('',#7220,#7251,#7253,.T.);
#7251 = VERTEX_POINT('',#7252);
#7252 = CARTESIAN_POINT('',(5.58,-7.4,4.3));
#7253 = LINE('',#7254,#7255);
#7254 = CARTESIAN_POINT('',(5.58,-7.4,3.3));
#7255 = VECTOR('',#7256,1.);
#7256 = DIRECTION('',(0.,0.,1.));
#7257 = ORIENTED_EDGE('',*,*,#7258,.T.);
#7258 = EDGE_CURVE('',#7251,#7076,#7259,.T.);
#7259 = LINE('',#7260,#7261);
#7260 = CARTESIAN_POINT('',(5.58,-8.,4.3));
#7261 = VECTOR('',#7262,1.);
#7262 = DIRECTION('',(0.,1.,0.));
#7263 = PLANE('',#7264);
#7264 = AXIS2_PLACEMENT_3D('',#7265,#7266,#7267);
#7265 = CARTESIAN_POINT('',(5.58,-2.164915238601,1.736707405469));
#7266 = DIRECTION('',(-1.,-0.,-0.));
#7267 = DIRECTION('',(0.,0.,-1.));
#7268 = ADVANCED_FACE('',(#7269),#7287,.T.);
#7269 = FACE_BOUND('',#7270,.T.);
#7270 = EDGE_LOOP('',(#7271,#7279,#7285,#7286));
#7271 = ORIENTED_EDGE('',*,*,#7272,.F.);
#7272 = EDGE_CURVE('',#7273,#7068,#7275,.T.);
#7273 = VERTEX_POINT('',#7274);
#7274 = CARTESIAN_POINT('',(4.58,-7.4,4.3));
#7275 = LINE('',#7276,#7277);
#7276 = CARTESIAN_POINT('',(4.58,-8.,4.3));
#7277 = VECTOR('',#7278,1.);
#7278 = DIRECTION('',(0.,1.,0.));
#7279 = ORIENTED_EDGE('',*,*,#7280,.T.);
#7280 = EDGE_CURVE('',#7273,#7251,#7281,.T.);
#7281 = LINE('',#7282,#7283);
#7282 = CARTESIAN_POINT('',(4.78,-7.4,4.3));
#7283 = VECTOR('',#7284,1.);
#7284 = DIRECTION('',(1.,0.,0.));
#7285 = ORIENTED_EDGE('',*,*,#7258,.T.);
#7286 = ORIENTED_EDGE('',*,*,#7075,.T.);
#7287 = PLANE('',#7288);
#7288 = AXIS2_PLACEMENT_3D('',#7289,#7290,#7291);
#7289 = CARTESIAN_POINT('',(4.58,-8.,4.3));
#7290 = DIRECTION('',(0.,0.,1.));
#7291 = DIRECTION('',(0.,1.,0.));
#7292 = ADVANCED_FACE('',(#7293),#7304,.T.);
#7293 = FACE_BOUND('',#7294,.T.);
#7294 = EDGE_LOOP('',(#7295,#7296,#7297,#7303));
#7295 = ORIENTED_EDGE('',*,*,#7067,.T.);
#7296 = ORIENTED_EDGE('',*,*,#7227,.T.);
#7297 = ORIENTED_EDGE('',*,*,#7298,.T.);
#7298 = EDGE_CURVE('',#7218,#7273,#7299,.T.);
#7299 = LINE('',#7300,#7301);
#7300 = CARTESIAN_POINT('',(4.58,-7.4,3.3));
#7301 = VECTOR('',#7302,1.);
#7302 = DIRECTION('',(0.,0.,1.));
#7303 = ORIENTED_EDGE('',*,*,#7272,.T.);
#7304 = PLANE('',#7305);
#7305 = AXIS2_PLACEMENT_3D('',#7306,#7307,#7308);
#7306 = CARTESIAN_POINT('',(4.58,-2.164915238601,1.736707405469));
#7307 = DIRECTION('',(-1.,-0.,-0.));
#7308 = DIRECTION('',(0.,0.,-1.));
#7309 = ADVANCED_FACE('',(#7310),#7335,.T.);
#7310 = FACE_BOUND('',#7311,.T.);
#7311 = EDGE_LOOP('',(#7312,#7320,#7328,#7334));
#7312 = ORIENTED_EDGE('',*,*,#7313,.F.);
#7313 = EDGE_CURVE('',#7314,#7122,#7316,.T.);
#7314 = VERTEX_POINT('',#7315);
#7315 = CARTESIAN_POINT('',(-0.3,-8.,4.1));
#7316 = LINE('',#7317,#7318);
#7317 = CARTESIAN_POINT('',(-0.354545454545,-7.836363636364,
    4.154545454545));
#7318 = VECTOR('',#7319,1.);
#7319 = DIRECTION('',(-0.301511344578,0.904534033733,0.301511344578));
#7320 = ORIENTED_EDGE('',*,*,#7321,.T.);
#7321 = EDGE_CURVE('',#7314,#7322,#7324,.T.);
#7322 = VERTEX_POINT('',#7323);
#7323 = CARTESIAN_POINT('',(0.3,-8.,4.1));
#7324 = LINE('',#7325,#7326);
#7325 = CARTESIAN_POINT('',(-0.3,-8.,4.1));
#7326 = VECTOR('',#7327,1.);
#7327 = DIRECTION('',(1.,0.,0.));
#7328 = ORIENTED_EDGE('',*,*,#7329,.T.);
#7329 = EDGE_CURVE('',#7322,#7130,#7330,.T.);
#7330 = LINE('',#7331,#7332);
#7331 = CARTESIAN_POINT('',(0.327272727273,-7.918181818182,
    4.127272727273));
#7332 = VECTOR('',#7333,1.);
#7333 = DIRECTION('',(0.301511344578,0.904534033733,0.301511344578));
#7334 = ORIENTED_EDGE('',*,*,#7129,.F.);
#7335 = PLANE('',#7336);
#7336 = AXIS2_PLACEMENT_3D('',#7337,#7338,#7339);
#7337 = CARTESIAN_POINT('',(-0.3,-7.7,4.2));
#7338 = DIRECTION('',(0.,-0.316227766017,0.948683298051));
#7339 = DIRECTION('',(1.,0.,0.));
#7340 = ADVANCED_FACE('',(#7341),#7359,.T.);
#7341 = FACE_BOUND('',#7342,.T.);
#7342 = EDGE_LOOP('',(#7343,#7351,#7352,#7353));
#7343 = ORIENTED_EDGE('',*,*,#7344,.T.);
#7344 = EDGE_CURVE('',#7345,#7314,#7347,.T.);
#7345 = VERTEX_POINT('',#7346);
#7346 = CARTESIAN_POINT('',(-0.3,-8.,3.5));
#7347 = LINE('',#7348,#7349);
#7348 = CARTESIAN_POINT('',(-0.3,-8.,3.3));
#7349 = VECTOR('',#7350,1.);
#7350 = DIRECTION('',(0.,0.,1.));
#7351 = ORIENTED_EDGE('',*,*,#7313,.T.);
#7352 = ORIENTED_EDGE('',*,*,#7161,.F.);
#7353 = ORIENTED_EDGE('',*,*,#7354,.F.);
#7354 = EDGE_CURVE('',#7345,#7154,#7355,.T.);
#7355 = LINE('',#7356,#7357);
#7356 = CARTESIAN_POINT('',(-0.4,-7.7,3.4));
#7357 = VECTOR('',#7358,1.);
#7358 = DIRECTION('',(-0.301511344578,0.904534033733,-0.301511344578));
#7359 = PLANE('',#7360);
#7360 = AXIS2_PLACEMENT_3D('',#7361,#7362,#7363);
#7361 = CARTESIAN_POINT('',(-0.4,-7.7,3.3));
#7362 = DIRECTION('',(-0.948683298051,-0.316227766017,3.476378920805E-18
    ));
#7363 = DIRECTION('',(3.297982619863E-18,1.099327539955E-18,1.));
#7364 = ADVANCED_FACE('',(#7365),#7383,.T.);
#7365 = FACE_BOUND('',#7366,.F.);
#7366 = EDGE_LOOP('',(#7367,#7368,#7376,#7382));
#7367 = ORIENTED_EDGE('',*,*,#7354,.F.);
#7368 = ORIENTED_EDGE('',*,*,#7369,.T.);
#7369 = EDGE_CURVE('',#7345,#7370,#7372,.T.);
#7370 = VERTEX_POINT('',#7371);
#7371 = CARTESIAN_POINT('',(0.3,-8.,3.5));
#7372 = LINE('',#7373,#7374);
#7373 = CARTESIAN_POINT('',(-0.3,-8.,3.5));
#7374 = VECTOR('',#7375,1.);
#7375 = DIRECTION('',(1.,0.,0.));
#7376 = ORIENTED_EDGE('',*,*,#7377,.T.);
#7377 = EDGE_CURVE('',#7370,#7177,#7378,.T.);
#7378 = LINE('',#7379,#7380);
#7379 = CARTESIAN_POINT('',(0.372727272727,-7.781818181818,
    3.427272727273));
#7380 = VECTOR('',#7381,1.);
#7381 = DIRECTION('',(0.301511344578,0.904534033733,-0.301511344578));
#7382 = ORIENTED_EDGE('',*,*,#7176,.F.);
#7383 = PLANE('',#7384);
#7384 = AXIS2_PLACEMENT_3D('',#7385,#7386,#7387);
#7385 = CARTESIAN_POINT('',(-0.3,-7.7,3.4));
#7386 = DIRECTION('',(0.,-0.316227766017,-0.948683298051));
#7387 = DIRECTION('',(-1.,-0.,0.));
#7388 = ADVANCED_FACE('',(#7389),#7400,.F.);
#7389 = FACE_BOUND('',#7390,.F.);
#7390 = EDGE_LOOP('',(#7391,#7397,#7398,#7399));
#7391 = ORIENTED_EDGE('',*,*,#7392,.T.);
#7392 = EDGE_CURVE('',#7370,#7322,#7393,.T.);
#7393 = LINE('',#7394,#7395);
#7394 = CARTESIAN_POINT('',(0.3,-8.,3.3));
#7395 = VECTOR('',#7396,1.);
#7396 = DIRECTION('',(0.,0.,1.));
#7397 = ORIENTED_EDGE('',*,*,#7329,.T.);
#7398 = ORIENTED_EDGE('',*,*,#7202,.F.);
#7399 = ORIENTED_EDGE('',*,*,#7377,.F.);
#7400 = PLANE('',#7401);
#7401 = AXIS2_PLACEMENT_3D('',#7402,#7403,#7404);
#7402 = CARTESIAN_POINT('',(0.4,-7.7,3.3));
#7403 = DIRECTION('',(-0.948683298051,0.316227766017,-3.476378920805E-18
    ));
#7404 = DIRECTION('',(-3.297982619863E-18,1.099327539955E-18,1.));
#7405 = ADVANCED_FACE('',(#7406),#7431,.T.);
#7406 = FACE_BOUND('',#7407,.F.);
#7407 = EDGE_LOOP('',(#7408,#7416,#7424,#7430));
#7408 = ORIENTED_EDGE('',*,*,#7409,.F.);
#7409 = EDGE_CURVE('',#7410,#7218,#7412,.T.);
#7410 = VERTEX_POINT('',#7411);
#7411 = CARTESIAN_POINT('',(4.78,-8.,3.5));
#7412 = LINE('',#7413,#7414);
#7413 = CARTESIAN_POINT('',(4.68,-7.7,3.4));
#7414 = VECTOR('',#7415,1.);
#7415 = DIRECTION('',(-0.301511344578,0.904534033733,-0.301511344578));
#7416 = ORIENTED_EDGE('',*,*,#7417,.T.);
#7417 = EDGE_CURVE('',#7410,#7418,#7420,.T.);
#7418 = VERTEX_POINT('',#7419);
#7419 = CARTESIAN_POINT('',(5.38,-8.,3.5));
#7420 = LINE('',#7421,#7422);
#7421 = CARTESIAN_POINT('',(4.78,-8.,3.5));
#7422 = VECTOR('',#7423,1.);
#7423 = DIRECTION('',(1.,0.,0.));
#7424 = ORIENTED_EDGE('',*,*,#7425,.T.);
#7425 = EDGE_CURVE('',#7418,#7220,#7426,.T.);
#7426 = LINE('',#7427,#7428);
#7427 = CARTESIAN_POINT('',(5.452727272727,-7.781818181818,
    3.427272727273));
#7428 = VECTOR('',#7429,1.);
#7429 = DIRECTION('',(0.301511344578,0.904534033733,-0.301511344578));
#7430 = ORIENTED_EDGE('',*,*,#7217,.F.);
#7431 = PLANE('',#7432);
#7432 = AXIS2_PLACEMENT_3D('',#7433,#7434,#7435);
#7433 = CARTESIAN_POINT('',(4.78,-7.7,3.4));
#7434 = DIRECTION('',(0.,-0.316227766017,-0.948683298051));
#7435 = DIRECTION('',(-1.,-0.,0.));
#7436 = ADVANCED_FACE('',(#7437),#7455,.F.);
#7437 = FACE_BOUND('',#7438,.F.);
#7438 = EDGE_LOOP('',(#7439,#7447,#7453,#7454));
#7439 = ORIENTED_EDGE('',*,*,#7440,.T.);
#7440 = EDGE_CURVE('',#7418,#7441,#7443,.T.);
#7441 = VERTEX_POINT('',#7442);
#7442 = CARTESIAN_POINT('',(5.38,-8.,4.1));
#7443 = LINE('',#7444,#7445);
#7444 = CARTESIAN_POINT('',(5.38,-8.,3.3));
#7445 = VECTOR('',#7446,1.);
#7446 = DIRECTION('',(0.,0.,1.));
#7447 = ORIENTED_EDGE('',*,*,#7448,.T.);
#7448 = EDGE_CURVE('',#7441,#7251,#7449,.T.);
#7449 = LINE('',#7450,#7451);
#7450 = CARTESIAN_POINT('',(5.407272727273,-7.918181818182,
    4.127272727273));
#7451 = VECTOR('',#7452,1.);
#7452 = DIRECTION('',(0.301511344578,0.904534033733,0.301511344578));
#7453 = ORIENTED_EDGE('',*,*,#7250,.F.);
#7454 = ORIENTED_EDGE('',*,*,#7425,.F.);
#7455 = PLANE('',#7456);
#7456 = AXIS2_PLACEMENT_3D('',#7457,#7458,#7459);
#7457 = CARTESIAN_POINT('',(5.48,-7.7,3.3));
#7458 = DIRECTION('',(-0.948683298051,0.316227766017,-3.476378920805E-18
    ));
#7459 = DIRECTION('',(-3.297982619863E-18,1.099327539955E-18,1.));
#7460 = ADVANCED_FACE('',(#7461),#7479,.T.);
#7461 = FACE_BOUND('',#7462,.T.);
#7462 = EDGE_LOOP('',(#7463,#7471,#7477,#7478));
#7463 = ORIENTED_EDGE('',*,*,#7464,.F.);
#7464 = EDGE_CURVE('',#7465,#7273,#7467,.T.);
#7465 = VERTEX_POINT('',#7466);
#7466 = CARTESIAN_POINT('',(4.78,-8.,4.1));
#7467 = LINE('',#7468,#7469);
#7468 = CARTESIAN_POINT('',(4.725454545455,-7.836363636364,
    4.154545454545));
#7469 = VECTOR('',#7470,1.);
#7470 = DIRECTION('',(-0.301511344578,0.904534033733,0.301511344578));
#7471 = ORIENTED_EDGE('',*,*,#7472,.T.);
#7472 = EDGE_CURVE('',#7465,#7441,#7473,.T.);
#7473 = LINE('',#7474,#7475);
#7474 = CARTESIAN_POINT('',(4.78,-8.,4.1));
#7475 = VECTOR('',#7476,1.);
#7476 = DIRECTION('',(1.,0.,0.));
#7477 = ORIENTED_EDGE('',*,*,#7448,.T.);
#7478 = ORIENTED_EDGE('',*,*,#7280,.F.);
#7479 = PLANE('',#7480);
#7480 = AXIS2_PLACEMENT_3D('',#7481,#7482,#7483);
#7481 = CARTESIAN_POINT('',(4.78,-7.7,4.2));
#7482 = DIRECTION('',(0.,-0.316227766017,0.948683298051));
#7483 = DIRECTION('',(1.,0.,0.));
#7484 = ADVANCED_FACE('',(#7485),#7496,.T.);
#7485 = FACE_BOUND('',#7486,.T.);
#7486 = EDGE_LOOP('',(#7487,#7493,#7494,#7495));
#7487 = ORIENTED_EDGE('',*,*,#7488,.T.);
#7488 = EDGE_CURVE('',#7410,#7465,#7489,.T.);
#7489 = LINE('',#7490,#7491);
#7490 = CARTESIAN_POINT('',(4.78,-8.,3.3));
#7491 = VECTOR('',#7492,1.);
#7492 = DIRECTION('',(0.,0.,1.));
#7493 = ORIENTED_EDGE('',*,*,#7464,.T.);
#7494 = ORIENTED_EDGE('',*,*,#7298,.F.);
#7495 = ORIENTED_EDGE('',*,*,#7409,.F.);
#7496 = PLANE('',#7497);
#7497 = AXIS2_PLACEMENT_3D('',#7498,#7499,#7500);
#7498 = CARTESIAN_POINT('',(4.68,-7.7,3.3));
#7499 = DIRECTION('',(-0.948683298051,-0.316227766017,3.476378920805E-18
    ));
#7500 = DIRECTION('',(3.297982619863E-18,1.099327539955E-18,1.));
#7501 = ADVANCED_FACE('',(#7502),#7508,.T.);
#7502 = FACE_BOUND('',#7503,.T.);
#7503 = EDGE_LOOP('',(#7504,#7505,#7506,#7507));
#7504 = ORIENTED_EDGE('',*,*,#7344,.F.);
#7505 = ORIENTED_EDGE('',*,*,#7369,.T.);
#7506 = ORIENTED_EDGE('',*,*,#7392,.T.);
#7507 = ORIENTED_EDGE('',*,*,#7321,.F.);
#7508 = PLANE('',#7509);
#7509 = AXIS2_PLACEMENT_3D('',#7510,#7511,#7512);
#7510 = CARTESIAN_POINT('',(-0.5,-8.,3.3));
#7511 = DIRECTION('',(0.,-1.,0.));
#7512 = DIRECTION('',(0.,0.,1.));
#7513 = ADVANCED_FACE('',(#7514),#7520,.T.);
#7514 = FACE_BOUND('',#7515,.T.);
#7515 = EDGE_LOOP('',(#7516,#7517,#7518,#7519));
#7516 = ORIENTED_EDGE('',*,*,#7488,.F.);
#7517 = ORIENTED_EDGE('',*,*,#7417,.T.);
#7518 = ORIENTED_EDGE('',*,*,#7440,.T.);
#7519 = ORIENTED_EDGE('',*,*,#7472,.F.);
#7520 = PLANE('',#7521);
#7521 = AXIS2_PLACEMENT_3D('',#7522,#7523,#7524);
#7522 = CARTESIAN_POINT('',(4.58,-8.,3.3));
#7523 = DIRECTION('',(0.,-1.,0.));
#7524 = DIRECTION('',(0.,0.,1.));
#7525 = ( GEOMETRIC_REPRESENTATION_CONTEXT(3) 
GLOBAL_UNCERTAINTY_ASSIGNED_CONTEXT((#7529)) 
GLOBAL_UNIT_ASSIGNED_CONTEXT((#7526,#7527,#7528)) REPRESENTATION_CONTEXT
('Context #1','3D Context with UNIT and UNCERTAINTY') );
#7526 = ( LENGTH_UNIT() NAMED_UNIT(*) SI_UNIT(.MILLI.,.METRE.) );
#7527 = ( NAMED_UNIT(*) PLANE_ANGLE_UNIT() SI_UNIT($,.RADIAN.) );
#7528 = ( NAMED_UNIT(*) SI_UNIT($,.STERADIAN.) SOLID_ANGLE_UNIT() );
#7529 = UNCERTAINTY_MEASURE_WITH_UNIT(LENGTH_MEASURE(1.E-07),#7526,
  'distance_accuracy_value','confusion accuracy');
#7530 = CONTEXT_DEPENDENT_SHAPE_REPRESENTATION(#7531,#7533);
#7531 = ( REPRESENTATION_RELATIONSHIP('','',#5761,#10) 
REPRESENTATION_RELATIONSHIP_WITH_TRANSFORMATION(#7532) 
SHAPE_REPRESENTATION_RELATIONSHIP() );
#7532 = ITEM_DEFINED_TRANSFORMATION('','',#11,#19);
#7533 = PRODUCT_DEFINITION_SHAPE('Placement','Placement of an item',
  #7534);
#7534 = NEXT_ASSEMBLY_USAGE_OCCURRENCE('2','J4','',#5,#5756,$);
#7535 = PRODUCT_RELATED_PRODUCT_CATEGORY('part',$,(#5758));
#7536 = SHAPE_DEFINITION_REPRESENTATION(#7537,#7543);
#7537 = PRODUCT_DEFINITION_SHAPE('','',#7538);
#7538 = PRODUCT_DEFINITION('design','',#7539,#7542);
#7539 = PRODUCT_DEFINITION_FORMATION('','',#7540);
#7540 = PRODUCT('PinHeader_1x02_P2.54mm_Vertical',
  'PinHeader_1x02_P2.54mm_Vertical','',(#7541));
#7541 = PRODUCT_CONTEXT('',#2,'mechanical');
#7542 = PRODUCT_DEFINITION_CONTEXT('part definition',#2,'design');
#7543 = ADVANCED_BREP_SHAPE_REPRESENTATION('',(#11,#7544),#8976);
#7544 = MANIFOLD_SOLID_BREP('',#7545);
#7545 = CLOSED_SHELL('',(#7546,#7586,#7617,#7648,#7813,#7978,#7995,#8012
    ,#8029,#8046,#8063,#8080,#8097,#8114,#8131,#8148,#8160,#8191,#8215,
    #8239,#8256,#8287,#8311,#8335,#8352,#8383,#8407,#8431,#8448,#8479,
    #8503,#8527,#8544,#8575,#8599,#8623,#8640,#8671,#8695,#8719,#8736,
    #8767,#8791,#8815,#8832,#8863,#8887,#8911,#8928,#8940,#8952,#8964));
#7546 = ADVANCED_FACE('',(#7547),#7581,.F.);
#7547 = FACE_BOUND('',#7548,.F.);
#7548 = EDGE_LOOP('',(#7549,#7559,#7567,#7575));
#7549 = ORIENTED_EDGE('',*,*,#7550,.T.);
#7550 = EDGE_CURVE('',#7551,#7553,#7555,.T.);
#7551 = VERTEX_POINT('',#7552);
#7552 = CARTESIAN_POINT('',(-1.016,1.27,0.));
#7553 = VERTEX_POINT('',#7554);
#7554 = CARTESIAN_POINT('',(-1.016,1.27,2.54));
#7555 = LINE('',#7556,#7557);
#7556 = CARTESIAN_POINT('',(-1.016,1.27,0.));
#7557 = VECTOR('',#7558,1.);
#7558 = DIRECTION('',(0.,0.,1.));
#7559 = ORIENTED_EDGE('',*,*,#7560,.T.);
#7560 = EDGE_CURVE('',#7553,#7561,#7563,.T.);
#7561 = VERTEX_POINT('',#7562);
#7562 = CARTESIAN_POINT('',(-1.27,1.016,2.54));
#7563 = LINE('',#7564,#7565);
#7564 = CARTESIAN_POINT('',(-1.016,1.27,2.54));
#7565 = VECTOR('',#7566,1.);
#7566 = DIRECTION('',(-0.707106781187,-0.707106781187,0.));
#7567 = ORIENTED_EDGE('',*,*,#7568,.F.);
#7568 = EDGE_CURVE('',#7569,#7561,#7571,.T.);
#7569 = VERTEX_POINT('',#7570);
#7570 = CARTESIAN_POINT('',(-1.27,1.016,0.));
#7571 = LINE('',#7572,#7573);
#7572 = CARTESIAN_POINT('',(-1.27,1.016,0.));
#7573 = VECTOR('',#7574,1.);
#7574 = DIRECTION('',(0.,0.,1.));
#7575 = ORIENTED_EDGE('',*,*,#7576,.F.);
#7576 = EDGE_CURVE('',#7551,#7569,#7577,.T.);
#7577 = LINE('',#7578,#7579);
#7578 = CARTESIAN_POINT('',(-1.016,1.27,0.));
#7579 = VECTOR('',#7580,1.);
#7580 = DIRECTION('',(-0.707106781187,-0.707106781187,0.));
#7581 = PLANE('',#7582);
#7582 = AXIS2_PLACEMENT_3D('',#7583,#7584,#7585);
#7583 = CARTESIAN_POINT('',(-1.016,1.27,0.));
#7584 = DIRECTION('',(0.707106781187,-0.707106781187,0.));
#7585 = DIRECTION('',(-0.707106781187,-0.707106781187,0.));
#7586 = ADVANCED_FACE('',(#7587),#7612,.F.);
#7587 = FACE_BOUND('',#7588,.F.);
#7588 = EDGE_LOOP('',(#7589,#7599,#7605,#7606));
#7589 = ORIENTED_EDGE('',*,*,#7590,.T.);
#7590 = EDGE_CURVE('',#7591,#7593,#7595,.T.);
#7591 = VERTEX_POINT('',#7592);
#7592 = CARTESIAN_POINT('',(1.016,1.27,0.));
#7593 = VERTEX_POINT('',#7594);
#7594 = CARTESIAN_POINT('',(1.016,1.27,2.54));
#7595 = LINE('',#7596,#7597);
#7596 = CARTESIAN_POINT('',(1.016,1.27,0.));
#7597 = VECTOR('',#7598,1.);
#7598 = DIRECTION('',(0.,0.,1.));
#7599 = ORIENTED_EDGE('',*,*,#7600,.T.);
#7600 = EDGE_CURVE('',#7593,#7553,#7601,.T.);
#7601 = LINE('',#7602,#7603);
#7602 = CARTESIAN_POINT('',(1.016,1.27,2.54));
#7603 = VECTOR('',#7604,1.);
#7604 = DIRECTION('',(-1.,0.,0.));
#7605 = ORIENTED_EDGE('',*,*,#7550,.F.);
#7606 = ORIENTED_EDGE('',*,*,#7607,.F.);
#7607 = EDGE_CURVE('',#7591,#7551,#7608,.T.);
#7608 = LINE('',#7609,#7610);
#7609 = CARTESIAN_POINT('',(1.016,1.27,0.));
#7610 = VECTOR('',#7611,1.);
#7611 = DIRECTION('',(-1.,0.,0.));
#7612 = PLANE('',#7613);
#7613 = AXIS2_PLACEMENT_3D('',#7614,#7615,#7616);
#7614 = CARTESIAN_POINT('',(1.016,1.27,0.));
#7615 = DIRECTION('',(0.,-1.,0.));
#7616 = DIRECTION('',(-1.,0.,0.));
#7617 = ADVANCED_FACE('',(#7618),#7643,.F.);
#7618 = FACE_BOUND('',#7619,.F.);
#7619 = EDGE_LOOP('',(#7620,#7621,#7629,#7637));
#7620 = ORIENTED_EDGE('',*,*,#7568,.T.);
#7621 = ORIENTED_EDGE('',*,*,#7622,.T.);
#7622 = EDGE_CURVE('',#7561,#7623,#7625,.T.);
#7623 = VERTEX_POINT('',#7624);
#7624 = CARTESIAN_POINT('',(-1.27,-1.016,2.54));
#7625 = LINE('',#7626,#7627);
#7626 = CARTESIAN_POINT('',(-1.27,1.016,2.54));
#7627 = VECTOR('',#7628,1.);
#7628 = DIRECTION('',(0.,-1.,0.));
#7629 = ORIENTED_EDGE('',*,*,#7630,.F.);
#7630 = EDGE_CURVE('',#7631,#7623,#7633,.T.);
#7631 = VERTEX_POINT('',#7632);
#7632 = CARTESIAN_POINT('',(-1.27,-1.016,0.));
#7633 = LINE('',#7634,#7635);
#7634 = CARTESIAN_POINT('',(-1.27,-1.016,0.));
#7635 = VECTOR('',#7636,1.);
#7636 = DIRECTION('',(0.,0.,1.));
#7637 = ORIENTED_EDGE('',*,*,#7638,.F.);
#7638 = EDGE_CURVE('',#7569,#7631,#7639,.T.);
#7639 = LINE('',#7640,#7641);
#7640 = CARTESIAN_POINT('',(-1.27,1.016,0.));
#7641 = VECTOR('',#7642,1.);
#7642 = DIRECTION('',(0.,-1.,0.));
#7643 = PLANE('',#7644);
#7644 = AXIS2_PLACEMENT_3D('',#7645,#7646,#7647);
#7645 = CARTESIAN_POINT('',(-1.27,1.016,0.));
#7646 = DIRECTION('',(1.,0.,0.));
#7647 = DIRECTION('',(0.,-1.,0.));
#7648 = ADVANCED_FACE('',(#7649,#7740,#7774),#7808,.F.);
#7649 = FACE_BOUND('',#7650,.F.);
#7650 = EDGE_LOOP('',(#7651,#7652,#7653,#7661,#7669,#7677,#7685,#7693,
    #7701,#7709,#7717,#7725,#7733,#7739));
#7651 = ORIENTED_EDGE('',*,*,#7576,.T.);
#7652 = ORIENTED_EDGE('',*,*,#7638,.T.);
#7653 = ORIENTED_EDGE('',*,*,#7654,.T.);
#7654 = EDGE_CURVE('',#7631,#7655,#7657,.T.);
#7655 = VERTEX_POINT('',#7656);
#7656 = CARTESIAN_POINT('',(-1.016,-1.27,0.));
#7657 = LINE('',#7658,#7659);
#7658 = CARTESIAN_POINT('',(-1.27,-1.016,0.));
#7659 = VECTOR('',#7660,1.);
#7660 = DIRECTION('',(0.707106781187,-0.707106781187,0.));
#7661 = ORIENTED_EDGE('',*,*,#7662,.T.);
#7662 = EDGE_CURVE('',#7655,#7663,#7665,.T.);
#7663 = VERTEX_POINT('',#7664);
#7664 = CARTESIAN_POINT('',(-1.27,-1.524,0.));
#7665 = LINE('',#7666,#7667);
#7666 = CARTESIAN_POINT('',(-1.016,-1.27,0.));
#7667 = VECTOR('',#7668,1.);
#7668 = DIRECTION('',(-0.707106781187,-0.707106781187,0.));
#7669 = ORIENTED_EDGE('',*,*,#7670,.T.);
#7670 = EDGE_CURVE('',#7663,#7671,#7673,.T.);
#7671 = VERTEX_POINT('',#7672);
#7672 = CARTESIAN_POINT('',(-1.27,-3.556,0.));
#7673 = LINE('',#7674,#7675);
#7674 = CARTESIAN_POINT('',(-1.27,-1.524,0.));
#7675 = VECTOR('',#7676,1.);
#7676 = DIRECTION('',(0.,-1.,0.));
#7677 = ORIENTED_EDGE('',*,*,#7678,.T.);
#7678 = EDGE_CURVE('',#7671,#7679,#7681,.T.);
#7679 = VERTEX_POINT('',#7680);
#7680 = CARTESIAN_POINT('',(-1.016,-3.81,0.));
#7681 = LINE('',#7682,#7683);
#7682 = CARTESIAN_POINT('',(-1.27,-3.556,0.));
#7683 = VECTOR('',#7684,1.);
#7684 = DIRECTION('',(0.707106781187,-0.707106781187,0.));
#7685 = ORIENTED_EDGE('',*,*,#7686,.T.);
#7686 = EDGE_CURVE('',#7679,#7687,#7689,.T.);
#7687 = VERTEX_POINT('',#7688);
#7688 = CARTESIAN_POINT('',(1.016,-3.81,0.));
#7689 = LINE('',#7690,#7691);
#7690 = CARTESIAN_POINT('',(-1.016,-3.81,0.));
#7691 = VECTOR('',#7692,1.);
#7692 = DIRECTION('',(1.,0.,0.));
#7693 = ORIENTED_EDGE('',*,*,#7694,.T.);
#7694 = EDGE_CURVE('',#7687,#7695,#7697,.T.);
#7695 = VERTEX_POINT('',#7696);
#7696 = CARTESIAN_POINT('',(1.27,-3.556,0.));
#7697 = LINE('',#7698,#7699);
#7698 = CARTESIAN_POINT('',(1.016,-3.81,0.));
#7699 = VECTOR('',#7700,1.);
#7700 = DIRECTION('',(0.707106781187,0.707106781187,0.));
#7701 = ORIENTED_EDGE('',*,*,#7702,.T.);
#7702 = EDGE_CURVE('',#7695,#7703,#7705,.T.);
#7703 = VERTEX_POINT('',#7704);
#7704 = CARTESIAN_POINT('',(1.27,-1.524,0.));
#7705 = LINE('',#7706,#7707);
#7706 = CARTESIAN_POINT('',(1.27,-3.556,0.));
#7707 = VECTOR('',#7708,1.);
#7708 = DIRECTION('',(0.,1.,0.));
#7709 = ORIENTED_EDGE('',*,*,#7710,.T.);
#7710 = EDGE_CURVE('',#7703,#7711,#7713,.T.);
#7711 = VERTEX_POINT('',#7712);
#7712 = CARTESIAN_POINT('',(1.016,-1.27,0.));
#7713 = LINE('',#7714,#7715);
#7714 = CARTESIAN_POINT('',(1.27,-1.524,0.));
#7715 = VECTOR('',#7716,1.);
#7716 = DIRECTION('',(-0.707106781187,0.707106781187,0.));
#7717 = ORIENTED_EDGE('',*,*,#7718,.T.);
#7718 = EDGE_CURVE('',#7711,#7719,#7721,.T.);
#7719 = VERTEX_POINT('',#7720);
#7720 = CARTESIAN_POINT('',(1.27,-1.016,0.));
#7721 = LINE('',#7722,#7723);
#7722 = CARTESIAN_POINT('',(1.016,-1.27,0.));
#7723 = VECTOR('',#7724,1.);
#7724 = DIRECTION('',(0.707106781187,0.707106781187,0.));
#7725 = ORIENTED_EDGE('',*,*,#7726,.T.);
#7726 = EDGE_CURVE('',#7719,#7727,#7729,.T.);
#7727 = VERTEX_POINT('',#7728);
#7728 = CARTESIAN_POINT('',(1.27,1.016,0.));
#7729 = LINE('',#7730,#7731);
#7730 = CARTESIAN_POINT('',(1.27,-1.016,0.));
#7731 = VECTOR('',#7732,1.);
#7732 = DIRECTION('',(0.,1.,0.));
#7733 = ORIENTED_EDGE('',*,*,#7734,.T.);
#7734 = EDGE_CURVE('',#7727,#7591,#7735,.T.);
#7735 = LINE('',#7736,#7737);
#7736 = CARTESIAN_POINT('',(1.27,1.016,0.));
#7737 = VECTOR('',#7738,1.);
#7738 = DIRECTION('',(-0.707106781187,0.707106781187,0.));
#7739 = ORIENTED_EDGE('',*,*,#7607,.T.);
#7740 = FACE_BOUND('',#7741,.F.);
#7741 = EDGE_LOOP('',(#7742,#7752,#7760,#7768));
#7742 = ORIENTED_EDGE('',*,*,#7743,.T.);
#7743 = EDGE_CURVE('',#7744,#7746,#7748,.T.);
#7744 = VERTEX_POINT('',#7745);
#7745 = CARTESIAN_POINT('',(0.32,-0.32,0.));
#7746 = VERTEX_POINT('',#7747);
#7747 = CARTESIAN_POINT('',(-0.32,-0.32,0.));
#7748 = LINE('',#7749,#7750);
#7749 = CARTESIAN_POINT('',(-0.16,-0.32,0.));
#7750 = VECTOR('',#7751,1.);
#7751 = DIRECTION('',(-1.,0.,0.));
#7752 = ORIENTED_EDGE('',*,*,#7753,.T.);
#7753 = EDGE_CURVE('',#7746,#7754,#7756,.T.);
#7754 = VERTEX_POINT('',#7755);
#7755 = CARTESIAN_POINT('',(-0.32,0.32,0.));
#7756 = LINE('',#7757,#7758);
#7757 = CARTESIAN_POINT('',(-0.32,-0.795,0.));
#7758 = VECTOR('',#7759,1.);
#7759 = DIRECTION('',(0.,1.,0.));
#7760 = ORIENTED_EDGE('',*,*,#7761,.F.);
#7761 = EDGE_CURVE('',#7762,#7754,#7764,.T.);
#7762 = VERTEX_POINT('',#7763);
#7763 = CARTESIAN_POINT('',(0.32,0.32,0.));
#7764 = LINE('',#7765,#7766);
#7765 = CARTESIAN_POINT('',(-0.16,0.32,0.));
#7766 = VECTOR('',#7767,1.);
#7767 = DIRECTION('',(-1.,0.,0.));
#7768 = ORIENTED_EDGE('',*,*,#7769,.F.);
#7769 = EDGE_CURVE('',#7744,#7762,#7770,.T.);
#7770 = LINE('',#7771,#7772);
#7771 = CARTESIAN_POINT('',(0.32,-0.795,0.));
#7772 = VECTOR('',#7773,1.);
#7773 = DIRECTION('',(0.,1.,0.));
#7774 = FACE_BOUND('',#7775,.F.);
#7775 = EDGE_LOOP('',(#7776,#7786,#7794,#7802));
#7776 = ORIENTED_EDGE('',*,*,#7777,.T.);
#7777 = EDGE_CURVE('',#7778,#7780,#7782,.T.);
#7778 = VERTEX_POINT('',#7779);
#7779 = CARTESIAN_POINT('',(0.32,-2.86,0.));
#7780 = VERTEX_POINT('',#7781);
#7781 = CARTESIAN_POINT('',(-0.32,-2.86,0.));
#7782 = LINE('',#7783,#7784);
#7783 = CARTESIAN_POINT('',(-0.16,-2.86,0.));
#7784 = VECTOR('',#7785,1.);
#7785 = DIRECTION('',(-1.,0.,0.));
#7786 = ORIENTED_EDGE('',*,*,#7787,.T.);
#7787 = EDGE_CURVE('',#7780,#7788,#7790,.T.);
#7788 = VERTEX_POINT('',#7789);
#7789 = CARTESIAN_POINT('',(-0.32,-2.22,0.));
#7790 = LINE('',#7791,#7792);
#7791 = CARTESIAN_POINT('',(-0.32,-2.065,0.));
#7792 = VECTOR('',#7793,1.);
#7793 = DIRECTION('',(0.,1.,0.));
#7794 = ORIENTED_EDGE('',*,*,#7795,.F.);
#7795 = EDGE_CURVE('',#7796,#7788,#7798,.T.);
#7796 = VERTEX_POINT('',#7797);
#7797 = CARTESIAN_POINT('',(0.32,-2.22,0.));
#7798 = LINE('',#7799,#7800);
#7799 = CARTESIAN_POINT('',(-0.16,-2.22,0.));
#7800 = VECTOR('',#7801,1.);
#7801 = DIRECTION('',(-1.,0.,0.));
#7802 = ORIENTED_EDGE('',*,*,#7803,.F.);
#7803 = EDGE_CURVE('',#7778,#7796,#7804,.T.);
#7804 = LINE('',#7805,#7806);
#7805 = CARTESIAN_POINT('',(0.32,-2.065,0.));
#7806 = VECTOR('',#7807,1.);
#7807 = DIRECTION('',(0.,1.,0.));
#7808 = PLANE('',#7809);
#7809 = AXIS2_PLACEMENT_3D('',#7810,#7811,#7812);
#7810 = CARTESIAN_POINT('',(1.473843703412E-17,-1.27,0.));
#7811 = DIRECTION('',(0.,0.,1.));
#7812 = DIRECTION('',(1.,0.,-0.));
#7813 = ADVANCED_FACE('',(#7814,#7905,#7939),#7973,.T.);
#7814 = FACE_BOUND('',#7815,.T.);
#7815 = EDGE_LOOP('',(#7816,#7817,#7818,#7826,#7834,#7842,#7850,#7858,
    #7866,#7874,#7882,#7890,#7898,#7904));
#7816 = ORIENTED_EDGE('',*,*,#7560,.T.);
#7817 = ORIENTED_EDGE('',*,*,#7622,.T.);
#7818 = ORIENTED_EDGE('',*,*,#7819,.T.);
#7819 = EDGE_CURVE('',#7623,#7820,#7822,.T.);
#7820 = VERTEX_POINT('',#7821);
#7821 = CARTESIAN_POINT('',(-1.016,-1.27,2.54));
#7822 = LINE('',#7823,#7824);
#7823 = CARTESIAN_POINT('',(-1.27,-1.016,2.54));
#7824 = VECTOR('',#7825,1.);
#7825 = DIRECTION('',(0.707106781187,-0.707106781187,0.));
#7826 = ORIENTED_EDGE('',*,*,#7827,.T.);
#7827 = EDGE_CURVE('',#7820,#7828,#7830,.T.);
#7828 = VERTEX_POINT('',#7829);
#7829 = CARTESIAN_POINT('',(-1.27,-1.524,2.54));
#7830 = LINE('',#7831,#7832);
#7831 = CARTESIAN_POINT('',(-1.016,-1.27,2.54));
#7832 = VECTOR('',#7833,1.);
#7833 = DIRECTION('',(-0.707106781187,-0.707106781187,0.));
#7834 = ORIENTED_EDGE('',*,*,#7835,.T.);
#7835 = EDGE_CURVE('',#7828,#7836,#7838,.T.);
#7836 = VERTEX_POINT('',#7837);
#7837 = CARTESIAN_POINT('',(-1.27,-3.556,2.54));
#7838 = LINE('',#7839,#7840);
#7839 = CARTESIAN_POINT('',(-1.27,-1.524,2.54));
#7840 = VECTOR('',#7841,1.);
#7841 = DIRECTION('',(0.,-1.,0.));
#7842 = ORIENTED_EDGE('',*,*,#7843,.T.);
#7843 = EDGE_CURVE('',#7836,#7844,#7846,.T.);
#7844 = VERTEX_POINT('',#7845);
#7845 = CARTESIAN_POINT('',(-1.016,-3.81,2.54));
#7846 = LINE('',#7847,#7848);
#7847 = CARTESIAN_POINT('',(-1.27,-3.556,2.54));
#7848 = VECTOR('',#7849,1.);
#7849 = DIRECTION('',(0.707106781187,-0.707106781187,0.));
#7850 = ORIENTED_EDGE('',*,*,#7851,.T.);
#7851 = EDGE_CURVE('',#7844,#7852,#7854,.T.);
#7852 = VERTEX_POINT('',#7853);
#7853 = CARTESIAN_POINT('',(1.016,-3.81,2.54));
#7854 = LINE('',#7855,#7856);
#7855 = CARTESIAN_POINT('',(-1.016,-3.81,2.54));
#7856 = VECTOR('',#7857,1.);
#7857 = DIRECTION('',(1.,0.,0.));
#7858 = ORIENTED_EDGE('',*,*,#7859,.T.);
#7859 = EDGE_CURVE('',#7852,#7860,#7862,.T.);
#7860 = VERTEX_POINT('',#7861);
#7861 = CARTESIAN_POINT('',(1.27,-3.556,2.54));
#7862 = LINE('',#7863,#7864);
#7863 = CARTESIAN_POINT('',(1.016,-3.81,2.54));
#7864 = VECTOR('',#7865,1.);
#7865 = DIRECTION('',(0.707106781187,0.707106781187,0.));
#7866 = ORIENTED_EDGE('',*,*,#7867,.T.);
#7867 = EDGE_CURVE('',#7860,#7868,#7870,.T.);
#7868 = VERTEX_POINT('',#7869);
#7869 = CARTESIAN_POINT('',(1.27,-1.524,2.54));
#7870 = LINE('',#7871,#7872);
#7871 = CARTESIAN_POINT('',(1.27,-3.556,2.54));
#7872 = VECTOR('',#7873,1.);
#7873 = DIRECTION('',(0.,1.,0.));
#7874 = ORIENTED_EDGE('',*,*,#7875,.T.);
#7875 = EDGE_CURVE('',#7868,#7876,#7878,.T.);
#7876 = VERTEX_POINT('',#7877);
#7877 = CARTESIAN_POINT('',(1.016,-1.27,2.54));
#7878 = LINE('',#7879,#7880);
#7879 = CARTESIAN_POINT('',(1.27,-1.524,2.54));
#7880 = VECTOR('',#7881,1.);
#7881 = DIRECTION('',(-0.707106781187,0.707106781187,0.));
#7882 = ORIENTED_EDGE('',*,*,#7883,.T.);
#7883 = EDGE_CURVE('',#7876,#7884,#7886,.T.);
#7884 = VERTEX_POINT('',#7885);
#7885 = CARTESIAN_POINT('',(1.27,-1.016,2.54));
#7886 = LINE('',#7887,#7888);
#7887 = CARTESIAN_POINT('',(1.016,-1.27,2.54));
#7888 = VECTOR('',#7889,1.);
#7889 = DIRECTION('',(0.707106781187,0.707106781187,0.));
#7890 = ORIENTED_EDGE('',*,*,#7891,.T.);
#7891 = EDGE_CURVE('',#7884,#7892,#7894,.T.);
#7892 = VERTEX_POINT('',#7893);
#7893 = CARTESIAN_POINT('',(1.27,1.016,2.54));
#7894 = LINE('',#7895,#7896);
#7895 = CARTESIAN_POINT('',(1.27,-1.016,2.54));
#7896 = VECTOR('',#7897,1.);
#7897 = DIRECTION('',(0.,1.,0.));
#7898 = ORIENTED_EDGE('',*,*,#7899,.T.);
#7899 = EDGE_CURVE('',#7892,#7593,#7900,.T.);
#7900 = LINE('',#7901,#7902);
#7901 = CARTESIAN_POINT('',(1.27,1.016,2.54));
#7902 = VECTOR('',#7903,1.);
#7903 = DIRECTION('',(-0.707106781187,0.707106781187,0.));
#7904 = ORIENTED_EDGE('',*,*,#7600,.T.);
#7905 = FACE_BOUND('',#7906,.T.);
#7906 = EDGE_LOOP('',(#7907,#7917,#7925,#7933));
#7907 = ORIENTED_EDGE('',*,*,#7908,.T.);
#7908 = EDGE_CURVE('',#7909,#7911,#7913,.T.);
#7909 = VERTEX_POINT('',#7910);
#7910 = CARTESIAN_POINT('',(0.32,-0.32,2.54));
#7911 = VERTEX_POINT('',#7912);
#7912 = CARTESIAN_POINT('',(-0.32,-0.32,2.54));
#7913 = LINE('',#7914,#7915);
#7914 = CARTESIAN_POINT('',(-0.16,-0.32,2.54));
#7915 = VECTOR('',#7916,1.);
#7916 = DIRECTION('',(-1.,0.,0.));
#7917 = ORIENTED_EDGE('',*,*,#7918,.T.);
#7918 = EDGE_CURVE('',#7911,#7919,#7921,.T.);
#7919 = VERTEX_POINT('',#7920);
#7920 = CARTESIAN_POINT('',(-0.32,0.32,2.54));
#7921 = LINE('',#7922,#7923);
#7922 = CARTESIAN_POINT('',(-0.32,-0.795,2.54));
#7923 = VECTOR('',#7924,1.);
#7924 = DIRECTION('',(0.,1.,0.));
#7925 = ORIENTED_EDGE('',*,*,#7926,.F.);
#7926 = EDGE_CURVE('',#7927,#7919,#7929,.T.);
#7927 = VERTEX_POINT('',#7928);
#7928 = CARTESIAN_POINT('',(0.32,0.32,2.54));
#7929 = LINE('',#7930,#7931);
#7930 = CARTESIAN_POINT('',(-0.16,0.32,2.54));
#7931 = VECTOR('',#7932,1.);
#7932 = DIRECTION('',(-1.,0.,0.));
#7933 = ORIENTED_EDGE('',*,*,#7934,.F.);
#7934 = EDGE_CURVE('',#7909,#7927,#7935,.T.);
#7935 = LINE('',#7936,#7937);
#7936 = CARTESIAN_POINT('',(0.32,-0.795,2.54));
#7937 = VECTOR('',#7938,1.);
#7938 = DIRECTION('',(0.,1.,0.));
#7939 = FACE_BOUND('',#7940,.T.);
#7940 = EDGE_LOOP('',(#7941,#7951,#7959,#7967));
#7941 = ORIENTED_EDGE('',*,*,#7942,.T.);
#7942 = EDGE_CURVE('',#7943,#7945,#7947,.T.);
#7943 = VERTEX_POINT('',#7944);
#7944 = CARTESIAN_POINT('',(0.32,-2.86,2.54));
#7945 = VERTEX_POINT('',#7946);
#7946 = CARTESIAN_POINT('',(-0.32,-2.86,2.54));
#7947 = LINE('',#7948,#7949);
#7948 = CARTESIAN_POINT('',(-0.16,-2.86,2.54));
#7949 = VECTOR('',#7950,1.);
#7950 = DIRECTION('',(-1.,0.,0.));
#7951 = ORIENTED_EDGE('',*,*,#7952,.T.);
#7952 = EDGE_CURVE('',#7945,#7953,#7955,.T.);
#7953 = VERTEX_POINT('',#7954);
#7954 = CARTESIAN_POINT('',(-0.32,-2.22,2.54));
#7955 = LINE('',#7956,#7957);
#7956 = CARTESIAN_POINT('',(-0.32,-2.065,2.54));
#7957 = VECTOR('',#7958,1.);
#7958 = DIRECTION('',(0.,1.,0.));
#7959 = ORIENTED_EDGE('',*,*,#7960,.F.);
#7960 = EDGE_CURVE('',#7961,#7953,#7963,.T.);
#7961 = VERTEX_POINT('',#7962);
#7962 = CARTESIAN_POINT('',(0.32,-2.22,2.54));
#7963 = LINE('',#7964,#7965);
#7964 = CARTESIAN_POINT('',(-0.16,-2.22,2.54));
#7965 = VECTOR('',#7966,1.);
#7966 = DIRECTION('',(-1.,0.,0.));
#7967 = ORIENTED_EDGE('',*,*,#7968,.F.);
#7968 = EDGE_CURVE('',#7943,#7961,#7969,.T.);
#7969 = LINE('',#7970,#7971);
#7970 = CARTESIAN_POINT('',(0.32,-2.065,2.54));
#7971 = VECTOR('',#7972,1.);
#7972 = DIRECTION('',(0.,1.,0.));
#7973 = PLANE('',#7974);
#7974 = AXIS2_PLACEMENT_3D('',#7975,#7976,#7977);
#7975 = CARTESIAN_POINT('',(1.473843703412E-17,-1.27,2.54));
#7976 = DIRECTION('',(0.,0.,1.));
#7977 = DIRECTION('',(1.,0.,-0.));
#7978 = ADVANCED_FACE('',(#7979),#7990,.F.);
#7979 = FACE_BOUND('',#7980,.F.);
#7980 = EDGE_LOOP('',(#7981,#7987,#7988,#7989));
#7981 = ORIENTED_EDGE('',*,*,#7982,.T.);
#7982 = EDGE_CURVE('',#7727,#7892,#7983,.T.);
#7983 = LINE('',#7984,#7985);
#7984 = CARTESIAN_POINT('',(1.27,1.016,0.));
#7985 = VECTOR('',#7986,1.);
#7986 = DIRECTION('',(0.,0.,1.));
#7987 = ORIENTED_EDGE('',*,*,#7899,.T.);
#7988 = ORIENTED_EDGE('',*,*,#7590,.F.);
#7989 = ORIENTED_EDGE('',*,*,#7734,.F.);
#7990 = PLANE('',#7991);
#7991 = AXIS2_PLACEMENT_3D('',#7992,#7993,#7994);
#7992 = CARTESIAN_POINT('',(1.27,1.016,0.));
#7993 = DIRECTION('',(-0.707106781187,-0.707106781187,0.));
#7994 = DIRECTION('',(-0.707106781187,0.707106781187,0.));
#7995 = ADVANCED_FACE('',(#7996),#8007,.F.);
#7996 = FACE_BOUND('',#7997,.F.);
#7997 = EDGE_LOOP('',(#7998,#7999,#8000,#8006));
#7998 = ORIENTED_EDGE('',*,*,#7630,.T.);
#7999 = ORIENTED_EDGE('',*,*,#7819,.T.);
#8000 = ORIENTED_EDGE('',*,*,#8001,.F.);
#8001 = EDGE_CURVE('',#7655,#7820,#8002,.T.);
#8002 = LINE('',#8003,#8004);
#8003 = CARTESIAN_POINT('',(-1.016,-1.27,0.));
#8004 = VECTOR('',#8005,1.);
#8005 = DIRECTION('',(0.,0.,1.));
#8006 = ORIENTED_EDGE('',*,*,#7654,.F.);
#8007 = PLANE('',#8008);
#8008 = AXIS2_PLACEMENT_3D('',#8009,#8010,#8011);
#8009 = CARTESIAN_POINT('',(-1.27,-1.016,0.));
#8010 = DIRECTION('',(0.707106781187,0.707106781187,0.));
#8011 = DIRECTION('',(0.707106781187,-0.707106781187,0.));
#8012 = ADVANCED_FACE('',(#8013),#8024,.F.);
#8013 = FACE_BOUND('',#8014,.F.);
#8014 = EDGE_LOOP('',(#8015,#8021,#8022,#8023));
#8015 = ORIENTED_EDGE('',*,*,#8016,.T.);
#8016 = EDGE_CURVE('',#7719,#7884,#8017,.T.);
#8017 = LINE('',#8018,#8019);
#8018 = CARTESIAN_POINT('',(1.27,-1.016,0.));
#8019 = VECTOR('',#8020,1.);
#8020 = DIRECTION('',(0.,0.,1.));
#8021 = ORIENTED_EDGE('',*,*,#7891,.T.);
#8022 = ORIENTED_EDGE('',*,*,#7982,.F.);
#8023 = ORIENTED_EDGE('',*,*,#7726,.F.);
#8024 = PLANE('',#8025);
#8025 = AXIS2_PLACEMENT_3D('',#8026,#8027,#8028);
#8026 = CARTESIAN_POINT('',(1.27,-1.016,0.));
#8027 = DIRECTION('',(-1.,0.,0.));
#8028 = DIRECTION('',(0.,1.,0.));
#8029 = ADVANCED_FACE('',(#8030),#8041,.F.);
#8030 = FACE_BOUND('',#8031,.F.);
#8031 = EDGE_LOOP('',(#8032,#8033,#8034,#8040));
#8032 = ORIENTED_EDGE('',*,*,#8001,.T.);
#8033 = ORIENTED_EDGE('',*,*,#7827,.T.);
#8034 = ORIENTED_EDGE('',*,*,#8035,.F.);
#8035 = EDGE_CURVE('',#7663,#7828,#8036,.T.);
#8036 = LINE('',#8037,#8038);
#8037 = CARTESIAN_POINT('',(-1.27,-1.524,0.));
#8038 = VECTOR('',#8039,1.);
#8039 = DIRECTION('',(0.,0.,1.));
#8040 = ORIENTED_EDGE('',*,*,#7662,.F.);
#8041 = PLANE('',#8042);
#8042 = AXIS2_PLACEMENT_3D('',#8043,#8044,#8045);
#8043 = CARTESIAN_POINT('',(-1.016,-1.27,0.));
#8044 = DIRECTION('',(0.707106781187,-0.707106781187,0.));
#8045 = DIRECTION('',(-0.707106781187,-0.707106781187,0.));
#8046 = ADVANCED_FACE('',(#8047),#8058,.F.);
#8047 = FACE_BOUND('',#8048,.F.);
#8048 = EDGE_LOOP('',(#8049,#8055,#8056,#8057));
#8049 = ORIENTED_EDGE('',*,*,#8050,.T.);
#8050 = EDGE_CURVE('',#7711,#7876,#8051,.T.);
#8051 = LINE('',#8052,#8053);
#8052 = CARTESIAN_POINT('',(1.016,-1.27,0.));
#8053 = VECTOR('',#8054,1.);
#8054 = DIRECTION('',(0.,0.,1.));
#8055 = ORIENTED_EDGE('',*,*,#7883,.T.);
#8056 = ORIENTED_EDGE('',*,*,#8016,.F.);
#8057 = ORIENTED_EDGE('',*,*,#7718,.F.);
#8058 = PLANE('',#8059);
#8059 = AXIS2_PLACEMENT_3D('',#8060,#8061,#8062);
#8060 = CARTESIAN_POINT('',(1.016,-1.27,0.));
#8061 = DIRECTION('',(-0.707106781187,0.707106781187,0.));
#8062 = DIRECTION('',(0.707106781187,0.707106781187,0.));
#8063 = ADVANCED_FACE('',(#8064),#8075,.F.);
#8064 = FACE_BOUND('',#8065,.F.);
#8065 = EDGE_LOOP('',(#8066,#8067,#8068,#8074));
#8066 = ORIENTED_EDGE('',*,*,#8035,.T.);
#8067 = ORIENTED_EDGE('',*,*,#7835,.T.);
#8068 = ORIENTED_EDGE('',*,*,#8069,.F.);
#8069 = EDGE_CURVE('',#7671,#7836,#8070,.T.);
#8070 = LINE('',#8071,#8072);
#8071 = CARTESIAN_POINT('',(-1.27,-3.556,0.));
#8072 = VECTOR('',#8073,1.);
#8073 = DIRECTION('',(0.,0.,1.));
#8074 = ORIENTED_EDGE('',*,*,#7670,.F.);
#8075 = PLANE('',#8076);
#8076 = AXIS2_PLACEMENT_3D('',#8077,#8078,#8079);
#8077 = CARTESIAN_POINT('',(-1.27,-1.524,0.));
#8078 = DIRECTION('',(1.,0.,0.));
#8079 = DIRECTION('',(0.,-1.,0.));
#8080 = ADVANCED_FACE('',(#8081),#8092,.F.);
#8081 = FACE_BOUND('',#8082,.F.);
#8082 = EDGE_LOOP('',(#8083,#8089,#8090,#8091));
#8083 = ORIENTED_EDGE('',*,*,#8084,.T.);
#8084 = EDGE_CURVE('',#7703,#7868,#8085,.T.);
#8085 = LINE('',#8086,#8087);
#8086 = CARTESIAN_POINT('',(1.27,-1.524,0.));
#8087 = VECTOR('',#8088,1.);
#8088 = DIRECTION('',(0.,0.,1.));
#8089 = ORIENTED_EDGE('',*,*,#7875,.T.);
#8090 = ORIENTED_EDGE('',*,*,#8050,.F.);
#8091 = ORIENTED_EDGE('',*,*,#7710,.F.);
#8092 = PLANE('',#8093);
#8093 = AXIS2_PLACEMENT_3D('',#8094,#8095,#8096);
#8094 = CARTESIAN_POINT('',(1.27,-1.524,0.));
#8095 = DIRECTION('',(-0.707106781187,-0.707106781187,0.));
#8096 = DIRECTION('',(-0.707106781187,0.707106781187,0.));
#8097 = ADVANCED_FACE('',(#8098),#8109,.F.);
#8098 = FACE_BOUND('',#8099,.F.);
#8099 = EDGE_LOOP('',(#8100,#8101,#8102,#8108));
#8100 = ORIENTED_EDGE('',*,*,#8069,.T.);
#8101 = ORIENTED_EDGE('',*,*,#7843,.T.);
#8102 = ORIENTED_EDGE('',*,*,#8103,.F.);
#8103 = EDGE_CURVE('',#7679,#7844,#8104,.T.);
#8104 = LINE('',#8105,#8106);
#8105 = CARTESIAN_POINT('',(-1.016,-3.81,0.));
#8106 = VECTOR('',#8107,1.);
#8107 = DIRECTION('',(0.,0.,1.));
#8108 = ORIENTED_EDGE('',*,*,#7678,.F.);
#8109 = PLANE('',#8110);
#8110 = AXIS2_PLACEMENT_3D('',#8111,#8112,#8113);
#8111 = CARTESIAN_POINT('',(-1.27,-3.556,0.));
#8112 = DIRECTION('',(0.707106781187,0.707106781187,0.));
#8113 = DIRECTION('',(0.707106781187,-0.707106781187,0.));
#8114 = ADVANCED_FACE('',(#8115),#8126,.F.);
#8115 = FACE_BOUND('',#8116,.F.);
#8116 = EDGE_LOOP('',(#8117,#8123,#8124,#8125));
#8117 = ORIENTED_EDGE('',*,*,#8118,.T.);
#8118 = EDGE_CURVE('',#7695,#7860,#8119,.T.);
#8119 = LINE('',#8120,#8121);
#8120 = CARTESIAN_POINT('',(1.27,-3.556,0.));
#8121 = VECTOR('',#8122,1.);
#8122 = DIRECTION('',(0.,0.,1.));
#8123 = ORIENTED_EDGE('',*,*,#7867,.T.);
#8124 = ORIENTED_EDGE('',*,*,#8084,.F.);
#8125 = ORIENTED_EDGE('',*,*,#7702,.F.);
#8126 = PLANE('',#8127);
#8127 = AXIS2_PLACEMENT_3D('',#8128,#8129,#8130);
#8128 = CARTESIAN_POINT('',(1.27,-3.556,0.));
#8129 = DIRECTION('',(-1.,0.,0.));
#8130 = DIRECTION('',(0.,1.,0.));
#8131 = ADVANCED_FACE('',(#8132),#8143,.F.);
#8132 = FACE_BOUND('',#8133,.F.);
#8133 = EDGE_LOOP('',(#8134,#8135,#8136,#8142));
#8134 = ORIENTED_EDGE('',*,*,#8103,.T.);
#8135 = ORIENTED_EDGE('',*,*,#7851,.T.);
#8136 = ORIENTED_EDGE('',*,*,#8137,.F.);
#8137 = EDGE_CURVE('',#7687,#7852,#8138,.T.);
#8138 = LINE('',#8139,#8140);
#8139 = CARTESIAN_POINT('',(1.016,-3.81,0.));
#8140 = VECTOR('',#8141,1.);
#8141 = DIRECTION('',(0.,0.,1.));
#8142 = ORIENTED_EDGE('',*,*,#7686,.F.);
#8143 = PLANE('',#8144);
#8144 = AXIS2_PLACEMENT_3D('',#8145,#8146,#8147);
#8145 = CARTESIAN_POINT('',(-1.016,-3.81,0.));
#8146 = DIRECTION('',(0.,1.,0.));
#8147 = DIRECTION('',(1.,0.,0.));
#8148 = ADVANCED_FACE('',(#8149),#8155,.F.);
#8149 = FACE_BOUND('',#8150,.F.);
#8150 = EDGE_LOOP('',(#8151,#8152,#8153,#8154));
#8151 = ORIENTED_EDGE('',*,*,#8137,.T.);
#8152 = ORIENTED_EDGE('',*,*,#7859,.T.);
#8153 = ORIENTED_EDGE('',*,*,#8118,.F.);
#8154 = ORIENTED_EDGE('',*,*,#7694,.F.);
#8155 = PLANE('',#8156);
#8156 = AXIS2_PLACEMENT_3D('',#8157,#8158,#8159);
#8157 = CARTESIAN_POINT('',(1.016,-3.81,0.));
#8158 = DIRECTION('',(-0.707106781187,0.707106781187,0.));
#8159 = DIRECTION('',(0.707106781187,0.707106781187,0.));
#8160 = ADVANCED_FACE('',(#8161),#8186,.F.);
#8161 = FACE_BOUND('',#8162,.F.);
#8162 = EDGE_LOOP('',(#8163,#8171,#8179,#8185));
#8163 = ORIENTED_EDGE('',*,*,#8164,.F.);
#8164 = EDGE_CURVE('',#8165,#7744,#8167,.T.);
#8165 = VERTEX_POINT('',#8166);
#8166 = CARTESIAN_POINT('',(0.32,-0.32,-2.84));
#8167 = LINE('',#8168,#8169);
#8168 = CARTESIAN_POINT('',(0.32,-0.32,-3.));
#8169 = VECTOR('',#8170,1.);
#8170 = DIRECTION('',(0.,0.,1.));
#8171 = ORIENTED_EDGE('',*,*,#8172,.F.);
#8172 = EDGE_CURVE('',#8173,#8165,#8175,.T.);
#8173 = VERTEX_POINT('',#8174);
#8174 = CARTESIAN_POINT('',(-0.32,-0.32,-2.84));
#8175 = LINE('',#8176,#8177);
#8176 = CARTESIAN_POINT('',(-0.32,-0.32,-2.84));
#8177 = VECTOR('',#8178,1.);
#8178 = DIRECTION('',(1.,0.,0.));
#8179 = ORIENTED_EDGE('',*,*,#8180,.T.);
#8180 = EDGE_CURVE('',#8173,#7746,#8181,.T.);
#8181 = LINE('',#8182,#8183);
#8182 = CARTESIAN_POINT('',(-0.32,-0.32,-3.));
#8183 = VECTOR('',#8184,1.);
#8184 = DIRECTION('',(0.,0.,1.));
#8185 = ORIENTED_EDGE('',*,*,#7743,.F.);
#8186 = PLANE('',#8187);
#8187 = AXIS2_PLACEMENT_3D('',#8188,#8189,#8190);
#8188 = CARTESIAN_POINT('',(-0.32,-0.32,-3.));
#8189 = DIRECTION('',(0.,1.,0.));
#8190 = DIRECTION('',(0.,-0.,1.));
#8191 = ADVANCED_FACE('',(#8192),#8210,.T.);
#8192 = FACE_BOUND('',#8193,.T.);
#8193 = EDGE_LOOP('',(#8194,#8195,#8203,#8209));
#8194 = ORIENTED_EDGE('',*,*,#8164,.F.);
#8195 = ORIENTED_EDGE('',*,*,#8196,.T.);
#8196 = EDGE_CURVE('',#8165,#8197,#8199,.T.);
#8197 = VERTEX_POINT('',#8198);
#8198 = CARTESIAN_POINT('',(0.32,0.32,-2.84));
#8199 = LINE('',#8200,#8201);
#8200 = CARTESIAN_POINT('',(0.32,-0.32,-2.84));
#8201 = VECTOR('',#8202,1.);
#8202 = DIRECTION('',(0.,1.,0.));
#8203 = ORIENTED_EDGE('',*,*,#8204,.T.);
#8204 = EDGE_CURVE('',#8197,#7762,#8205,.T.);
#8205 = LINE('',#8206,#8207);
#8206 = CARTESIAN_POINT('',(0.32,0.32,-3.));
#8207 = VECTOR('',#8208,1.);
#8208 = DIRECTION('',(0.,0.,1.));
#8209 = ORIENTED_EDGE('',*,*,#7769,.F.);
#8210 = PLANE('',#8211);
#8211 = AXIS2_PLACEMENT_3D('',#8212,#8213,#8214);
#8212 = CARTESIAN_POINT('',(0.32,-0.32,-3.));
#8213 = DIRECTION('',(1.,0.,0.));
#8214 = DIRECTION('',(0.,0.,1.));
#8215 = ADVANCED_FACE('',(#8216),#8234,.T.);
#8216 = FACE_BOUND('',#8217,.T.);
#8217 = EDGE_LOOP('',(#8218,#8219,#8227,#8233));
#8218 = ORIENTED_EDGE('',*,*,#8204,.F.);
#8219 = ORIENTED_EDGE('',*,*,#8220,.F.);
#8220 = EDGE_CURVE('',#8221,#8197,#8223,.T.);
#8221 = VERTEX_POINT('',#8222);
#8222 = CARTESIAN_POINT('',(-0.32,0.32,-2.84));
#8223 = LINE('',#8224,#8225);
#8224 = CARTESIAN_POINT('',(-0.32,0.32,-2.84));
#8225 = VECTOR('',#8226,1.);
#8226 = DIRECTION('',(1.,0.,0.));
#8227 = ORIENTED_EDGE('',*,*,#8228,.T.);
#8228 = EDGE_CURVE('',#8221,#7754,#8229,.T.);
#8229 = LINE('',#8230,#8231);
#8230 = CARTESIAN_POINT('',(-0.32,0.32,-3.));
#8231 = VECTOR('',#8232,1.);
#8232 = DIRECTION('',(0.,0.,1.));
#8233 = ORIENTED_EDGE('',*,*,#7761,.F.);
#8234 = PLANE('',#8235);
#8235 = AXIS2_PLACEMENT_3D('',#8236,#8237,#8238);
#8236 = CARTESIAN_POINT('',(-0.32,0.32,-3.));
#8237 = DIRECTION('',(0.,1.,0.));
#8238 = DIRECTION('',(0.,-0.,1.));
#8239 = ADVANCED_FACE('',(#8240),#8251,.F.);
#8240 = FACE_BOUND('',#8241,.F.);
#8241 = EDGE_LOOP('',(#8242,#8243,#8249,#8250));
#8242 = ORIENTED_EDGE('',*,*,#8180,.F.);
#8243 = ORIENTED_EDGE('',*,*,#8244,.T.);
#8244 = EDGE_CURVE('',#8173,#8221,#8245,.T.);
#8245 = LINE('',#8246,#8247);
#8246 = CARTESIAN_POINT('',(-0.32,-0.32,-2.84));
#8247 = VECTOR('',#8248,1.);
#8248 = DIRECTION('',(0.,1.,0.));
#8249 = ORIENTED_EDGE('',*,*,#8228,.T.);
#8250 = ORIENTED_EDGE('',*,*,#7753,.F.);
#8251 = PLANE('',#8252);
#8252 = AXIS2_PLACEMENT_3D('',#8253,#8254,#8255);
#8253 = CARTESIAN_POINT('',(-0.32,-0.32,-3.));
#8254 = DIRECTION('',(1.,0.,0.));
#8255 = DIRECTION('',(0.,0.,1.));
#8256 = ADVANCED_FACE('',(#8257),#8282,.F.);
#8257 = FACE_BOUND('',#8258,.F.);
#8258 = EDGE_LOOP('',(#8259,#8267,#8275,#8281));
#8259 = ORIENTED_EDGE('',*,*,#8260,.F.);
#8260 = EDGE_CURVE('',#8261,#7778,#8263,.T.);
#8261 = VERTEX_POINT('',#8262);
#8262 = CARTESIAN_POINT('',(0.32,-2.86,-2.84));
#8263 = LINE('',#8264,#8265);
#8264 = CARTESIAN_POINT('',(0.32,-2.86,-3.));
#8265 = VECTOR('',#8266,1.);
#8266 = DIRECTION('',(0.,0.,1.));
#8267 = ORIENTED_EDGE('',*,*,#8268,.F.);
#8268 = EDGE_CURVE('',#8269,#8261,#8271,.T.);
#8269 = VERTEX_POINT('',#8270);
#8270 = CARTESIAN_POINT('',(-0.32,-2.86,-2.84));
#8271 = LINE('',#8272,#8273);
#8272 = CARTESIAN_POINT('',(-0.32,-2.86,-2.84));
#8273 = VECTOR('',#8274,1.);
#8274 = DIRECTION('',(1.,0.,0.));
#8275 = ORIENTED_EDGE('',*,*,#8276,.T.);
#8276 = EDGE_CURVE('',#8269,#7780,#8277,.T.);
#8277 = LINE('',#8278,#8279);
#8278 = CARTESIAN_POINT('',(-0.32,-2.86,-3.));
#8279 = VECTOR('',#8280,1.);
#8280 = DIRECTION('',(0.,0.,1.));
#8281 = ORIENTED_EDGE('',*,*,#7777,.F.);
#8282 = PLANE('',#8283);
#8283 = AXIS2_PLACEMENT_3D('',#8284,#8285,#8286);
#8284 = CARTESIAN_POINT('',(-0.32,-2.86,-3.));
#8285 = DIRECTION('',(0.,1.,0.));
#8286 = DIRECTION('',(0.,-0.,1.));
#8287 = ADVANCED_FACE('',(#8288),#8306,.T.);
#8288 = FACE_BOUND('',#8289,.T.);
#8289 = EDGE_LOOP('',(#8290,#8291,#8299,#8305));
#8290 = ORIENTED_EDGE('',*,*,#8260,.F.);
#8291 = ORIENTED_EDGE('',*,*,#8292,.T.);
#8292 = EDGE_CURVE('',#8261,#8293,#8295,.T.);
#8293 = VERTEX_POINT('',#8294);
#8294 = CARTESIAN_POINT('',(0.32,-2.22,-2.84));
#8295 = LINE('',#8296,#8297);
#8296 = CARTESIAN_POINT('',(0.32,-2.86,-2.84));
#8297 = VECTOR('',#8298,1.);
#8298 = DIRECTION('',(0.,1.,0.));
#8299 = ORIENTED_EDGE('',*,*,#8300,.T.);
#8300 = EDGE_CURVE('',#8293,#7796,#8301,.T.);
#8301 = LINE('',#8302,#8303);
#8302 = CARTESIAN_POINT('',(0.32,-2.22,-3.));
#8303 = VECTOR('',#8304,1.);
#8304 = DIRECTION('',(0.,0.,1.));
#8305 = ORIENTED_EDGE('',*,*,#7803,.F.);
#8306 = PLANE('',#8307);
#8307 = AXIS2_PLACEMENT_3D('',#8308,#8309,#8310);
#8308 = CARTESIAN_POINT('',(0.32,-2.86,-3.));
#8309 = DIRECTION('',(1.,0.,0.));
#8310 = DIRECTION('',(0.,0.,1.));
#8311 = ADVANCED_FACE('',(#8312),#8330,.T.);
#8312 = FACE_BOUND('',#8313,.T.);
#8313 = EDGE_LOOP('',(#8314,#8315,#8323,#8329));
#8314 = ORIENTED_EDGE('',*,*,#8300,.F.);
#8315 = ORIENTED_EDGE('',*,*,#8316,.F.);
#8316 = EDGE_CURVE('',#8317,#8293,#8319,.T.);
#8317 = VERTEX_POINT('',#8318);
#8318 = CARTESIAN_POINT('',(-0.32,-2.22,-2.84));
#8319 = LINE('',#8320,#8321);
#8320 = CARTESIAN_POINT('',(-0.32,-2.22,-2.84));
#8321 = VECTOR('',#8322,1.);
#8322 = DIRECTION('',(1.,0.,0.));
#8323 = ORIENTED_EDGE('',*,*,#8324,.T.);
#8324 = EDGE_CURVE('',#8317,#7788,#8325,.T.);
#8325 = LINE('',#8326,#8327);
#8326 = CARTESIAN_POINT('',(-0.32,-2.22,-3.));
#8327 = VECTOR('',#8328,1.);
#8328 = DIRECTION('',(0.,0.,1.));
#8329 = ORIENTED_EDGE('',*,*,#7795,.F.);
#8330 = PLANE('',#8331);
#8331 = AXIS2_PLACEMENT_3D('',#8332,#8333,#8334);
#8332 = CARTESIAN_POINT('',(-0.32,-2.22,-3.));
#8333 = DIRECTION('',(0.,1.,0.));
#8334 = DIRECTION('',(0.,-0.,1.));
#8335 = ADVANCED_FACE('',(#8336),#8347,.F.);
#8336 = FACE_BOUND('',#8337,.F.);
#8337 = EDGE_LOOP('',(#8338,#8339,#8345,#8346));
#8338 = ORIENTED_EDGE('',*,*,#8276,.F.);
#8339 = ORIENTED_EDGE('',*,*,#8340,.T.);
#8340 = EDGE_CURVE('',#8269,#8317,#8341,.T.);
#8341 = LINE('',#8342,#8343);
#8342 = CARTESIAN_POINT('',(-0.32,-2.86,-2.84));
#8343 = VECTOR('',#8344,1.);
#8344 = DIRECTION('',(0.,1.,0.));
#8345 = ORIENTED_EDGE('',*,*,#8324,.T.);
#8346 = ORIENTED_EDGE('',*,*,#7787,.F.);
#8347 = PLANE('',#8348);
#8348 = AXIS2_PLACEMENT_3D('',#8349,#8350,#8351);
#8349 = CARTESIAN_POINT('',(-0.32,-2.86,-3.));
#8350 = DIRECTION('',(1.,0.,0.));
#8351 = DIRECTION('',(0.,0.,1.));
#8352 = ADVANCED_FACE('',(#8353),#8378,.F.);
#8353 = FACE_BOUND('',#8354,.F.);
#8354 = EDGE_LOOP('',(#8355,#8363,#8364,#8372));
#8355 = ORIENTED_EDGE('',*,*,#8356,.F.);
#8356 = EDGE_CURVE('',#7909,#8357,#8359,.T.);
#8357 = VERTEX_POINT('',#8358);
#8358 = CARTESIAN_POINT('',(0.32,-0.32,8.38));
#8359 = LINE('',#8360,#8361);
#8360 = CARTESIAN_POINT('',(0.32,-0.32,-3.));
#8361 = VECTOR('',#8362,1.);
#8362 = DIRECTION('',(0.,0.,1.));
#8363 = ORIENTED_EDGE('',*,*,#7908,.T.);
#8364 = ORIENTED_EDGE('',*,*,#8365,.T.);
#8365 = EDGE_CURVE('',#7911,#8366,#8368,.T.);
#8366 = VERTEX_POINT('',#8367);
#8367 = CARTESIAN_POINT('',(-0.32,-0.32,8.38));
#8368 = LINE('',#8369,#8370);
#8369 = CARTESIAN_POINT('',(-0.32,-0.32,-3.));
#8370 = VECTOR('',#8371,1.);
#8371 = DIRECTION('',(0.,0.,1.));
#8372 = ORIENTED_EDGE('',*,*,#8373,.T.);
#8373 = EDGE_CURVE('',#8366,#8357,#8374,.T.);
#8374 = LINE('',#8375,#8376);
#8375 = CARTESIAN_POINT('',(-0.32,-0.32,8.38));
#8376 = VECTOR('',#8377,1.);
#8377 = DIRECTION('',(1.,0.,0.));
#8378 = PLANE('',#8379);
#8379 = AXIS2_PLACEMENT_3D('',#8380,#8381,#8382);
#8380 = CARTESIAN_POINT('',(-0.32,-0.32,-3.));
#8381 = DIRECTION('',(0.,1.,0.));
#8382 = DIRECTION('',(0.,-0.,1.));
#8383 = ADVANCED_FACE('',(#8384),#8402,.T.);
#8384 = FACE_BOUND('',#8385,.T.);
#8385 = EDGE_LOOP('',(#8386,#8387,#8388,#8396));
#8386 = ORIENTED_EDGE('',*,*,#8356,.F.);
#8387 = ORIENTED_EDGE('',*,*,#7934,.T.);
#8388 = ORIENTED_EDGE('',*,*,#8389,.T.);
#8389 = EDGE_CURVE('',#7927,#8390,#8392,.T.);
#8390 = VERTEX_POINT('',#8391);
#8391 = CARTESIAN_POINT('',(0.32,0.32,8.38));
#8392 = LINE('',#8393,#8394);
#8393 = CARTESIAN_POINT('',(0.32,0.32,-3.));
#8394 = VECTOR('',#8395,1.);
#8395 = DIRECTION('',(0.,0.,1.));
#8396 = ORIENTED_EDGE('',*,*,#8397,.F.);
#8397 = EDGE_CURVE('',#8357,#8390,#8398,.T.);
#8398 = LINE('',#8399,#8400);
#8399 = CARTESIAN_POINT('',(0.32,-0.32,8.38));
#8400 = VECTOR('',#8401,1.);
#8401 = DIRECTION('',(0.,1.,0.));
#8402 = PLANE('',#8403);
#8403 = AXIS2_PLACEMENT_3D('',#8404,#8405,#8406);
#8404 = CARTESIAN_POINT('',(0.32,-0.32,-3.));
#8405 = DIRECTION('',(1.,0.,0.));
#8406 = DIRECTION('',(0.,0.,1.));
#8407 = ADVANCED_FACE('',(#8408),#8426,.T.);
#8408 = FACE_BOUND('',#8409,.T.);
#8409 = EDGE_LOOP('',(#8410,#8411,#8412,#8420));
#8410 = ORIENTED_EDGE('',*,*,#8389,.F.);
#8411 = ORIENTED_EDGE('',*,*,#7926,.T.);
#8412 = ORIENTED_EDGE('',*,*,#8413,.T.);
#8413 = EDGE_CURVE('',#7919,#8414,#8416,.T.);
#8414 = VERTEX_POINT('',#8415);
#8415 = CARTESIAN_POINT('',(-0.32,0.32,8.38));
#8416 = LINE('',#8417,#8418);
#8417 = CARTESIAN_POINT('',(-0.32,0.32,-3.));
#8418 = VECTOR('',#8419,1.);
#8419 = DIRECTION('',(0.,0.,1.));
#8420 = ORIENTED_EDGE('',*,*,#8421,.T.);
#8421 = EDGE_CURVE('',#8414,#8390,#8422,.T.);
#8422 = LINE('',#8423,#8424);
#8423 = CARTESIAN_POINT('',(-0.32,0.32,8.38));
#8424 = VECTOR('',#8425,1.);
#8425 = DIRECTION('',(1.,0.,0.));
#8426 = PLANE('',#8427);
#8427 = AXIS2_PLACEMENT_3D('',#8428,#8429,#8430);
#8428 = CARTESIAN_POINT('',(-0.32,0.32,-3.));
#8429 = DIRECTION('',(0.,1.,0.));
#8430 = DIRECTION('',(0.,-0.,1.));
#8431 = ADVANCED_FACE('',(#8432),#8443,.F.);
#8432 = FACE_BOUND('',#8433,.F.);
#8433 = EDGE_LOOP('',(#8434,#8435,#8436,#8437));
#8434 = ORIENTED_EDGE('',*,*,#8365,.F.);
#8435 = ORIENTED_EDGE('',*,*,#7918,.T.);
#8436 = ORIENTED_EDGE('',*,*,#8413,.T.);
#8437 = ORIENTED_EDGE('',*,*,#8438,.F.);
#8438 = EDGE_CURVE('',#8366,#8414,#8439,.T.);
#8439 = LINE('',#8440,#8441);
#8440 = CARTESIAN_POINT('',(-0.32,-0.32,8.38));
#8441 = VECTOR('',#8442,1.);
#8442 = DIRECTION('',(0.,1.,0.));
#8443 = PLANE('',#8444);
#8444 = AXIS2_PLACEMENT_3D('',#8445,#8446,#8447);
#8445 = CARTESIAN_POINT('',(-0.32,-0.32,-3.));
#8446 = DIRECTION('',(1.,0.,0.));
#8447 = DIRECTION('',(0.,0.,1.));
#8448 = ADVANCED_FACE('',(#8449),#8474,.F.);
#8449 = FACE_BOUND('',#8450,.F.);
#8450 = EDGE_LOOP('',(#8451,#8459,#8460,#8468));
#8451 = ORIENTED_EDGE('',*,*,#8452,.F.);
#8452 = EDGE_CURVE('',#7943,#8453,#8455,.T.);
#8453 = VERTEX_POINT('',#8454);
#8454 = CARTESIAN_POINT('',(0.32,-2.86,8.38));
#8455 = LINE('',#8456,#8457);
#8456 = CARTESIAN_POINT('',(0.32,-2.86,-3.));
#8457 = VECTOR('',#8458,1.);
#8458 = DIRECTION('',(0.,0.,1.));
#8459 = ORIENTED_EDGE('',*,*,#7942,.T.);
#8460 = ORIENTED_EDGE('',*,*,#8461,.T.);
#8461 = EDGE_CURVE('',#7945,#8462,#8464,.T.);
#8462 = VERTEX_POINT('',#8463);
#8463 = CARTESIAN_POINT('',(-0.32,-2.86,8.38));
#8464 = LINE('',#8465,#8466);
#8465 = CARTESIAN_POINT('',(-0.32,-2.86,-3.));
#8466 = VECTOR('',#8467,1.);
#8467 = DIRECTION('',(0.,0.,1.));
#8468 = ORIENTED_EDGE('',*,*,#8469,.T.);
#8469 = EDGE_CURVE('',#8462,#8453,#8470,.T.);
#8470 = LINE('',#8471,#8472);
#8471 = CARTESIAN_POINT('',(-0.32,-2.86,8.38));
#8472 = VECTOR('',#8473,1.);
#8473 = DIRECTION('',(1.,0.,0.));
#8474 = PLANE('',#8475);
#8475 = AXIS2_PLACEMENT_3D('',#8476,#8477,#8478);
#8476 = CARTESIAN_POINT('',(-0.32,-2.86,-3.));
#8477 = DIRECTION('',(0.,1.,0.));
#8478 = DIRECTION('',(0.,-0.,1.));
#8479 = ADVANCED_FACE('',(#8480),#8498,.T.);
#8480 = FACE_BOUND('',#8481,.T.);
#8481 = EDGE_LOOP('',(#8482,#8483,#8484,#8492));
#8482 = ORIENTED_EDGE('',*,*,#8452,.F.);
#8483 = ORIENTED_EDGE('',*,*,#7968,.T.);
#8484 = ORIENTED_EDGE('',*,*,#8485,.T.);
#8485 = EDGE_CURVE('',#7961,#8486,#8488,.T.);
#8486 = VERTEX_POINT('',#8487);
#8487 = CARTESIAN_POINT('',(0.32,-2.22,8.38));
#8488 = LINE('',#8489,#8490);
#8489 = CARTESIAN_POINT('',(0.32,-2.22,-3.));
#8490 = VECTOR('',#8491,1.);
#8491 = DIRECTION('',(0.,0.,1.));
#8492 = ORIENTED_EDGE('',*,*,#8493,.F.);
#8493 = EDGE_CURVE('',#8453,#8486,#8494,.T.);
#8494 = LINE('',#8495,#8496);
#8495 = CARTESIAN_POINT('',(0.32,-2.86,8.38));
#8496 = VECTOR('',#8497,1.);
#8497 = DIRECTION('',(0.,1.,0.));
#8498 = PLANE('',#8499);
#8499 = AXIS2_PLACEMENT_3D('',#8500,#8501,#8502);
#8500 = CARTESIAN_POINT('',(0.32,-2.86,-3.));
#8501 = DIRECTION('',(1.,0.,0.));
#8502 = DIRECTION('',(0.,0.,1.));
#8503 = ADVANCED_FACE('',(#8504),#8522,.T.);
#8504 = FACE_BOUND('',#8505,.T.);
#8505 = EDGE_LOOP('',(#8506,#8507,#8508,#8516));
#8506 = ORIENTED_EDGE('',*,*,#8485,.F.);
#8507 = ORIENTED_EDGE('',*,*,#7960,.T.);
#8508 = ORIENTED_EDGE('',*,*,#8509,.T.);
#8509 = EDGE_CURVE('',#7953,#8510,#8512,.T.);
#8510 = VERTEX_POINT('',#8511);
#8511 = CARTESIAN_POINT('',(-0.32,-2.22,8.38));
#8512 = LINE('',#8513,#8514);
#8513 = CARTESIAN_POINT('',(-0.32,-2.22,-3.));
#8514 = VECTOR('',#8515,1.);
#8515 = DIRECTION('',(0.,0.,1.));
#8516 = ORIENTED_EDGE('',*,*,#8517,.T.);
#8517 = EDGE_CURVE('',#8510,#8486,#8518,.T.);
#8518 = LINE('',#8519,#8520);
#8519 = CARTESIAN_POINT('',(-0.32,-2.22,8.38));
#8520 = VECTOR('',#8521,1.);
#8521 = DIRECTION('',(1.,0.,0.));
#8522 = PLANE('',#8523);
#8523 = AXIS2_PLACEMENT_3D('',#8524,#8525,#8526);
#8524 = CARTESIAN_POINT('',(-0.32,-2.22,-3.));
#8525 = DIRECTION('',(0.,1.,0.));
#8526 = DIRECTION('',(0.,-0.,1.));
#8527 = ADVANCED_FACE('',(#8528),#8539,.F.);
#8528 = FACE_BOUND('',#8529,.F.);
#8529 = EDGE_LOOP('',(#8530,#8531,#8532,#8533));
#8530 = ORIENTED_EDGE('',*,*,#8461,.F.);
#8531 = ORIENTED_EDGE('',*,*,#7952,.T.);
#8532 = ORIENTED_EDGE('',*,*,#8509,.T.);
#8533 = ORIENTED_EDGE('',*,*,#8534,.F.);
#8534 = EDGE_CURVE('',#8462,#8510,#8535,.T.);
#8535 = LINE('',#8536,#8537);
#8536 = CARTESIAN_POINT('',(-0.32,-2.86,8.38));
#8537 = VECTOR('',#8538,1.);
#8538 = DIRECTION('',(0.,1.,0.));
#8539 = PLANE('',#8540);
#8540 = AXIS2_PLACEMENT_3D('',#8541,#8542,#8543);
#8541 = CARTESIAN_POINT('',(-0.32,-2.86,-3.));
#8542 = DIRECTION('',(1.,0.,0.));
#8543 = DIRECTION('',(0.,0.,1.));
#8544 = ADVANCED_FACE('',(#8545),#8570,.T.);
#8545 = FACE_BOUND('',#8546,.F.);
#8546 = EDGE_LOOP('',(#8547,#8555,#8556,#8564));
#8547 = ORIENTED_EDGE('',*,*,#8548,.F.);
#8548 = EDGE_CURVE('',#8173,#8549,#8551,.T.);
#8549 = VERTEX_POINT('',#8550);
#8550 = CARTESIAN_POINT('',(-0.16,-0.16,-3.));
#8551 = LINE('',#8552,#8553);
#8552 = CARTESIAN_POINT('',(-0.266666666667,-0.266666666667,
    -2.893333333333));
#8553 = VECTOR('',#8554,1.);
#8554 = DIRECTION('',(0.57735026919,0.57735026919,-0.57735026919));
#8555 = ORIENTED_EDGE('',*,*,#8172,.T.);
#8556 = ORIENTED_EDGE('',*,*,#8557,.T.);
#8557 = EDGE_CURVE('',#8165,#8558,#8560,.T.);
#8558 = VERTEX_POINT('',#8559);
#8559 = CARTESIAN_POINT('',(0.16,-0.16,-3.));
#8560 = LINE('',#8561,#8562);
#8561 = CARTESIAN_POINT('',(0.16,-0.16,-3.));
#8562 = VECTOR('',#8563,1.);
#8563 = DIRECTION('',(-0.57735026919,0.57735026919,-0.57735026919));
#8564 = ORIENTED_EDGE('',*,*,#8565,.F.);
#8565 = EDGE_CURVE('',#8549,#8558,#8566,.T.);
#8566 = LINE('',#8567,#8568);
#8567 = CARTESIAN_POINT('',(-0.32,-0.16,-3.));
#8568 = VECTOR('',#8569,1.);
#8569 = DIRECTION('',(1.,0.,0.));
#8570 = PLANE('',#8571);
#8571 = AXIS2_PLACEMENT_3D('',#8572,#8573,#8574);
#8572 = CARTESIAN_POINT('',(-0.32,-0.24,-2.92));
#8573 = DIRECTION('',(1.735167508357E-18,-0.707106781187,-0.707106781187
    ));
#8574 = DIRECTION('',(-1.,-1.226948711654E-18,-1.226948711654E-18));
#8575 = ADVANCED_FACE('',(#8576),#8594,.F.);
#8576 = FACE_BOUND('',#8577,.F.);
#8577 = EDGE_LOOP('',(#8578,#8579,#8580,#8588));
#8578 = ORIENTED_EDGE('',*,*,#8557,.F.);
#8579 = ORIENTED_EDGE('',*,*,#8196,.T.);
#8580 = ORIENTED_EDGE('',*,*,#8581,.T.);
#8581 = EDGE_CURVE('',#8197,#8582,#8584,.T.);
#8582 = VERTEX_POINT('',#8583);
#8583 = CARTESIAN_POINT('',(0.16,0.16,-3.));
#8584 = LINE('',#8585,#8586);
#8585 = CARTESIAN_POINT('',(5.333333333333E-02,5.333333333333E-02,
    -3.106666666667));
#8586 = VECTOR('',#8587,1.);
#8587 = DIRECTION('',(-0.57735026919,-0.57735026919,-0.57735026919));
#8588 = ORIENTED_EDGE('',*,*,#8589,.F.);
#8589 = EDGE_CURVE('',#8558,#8582,#8590,.T.);
#8590 = LINE('',#8591,#8592);
#8591 = CARTESIAN_POINT('',(0.16,-0.32,-3.));
#8592 = VECTOR('',#8593,1.);
#8593 = DIRECTION('',(0.,1.,0.));
#8594 = PLANE('',#8595);
#8595 = AXIS2_PLACEMENT_3D('',#8596,#8597,#8598);
#8596 = CARTESIAN_POINT('',(0.24,-0.32,-2.92));
#8597 = DIRECTION('',(-0.707106781187,1.735167508357E-18,0.707106781187)
  );
#8598 = DIRECTION('',(1.226948711654E-18,1.,-1.226948711654E-18));
#8599 = ADVANCED_FACE('',(#8600),#8618,.F.);
#8600 = FACE_BOUND('',#8601,.T.);
#8601 = EDGE_LOOP('',(#8602,#8610,#8611,#8612));
#8602 = ORIENTED_EDGE('',*,*,#8603,.F.);
#8603 = EDGE_CURVE('',#8221,#8604,#8606,.T.);
#8604 = VERTEX_POINT('',#8605);
#8605 = CARTESIAN_POINT('',(-0.16,0.16,-3.));
#8606 = LINE('',#8607,#8608);
#8607 = CARTESIAN_POINT('',(-0.16,0.16,-3.));
#8608 = VECTOR('',#8609,1.);
#8609 = DIRECTION('',(0.57735026919,-0.57735026919,-0.57735026919));
#8610 = ORIENTED_EDGE('',*,*,#8220,.T.);
#8611 = ORIENTED_EDGE('',*,*,#8581,.T.);
#8612 = ORIENTED_EDGE('',*,*,#8613,.F.);
#8613 = EDGE_CURVE('',#8604,#8582,#8614,.T.);
#8614 = LINE('',#8615,#8616);
#8615 = CARTESIAN_POINT('',(-0.32,0.16,-3.));
#8616 = VECTOR('',#8617,1.);
#8617 = DIRECTION('',(1.,0.,0.));
#8618 = PLANE('',#8619);
#8619 = AXIS2_PLACEMENT_3D('',#8620,#8621,#8622);
#8620 = CARTESIAN_POINT('',(-0.32,0.24,-2.92));
#8621 = DIRECTION('',(-1.735167508357E-18,-0.707106781187,0.707106781187
    ));
#8622 = DIRECTION('',(-1.,1.226948711654E-18,-1.226948711654E-18));
#8623 = ADVANCED_FACE('',(#8624),#8635,.T.);
#8624 = FACE_BOUND('',#8625,.T.);
#8625 = EDGE_LOOP('',(#8626,#8627,#8628,#8629));
#8626 = ORIENTED_EDGE('',*,*,#8548,.F.);
#8627 = ORIENTED_EDGE('',*,*,#8244,.T.);
#8628 = ORIENTED_EDGE('',*,*,#8603,.T.);
#8629 = ORIENTED_EDGE('',*,*,#8630,.F.);
#8630 = EDGE_CURVE('',#8549,#8604,#8631,.T.);
#8631 = LINE('',#8632,#8633);
#8632 = CARTESIAN_POINT('',(-0.16,-0.32,-3.));
#8633 = VECTOR('',#8634,1.);
#8634 = DIRECTION('',(0.,1.,0.));
#8635 = PLANE('',#8636);
#8636 = AXIS2_PLACEMENT_3D('',#8637,#8638,#8639);
#8637 = CARTESIAN_POINT('',(-0.24,-0.32,-2.92));
#8638 = DIRECTION('',(-0.707106781187,-1.735167508357E-18,
    -0.707106781187));
#8639 = DIRECTION('',(-1.226948711654E-18,1.,-1.226948711654E-18));
#8640 = ADVANCED_FACE('',(#8641),#8666,.T.);
#8641 = FACE_BOUND('',#8642,.F.);
#8642 = EDGE_LOOP('',(#8643,#8651,#8652,#8660));
#8643 = ORIENTED_EDGE('',*,*,#8644,.F.);
#8644 = EDGE_CURVE('',#8269,#8645,#8647,.T.);
#8645 = VERTEX_POINT('',#8646);
#8646 = CARTESIAN_POINT('',(-0.16,-2.7,-3.));
#8647 = LINE('',#8648,#8649);
#8648 = CARTESIAN_POINT('',(-0.266666666667,-2.806666666667,
    -2.893333333333));
#8649 = VECTOR('',#8650,1.);
#8650 = DIRECTION('',(0.57735026919,0.57735026919,-0.57735026919));
#8651 = ORIENTED_EDGE('',*,*,#8268,.T.);
#8652 = ORIENTED_EDGE('',*,*,#8653,.T.);
#8653 = EDGE_CURVE('',#8261,#8654,#8656,.T.);
#8654 = VERTEX_POINT('',#8655);
#8655 = CARTESIAN_POINT('',(0.16,-2.7,-3.));
#8656 = LINE('',#8657,#8658);
#8657 = CARTESIAN_POINT('',(0.16,-2.7,-3.));
#8658 = VECTOR('',#8659,1.);
#8659 = DIRECTION('',(-0.57735026919,0.57735026919,-0.57735026919));
#8660 = ORIENTED_EDGE('',*,*,#8661,.F.);
#8661 = EDGE_CURVE('',#8645,#8654,#8662,.T.);
#8662 = LINE('',#8663,#8664);
#8663 = CARTESIAN_POINT('',(-0.32,-2.7,-3.));
#8664 = VECTOR('',#8665,1.);
#8665 = DIRECTION('',(1.,0.,0.));
#8666 = PLANE('',#8667);
#8667 = AXIS2_PLACEMENT_3D('',#8668,#8669,#8670);
#8668 = CARTESIAN_POINT('',(-0.32,-2.78,-2.92));
#8669 = DIRECTION('',(1.735167508357E-18,-0.707106781187,-0.707106781187
    ));
#8670 = DIRECTION('',(-1.,-1.226948711654E-18,-1.226948711654E-18));
#8671 = ADVANCED_FACE('',(#8672),#8690,.F.);
#8672 = FACE_BOUND('',#8673,.F.);
#8673 = EDGE_LOOP('',(#8674,#8675,#8676,#8684));
#8674 = ORIENTED_EDGE('',*,*,#8653,.F.);
#8675 = ORIENTED_EDGE('',*,*,#8292,.T.);
#8676 = ORIENTED_EDGE('',*,*,#8677,.T.);
#8677 = EDGE_CURVE('',#8293,#8678,#8680,.T.);
#8678 = VERTEX_POINT('',#8679);
#8679 = CARTESIAN_POINT('',(0.16,-2.38,-3.));
#8680 = LINE('',#8681,#8682);
#8681 = CARTESIAN_POINT('',(5.333333333333E-02,-2.486666666667,
    -3.106666666667));
#8682 = VECTOR('',#8683,1.);
#8683 = DIRECTION('',(-0.57735026919,-0.57735026919,-0.57735026919));
#8684 = ORIENTED_EDGE('',*,*,#8685,.F.);
#8685 = EDGE_CURVE('',#8654,#8678,#8686,.T.);
#8686 = LINE('',#8687,#8688);
#8687 = CARTESIAN_POINT('',(0.16,-2.86,-3.));
#8688 = VECTOR('',#8689,1.);
#8689 = DIRECTION('',(0.,1.,0.));
#8690 = PLANE('',#8691);
#8691 = AXIS2_PLACEMENT_3D('',#8692,#8693,#8694);
#8692 = CARTESIAN_POINT('',(0.24,-2.86,-2.92));
#8693 = DIRECTION('',(-0.707106781187,1.735167508357E-18,0.707106781187)
  );
#8694 = DIRECTION('',(1.226948711654E-18,1.,-1.226948711654E-18));
#8695 = ADVANCED_FACE('',(#8696),#8714,.F.);
#8696 = FACE_BOUND('',#8697,.T.);
#8697 = EDGE_LOOP('',(#8698,#8706,#8707,#8708));
#8698 = ORIENTED_EDGE('',*,*,#8699,.F.);
#8699 = EDGE_CURVE('',#8317,#8700,#8702,.T.);
#8700 = VERTEX_POINT('',#8701);
#8701 = CARTESIAN_POINT('',(-0.16,-2.38,-3.));
#8702 = LINE('',#8703,#8704);
#8703 = CARTESIAN_POINT('',(-0.16,-2.38,-3.));
#8704 = VECTOR('',#8705,1.);
#8705 = DIRECTION('',(0.57735026919,-0.57735026919,-0.57735026919));
#8706 = ORIENTED_EDGE('',*,*,#8316,.T.);
#8707 = ORIENTED_EDGE('',*,*,#8677,.T.);
#8708 = ORIENTED_EDGE('',*,*,#8709,.F.);
#8709 = EDGE_CURVE('',#8700,#8678,#8710,.T.);
#8710 = LINE('',#8711,#8712);
#8711 = CARTESIAN_POINT('',(-0.32,-2.38,-3.));
#8712 = VECTOR('',#8713,1.);
#8713 = DIRECTION('',(1.,0.,0.));
#8714 = PLANE('',#8715);
#8715 = AXIS2_PLACEMENT_3D('',#8716,#8717,#8718);
#8716 = CARTESIAN_POINT('',(-0.32,-2.3,-2.92));
#8717 = DIRECTION('',(-1.735167508357E-18,-0.707106781187,0.707106781187
    ));
#8718 = DIRECTION('',(-1.,1.226948711654E-18,-1.226948711654E-18));
#8719 = ADVANCED_FACE('',(#8720),#8731,.T.);
#8720 = FACE_BOUND('',#8721,.T.);
#8721 = EDGE_LOOP('',(#8722,#8723,#8724,#8725));
#8722 = ORIENTED_EDGE('',*,*,#8644,.F.);
#8723 = ORIENTED_EDGE('',*,*,#8340,.T.);
#8724 = ORIENTED_EDGE('',*,*,#8699,.T.);
#8725 = ORIENTED_EDGE('',*,*,#8726,.F.);
#8726 = EDGE_CURVE('',#8645,#8700,#8727,.T.);
#8727 = LINE('',#8728,#8729);
#8728 = CARTESIAN_POINT('',(-0.16,-2.86,-3.));
#8729 = VECTOR('',#8730,1.);
#8730 = DIRECTION('',(0.,1.,0.));
#8731 = PLANE('',#8732);
#8732 = AXIS2_PLACEMENT_3D('',#8733,#8734,#8735);
#8733 = CARTESIAN_POINT('',(-0.24,-2.86,-2.92));
#8734 = DIRECTION('',(-0.707106781187,-1.735167508357E-18,
    -0.707106781187));
#8735 = DIRECTION('',(-1.226948711654E-18,1.,-1.226948711654E-18));
#8736 = ADVANCED_FACE('',(#8737),#8762,.F.);
#8737 = FACE_BOUND('',#8738,.T.);
#8738 = EDGE_LOOP('',(#8739,#8747,#8748,#8756));
#8739 = ORIENTED_EDGE('',*,*,#8740,.F.);
#8740 = EDGE_CURVE('',#8366,#8741,#8743,.T.);
#8741 = VERTEX_POINT('',#8742);
#8742 = CARTESIAN_POINT('',(-0.16,-0.16,8.54));
#8743 = LINE('',#8744,#8745);
#8744 = CARTESIAN_POINT('',(-0.266666666667,-0.266666666667,
    8.433333333333));
#8745 = VECTOR('',#8746,1.);
#8746 = DIRECTION('',(0.57735026919,0.57735026919,0.57735026919));
#8747 = ORIENTED_EDGE('',*,*,#8373,.T.);
#8748 = ORIENTED_EDGE('',*,*,#8749,.T.);
#8749 = EDGE_CURVE('',#8357,#8750,#8752,.T.);
#8750 = VERTEX_POINT('',#8751);
#8751 = CARTESIAN_POINT('',(0.16,-0.16,8.54));
#8752 = LINE('',#8753,#8754);
#8753 = CARTESIAN_POINT('',(0.16,-0.16,8.54));
#8754 = VECTOR('',#8755,1.);
#8755 = DIRECTION('',(-0.57735026919,0.57735026919,0.57735026919));
#8756 = ORIENTED_EDGE('',*,*,#8757,.F.);
#8757 = EDGE_CURVE('',#8741,#8750,#8758,.T.);
#8758 = LINE('',#8759,#8760);
#8759 = CARTESIAN_POINT('',(-0.32,-0.16,8.54));
#8760 = VECTOR('',#8761,1.);
#8761 = DIRECTION('',(1.,0.,0.));
#8762 = PLANE('',#8763);
#8763 = AXIS2_PLACEMENT_3D('',#8764,#8765,#8766);
#8764 = CARTESIAN_POINT('',(-0.32,-0.24,8.46));
#8765 = DIRECTION('',(-1.735167508357E-18,0.707106781187,-0.707106781187
    ));
#8766 = DIRECTION('',(-1.,-1.226948711654E-18,1.226948711654E-18));
#8767 = ADVANCED_FACE('',(#8768),#8786,.T.);
#8768 = FACE_BOUND('',#8769,.T.);
#8769 = EDGE_LOOP('',(#8770,#8771,#8772,#8780));
#8770 = ORIENTED_EDGE('',*,*,#8749,.F.);
#8771 = ORIENTED_EDGE('',*,*,#8397,.T.);
#8772 = ORIENTED_EDGE('',*,*,#8773,.T.);
#8773 = EDGE_CURVE('',#8390,#8774,#8776,.T.);
#8774 = VERTEX_POINT('',#8775);
#8775 = CARTESIAN_POINT('',(0.16,0.16,8.54));
#8776 = LINE('',#8777,#8778);
#8777 = CARTESIAN_POINT('',(5.333333333333E-02,5.333333333333E-02,
    8.646666666667));
#8778 = VECTOR('',#8779,1.);
#8779 = DIRECTION('',(-0.57735026919,-0.57735026919,0.57735026919));
#8780 = ORIENTED_EDGE('',*,*,#8781,.F.);
#8781 = EDGE_CURVE('',#8750,#8774,#8782,.T.);
#8782 = LINE('',#8783,#8784);
#8783 = CARTESIAN_POINT('',(0.16,-0.32,8.54));
#8784 = VECTOR('',#8785,1.);
#8785 = DIRECTION('',(0.,1.,0.));
#8786 = PLANE('',#8787);
#8787 = AXIS2_PLACEMENT_3D('',#8788,#8789,#8790);
#8788 = CARTESIAN_POINT('',(0.24,-0.32,8.46));
#8789 = DIRECTION('',(0.707106781187,-1.735167508357E-18,0.707106781187)
  );
#8790 = DIRECTION('',(1.226948711654E-18,1.,1.226948711654E-18));
#8791 = ADVANCED_FACE('',(#8792),#8810,.T.);
#8792 = FACE_BOUND('',#8793,.F.);
#8793 = EDGE_LOOP('',(#8794,#8802,#8803,#8804));
#8794 = ORIENTED_EDGE('',*,*,#8795,.F.);
#8795 = EDGE_CURVE('',#8414,#8796,#8798,.T.);
#8796 = VERTEX_POINT('',#8797);
#8797 = CARTESIAN_POINT('',(-0.16,0.16,8.54));
#8798 = LINE('',#8799,#8800);
#8799 = CARTESIAN_POINT('',(-0.16,0.16,8.54));
#8800 = VECTOR('',#8801,1.);
#8801 = DIRECTION('',(0.57735026919,-0.57735026919,0.57735026919));
#8802 = ORIENTED_EDGE('',*,*,#8421,.T.);
#8803 = ORIENTED_EDGE('',*,*,#8773,.T.);
#8804 = ORIENTED_EDGE('',*,*,#8805,.F.);
#8805 = EDGE_CURVE('',#8796,#8774,#8806,.T.);
#8806 = LINE('',#8807,#8808);
#8807 = CARTESIAN_POINT('',(-0.32,0.16,8.54));
#8808 = VECTOR('',#8809,1.);
#8809 = DIRECTION('',(1.,0.,0.));
#8810 = PLANE('',#8811);
#8811 = AXIS2_PLACEMENT_3D('',#8812,#8813,#8814);
#8812 = CARTESIAN_POINT('',(-0.32,0.24,8.46));
#8813 = DIRECTION('',(1.735167508357E-18,0.707106781187,0.707106781187)
  );
#8814 = DIRECTION('',(-1.,1.226948711654E-18,1.226948711654E-18));
#8815 = ADVANCED_FACE('',(#8816),#8827,.F.);
#8816 = FACE_BOUND('',#8817,.F.);
#8817 = EDGE_LOOP('',(#8818,#8819,#8820,#8821));
#8818 = ORIENTED_EDGE('',*,*,#8740,.F.);
#8819 = ORIENTED_EDGE('',*,*,#8438,.T.);
#8820 = ORIENTED_EDGE('',*,*,#8795,.T.);
#8821 = ORIENTED_EDGE('',*,*,#8822,.F.);
#8822 = EDGE_CURVE('',#8741,#8796,#8823,.T.);
#8823 = LINE('',#8824,#8825);
#8824 = CARTESIAN_POINT('',(-0.16,-0.32,8.54));
#8825 = VECTOR('',#8826,1.);
#8826 = DIRECTION('',(0.,1.,0.));
#8827 = PLANE('',#8828);
#8828 = AXIS2_PLACEMENT_3D('',#8829,#8830,#8831);
#8829 = CARTESIAN_POINT('',(-0.24,-0.32,8.46));
#8830 = DIRECTION('',(0.707106781187,1.735167508357E-18,-0.707106781187)
  );
#8831 = DIRECTION('',(-1.226948711654E-18,1.,1.226948711654E-18));
#8832 = ADVANCED_FACE('',(#8833),#8858,.F.);
#8833 = FACE_BOUND('',#8834,.T.);
#8834 = EDGE_LOOP('',(#8835,#8843,#8844,#8852));
#8835 = ORIENTED_EDGE('',*,*,#8836,.F.);
#8836 = EDGE_CURVE('',#8462,#8837,#8839,.T.);
#8837 = VERTEX_POINT('',#8838);
#8838 = CARTESIAN_POINT('',(-0.16,-2.7,8.54));
#8839 = LINE('',#8840,#8841);
#8840 = CARTESIAN_POINT('',(-0.266666666667,-2.806666666667,
    8.433333333333));
#8841 = VECTOR('',#8842,1.);
#8842 = DIRECTION('',(0.57735026919,0.57735026919,0.57735026919));
#8843 = ORIENTED_EDGE('',*,*,#8469,.T.);
#8844 = ORIENTED_EDGE('',*,*,#8845,.T.);
#8845 = EDGE_CURVE('',#8453,#8846,#8848,.T.);
#8846 = VERTEX_POINT('',#8847);
#8847 = CARTESIAN_POINT('',(0.16,-2.7,8.54));
#8848 = LINE('',#8849,#8850);
#8849 = CARTESIAN_POINT('',(0.16,-2.7,8.54));
#8850 = VECTOR('',#8851,1.);
#8851 = DIRECTION('',(-0.57735026919,0.57735026919,0.57735026919));
#8852 = ORIENTED_EDGE('',*,*,#8853,.F.);
#8853 = EDGE_CURVE('',#8837,#8846,#8854,.T.);
#8854 = LINE('',#8855,#8856);
#8855 = CARTESIAN_POINT('',(-0.32,-2.7,8.54));
#8856 = VECTOR('',#8857,1.);
#8857 = DIRECTION('',(1.,0.,0.));
#8858 = PLANE('',#8859);
#8859 = AXIS2_PLACEMENT_3D('',#8860,#8861,#8862);
#8860 = CARTESIAN_POINT('',(-0.32,-2.78,8.46));
#8861 = DIRECTION('',(-1.735167508357E-18,0.707106781187,-0.707106781187
    ));
#8862 = DIRECTION('',(-1.,-1.226948711654E-18,1.226948711654E-18));
#8863 = ADVANCED_FACE('',(#8864),#8882,.T.);
#8864 = FACE_BOUND('',#8865,.T.);
#8865 = EDGE_LOOP('',(#8866,#8867,#8868,#8876));
#8866 = ORIENTED_EDGE('',*,*,#8845,.F.);
#8867 = ORIENTED_EDGE('',*,*,#8493,.T.);
#8868 = ORIENTED_EDGE('',*,*,#8869,.T.);
#8869 = EDGE_CURVE('',#8486,#8870,#8872,.T.);
#8870 = VERTEX_POINT('',#8871);
#8871 = CARTESIAN_POINT('',(0.16,-2.38,8.54));
#8872 = LINE('',#8873,#8874);
#8873 = CARTESIAN_POINT('',(5.333333333333E-02,-2.486666666667,
    8.646666666667));
#8874 = VECTOR('',#8875,1.);
#8875 = DIRECTION('',(-0.57735026919,-0.57735026919,0.57735026919));
#8876 = ORIENTED_EDGE('',*,*,#8877,.F.);
#8877 = EDGE_CURVE('',#8846,#8870,#8878,.T.);
#8878 = LINE('',#8879,#8880);
#8879 = CARTESIAN_POINT('',(0.16,-2.86,8.54));
#8880 = VECTOR('',#8881,1.);
#8881 = DIRECTION('',(0.,1.,0.));
#8882 = PLANE('',#8883);
#8883 = AXIS2_PLACEMENT_3D('',#8884,#8885,#8886);
#8884 = CARTESIAN_POINT('',(0.24,-2.86,8.46));
#8885 = DIRECTION('',(0.707106781187,-1.735167508357E-18,0.707106781187)
  );
#8886 = DIRECTION('',(1.226948711654E-18,1.,1.226948711654E-18));
#8887 = ADVANCED_FACE('',(#8888),#8906,.T.);
#8888 = FACE_BOUND('',#8889,.F.);
#8889 = EDGE_LOOP('',(#8890,#8898,#8899,#8900));
#8890 = ORIENTED_EDGE('',*,*,#8891,.F.);
#8891 = EDGE_CURVE('',#8510,#8892,#8894,.T.);
#8892 = VERTEX_POINT('',#8893);
#8893 = CARTESIAN_POINT('',(-0.16,-2.38,8.54));
#8894 = LINE('',#8895,#8896);
#8895 = CARTESIAN_POINT('',(-0.16,-2.38,8.54));
#8896 = VECTOR('',#8897,1.);
#8897 = DIRECTION('',(0.57735026919,-0.57735026919,0.57735026919));
#8898 = ORIENTED_EDGE('',*,*,#8517,.T.);
#8899 = ORIENTED_EDGE('',*,*,#8869,.T.);
#8900 = ORIENTED_EDGE('',*,*,#8901,.F.);
#8901 = EDGE_CURVE('',#8892,#8870,#8902,.T.);
#8902 = LINE('',#8903,#8904);
#8903 = CARTESIAN_POINT('',(-0.32,-2.38,8.54));
#8904 = VECTOR('',#8905,1.);
#8905 = DIRECTION('',(1.,0.,0.));
#8906 = PLANE('',#8907);
#8907 = AXIS2_PLACEMENT_3D('',#8908,#8909,#8910);
#8908 = CARTESIAN_POINT('',(-0.32,-2.3,8.46));
#8909 = DIRECTION('',(1.735167508357E-18,0.707106781187,0.707106781187)
  );
#8910 = DIRECTION('',(-1.,1.226948711654E-18,1.226948711654E-18));
#8911 = ADVANCED_FACE('',(#8912),#8923,.F.);
#8912 = FACE_BOUND('',#8913,.F.);
#8913 = EDGE_LOOP('',(#8914,#8915,#8916,#8917));
#8914 = ORIENTED_EDGE('',*,*,#8836,.F.);
#8915 = ORIENTED_EDGE('',*,*,#8534,.T.);
#8916 = ORIENTED_EDGE('',*,*,#8891,.T.);
#8917 = ORIENTED_EDGE('',*,*,#8918,.F.);
#8918 = EDGE_CURVE('',#8837,#8892,#8919,.T.);
#8919 = LINE('',#8920,#8921);
#8920 = CARTESIAN_POINT('',(-0.16,-2.86,8.54));
#8921 = VECTOR('',#8922,1.);
#8922 = DIRECTION('',(0.,1.,0.));
#8923 = PLANE('',#8924);
#8924 = AXIS2_PLACEMENT_3D('',#8925,#8926,#8927);
#8925 = CARTESIAN_POINT('',(-0.24,-2.86,8.46));
#8926 = DIRECTION('',(0.707106781187,1.735167508357E-18,-0.707106781187)
  );
#8927 = DIRECTION('',(-1.226948711654E-18,1.,1.226948711654E-18));
#8928 = ADVANCED_FACE('',(#8929),#8935,.F.);
#8929 = FACE_BOUND('',#8930,.F.);
#8930 = EDGE_LOOP('',(#8931,#8932,#8933,#8934));
#8931 = ORIENTED_EDGE('',*,*,#8630,.F.);
#8932 = ORIENTED_EDGE('',*,*,#8565,.T.);
#8933 = ORIENTED_EDGE('',*,*,#8589,.T.);
#8934 = ORIENTED_EDGE('',*,*,#8613,.F.);
#8935 = PLANE('',#8936);
#8936 = AXIS2_PLACEMENT_3D('',#8937,#8938,#8939);
#8937 = CARTESIAN_POINT('',(-0.32,-0.32,-3.));
#8938 = DIRECTION('',(0.,0.,1.));
#8939 = DIRECTION('',(1.,0.,-0.));
#8940 = ADVANCED_FACE('',(#8941),#8947,.F.);
#8941 = FACE_BOUND('',#8942,.F.);
#8942 = EDGE_LOOP('',(#8943,#8944,#8945,#8946));
#8943 = ORIENTED_EDGE('',*,*,#8726,.F.);
#8944 = ORIENTED_EDGE('',*,*,#8661,.T.);
#8945 = ORIENTED_EDGE('',*,*,#8685,.T.);
#8946 = ORIENTED_EDGE('',*,*,#8709,.F.);
#8947 = PLANE('',#8948);
#8948 = AXIS2_PLACEMENT_3D('',#8949,#8950,#8951);
#8949 = CARTESIAN_POINT('',(-0.32,-2.86,-3.));
#8950 = DIRECTION('',(0.,0.,1.));
#8951 = DIRECTION('',(1.,0.,-0.));
#8952 = ADVANCED_FACE('',(#8953),#8959,.T.);
#8953 = FACE_BOUND('',#8954,.T.);
#8954 = EDGE_LOOP('',(#8955,#8956,#8957,#8958));
#8955 = ORIENTED_EDGE('',*,*,#8805,.F.);
#8956 = ORIENTED_EDGE('',*,*,#8822,.F.);
#8957 = ORIENTED_EDGE('',*,*,#8757,.T.);
#8958 = ORIENTED_EDGE('',*,*,#8781,.T.);
#8959 = PLANE('',#8960);
#8960 = AXIS2_PLACEMENT_3D('',#8961,#8962,#8963);
#8961 = CARTESIAN_POINT('',(-0.32,-0.32,8.54));
#8962 = DIRECTION('',(0.,0.,1.));
#8963 = DIRECTION('',(1.,0.,-0.));
#8964 = ADVANCED_FACE('',(#8965),#8971,.T.);
#8965 = FACE_BOUND('',#8966,.T.);
#8966 = EDGE_LOOP('',(#8967,#8968,#8969,#8970));
#8967 = ORIENTED_EDGE('',*,*,#8901,.F.);
#8968 = ORIENTED_EDGE('',*,*,#8918,.F.);
#8969 = ORIENTED_EDGE('',*,*,#8853,.T.);
#8970 = ORIENTED_EDGE('',*,*,#8877,.T.);
#8971 = PLANE('',#8972);
#8972 = AXIS2_PLACEMENT_3D('',#8973,#8974,#8975);
#8973 = CARTESIAN_POINT('',(-0.32,-2.86,8.54));
#8974 = DIRECTION('',(0.,0.,1.));
#8975 = DIRECTION('',(1.,0.,-0.));
#8976 = ( GEOMETRIC_REPRESENTATION_CONTEXT(3) 
GLOBAL_UNCERTAINTY_ASSIGNED_CONTEXT((#8980)) 
GLOBAL_UNIT_ASSIGNED_CONTEXT((#8977,#8978,#8979)) REPRESENTATION_CONTEXT
('Context #1','3D Context with UNIT and UNCERTAINTY') );
#8977 = ( LENGTH_UNIT() NAMED_UNIT(*) SI_UNIT(.MILLI.,.METRE.) );
#8978 = ( NAMED_UNIT(*) PLANE_ANGLE_UNIT() SI_UNIT($,.RADIAN.) );
#8979 = ( NAMED_UNIT(*) SI_UNIT($,.STERADIAN.) SOLID_ANGLE_UNIT() );
#8980 = UNCERTAINTY_MEASURE_WITH_UNIT(LENGTH_MEASURE(1.E-07),#8977,
  'distance_accuracy_value','confusion accuracy');
#8981 = CONTEXT_DEPENDENT_SHAPE_REPRESENTATION(#8982,#8984);
#8982 = ( REPRESENTATION_RELATIONSHIP('','',#7543,#10) 
REPRESENTATION_RELATIONSHIP_WITH_TRANSFORMATION(#8983) 
SHAPE_REPRESENTATION_RELATIONSHIP() );
#8983 = ITEM_DEFINED_TRANSFORMATION('','',#11,#23);
#8984 = PRODUCT_DEFINITION_SHAPE('Placement','Placement of an item',
  #8985);
#8985 = NEXT_ASSEMBLY_USAGE_OCCURRENCE('3','J1','',#5,#7538,$);
#8986 = PRODUCT_RELATED_PRODUCT_CATEGORY('part',$,(#7540));
#8987 = SHAPE_DEFINITION_REPRESENTATION(#8988,#8994);
#8988 = PRODUCT_DEFINITION_SHAPE('','',#8989);
#8989 = PRODUCT_DEFINITION('design','',#8990,#8993);
#8990 = PRODUCT_DEFINITION_FORMATION('','',#8991);
#8991 = PRODUCT('PinHeader_1x08_P2.54mm_Vertical',
  'PinHeader_1x08_P2.54mm_Vertical','',(#8992));
#8992 = PRODUCT_CONTEXT('',#2,'mechanical');
#8993 = PRODUCT_DEFINITION_CONTEXT('part definition',#2,'design');
#8994 = ADVANCED_BREP_SHAPE_REPRESENTATION('',(#11,#8995),#14471);
#8995 = MANIFOLD_SOLID_BREP('',#8996);
#8996 = CLOSED_SHELL('',(#8997,#9037,#9068,#9099,#9756,#10413,#10430,
    #10447,#10464,#10481,#10498,#10515,#10532,#10549,#10566,#10583,
    #10600,#10617,#10634,#10651,#10668,#10685,#10702,#10719,#10736,
    #10753,#10770,#10787,#10804,#10821,#10838,#10855,#10872,#10889,
    #10906,#10923,#10940,#10957,#10974,#10991,#11008,#11025,#11042,
    #11059,#11076,#11093,#11110,#11127,#11144,#11161,#11178,#11195,
    #11207,#11238,#11262,#11286,#11303,#11334,#11358,#11382,#11399,
    #11430,#11454,#11478,#11495,#11526,#11550,#11574,#11591,#11622,
    #11646,#11670,#11687,#11718,#11742,#11766,#11783,#11814,#11838,
    #11862,#11879,#11910,#11934,#11958,#11975,#12006,#12030,#12054,
    #12071,#12102,#12126,#12150,#12167,#12198,#12222,#12246,#12263,
    #12294,#12318,#12342,#12359,#12390,#12414,#12438,#12455,#12486,
    #12510,#12534,#12551,#12582,#12606,#12630,#12647,#12678,#12702,
    #12726,#12743,#12774,#12798,#12822,#12839,#12870,#12894,#12918,
    #12935,#12966,#12990,#13014,#13031,#13062,#13086,#13110,#13127,
    #13158,#13182,#13206,#13223,#13254,#13278,#13302,#13319,#13350,
    #13374,#13398,#13415,#13446,#13470,#13494,#13511,#13542,#13566,
    #13590,#13607,#13638,#13662,#13686,#13703,#13734,#13758,#13782,
    #13799,#13830,#13854,#13878,#13895,#13926,#13950,#13974,#13991,
    #14022,#14046,#14070,#14087,#14118,#14142,#14166,#14183,#14214,
    #14238,#14262,#14279,#14291,#14303,#14315,#14327,#14339,#14351,
    #14363,#14375,#14387,#14399,#14411,#14423,#14435,#14447,#14459));
#8997 = ADVANCED_FACE('',(#8998),#9032,.F.);
#8998 = FACE_BOUND('',#8999,.F.);
#8999 = EDGE_LOOP('',(#9000,#9010,#9018,#9026));
#9000 = ORIENTED_EDGE('',*,*,#9001,.T.);
#9001 = EDGE_CURVE('',#9002,#9004,#9006,.T.);
#9002 = VERTEX_POINT('',#9003);
#9003 = CARTESIAN_POINT('',(-1.016,1.27,0.));
#9004 = VERTEX_POINT('',#9005);
#9005 = CARTESIAN_POINT('',(-1.016,1.27,2.54));
#9006 = LINE('',#9007,#9008);
#9007 = CARTESIAN_POINT('',(-1.016,1.27,0.));
#9008 = VECTOR('',#9009,1.);
#9009 = DIRECTION('',(0.,0.,1.));
#9010 = ORIENTED_EDGE('',*,*,#9011,.T.);
#9011 = EDGE_CURVE('',#9004,#9012,#9014,.T.);
#9012 = VERTEX_POINT('',#9013);
#9013 = CARTESIAN_POINT('',(-1.27,1.016,2.54));
#9014 = LINE('',#9015,#9016);
#9015 = CARTESIAN_POINT('',(-1.016,1.27,2.54));
#9016 = VECTOR('',#9017,1.);
#9017 = DIRECTION('',(-0.707106781187,-0.707106781187,0.));
#9018 = ORIENTED_EDGE('',*,*,#9019,.F.);
#9019 = EDGE_CURVE('',#9020,#9012,#9022,.T.);
#9020 = VERTEX_POINT('',#9021);
#9021 = CARTESIAN_POINT('',(-1.27,1.016,0.));
#9022 = LINE('',#9023,#9024);
#9023 = CARTESIAN_POINT('',(-1.27,1.016,0.));
#9024 = VECTOR('',#9025,1.);
#9025 = DIRECTION('',(0.,0.,1.));
#9026 = ORIENTED_EDGE('',*,*,#9027,.F.);
#9027 = EDGE_CURVE('',#9002,#9020,#9028,.T.);
#9028 = LINE('',#9029,#9030);
#9029 = CARTESIAN_POINT('',(-1.016,1.27,0.));
#9030 = VECTOR('',#9031,1.);
#9031 = DIRECTION('',(-0.707106781187,-0.707106781187,0.));
#9032 = PLANE('',#9033);
#9033 = AXIS2_PLACEMENT_3D('',#9034,#9035,#9036);
#9034 = CARTESIAN_POINT('',(-1.016,1.27,0.));
#9035 = DIRECTION('',(0.707106781187,-0.707106781187,0.));
#9036 = DIRECTION('',(-0.707106781187,-0.707106781187,0.));
#9037 = ADVANCED_FACE('',(#9038),#9063,.F.);
#9038 = FACE_BOUND('',#9039,.F.);
#9039 = EDGE_LOOP('',(#9040,#9050,#9056,#9057));
#9040 = ORIENTED_EDGE('',*,*,#9041,.T.);
#9041 = EDGE_CURVE('',#9042,#9044,#9046,.T.);
#9042 = VERTEX_POINT('',#9043);
#9043 = CARTESIAN_POINT('',(1.016,1.27,0.));
#9044 = VERTEX_POINT('',#9045);
#9045 = CARTESIAN_POINT('',(1.016,1.27,2.54));
#9046 = LINE('',#9047,#9048);
#9047 = CARTESIAN_POINT('',(1.016,1.27,0.));
#9048 = VECTOR('',#9049,1.);
#9049 = DIRECTION('',(0.,0.,1.));
#9050 = ORIENTED_EDGE('',*,*,#9051,.T.);
#9051 = EDGE_CURVE('',#9044,#9004,#9052,.T.);
#9052 = LINE('',#9053,#9054);
#9053 = CARTESIAN_POINT('',(1.016,1.27,2.54));
#9054 = VECTOR('',#9055,1.);
#9055 = DIRECTION('',(-1.,0.,0.));
#9056 = ORIENTED_EDGE('',*,*,#9001,.F.);
#9057 = ORIENTED_EDGE('',*,*,#9058,.F.);
#9058 = EDGE_CURVE('',#9042,#9002,#9059,.T.);
#9059 = LINE('',#9060,#9061);
#9060 = CARTESIAN_POINT('',(1.016,1.27,0.));
#9061 = VECTOR('',#9062,1.);
#9062 = DIRECTION('',(-1.,0.,0.));
#9063 = PLANE('',#9064);
#9064 = AXIS2_PLACEMENT_3D('',#9065,#9066,#9067);
#9065 = CARTESIAN_POINT('',(1.016,1.27,0.));
#9066 = DIRECTION('',(0.,-1.,0.));
#9067 = DIRECTION('',(-1.,0.,0.));
#9068 = ADVANCED_FACE('',(#9069),#9094,.F.);
#9069 = FACE_BOUND('',#9070,.F.);
#9070 = EDGE_LOOP('',(#9071,#9072,#9080,#9088));
#9071 = ORIENTED_EDGE('',*,*,#9019,.T.);
#9072 = ORIENTED_EDGE('',*,*,#9073,.T.);
#9073 = EDGE_CURVE('',#9012,#9074,#9076,.T.);
#9074 = VERTEX_POINT('',#9075);
#9075 = CARTESIAN_POINT('',(-1.27,-1.016,2.54));
#9076 = LINE('',#9077,#9078);
#9077 = CARTESIAN_POINT('',(-1.27,1.016,2.54));
#9078 = VECTOR('',#9079,1.);
#9079 = DIRECTION('',(0.,-1.,0.));
#9080 = ORIENTED_EDGE('',*,*,#9081,.F.);
#9081 = EDGE_CURVE('',#9082,#9074,#9084,.T.);
#9082 = VERTEX_POINT('',#9083);
#9083 = CARTESIAN_POINT('',(-1.27,-1.016,0.));
#9084 = LINE('',#9085,#9086);
#9085 = CARTESIAN_POINT('',(-1.27,-1.016,0.));
#9086 = VECTOR('',#9087,1.);
#9087 = DIRECTION('',(0.,0.,1.));
#9088 = ORIENTED_EDGE('',*,*,#9089,.F.);
#9089 = EDGE_CURVE('',#9020,#9082,#9090,.T.);
#9090 = LINE('',#9091,#9092);
#9091 = CARTESIAN_POINT('',(-1.27,1.016,0.));
#9092 = VECTOR('',#9093,1.);
#9093 = DIRECTION('',(0.,-1.,0.));
#9094 = PLANE('',#9095);
#9095 = AXIS2_PLACEMENT_3D('',#9096,#9097,#9098);
#9096 = CARTESIAN_POINT('',(-1.27,1.016,0.));
#9097 = DIRECTION('',(1.,0.,0.));
#9098 = DIRECTION('',(0.,-1.,0.));
#9099 = ADVANCED_FACE('',(#9100,#9479,#9513,#9547,#9581,#9615,#9649,
    #9683,#9717),#9751,.F.);
#9100 = FACE_BOUND('',#9101,.F.);
#9101 = EDGE_LOOP('',(#9102,#9103,#9104,#9112,#9120,#9128,#9136,#9144,
    #9152,#9160,#9168,#9176,#9184,#9192,#9200,#9208,#9216,#9224,#9232,
    #9240,#9248,#9256,#9264,#9272,#9280,#9288,#9296,#9304,#9312,#9320,
    #9328,#9336,#9344,#9352,#9360,#9368,#9376,#9384,#9392,#9400,#9408,
    #9416,#9424,#9432,#9440,#9448,#9456,#9464,#9472,#9478));
#9102 = ORIENTED_EDGE('',*,*,#9027,.T.);
#9103 = ORIENTED_EDGE('',*,*,#9089,.T.);
#9104 = ORIENTED_EDGE('',*,*,#9105,.T.);
#9105 = EDGE_CURVE('',#9082,#9106,#9108,.T.);
#9106 = VERTEX_POINT('',#9107);
#9107 = CARTESIAN_POINT('',(-1.016,-1.27,0.));
#9108 = LINE('',#9109,#9110);
#9109 = CARTESIAN_POINT('',(-1.27,-1.016,0.));
#9110 = VECTOR('',#9111,1.);
#9111 = DIRECTION('',(0.707106781187,-0.707106781187,0.));
#9112 = ORIENTED_EDGE('',*,*,#9113,.T.);
#9113 = EDGE_CURVE('',#9106,#9114,#9116,.T.);
#9114 = VERTEX_POINT('',#9115);
#9115 = CARTESIAN_POINT('',(-1.27,-1.524,0.));
#9116 = LINE('',#9117,#9118);
#9117 = CARTESIAN_POINT('',(-1.016,-1.27,0.));
#9118 = VECTOR('',#9119,1.);
#9119 = DIRECTION('',(-0.707106781187,-0.707106781187,0.));
#9120 = ORIENTED_EDGE('',*,*,#9121,.T.);
#9121 = EDGE_CURVE('',#9114,#9122,#9124,.T.);
#9122 = VERTEX_POINT('',#9123);
#9123 = CARTESIAN_POINT('',(-1.27,-3.556,0.));
#9124 = LINE('',#9125,#9126);
#9125 = CARTESIAN_POINT('',(-1.27,-1.524,0.));
#9126 = VECTOR('',#9127,1.);
#9127 = DIRECTION('',(0.,-1.,0.));
#9128 = ORIENTED_EDGE('',*,*,#9129,.T.);
#9129 = EDGE_CURVE('',#9122,#9130,#9132,.T.);
#9130 = VERTEX_POINT('',#9131);
#9131 = CARTESIAN_POINT('',(-1.016,-3.81,0.));
#9132 = LINE('',#9133,#9134);
#9133 = CARTESIAN_POINT('',(-1.27,-3.556,0.));
#9134 = VECTOR('',#9135,1.);
#9135 = DIRECTION('',(0.707106781187,-0.707106781187,0.));
#9136 = ORIENTED_EDGE('',*,*,#9137,.T.);
#9137 = EDGE_CURVE('',#9130,#9138,#9140,.T.);
#9138 = VERTEX_POINT('',#9139);
#9139 = CARTESIAN_POINT('',(-1.27,-4.064,0.));
#9140 = LINE('',#9141,#9142);
#9141 = CARTESIAN_POINT('',(-1.016,-3.81,0.));
#9142 = VECTOR('',#9143,1.);
#9143 = DIRECTION('',(-0.707106781187,-0.707106781187,0.));
#9144 = ORIENTED_EDGE('',*,*,#9145,.T.);
#9145 = EDGE_CURVE('',#9138,#9146,#9148,.T.);
#9146 = VERTEX_POINT('',#9147);
#9147 = CARTESIAN_POINT('',(-1.27,-6.096,0.));
#9148 = LINE('',#9149,#9150);
#9149 = CARTESIAN_POINT('',(-1.27,-4.064,0.));
#9150 = VECTOR('',#9151,1.);
#9151 = DIRECTION('',(0.,-1.,0.));
#9152 = ORIENTED_EDGE('',*,*,#9153,.T.);
#9153 = EDGE_CURVE('',#9146,#9154,#9156,.T.);
#9154 = VERTEX_POINT('',#9155);
#9155 = CARTESIAN_POINT('',(-1.016,-6.35,0.));
#9156 = LINE('',#9157,#9158);
#9157 = CARTESIAN_POINT('',(-1.27,-6.096,0.));
#9158 = VECTOR('',#9159,1.);
#9159 = DIRECTION('',(0.707106781187,-0.707106781187,0.));
#9160 = ORIENTED_EDGE('',*,*,#9161,.T.);
#9161 = EDGE_CURVE('',#9154,#9162,#9164,.T.);
#9162 = VERTEX_POINT('',#9163);
#9163 = CARTESIAN_POINT('',(-1.27,-6.604,0.));
#9164 = LINE('',#9165,#9166);
#9165 = CARTESIAN_POINT('',(-1.016,-6.35,0.));
#9166 = VECTOR('',#9167,1.);
#9167 = DIRECTION('',(-0.707106781187,-0.707106781187,0.));
#9168 = ORIENTED_EDGE('',*,*,#9169,.T.);
#9169 = EDGE_CURVE('',#9162,#9170,#9172,.T.);
#9170 = VERTEX_POINT('',#9171);
#9171 = CARTESIAN_POINT('',(-1.27,-8.636,0.));
#9172 = LINE('',#9173,#9174);
#9173 = CARTESIAN_POINT('',(-1.27,-6.604,0.));
#9174 = VECTOR('',#9175,1.);
#9175 = DIRECTION('',(0.,-1.,0.));
#9176 = ORIENTED_EDGE('',*,*,#9177,.T.);
#9177 = EDGE_CURVE('',#9170,#9178,#9180,.T.);
#9178 = VERTEX_POINT('',#9179);
#9179 = CARTESIAN_POINT('',(-1.016,-8.89,0.));
#9180 = LINE('',#9181,#9182);
#9181 = CARTESIAN_POINT('',(-1.27,-8.636,0.));
#9182 = VECTOR('',#9183,1.);
#9183 = DIRECTION('',(0.707106781187,-0.707106781187,0.));
#9184 = ORIENTED_EDGE('',*,*,#9185,.T.);
#9185 = EDGE_CURVE('',#9178,#9186,#9188,.T.);
#9186 = VERTEX_POINT('',#9187);
#9187 = CARTESIAN_POINT('',(-1.27,-9.144,0.));
#9188 = LINE('',#9189,#9190);
#9189 = CARTESIAN_POINT('',(-1.016,-8.89,0.));
#9190 = VECTOR('',#9191,1.);
#9191 = DIRECTION('',(-0.707106781187,-0.707106781187,0.));
#9192 = ORIENTED_EDGE('',*,*,#9193,.T.);
#9193 = EDGE_CURVE('',#9186,#9194,#9196,.T.);
#9194 = VERTEX_POINT('',#9195);
#9195 = CARTESIAN_POINT('',(-1.27,-11.176,0.));
#9196 = LINE('',#9197,#9198);
#9197 = CARTESIAN_POINT('',(-1.27,-9.144,0.));
#9198 = VECTOR('',#9199,1.);
#9199 = DIRECTION('',(0.,-1.,0.));
#9200 = ORIENTED_EDGE('',*,*,#9201,.T.);
#9201 = EDGE_CURVE('',#9194,#9202,#9204,.T.);
#9202 = VERTEX_POINT('',#9203);
#9203 = CARTESIAN_POINT('',(-1.016,-11.43,0.));
#9204 = LINE('',#9205,#9206);
#9205 = CARTESIAN_POINT('',(-1.27,-11.176,0.));
#9206 = VECTOR('',#9207,1.);
#9207 = DIRECTION('',(0.707106781187,-0.707106781187,0.));
#9208 = ORIENTED_EDGE('',*,*,#9209,.T.);
#9209 = EDGE_CURVE('',#9202,#9210,#9212,.T.);
#9210 = VERTEX_POINT('',#9211);
#9211 = CARTESIAN_POINT('',(-1.27,-11.684,0.));
#9212 = LINE('',#9213,#9214);
#9213 = CARTESIAN_POINT('',(-1.016,-11.43,0.));
#9214 = VECTOR('',#9215,1.);
#9215 = DIRECTION('',(-0.707106781187,-0.707106781187,0.));
#9216 = ORIENTED_EDGE('',*,*,#9217,.T.);
#9217 = EDGE_CURVE('',#9210,#9218,#9220,.T.);
#9218 = VERTEX_POINT('',#9219);
#9219 = CARTESIAN_POINT('',(-1.27,-13.716,0.));
#9220 = LINE('',#9221,#9222);
#9221 = CARTESIAN_POINT('',(-1.27,-11.684,0.));
#9222 = VECTOR('',#9223,1.);
#9223 = DIRECTION('',(0.,-1.,0.));
#9224 = ORIENTED_EDGE('',*,*,#9225,.T.);
#9225 = EDGE_CURVE('',#9218,#9226,#9228,.T.);
#9226 = VERTEX_POINT('',#9227);
#9227 = CARTESIAN_POINT('',(-1.016,-13.97,0.));
#9228 = LINE('',#9229,#9230);
#9229 = CARTESIAN_POINT('',(-1.27,-13.716,0.));
#9230 = VECTOR('',#9231,1.);
#9231 = DIRECTION('',(0.707106781187,-0.707106781187,0.));
#9232 = ORIENTED_EDGE('',*,*,#9233,.T.);
#9233 = EDGE_CURVE('',#9226,#9234,#9236,.T.);
#9234 = VERTEX_POINT('',#9235);
#9235 = CARTESIAN_POINT('',(-1.27,-14.224,0.));
#9236 = LINE('',#9237,#9238);
#9237 = CARTESIAN_POINT('',(-1.016,-13.97,0.));
#9238 = VECTOR('',#9239,1.);
#9239 = DIRECTION('',(-0.707106781187,-0.707106781187,0.));
#9240 = ORIENTED_EDGE('',*,*,#9241,.T.);
#9241 = EDGE_CURVE('',#9234,#9242,#9244,.T.);
#9242 = VERTEX_POINT('',#9243);
#9243 = CARTESIAN_POINT('',(-1.27,-16.256,0.));
#9244 = LINE('',#9245,#9246);
#9245 = CARTESIAN_POINT('',(-1.27,-14.224,0.));
#9246 = VECTOR('',#9247,1.);
#9247 = DIRECTION('',(0.,-1.,0.));
#9248 = ORIENTED_EDGE('',*,*,#9249,.T.);
#9249 = EDGE_CURVE('',#9242,#9250,#9252,.T.);
#9250 = VERTEX_POINT('',#9251);
#9251 = CARTESIAN_POINT('',(-1.016,-16.51,0.));
#9252 = LINE('',#9253,#9254);
#9253 = CARTESIAN_POINT('',(-1.27,-16.256,0.));
#9254 = VECTOR('',#9255,1.);
#9255 = DIRECTION('',(0.707106781187,-0.707106781187,0.));
#9256 = ORIENTED_EDGE('',*,*,#9257,.T.);
#9257 = EDGE_CURVE('',#9250,#9258,#9260,.T.);
#9258 = VERTEX_POINT('',#9259);
#9259 = CARTESIAN_POINT('',(-1.27,-16.764,0.));
#9260 = LINE('',#9261,#9262);
#9261 = CARTESIAN_POINT('',(-1.016,-16.51,0.));
#9262 = VECTOR('',#9263,1.);
#9263 = DIRECTION('',(-0.707106781187,-0.707106781187,0.));
#9264 = ORIENTED_EDGE('',*,*,#9265,.T.);
#9265 = EDGE_CURVE('',#9258,#9266,#9268,.T.);
#9266 = VERTEX_POINT('',#9267);
#9267 = CARTESIAN_POINT('',(-1.27,-18.796,0.));
#9268 = LINE('',#9269,#9270);
#9269 = CARTESIAN_POINT('',(-1.27,-16.764,0.));
#9270 = VECTOR('',#9271,1.);
#9271 = DIRECTION('',(0.,-1.,0.));
#9272 = ORIENTED_EDGE('',*,*,#9273,.T.);
#9273 = EDGE_CURVE('',#9266,#9274,#9276,.T.);
#9274 = VERTEX_POINT('',#9275);
#9275 = CARTESIAN_POINT('',(-1.016,-19.05,0.));
#9276 = LINE('',#9277,#9278);
#9277 = CARTESIAN_POINT('',(-1.27,-18.796,0.));
#9278 = VECTOR('',#9279,1.);
#9279 = DIRECTION('',(0.707106781187,-0.707106781187,0.));
#9280 = ORIENTED_EDGE('',*,*,#9281,.T.);
#9281 = EDGE_CURVE('',#9274,#9282,#9284,.T.);
#9282 = VERTEX_POINT('',#9283);
#9283 = CARTESIAN_POINT('',(1.016,-19.05,0.));
#9284 = LINE('',#9285,#9286);
#9285 = CARTESIAN_POINT('',(-1.016,-19.05,0.));
#9286 = VECTOR('',#9287,1.);
#9287 = DIRECTION('',(1.,0.,0.));
#9288 = ORIENTED_EDGE('',*,*,#9289,.T.);
#9289 = EDGE_CURVE('',#9282,#9290,#9292,.T.);
#9290 = VERTEX_POINT('',#9291);
#9291 = CARTESIAN_POINT('',(1.27,-18.796,0.));
#9292 = LINE('',#9293,#9294);
#9293 = CARTESIAN_POINT('',(1.016,-19.05,0.));
#9294 = VECTOR('',#9295,1.);
#9295 = DIRECTION('',(0.707106781187,0.707106781187,0.));
#9296 = ORIENTED_EDGE('',*,*,#9297,.T.);
#9297 = EDGE_CURVE('',#9290,#9298,#9300,.T.);
#9298 = VERTEX_POINT('',#9299);
#9299 = CARTESIAN_POINT('',(1.27,-16.764,0.));
#9300 = LINE('',#9301,#9302);
#9301 = CARTESIAN_POINT('',(1.27,-18.796,0.));
#9302 = VECTOR('',#9303,1.);
#9303 = DIRECTION('',(0.,1.,0.));
#9304 = ORIENTED_EDGE('',*,*,#9305,.T.);
#9305 = EDGE_CURVE('',#9298,#9306,#9308,.T.);
#9306 = VERTEX_POINT('',#9307);
#9307 = CARTESIAN_POINT('',(1.016,-16.51,0.));
#9308 = LINE('',#9309,#9310);
#9309 = CARTESIAN_POINT('',(1.27,-16.764,0.));
#9310 = VECTOR('',#9311,1.);
#9311 = DIRECTION('',(-0.707106781187,0.707106781187,0.));
#9312 = ORIENTED_EDGE('',*,*,#9313,.T.);
#9313 = EDGE_CURVE('',#9306,#9314,#9316,.T.);
#9314 = VERTEX_POINT('',#9315);
#9315 = CARTESIAN_POINT('',(1.27,-16.256,0.));
#9316 = LINE('',#9317,#9318);
#9317 = CARTESIAN_POINT('',(1.016,-16.51,0.));
#9318 = VECTOR('',#9319,1.);
#9319 = DIRECTION('',(0.707106781187,0.707106781187,0.));
#9320 = ORIENTED_EDGE('',*,*,#9321,.T.);
#9321 = EDGE_CURVE('',#9314,#9322,#9324,.T.);
#9322 = VERTEX_POINT('',#9323);
#9323 = CARTESIAN_POINT('',(1.27,-14.224,0.));
#9324 = LINE('',#9325,#9326);
#9325 = CARTESIAN_POINT('',(1.27,-16.256,0.));
#9326 = VECTOR('',#9327,1.);
#9327 = DIRECTION('',(0.,1.,0.));
#9328 = ORIENTED_EDGE('',*,*,#9329,.T.);
#9329 = EDGE_CURVE('',#9322,#9330,#9332,.T.);
#9330 = VERTEX_POINT('',#9331);
#9331 = CARTESIAN_POINT('',(1.016,-13.97,0.));
#9332 = LINE('',#9333,#9334);
#9333 = CARTESIAN_POINT('',(1.27,-14.224,0.));
#9334 = VECTOR('',#9335,1.);
#9335 = DIRECTION('',(-0.707106781187,0.707106781187,0.));
#9336 = ORIENTED_EDGE('',*,*,#9337,.T.);
#9337 = EDGE_CURVE('',#9330,#9338,#9340,.T.);
#9338 = VERTEX_POINT('',#9339);
#9339 = CARTESIAN_POINT('',(1.27,-13.716,0.));
#9340 = LINE('',#9341,#9342);
#9341 = CARTESIAN_POINT('',(1.016,-13.97,0.));
#9342 = VECTOR('',#9343,1.);
#9343 = DIRECTION('',(0.707106781187,0.707106781187,0.));
#9344 = ORIENTED_EDGE('',*,*,#9345,.T.);
#9345 = EDGE_CURVE('',#9338,#9346,#9348,.T.);
#9346 = VERTEX_POINT('',#9347);
#9347 = CARTESIAN_POINT('',(1.27,-11.684,0.));
#9348 = LINE('',#9349,#9350);
#9349 = CARTESIAN_POINT('',(1.27,-13.716,0.));
#9350 = VECTOR('',#9351,1.);
#9351 = DIRECTION('',(0.,1.,0.));
#9352 = ORIENTED_EDGE('',*,*,#9353,.T.);
#9353 = EDGE_CURVE('',#9346,#9354,#9356,.T.);
#9354 = VERTEX_POINT('',#9355);
#9355 = CARTESIAN_POINT('',(1.016,-11.43,0.));
#9356 = LINE('',#9357,#9358);
#9357 = CARTESIAN_POINT('',(1.27,-11.684,0.));
#9358 = VECTOR('',#9359,1.);
#9359 = DIRECTION('',(-0.707106781187,0.707106781187,0.));
#9360 = ORIENTED_EDGE('',*,*,#9361,.T.);
#9361 = EDGE_CURVE('',#9354,#9362,#9364,.T.);
#9362 = VERTEX_POINT('',#9363);
#9363 = CARTESIAN_POINT('',(1.27,-11.176,0.));
#9364 = LINE('',#9365,#9366);
#9365 = CARTESIAN_POINT('',(1.016,-11.43,0.));
#9366 = VECTOR('',#9367,1.);
#9367 = DIRECTION('',(0.707106781187,0.707106781187,0.));
#9368 = ORIENTED_EDGE('',*,*,#9369,.T.);
#9369 = EDGE_CURVE('',#9362,#9370,#9372,.T.);
#9370 = VERTEX_POINT('',#9371);
#9371 = CARTESIAN_POINT('',(1.27,-9.144,0.));
#9372 = LINE('',#9373,#9374);
#9373 = CARTESIAN_POINT('',(1.27,-11.176,0.));
#9374 = VECTOR('',#9375,1.);
#9375 = DIRECTION('',(0.,1.,0.));
#9376 = ORIENTED_EDGE('',*,*,#9377,.T.);
#9377 = EDGE_CURVE('',#9370,#9378,#9380,.T.);
#9378 = VERTEX_POINT('',#9379);
#9379 = CARTESIAN_POINT('',(1.016,-8.89,0.));
#9380 = LINE('',#9381,#9382);
#9381 = CARTESIAN_POINT('',(1.27,-9.144,0.));
#9382 = VECTOR('',#9383,1.);
#9383 = DIRECTION('',(-0.707106781187,0.707106781187,0.));
#9384 = ORIENTED_EDGE('',*,*,#9385,.T.);
#9385 = EDGE_CURVE('',#9378,#9386,#9388,.T.);
#9386 = VERTEX_POINT('',#9387);
#9387 = CARTESIAN_POINT('',(1.27,-8.636,0.));
#9388 = LINE('',#9389,#9390);
#9389 = CARTESIAN_POINT('',(1.016,-8.89,0.));
#9390 = VECTOR('',#9391,1.);
#9391 = DIRECTION('',(0.707106781187,0.707106781187,0.));
#9392 = ORIENTED_EDGE('',*,*,#9393,.T.);
#9393 = EDGE_CURVE('',#9386,#9394,#9396,.T.);
#9394 = VERTEX_POINT('',#9395);
#9395 = CARTESIAN_POINT('',(1.27,-6.604,0.));
#9396 = LINE('',#9397,#9398);
#9397 = CARTESIAN_POINT('',(1.27,-8.636,0.));
#9398 = VECTOR('',#9399,1.);
#9399 = DIRECTION('',(0.,1.,0.));
#9400 = ORIENTED_EDGE('',*,*,#9401,.T.);
#9401 = EDGE_CURVE('',#9394,#9402,#9404,.T.);
#9402 = VERTEX_POINT('',#9403);
#9403 = CARTESIAN_POINT('',(1.016,-6.35,0.));
#9404 = LINE('',#9405,#9406);
#9405 = CARTESIAN_POINT('',(1.27,-6.604,0.));
#9406 = VECTOR('',#9407,1.);
#9407 = DIRECTION('',(-0.707106781187,0.707106781187,0.));
#9408 = ORIENTED_EDGE('',*,*,#9409,.T.);
#9409 = EDGE_CURVE('',#9402,#9410,#9412,.T.);
#9410 = VERTEX_POINT('',#9411);
#9411 = CARTESIAN_POINT('',(1.27,-6.096,0.));
#9412 = LINE('',#9413,#9414);
#9413 = CARTESIAN_POINT('',(1.016,-6.35,0.));
#9414 = VECTOR('',#9415,1.);
#9415 = DIRECTION('',(0.707106781187,0.707106781187,0.));
#9416 = ORIENTED_EDGE('',*,*,#9417,.T.);
#9417 = EDGE_CURVE('',#9410,#9418,#9420,.T.);
#9418 = VERTEX_POINT('',#9419);
#9419 = CARTESIAN_POINT('',(1.27,-4.064,0.));
#9420 = LINE('',#9421,#9422);
#9421 = CARTESIAN_POINT('',(1.27,-6.096,0.));
#9422 = VECTOR('',#9423,1.);
#9423 = DIRECTION('',(0.,1.,0.));
#9424 = ORIENTED_EDGE('',*,*,#9425,.T.);
#9425 = EDGE_CURVE('',#9418,#9426,#9428,.T.);
#9426 = VERTEX_POINT('',#9427);
#9427 = CARTESIAN_POINT('',(1.016,-3.81,0.));
#9428 = LINE('',#9429,#9430);
#9429 = CARTESIAN_POINT('',(1.27,-4.064,0.));
#9430 = VECTOR('',#9431,1.);
#9431 = DIRECTION('',(-0.707106781187,0.707106781187,0.));
#9432 = ORIENTED_EDGE('',*,*,#9433,.T.);
#9433 = EDGE_CURVE('',#9426,#9434,#9436,.T.);
#9434 = VERTEX_POINT('',#9435);
#9435 = CARTESIAN_POINT('',(1.27,-3.556,0.));
#9436 = LINE('',#9437,#9438);
#9437 = CARTESIAN_POINT('',(1.016,-3.81,0.));
#9438 = VECTOR('',#9439,1.);
#9439 = DIRECTION('',(0.707106781187,0.707106781187,0.));
#9440 = ORIENTED_EDGE('',*,*,#9441,.T.);
#9441 = EDGE_CURVE('',#9434,#9442,#9444,.T.);
#9442 = VERTEX_POINT('',#9443);
#9443 = CARTESIAN_POINT('',(1.27,-1.524,0.));
#9444 = LINE('',#9445,#9446);
#9445 = CARTESIAN_POINT('',(1.27,-3.556,0.));
#9446 = VECTOR('',#9447,1.);
#9447 = DIRECTION('',(0.,1.,0.));
#9448 = ORIENTED_EDGE('',*,*,#9449,.T.);
#9449 = EDGE_CURVE('',#9442,#9450,#9452,.T.);
#9450 = VERTEX_POINT('',#9451);
#9451 = CARTESIAN_POINT('',(1.016,-1.27,0.));
#9452 = LINE('',#9453,#9454);
#9453 = CARTESIAN_POINT('',(1.27,-1.524,0.));
#9454 = VECTOR('',#9455,1.);
#9455 = DIRECTION('',(-0.707106781187,0.707106781187,0.));
#9456 = ORIENTED_EDGE('',*,*,#9457,.T.);
#9457 = EDGE_CURVE('',#9450,#9458,#9460,.T.);
#9458 = VERTEX_POINT('',#9459);
#9459 = CARTESIAN_POINT('',(1.27,-1.016,0.));
#9460 = LINE('',#9461,#9462);
#9461 = CARTESIAN_POINT('',(1.016,-1.27,0.));
#9462 = VECTOR('',#9463,1.);
#9463 = DIRECTION('',(0.707106781187,0.707106781187,0.));
#9464 = ORIENTED_EDGE('',*,*,#9465,.T.);
#9465 = EDGE_CURVE('',#9458,#9466,#9468,.T.);
#9466 = VERTEX_POINT('',#9467);
#9467 = CARTESIAN_POINT('',(1.27,1.016,0.));
#9468 = LINE('',#9469,#9470);
#9469 = CARTESIAN_POINT('',(1.27,-1.016,0.));
#9470 = VECTOR('',#9471,1.);
#9471 = DIRECTION('',(0.,1.,0.));
#9472 = ORIENTED_EDGE('',*,*,#9473,.T.);
#9473 = EDGE_CURVE('',#9466,#9042,#9474,.T.);
#9474 = LINE('',#9475,#9476);
#9475 = CARTESIAN_POINT('',(1.27,1.016,0.));
#9476 = VECTOR('',#9477,1.);
#9477 = DIRECTION('',(-0.707106781187,0.707106781187,0.));
#9478 = ORIENTED_EDGE('',*,*,#9058,.T.);
#9479 = FACE_BOUND('',#9480,.F.);
#9480 = EDGE_LOOP('',(#9481,#9491,#9499,#9507));
#9481 = ORIENTED_EDGE('',*,*,#9482,.T.);
#9482 = EDGE_CURVE('',#9483,#9485,#9487,.T.);
#9483 = VERTEX_POINT('',#9484);
#9484 = CARTESIAN_POINT('',(0.32,-18.1,0.));
#9485 = VERTEX_POINT('',#9486);
#9486 = CARTESIAN_POINT('',(-0.32,-18.1,0.));
#9487 = LINE('',#9488,#9489);
#9488 = CARTESIAN_POINT('',(-0.16,-18.1,0.));
#9489 = VECTOR('',#9490,1.);
#9490 = DIRECTION('',(-1.,0.,0.));
#9491 = ORIENTED_EDGE('',*,*,#9492,.T.);
#9492 = EDGE_CURVE('',#9485,#9493,#9495,.T.);
#9493 = VERTEX_POINT('',#9494);
#9494 = CARTESIAN_POINT('',(-0.32,-17.46,0.));
#9495 = LINE('',#9496,#9497);
#9496 = CARTESIAN_POINT('',(-0.32,-13.495,0.));
#9497 = VECTOR('',#9498,1.);
#9498 = DIRECTION('',(0.,1.,0.));
#9499 = ORIENTED_EDGE('',*,*,#9500,.F.);
#9500 = EDGE_CURVE('',#9501,#9493,#9503,.T.);
#9501 = VERTEX_POINT('',#9502);
#9502 = CARTESIAN_POINT('',(0.32,-17.46,0.));
#9503 = LINE('',#9504,#9505);
#9504 = CARTESIAN_POINT('',(-0.16,-17.46,0.));
#9505 = VECTOR('',#9506,1.);
#9506 = DIRECTION('',(-1.,0.,0.));
#9507 = ORIENTED_EDGE('',*,*,#9508,.F.);
#9508 = EDGE_CURVE('',#9483,#9501,#9509,.T.);
#9509 = LINE('',#9510,#9511);
#9510 = CARTESIAN_POINT('',(0.32,-13.495,0.));
#9511 = VECTOR('',#9512,1.);
#9512 = DIRECTION('',(0.,1.,0.));
#9513 = FACE_BOUND('',#9514,.F.);
#9514 = EDGE_LOOP('',(#9515,#9525,#9533,#9541));
#9515 = ORIENTED_EDGE('',*,*,#9516,.F.);
#9516 = EDGE_CURVE('',#9517,#9519,#9521,.T.);
#9517 = VERTEX_POINT('',#9518);
#9518 = CARTESIAN_POINT('',(0.32,-14.92,0.));
#9519 = VERTEX_POINT('',#9520);
#9520 = CARTESIAN_POINT('',(-0.32,-14.92,0.));
#9521 = LINE('',#9522,#9523);
#9522 = CARTESIAN_POINT('',(-0.16,-14.92,0.));
#9523 = VECTOR('',#9524,1.);
#9524 = DIRECTION('',(-1.,0.,0.));
#9525 = ORIENTED_EDGE('',*,*,#9526,.F.);
#9526 = EDGE_CURVE('',#9527,#9517,#9529,.T.);
#9527 = VERTEX_POINT('',#9528);
#9528 = CARTESIAN_POINT('',(0.32,-15.56,0.));
#9529 = LINE('',#9530,#9531);
#9530 = CARTESIAN_POINT('',(0.32,-12.225,0.));
#9531 = VECTOR('',#9532,1.);
#9532 = DIRECTION('',(0.,1.,0.));
#9533 = ORIENTED_EDGE('',*,*,#9534,.T.);
#9534 = EDGE_CURVE('',#9527,#9535,#9537,.T.);
#9535 = VERTEX_POINT('',#9536);
#9536 = CARTESIAN_POINT('',(-0.32,-15.56,0.));
#9537 = LINE('',#9538,#9539);
#9538 = CARTESIAN_POINT('',(-0.16,-15.56,0.));
#9539 = VECTOR('',#9540,1.);
#9540 = DIRECTION('',(-1.,0.,0.));
#9541 = ORIENTED_EDGE('',*,*,#9542,.T.);
#9542 = EDGE_CURVE('',#9535,#9519,#9543,.T.);
#9543 = LINE('',#9544,#9545);
#9544 = CARTESIAN_POINT('',(-0.32,-12.225,0.));
#9545 = VECTOR('',#9546,1.);
#9546 = DIRECTION('',(0.,1.,0.));
#9547 = FACE_BOUND('',#9548,.F.);
#9548 = EDGE_LOOP('',(#9549,#9559,#9567,#9575));
#9549 = ORIENTED_EDGE('',*,*,#9550,.F.);
#9550 = EDGE_CURVE('',#9551,#9553,#9555,.T.);
#9551 = VERTEX_POINT('',#9552);
#9552 = CARTESIAN_POINT('',(0.32,-7.94,0.));
#9553 = VERTEX_POINT('',#9554);
#9554 = CARTESIAN_POINT('',(0.32,-7.3,0.));
#9555 = LINE('',#9556,#9557);
#9556 = CARTESIAN_POINT('',(0.32,-8.415,0.));
#9557 = VECTOR('',#9558,1.);
#9558 = DIRECTION('',(0.,1.,0.));
#9559 = ORIENTED_EDGE('',*,*,#9560,.T.);
#9560 = EDGE_CURVE('',#9551,#9561,#9563,.T.);
#9561 = VERTEX_POINT('',#9562);
#9562 = CARTESIAN_POINT('',(-0.32,-7.94,0.));
#9563 = LINE('',#9564,#9565);
#9564 = CARTESIAN_POINT('',(-0.16,-7.94,0.));
#9565 = VECTOR('',#9566,1.);
#9566 = DIRECTION('',(-1.,0.,0.));
#9567 = ORIENTED_EDGE('',*,*,#9568,.T.);
#9568 = EDGE_CURVE('',#9561,#9569,#9571,.T.);
#9569 = VERTEX_POINT('',#9570);
#9570 = CARTESIAN_POINT('',(-0.32,-7.3,0.));
#9571 = LINE('',#9572,#9573);
#9572 = CARTESIAN_POINT('',(-0.32,-8.415,0.));
#9573 = VECTOR('',#9574,1.);
#9574 = DIRECTION('',(0.,1.,0.));
#9575 = ORIENTED_EDGE('',*,*,#9576,.F.);
#9576 = EDGE_CURVE('',#9553,#9569,#9577,.T.);
#9577 = LINE('',#9578,#9579);
#9578 = CARTESIAN_POINT('',(-0.16,-7.3,0.));
#9579 = VECTOR('',#9580,1.);
#9580 = DIRECTION('',(-1.,0.,0.));
#9581 = FACE_BOUND('',#9582,.F.);
#9582 = EDGE_LOOP('',(#9583,#9593,#9601,#9609));
#9583 = ORIENTED_EDGE('',*,*,#9584,.F.);
#9584 = EDGE_CURVE('',#9585,#9587,#9589,.T.);
#9585 = VERTEX_POINT('',#9586);
#9586 = CARTESIAN_POINT('',(0.32,-12.38,0.));
#9587 = VERTEX_POINT('',#9588);
#9588 = CARTESIAN_POINT('',(-0.32,-12.38,0.));
#9589 = LINE('',#9590,#9591);
#9590 = CARTESIAN_POINT('',(-0.16,-12.38,0.));
#9591 = VECTOR('',#9592,1.);
#9592 = DIRECTION('',(-1.,0.,0.));
#9593 = ORIENTED_EDGE('',*,*,#9594,.F.);
#9594 = EDGE_CURVE('',#9595,#9585,#9597,.T.);
#9595 = VERTEX_POINT('',#9596);
#9596 = CARTESIAN_POINT('',(0.32,-13.02,0.));
#9597 = LINE('',#9598,#9599);
#9598 = CARTESIAN_POINT('',(0.32,-10.955,0.));
#9599 = VECTOR('',#9600,1.);
#9600 = DIRECTION('',(0.,1.,0.));
#9601 = ORIENTED_EDGE('',*,*,#9602,.T.);
#9602 = EDGE_CURVE('',#9595,#9603,#9605,.T.);
#9603 = VERTEX_POINT('',#9604);
#9604 = CARTESIAN_POINT('',(-0.32,-13.02,0.));
#9605 = LINE('',#9606,#9607);
#9606 = CARTESIAN_POINT('',(-0.16,-13.02,0.));
#9607 = VECTOR('',#9608,1.);
#9608 = DIRECTION('',(-1.,0.,0.));
#9609 = ORIENTED_EDGE('',*,*,#9610,.T.);
#9610 = EDGE_CURVE('',#9603,#9587,#9611,.T.);
#9611 = LINE('',#9612,#9613);
#9612 = CARTESIAN_POINT('',(-0.32,-10.955,0.));
#9613 = VECTOR('',#9614,1.);
#9614 = DIRECTION('',(0.,1.,0.));
#9615 = FACE_BOUND('',#9616,.F.);
#9616 = EDGE_LOOP('',(#9617,#9627,#9635,#9643));
#9617 = ORIENTED_EDGE('',*,*,#9618,.F.);
#9618 = EDGE_CURVE('',#9619,#9621,#9623,.T.);
#9619 = VERTEX_POINT('',#9620);
#9620 = CARTESIAN_POINT('',(0.32,-10.48,0.));
#9621 = VERTEX_POINT('',#9622);
#9622 = CARTESIAN_POINT('',(0.32,-9.84,0.));
#9623 = LINE('',#9624,#9625);
#9624 = CARTESIAN_POINT('',(0.32,-9.685,0.));
#9625 = VECTOR('',#9626,1.);
#9626 = DIRECTION('',(0.,1.,0.));
#9627 = ORIENTED_EDGE('',*,*,#9628,.T.);
#9628 = EDGE_CURVE('',#9619,#9629,#9631,.T.);
#9629 = VERTEX_POINT('',#9630);
#9630 = CARTESIAN_POINT('',(-0.32,-10.48,0.));
#9631 = LINE('',#9632,#9633);
#9632 = CARTESIAN_POINT('',(-0.16,-10.48,0.));
#9633 = VECTOR('',#9634,1.);
#9634 = DIRECTION('',(-1.,0.,0.));
#9635 = ORIENTED_EDGE('',*,*,#9636,.T.);
#9636 = EDGE_CURVE('',#9629,#9637,#9639,.T.);
#9637 = VERTEX_POINT('',#9638);
#9638 = CARTESIAN_POINT('',(-0.32,-9.84,0.));
#9639 = LINE('',#9640,#9641);
#9640 = CARTESIAN_POINT('',(-0.32,-9.685,0.));
#9641 = VECTOR('',#9642,1.);
#9642 = DIRECTION('',(0.,1.,0.));
#9643 = ORIENTED_EDGE('',*,*,#9644,.F.);
#9644 = EDGE_CURVE('',#9621,#9637,#9645,.T.);
#9645 = LINE('',#9646,#9647);
#9646 = CARTESIAN_POINT('',(-0.16,-9.84,0.));
#9647 = VECTOR('',#9648,1.);
#9648 = DIRECTION('',(-1.,0.,0.));
#9649 = FACE_BOUND('',#9650,.F.);
#9650 = EDGE_LOOP('',(#9651,#9661,#9669,#9677));
#9651 = ORIENTED_EDGE('',*,*,#9652,.F.);
#9652 = EDGE_CURVE('',#9653,#9655,#9657,.T.);
#9653 = VERTEX_POINT('',#9654);
#9654 = CARTESIAN_POINT('',(0.32,-2.22,0.));
#9655 = VERTEX_POINT('',#9656);
#9656 = CARTESIAN_POINT('',(-0.32,-2.22,0.));
#9657 = LINE('',#9658,#9659);
#9658 = CARTESIAN_POINT('',(-0.16,-2.22,0.));
#9659 = VECTOR('',#9660,1.);
#9660 = DIRECTION('',(-1.,0.,0.));
#9661 = ORIENTED_EDGE('',*,*,#9662,.F.);
#9662 = EDGE_CURVE('',#9663,#9653,#9665,.T.);
#9663 = VERTEX_POINT('',#9664);
#9664 = CARTESIAN_POINT('',(0.32,-2.86,0.));
#9665 = LINE('',#9666,#9667);
#9666 = CARTESIAN_POINT('',(0.32,-5.875,0.));
#9667 = VECTOR('',#9668,1.);
#9668 = DIRECTION('',(0.,1.,0.));
#9669 = ORIENTED_EDGE('',*,*,#9670,.T.);
#9670 = EDGE_CURVE('',#9663,#9671,#9673,.T.);
#9671 = VERTEX_POINT('',#9672);
#9672 = CARTESIAN_POINT('',(-0.32,-2.86,0.));
#9673 = LINE('',#9674,#9675);
#9674 = CARTESIAN_POINT('',(-0.16,-2.86,0.));
#9675 = VECTOR('',#9676,1.);
#9676 = DIRECTION('',(-1.,0.,0.));
#9677 = ORIENTED_EDGE('',*,*,#9678,.T.);
#9678 = EDGE_CURVE('',#9671,#9655,#9679,.T.);
#9679 = LINE('',#9680,#9681);
#9680 = CARTESIAN_POINT('',(-0.32,-5.875,0.));
#9681 = VECTOR('',#9682,1.);
#9682 = DIRECTION('',(0.,1.,0.));
#9683 = FACE_BOUND('',#9684,.F.);
#9684 = EDGE_LOOP('',(#9685,#9695,#9703,#9711));
#9685 = ORIENTED_EDGE('',*,*,#9686,.T.);
#9686 = EDGE_CURVE('',#9687,#9689,#9691,.T.);
#9687 = VERTEX_POINT('',#9688);
#9688 = CARTESIAN_POINT('',(0.32,-5.4,0.));
#9689 = VERTEX_POINT('',#9690);
#9690 = CARTESIAN_POINT('',(-0.32,-5.4,0.));
#9691 = LINE('',#9692,#9693);
#9692 = CARTESIAN_POINT('',(-0.16,-5.4,0.));
#9693 = VECTOR('',#9694,1.);
#9694 = DIRECTION('',(-1.,0.,0.));
#9695 = ORIENTED_EDGE('',*,*,#9696,.T.);
#9696 = EDGE_CURVE('',#9689,#9697,#9699,.T.);
#9697 = VERTEX_POINT('',#9698);
#9698 = CARTESIAN_POINT('',(-0.32,-4.76,0.));
#9699 = LINE('',#9700,#9701);
#9700 = CARTESIAN_POINT('',(-0.32,-7.145,0.));
#9701 = VECTOR('',#9702,1.);
#9702 = DIRECTION('',(0.,1.,0.));
#9703 = ORIENTED_EDGE('',*,*,#9704,.F.);
#9704 = EDGE_CURVE('',#9705,#9697,#9707,.T.);
#9705 = VERTEX_POINT('',#9706);
#9706 = CARTESIAN_POINT('',(0.32,-4.76,0.));
#9707 = LINE('',#9708,#9709);
#9708 = CARTESIAN_POINT('',(-0.16,-4.76,0.));
#9709 = VECTOR('',#9710,1.);
#9710 = DIRECTION('',(-1.,0.,0.));
#9711 = ORIENTED_EDGE('',*,*,#9712,.F.);
#9712 = EDGE_CURVE('',#9687,#9705,#9713,.T.);
#9713 = LINE('',#9714,#9715);
#9714 = CARTESIAN_POINT('',(0.32,-7.145,0.));
#9715 = VECTOR('',#9716,1.);
#9716 = DIRECTION('',(0.,1.,0.));
#9717 = FACE_BOUND('',#9718,.F.);
#9718 = EDGE_LOOP('',(#9719,#9729,#9737,#9745));
#9719 = ORIENTED_EDGE('',*,*,#9720,.F.);
#9720 = EDGE_CURVE('',#9721,#9723,#9725,.T.);
#9721 = VERTEX_POINT('',#9722);
#9722 = CARTESIAN_POINT('',(0.32,-0.32,0.));
#9723 = VERTEX_POINT('',#9724);
#9724 = CARTESIAN_POINT('',(0.32,0.32,0.));
#9725 = LINE('',#9726,#9727);
#9726 = CARTESIAN_POINT('',(0.32,-4.605,0.));
#9727 = VECTOR('',#9728,1.);
#9728 = DIRECTION('',(0.,1.,0.));
#9729 = ORIENTED_EDGE('',*,*,#9730,.T.);
#9730 = EDGE_CURVE('',#9721,#9731,#9733,.T.);
#9731 = VERTEX_POINT('',#9732);
#9732 = CARTESIAN_POINT('',(-0.32,-0.32,0.));
#9733 = LINE('',#9734,#9735);
#9734 = CARTESIAN_POINT('',(-0.16,-0.32,0.));
#9735 = VECTOR('',#9736,1.);
#9736 = DIRECTION('',(-1.,0.,0.));
#9737 = ORIENTED_EDGE('',*,*,#9738,.T.);
#9738 = EDGE_CURVE('',#9731,#9739,#9741,.T.);
#9739 = VERTEX_POINT('',#9740);
#9740 = CARTESIAN_POINT('',(-0.32,0.32,0.));
#9741 = LINE('',#9742,#9743);
#9742 = CARTESIAN_POINT('',(-0.32,-4.605,0.));
#9743 = VECTOR('',#9744,1.);
#9744 = DIRECTION('',(0.,1.,0.));
#9745 = ORIENTED_EDGE('',*,*,#9746,.F.);
#9746 = EDGE_CURVE('',#9723,#9739,#9747,.T.);
#9747 = LINE('',#9748,#9749);
#9748 = CARTESIAN_POINT('',(-0.16,0.32,0.));
#9749 = VECTOR('',#9750,1.);
#9750 = DIRECTION('',(-1.,0.,0.));
#9751 = PLANE('',#9752);
#9752 = AXIS2_PLACEMENT_3D('',#9753,#9754,#9755);
#9753 = CARTESIAN_POINT('',(-1.38573690222E-17,-8.89,0.));
#9754 = DIRECTION('',(0.,0.,1.));
#9755 = DIRECTION('',(1.,0.,-0.));
#9756 = ADVANCED_FACE('',(#9757,#10136,#10170,#10204,#10238,#10272,
    #10306,#10340,#10374),#10408,.T.);
#9757 = FACE_BOUND('',#9758,.T.);
#9758 = EDGE_LOOP('',(#9759,#9760,#9761,#9769,#9777,#9785,#9793,#9801,
    #9809,#9817,#9825,#9833,#9841,#9849,#9857,#9865,#9873,#9881,#9889,
    #9897,#9905,#9913,#9921,#9929,#9937,#9945,#9953,#9961,#9969,#9977,
    #9985,#9993,#10001,#10009,#10017,#10025,#10033,#10041,#10049,#10057,
    #10065,#10073,#10081,#10089,#10097,#10105,#10113,#10121,#10129,
    #10135));
#9759 = ORIENTED_EDGE('',*,*,#9011,.T.);
#9760 = ORIENTED_EDGE('',*,*,#9073,.T.);
#9761 = ORIENTED_EDGE('',*,*,#9762,.T.);
#9762 = EDGE_CURVE('',#9074,#9763,#9765,.T.);
#9763 = VERTEX_POINT('',#9764);
#9764 = CARTESIAN_POINT('',(-1.016,-1.27,2.54));
#9765 = LINE('',#9766,#9767);
#9766 = CARTESIAN_POINT('',(-1.27,-1.016,2.54));
#9767 = VECTOR('',#9768,1.);
#9768 = DIRECTION('',(0.707106781187,-0.707106781187,0.));
#9769 = ORIENTED_EDGE('',*,*,#9770,.T.);
#9770 = EDGE_CURVE('',#9763,#9771,#9773,.T.);
#9771 = VERTEX_POINT('',#9772);
#9772 = CARTESIAN_POINT('',(-1.27,-1.524,2.54));
#9773 = LINE('',#9774,#9775);
#9774 = CARTESIAN_POINT('',(-1.016,-1.27,2.54));
#9775 = VECTOR('',#9776,1.);
#9776 = DIRECTION('',(-0.707106781187,-0.707106781187,0.));
#9777 = ORIENTED_EDGE('',*,*,#9778,.T.);
#9778 = EDGE_CURVE('',#9771,#9779,#9781,.T.);
#9779 = VERTEX_POINT('',#9780);
#9780 = CARTESIAN_POINT('',(-1.27,-3.556,2.54));
#9781 = LINE('',#9782,#9783);
#9782 = CARTESIAN_POINT('',(-1.27,-1.524,2.54));
#9783 = VECTOR('',#9784,1.);
#9784 = DIRECTION('',(0.,-1.,0.));
#9785 = ORIENTED_EDGE('',*,*,#9786,.T.);
#9786 = EDGE_CURVE('',#9779,#9787,#9789,.T.);
#9787 = VERTEX_POINT('',#9788);
#9788 = CARTESIAN_POINT('',(-1.016,-3.81,2.54));
#9789 = LINE('',#9790,#9791);
#9790 = CARTESIAN_POINT('',(-1.27,-3.556,2.54));
#9791 = VECTOR('',#9792,1.);
#9792 = DIRECTION('',(0.707106781187,-0.707106781187,0.));
#9793 = ORIENTED_EDGE('',*,*,#9794,.T.);
#9794 = EDGE_CURVE('',#9787,#9795,#9797,.T.);
#9795 = VERTEX_POINT('',#9796);
#9796 = CARTESIAN_POINT('',(-1.27,-4.064,2.54));
#9797 = LINE('',#9798,#9799);
#9798 = CARTESIAN_POINT('',(-1.016,-3.81,2.54));
#9799 = VECTOR('',#9800,1.);
#9800 = DIRECTION('',(-0.707106781187,-0.707106781187,0.));
#9801 = ORIENTED_EDGE('',*,*,#9802,.T.);
#9802 = EDGE_CURVE('',#9795,#9803,#9805,.T.);
#9803 = VERTEX_POINT('',#9804);
#9804 = CARTESIAN_POINT('',(-1.27,-6.096,2.54));
#9805 = LINE('',#9806,#9807);
#9806 = CARTESIAN_POINT('',(-1.27,-4.064,2.54));
#9807 = VECTOR('',#9808,1.);
#9808 = DIRECTION('',(0.,-1.,0.));
#9809 = ORIENTED_EDGE('',*,*,#9810,.T.);
#9810 = EDGE_CURVE('',#9803,#9811,#9813,.T.);
#9811 = VERTEX_POINT('',#9812);
#9812 = CARTESIAN_POINT('',(-1.016,-6.35,2.54));
#9813 = LINE('',#9814,#9815);
#9814 = CARTESIAN_POINT('',(-1.27,-6.096,2.54));
#9815 = VECTOR('',#9816,1.);
#9816 = DIRECTION('',(0.707106781187,-0.707106781187,0.));
#9817 = ORIENTED_EDGE('',*,*,#9818,.T.);
#9818 = EDGE_CURVE('',#9811,#9819,#9821,.T.);
#9819 = VERTEX_POINT('',#9820);
#9820 = CARTESIAN_POINT('',(-1.27,-6.604,2.54));
#9821 = LINE('',#9822,#9823);
#9822 = CARTESIAN_POINT('',(-1.016,-6.35,2.54));
#9823 = VECTOR('',#9824,1.);
#9824 = DIRECTION('',(-0.707106781187,-0.707106781187,0.));
#9825 = ORIENTED_EDGE('',*,*,#9826,.T.);
#9826 = EDGE_CURVE('',#9819,#9827,#9829,.T.);
#9827 = VERTEX_POINT('',#9828);
#9828 = CARTESIAN_POINT('',(-1.27,-8.636,2.54));
#9829 = LINE('',#9830,#9831);
#9830 = CARTESIAN_POINT('',(-1.27,-6.604,2.54));
#9831 = VECTOR('',#9832,1.);
#9832 = DIRECTION('',(0.,-1.,0.));
#9833 = ORIENTED_EDGE('',*,*,#9834,.T.);
#9834 = EDGE_CURVE('',#9827,#9835,#9837,.T.);
#9835 = VERTEX_POINT('',#9836);
#9836 = CARTESIAN_POINT('',(-1.016,-8.89,2.54));
#9837 = LINE('',#9838,#9839);
#9838 = CARTESIAN_POINT('',(-1.27,-8.636,2.54));
#9839 = VECTOR('',#9840,1.);
#9840 = DIRECTION('',(0.707106781187,-0.707106781187,0.));
#9841 = ORIENTED_EDGE('',*,*,#9842,.T.);
#9842 = EDGE_CURVE('',#9835,#9843,#9845,.T.);
#9843 = VERTEX_POINT('',#9844);
#9844 = CARTESIAN_POINT('',(-1.27,-9.144,2.54));
#9845 = LINE('',#9846,#9847);
#9846 = CARTESIAN_POINT('',(-1.016,-8.89,2.54));
#9847 = VECTOR('',#9848,1.);
#9848 = DIRECTION('',(-0.707106781187,-0.707106781187,0.));
#9849 = ORIENTED_EDGE('',*,*,#9850,.T.);
#9850 = EDGE_CURVE('',#9843,#9851,#9853,.T.);
#9851 = VERTEX_POINT('',#9852);
#9852 = CARTESIAN_POINT('',(-1.27,-11.176,2.54));
#9853 = LINE('',#9854,#9855);
#9854 = CARTESIAN_POINT('',(-1.27,-9.144,2.54));
#9855 = VECTOR('',#9856,1.);
#9856 = DIRECTION('',(0.,-1.,0.));
#9857 = ORIENTED_EDGE('',*,*,#9858,.T.);
#9858 = EDGE_CURVE('',#9851,#9859,#9861,.T.);
#9859 = VERTEX_POINT('',#9860);
#9860 = CARTESIAN_POINT('',(-1.016,-11.43,2.54));
#9861 = LINE('',#9862,#9863);
#9862 = CARTESIAN_POINT('',(-1.27,-11.176,2.54));
#9863 = VECTOR('',#9864,1.);
#9864 = DIRECTION('',(0.707106781187,-0.707106781187,0.));
#9865 = ORIENTED_EDGE('',*,*,#9866,.T.);
#9866 = EDGE_CURVE('',#9859,#9867,#9869,.T.);
#9867 = VERTEX_POINT('',#9868);
#9868 = CARTESIAN_POINT('',(-1.27,-11.684,2.54));
#9869 = LINE('',#9870,#9871);
#9870 = CARTESIAN_POINT('',(-1.016,-11.43,2.54));
#9871 = VECTOR('',#9872,1.);
#9872 = DIRECTION('',(-0.707106781187,-0.707106781187,0.));
#9873 = ORIENTED_EDGE('',*,*,#9874,.T.);
#9874 = EDGE_CURVE('',#9867,#9875,#9877,.T.);
#9875 = VERTEX_POINT('',#9876);
#9876 = CARTESIAN_POINT('',(-1.27,-13.716,2.54));
#9877 = LINE('',#9878,#9879);
#9878 = CARTESIAN_POINT('',(-1.27,-11.684,2.54));
#9879 = VECTOR('',#9880,1.);
#9880 = DIRECTION('',(0.,-1.,0.));
#9881 = ORIENTED_EDGE('',*,*,#9882,.T.);
#9882 = EDGE_CURVE('',#9875,#9883,#9885,.T.);
#9883 = VERTEX_POINT('',#9884);
#9884 = CARTESIAN_POINT('',(-1.016,-13.97,2.54));
#9885 = LINE('',#9886,#9887);
#9886 = CARTESIAN_POINT('',(-1.27,-13.716,2.54));
#9887 = VECTOR('',#9888,1.);
#9888 = DIRECTION('',(0.707106781187,-0.707106781187,0.));
#9889 = ORIENTED_EDGE('',*,*,#9890,.T.);
#9890 = EDGE_CURVE('',#9883,#9891,#9893,.T.);
#9891 = VERTEX_POINT('',#9892);
#9892 = CARTESIAN_POINT('',(-1.27,-14.224,2.54));
#9893 = LINE('',#9894,#9895);
#9894 = CARTESIAN_POINT('',(-1.016,-13.97,2.54));
#9895 = VECTOR('',#9896,1.);
#9896 = DIRECTION('',(-0.707106781187,-0.707106781187,0.));
#9897 = ORIENTED_EDGE('',*,*,#9898,.T.);
#9898 = EDGE_CURVE('',#9891,#9899,#9901,.T.);
#9899 = VERTEX_POINT('',#9900);
#9900 = CARTESIAN_POINT('',(-1.27,-16.256,2.54));
#9901 = LINE('',#9902,#9903);
#9902 = CARTESIAN_POINT('',(-1.27,-14.224,2.54));
#9903 = VECTOR('',#9904,1.);
#9904 = DIRECTION('',(0.,-1.,0.));
#9905 = ORIENTED_EDGE('',*,*,#9906,.T.);
#9906 = EDGE_CURVE('',#9899,#9907,#9909,.T.);
#9907 = VERTEX_POINT('',#9908);
#9908 = CARTESIAN_POINT('',(-1.016,-16.51,2.54));
#9909 = LINE('',#9910,#9911);
#9910 = CARTESIAN_POINT('',(-1.27,-16.256,2.54));
#9911 = VECTOR('',#9912,1.);
#9912 = DIRECTION('',(0.707106781187,-0.707106781187,0.));
#9913 = ORIENTED_EDGE('',*,*,#9914,.T.);
#9914 = EDGE_CURVE('',#9907,#9915,#9917,.T.);
#9915 = VERTEX_POINT('',#9916);
#9916 = CARTESIAN_POINT('',(-1.27,-16.764,2.54));
#9917 = LINE('',#9918,#9919);
#9918 = CARTESIAN_POINT('',(-1.016,-16.51,2.54));
#9919 = VECTOR('',#9920,1.);
#9920 = DIRECTION('',(-0.707106781187,-0.707106781187,0.));
#9921 = ORIENTED_EDGE('',*,*,#9922,.T.);
#9922 = EDGE_CURVE('',#9915,#9923,#9925,.T.);
#9923 = VERTEX_POINT('',#9924);
#9924 = CARTESIAN_POINT('',(-1.27,-18.796,2.54));
#9925 = LINE('',#9926,#9927);
#9926 = CARTESIAN_POINT('',(-1.27,-16.764,2.54));
#9927 = VECTOR('',#9928,1.);
#9928 = DIRECTION('',(0.,-1.,0.));
#9929 = ORIENTED_EDGE('',*,*,#9930,.T.);
#9930 = EDGE_CURVE('',#9923,#9931,#9933,.T.);
#9931 = VERTEX_POINT('',#9932);
#9932 = CARTESIAN_POINT('',(-1.016,-19.05,2.54));
#9933 = LINE('',#9934,#9935);
#9934 = CARTESIAN_POINT('',(-1.27,-18.796,2.54));
#9935 = VECTOR('',#9936,1.);
#9936 = DIRECTION('',(0.707106781187,-0.707106781187,0.));
#9937 = ORIENTED_EDGE('',*,*,#9938,.T.);
#9938 = EDGE_CURVE('',#9931,#9939,#9941,.T.);
#9939 = VERTEX_POINT('',#9940);
#9940 = CARTESIAN_POINT('',(1.016,-19.05,2.54));
#9941 = LINE('',#9942,#9943);
#9942 = CARTESIAN_POINT('',(-1.016,-19.05,2.54));
#9943 = VECTOR('',#9944,1.);
#9944 = DIRECTION('',(1.,0.,0.));
#9945 = ORIENTED_EDGE('',*,*,#9946,.T.);
#9946 = EDGE_CURVE('',#9939,#9947,#9949,.T.);
#9947 = VERTEX_POINT('',#9948);
#9948 = CARTESIAN_POINT('',(1.27,-18.796,2.54));
#9949 = LINE('',#9950,#9951);
#9950 = CARTESIAN_POINT('',(1.016,-19.05,2.54));
#9951 = VECTOR('',#9952,1.);
#9952 = DIRECTION('',(0.707106781187,0.707106781187,0.));
#9953 = ORIENTED_EDGE('',*,*,#9954,.T.);
#9954 = EDGE_CURVE('',#9947,#9955,#9957,.T.);
#9955 = VERTEX_POINT('',#9956);
#9956 = CARTESIAN_POINT('',(1.27,-16.764,2.54));
#9957 = LINE('',#9958,#9959);
#9958 = CARTESIAN_POINT('',(1.27,-18.796,2.54));
#9959 = VECTOR('',#9960,1.);
#9960 = DIRECTION('',(0.,1.,0.));
#9961 = ORIENTED_EDGE('',*,*,#9962,.T.);
#9962 = EDGE_CURVE('',#9955,#9963,#9965,.T.);
#9963 = VERTEX_POINT('',#9964);
#9964 = CARTESIAN_POINT('',(1.016,-16.51,2.54));
#9965 = LINE('',#9966,#9967);
#9966 = CARTESIAN_POINT('',(1.27,-16.764,2.54));
#9967 = VECTOR('',#9968,1.);
#9968 = DIRECTION('',(-0.707106781187,0.707106781187,0.));
#9969 = ORIENTED_EDGE('',*,*,#9970,.T.);
#9970 = EDGE_CURVE('',#9963,#9971,#9973,.T.);
#9971 = VERTEX_POINT('',#9972);
#9972 = CARTESIAN_POINT('',(1.27,-16.256,2.54));
#9973 = LINE('',#9974,#9975);
#9974 = CARTESIAN_POINT('',(1.016,-16.51,2.54));
#9975 = VECTOR('',#9976,1.);
#9976 = DIRECTION('',(0.707106781187,0.707106781187,0.));
#9977 = ORIENTED_EDGE('',*,*,#9978,.T.);
#9978 = EDGE_CURVE('',#9971,#9979,#9981,.T.);
#9979 = VERTEX_POINT('',#9980);
#9980 = CARTESIAN_POINT('',(1.27,-14.224,2.54));
#9981 = LINE('',#9982,#9983);
#9982 = CARTESIAN_POINT('',(1.27,-16.256,2.54));
#9983 = VECTOR('',#9984,1.);
#9984 = DIRECTION('',(0.,1.,0.));
#9985 = ORIENTED_EDGE('',*,*,#9986,.T.);
#9986 = EDGE_CURVE('',#9979,#9987,#9989,.T.);
#9987 = VERTEX_POINT('',#9988);
#9988 = CARTESIAN_POINT('',(1.016,-13.97,2.54));
#9989 = LINE('',#9990,#9991);
#9990 = CARTESIAN_POINT('',(1.27,-14.224,2.54));
#9991 = VECTOR('',#9992,1.);
#9992 = DIRECTION('',(-0.707106781187,0.707106781187,0.));
#9993 = ORIENTED_EDGE('',*,*,#9994,.T.);
#9994 = EDGE_CURVE('',#9987,#9995,#9997,.T.);
#9995 = VERTEX_POINT('',#9996);
#9996 = CARTESIAN_POINT('',(1.27,-13.716,2.54));
#9997 = LINE('',#9998,#9999);
#9998 = CARTESIAN_POINT('',(1.016,-13.97,2.54));
#9999 = VECTOR('',#10000,1.);
#10000 = DIRECTION('',(0.707106781187,0.707106781187,0.));
#10001 = ORIENTED_EDGE('',*,*,#10002,.T.);
#10002 = EDGE_CURVE('',#9995,#10003,#10005,.T.);
#10003 = VERTEX_POINT('',#10004);
#10004 = CARTESIAN_POINT('',(1.27,-11.684,2.54));
#10005 = LINE('',#10006,#10007);
#10006 = CARTESIAN_POINT('',(1.27,-13.716,2.54));
#10007 = VECTOR('',#10008,1.);
#10008 = DIRECTION('',(0.,1.,0.));
#10009 = ORIENTED_EDGE('',*,*,#10010,.T.);
#10010 = EDGE_CURVE('',#10003,#10011,#10013,.T.);
#10011 = VERTEX_POINT('',#10012);
#10012 = CARTESIAN_POINT('',(1.016,-11.43,2.54));
#10013 = LINE('',#10014,#10015);
#10014 = CARTESIAN_POINT('',(1.27,-11.684,2.54));
#10015 = VECTOR('',#10016,1.);
#10016 = DIRECTION('',(-0.707106781187,0.707106781187,0.));
#10017 = ORIENTED_EDGE('',*,*,#10018,.T.);
#10018 = EDGE_CURVE('',#10011,#10019,#10021,.T.);
#10019 = VERTEX_POINT('',#10020);
#10020 = CARTESIAN_POINT('',(1.27,-11.176,2.54));
#10021 = LINE('',#10022,#10023);
#10022 = CARTESIAN_POINT('',(1.016,-11.43,2.54));
#10023 = VECTOR('',#10024,1.);
#10024 = DIRECTION('',(0.707106781187,0.707106781187,0.));
#10025 = ORIENTED_EDGE('',*,*,#10026,.T.);
#10026 = EDGE_CURVE('',#10019,#10027,#10029,.T.);
#10027 = VERTEX_POINT('',#10028);
#10028 = CARTESIAN_POINT('',(1.27,-9.144,2.54));
#10029 = LINE('',#10030,#10031);
#10030 = CARTESIAN_POINT('',(1.27,-11.176,2.54));
#10031 = VECTOR('',#10032,1.);
#10032 = DIRECTION('',(0.,1.,0.));
#10033 = ORIENTED_EDGE('',*,*,#10034,.T.);
#10034 = EDGE_CURVE('',#10027,#10035,#10037,.T.);
#10035 = VERTEX_POINT('',#10036);
#10036 = CARTESIAN_POINT('',(1.016,-8.89,2.54));
#10037 = LINE('',#10038,#10039);
#10038 = CARTESIAN_POINT('',(1.27,-9.144,2.54));
#10039 = VECTOR('',#10040,1.);
#10040 = DIRECTION('',(-0.707106781187,0.707106781187,0.));
#10041 = ORIENTED_EDGE('',*,*,#10042,.T.);
#10042 = EDGE_CURVE('',#10035,#10043,#10045,.T.);
#10043 = VERTEX_POINT('',#10044);
#10044 = CARTESIAN_POINT('',(1.27,-8.636,2.54));
#10045 = LINE('',#10046,#10047);
#10046 = CARTESIAN_POINT('',(1.016,-8.89,2.54));
#10047 = VECTOR('',#10048,1.);
#10048 = DIRECTION('',(0.707106781187,0.707106781187,0.));
#10049 = ORIENTED_EDGE('',*,*,#10050,.T.);
#10050 = EDGE_CURVE('',#10043,#10051,#10053,.T.);
#10051 = VERTEX_POINT('',#10052);
#10052 = CARTESIAN_POINT('',(1.27,-6.604,2.54));
#10053 = LINE('',#10054,#10055);
#10054 = CARTESIAN_POINT('',(1.27,-8.636,2.54));
#10055 = VECTOR('',#10056,1.);
#10056 = DIRECTION('',(0.,1.,0.));
#10057 = ORIENTED_EDGE('',*,*,#10058,.T.);
#10058 = EDGE_CURVE('',#10051,#10059,#10061,.T.);
#10059 = VERTEX_POINT('',#10060);
#10060 = CARTESIAN_POINT('',(1.016,-6.35,2.54));
#10061 = LINE('',#10062,#10063);
#10062 = CARTESIAN_POINT('',(1.27,-6.604,2.54));
#10063 = VECTOR('',#10064,1.);
#10064 = DIRECTION('',(-0.707106781187,0.707106781187,0.));
#10065 = ORIENTED_EDGE('',*,*,#10066,.T.);
#10066 = EDGE_CURVE('',#10059,#10067,#10069,.T.);
#10067 = VERTEX_POINT('',#10068);
#10068 = CARTESIAN_POINT('',(1.27,-6.096,2.54));
#10069 = LINE('',#10070,#10071);
#10070 = CARTESIAN_POINT('',(1.016,-6.35,2.54));
#10071 = VECTOR('',#10072,1.);
#10072 = DIRECTION('',(0.707106781187,0.707106781187,0.));
#10073 = ORIENTED_EDGE('',*,*,#10074,.T.);
#10074 = EDGE_CURVE('',#10067,#10075,#10077,.T.);
#10075 = VERTEX_POINT('',#10076);
#10076 = CARTESIAN_POINT('',(1.27,-4.064,2.54));
#10077 = LINE('',#10078,#10079);
#10078 = CARTESIAN_POINT('',(1.27,-6.096,2.54));
#10079 = VECTOR('',#10080,1.);
#10080 = DIRECTION('',(0.,1.,0.));
#10081 = ORIENTED_EDGE('',*,*,#10082,.T.);
#10082 = EDGE_CURVE('',#10075,#10083,#10085,.T.);
#10083 = VERTEX_POINT('',#10084);
#10084 = CARTESIAN_POINT('',(1.016,-3.81,2.54));
#10085 = LINE('',#10086,#10087);
#10086 = CARTESIAN_POINT('',(1.27,-4.064,2.54));
#10087 = VECTOR('',#10088,1.);
#10088 = DIRECTION('',(-0.707106781187,0.707106781187,0.));
#10089 = ORIENTED_EDGE('',*,*,#10090,.T.);
#10090 = EDGE_CURVE('',#10083,#10091,#10093,.T.);
#10091 = VERTEX_POINT('',#10092);
#10092 = CARTESIAN_POINT('',(1.27,-3.556,2.54));
#10093 = LINE('',#10094,#10095);
#10094 = CARTESIAN_POINT('',(1.016,-3.81,2.54));
#10095 = VECTOR('',#10096,1.);
#10096 = DIRECTION('',(0.707106781187,0.707106781187,0.));
#10097 = ORIENTED_EDGE('',*,*,#10098,.T.);
#10098 = EDGE_CURVE('',#10091,#10099,#10101,.T.);
#10099 = VERTEX_POINT('',#10100);
#10100 = CARTESIAN_POINT('',(1.27,-1.524,2.54));
#10101 = LINE('',#10102,#10103);
#10102 = CARTESIAN_POINT('',(1.27,-3.556,2.54));
#10103 = VECTOR('',#10104,1.);
#10104 = DIRECTION('',(0.,1.,0.));
#10105 = ORIENTED_EDGE('',*,*,#10106,.T.);
#10106 = EDGE_CURVE('',#10099,#10107,#10109,.T.);
#10107 = VERTEX_POINT('',#10108);
#10108 = CARTESIAN_POINT('',(1.016,-1.27,2.54));
#10109 = LINE('',#10110,#10111);
#10110 = CARTESIAN_POINT('',(1.27,-1.524,2.54));
#10111 = VECTOR('',#10112,1.);
#10112 = DIRECTION('',(-0.707106781187,0.707106781187,0.));
#10113 = ORIENTED_EDGE('',*,*,#10114,.T.);
#10114 = EDGE_CURVE('',#10107,#10115,#10117,.T.);
#10115 = VERTEX_POINT('',#10116);
#10116 = CARTESIAN_POINT('',(1.27,-1.016,2.54));
#10117 = LINE('',#10118,#10119);
#10118 = CARTESIAN_POINT('',(1.016,-1.27,2.54));
#10119 = VECTOR('',#10120,1.);
#10120 = DIRECTION('',(0.707106781187,0.707106781187,0.));
#10121 = ORIENTED_EDGE('',*,*,#10122,.T.);
#10122 = EDGE_CURVE('',#10115,#10123,#10125,.T.);
#10123 = VERTEX_POINT('',#10124);
#10124 = CARTESIAN_POINT('',(1.27,1.016,2.54));
#10125 = LINE('',#10126,#10127);
#10126 = CARTESIAN_POINT('',(1.27,-1.016,2.54));
#10127 = VECTOR('',#10128,1.);
#10128 = DIRECTION('',(0.,1.,0.));
#10129 = ORIENTED_EDGE('',*,*,#10130,.T.);
#10130 = EDGE_CURVE('',#10123,#9044,#10131,.T.);
#10131 = LINE('',#10132,#10133);
#10132 = CARTESIAN_POINT('',(1.27,1.016,2.54));
#10133 = VECTOR('',#10134,1.);
#10134 = DIRECTION('',(-0.707106781187,0.707106781187,0.));
#10135 = ORIENTED_EDGE('',*,*,#9051,.T.);
#10136 = FACE_BOUND('',#10137,.T.);
#10137 = EDGE_LOOP('',(#10138,#10148,#10156,#10164));
#10138 = ORIENTED_EDGE('',*,*,#10139,.T.);
#10139 = EDGE_CURVE('',#10140,#10142,#10144,.T.);
#10140 = VERTEX_POINT('',#10141);
#10141 = CARTESIAN_POINT('',(0.32,-18.1,2.54));
#10142 = VERTEX_POINT('',#10143);
#10143 = CARTESIAN_POINT('',(-0.32,-18.1,2.54));
#10144 = LINE('',#10145,#10146);
#10145 = CARTESIAN_POINT('',(-0.16,-18.1,2.54));
#10146 = VECTOR('',#10147,1.);
#10147 = DIRECTION('',(-1.,0.,0.));
#10148 = ORIENTED_EDGE('',*,*,#10149,.T.);
#10149 = EDGE_CURVE('',#10142,#10150,#10152,.T.);
#10150 = VERTEX_POINT('',#10151);
#10151 = CARTESIAN_POINT('',(-0.32,-17.46,2.54));
#10152 = LINE('',#10153,#10154);
#10153 = CARTESIAN_POINT('',(-0.32,-13.495,2.54));
#10154 = VECTOR('',#10155,1.);
#10155 = DIRECTION('',(0.,1.,0.));
#10156 = ORIENTED_EDGE('',*,*,#10157,.F.);
#10157 = EDGE_CURVE('',#10158,#10150,#10160,.T.);
#10158 = VERTEX_POINT('',#10159);
#10159 = CARTESIAN_POINT('',(0.32,-17.46,2.54));
#10160 = LINE('',#10161,#10162);
#10161 = CARTESIAN_POINT('',(-0.16,-17.46,2.54));
#10162 = VECTOR('',#10163,1.);
#10163 = DIRECTION('',(-1.,0.,0.));
#10164 = ORIENTED_EDGE('',*,*,#10165,.F.);
#10165 = EDGE_CURVE('',#10140,#10158,#10166,.T.);
#10166 = LINE('',#10167,#10168);
#10167 = CARTESIAN_POINT('',(0.32,-13.495,2.54));
#10168 = VECTOR('',#10169,1.);
#10169 = DIRECTION('',(0.,1.,0.));
#10170 = FACE_BOUND('',#10171,.T.);
#10171 = EDGE_LOOP('',(#10172,#10182,#10190,#10198));
#10172 = ORIENTED_EDGE('',*,*,#10173,.F.);
#10173 = EDGE_CURVE('',#10174,#10176,#10178,.T.);
#10174 = VERTEX_POINT('',#10175);
#10175 = CARTESIAN_POINT('',(0.32,-14.92,2.54));
#10176 = VERTEX_POINT('',#10177);
#10177 = CARTESIAN_POINT('',(-0.32,-14.92,2.54));
#10178 = LINE('',#10179,#10180);
#10179 = CARTESIAN_POINT('',(-0.16,-14.92,2.54));
#10180 = VECTOR('',#10181,1.);
#10181 = DIRECTION('',(-1.,0.,0.));
#10182 = ORIENTED_EDGE('',*,*,#10183,.F.);
#10183 = EDGE_CURVE('',#10184,#10174,#10186,.T.);
#10184 = VERTEX_POINT('',#10185);
#10185 = CARTESIAN_POINT('',(0.32,-15.56,2.54));
#10186 = LINE('',#10187,#10188);
#10187 = CARTESIAN_POINT('',(0.32,-12.225,2.54));
#10188 = VECTOR('',#10189,1.);
#10189 = DIRECTION('',(0.,1.,0.));
#10190 = ORIENTED_EDGE('',*,*,#10191,.T.);
#10191 = EDGE_CURVE('',#10184,#10192,#10194,.T.);
#10192 = VERTEX_POINT('',#10193);
#10193 = CARTESIAN_POINT('',(-0.32,-15.56,2.54));
#10194 = LINE('',#10195,#10196);
#10195 = CARTESIAN_POINT('',(-0.16,-15.56,2.54));
#10196 = VECTOR('',#10197,1.);
#10197 = DIRECTION('',(-1.,0.,0.));
#10198 = ORIENTED_EDGE('',*,*,#10199,.T.);
#10199 = EDGE_CURVE('',#10192,#10176,#10200,.T.);
#10200 = LINE('',#10201,#10202);
#10201 = CARTESIAN_POINT('',(-0.32,-12.225,2.54));
#10202 = VECTOR('',#10203,1.);
#10203 = DIRECTION('',(0.,1.,0.));
#10204 = FACE_BOUND('',#10205,.T.);
#10205 = EDGE_LOOP('',(#10206,#10216,#10224,#10232));
#10206 = ORIENTED_EDGE('',*,*,#10207,.F.);
#10207 = EDGE_CURVE('',#10208,#10210,#10212,.T.);
#10208 = VERTEX_POINT('',#10209);
#10209 = CARTESIAN_POINT('',(0.32,-7.94,2.54));
#10210 = VERTEX_POINT('',#10211);
#10211 = CARTESIAN_POINT('',(0.32,-7.3,2.54));
#10212 = LINE('',#10213,#10214);
#10213 = CARTESIAN_POINT('',(0.32,-8.415,2.54));
#10214 = VECTOR('',#10215,1.);
#10215 = DIRECTION('',(0.,1.,0.));
#10216 = ORIENTED_EDGE('',*,*,#10217,.T.);
#10217 = EDGE_CURVE('',#10208,#10218,#10220,.T.);
#10218 = VERTEX_POINT('',#10219);
#10219 = CARTESIAN_POINT('',(-0.32,-7.94,2.54));
#10220 = LINE('',#10221,#10222);
#10221 = CARTESIAN_POINT('',(-0.16,-7.94,2.54));
#10222 = VECTOR('',#10223,1.);
#10223 = DIRECTION('',(-1.,0.,0.));
#10224 = ORIENTED_EDGE('',*,*,#10225,.T.);
#10225 = EDGE_CURVE('',#10218,#10226,#10228,.T.);
#10226 = VERTEX_POINT('',#10227);
#10227 = CARTESIAN_POINT('',(-0.32,-7.3,2.54));
#10228 = LINE('',#10229,#10230);
#10229 = CARTESIAN_POINT('',(-0.32,-8.415,2.54));
#10230 = VECTOR('',#10231,1.);
#10231 = DIRECTION('',(0.,1.,0.));
#10232 = ORIENTED_EDGE('',*,*,#10233,.F.);
#10233 = EDGE_CURVE('',#10210,#10226,#10234,.T.);
#10234 = LINE('',#10235,#10236);
#10235 = CARTESIAN_POINT('',(-0.16,-7.3,2.54));
#10236 = VECTOR('',#10237,1.);
#10237 = DIRECTION('',(-1.,0.,0.));
#10238 = FACE_BOUND('',#10239,.T.);
#10239 = EDGE_LOOP('',(#10240,#10250,#10258,#10266));
#10240 = ORIENTED_EDGE('',*,*,#10241,.F.);
#10241 = EDGE_CURVE('',#10242,#10244,#10246,.T.);
#10242 = VERTEX_POINT('',#10243);
#10243 = CARTESIAN_POINT('',(0.32,-12.38,2.54));
#10244 = VERTEX_POINT('',#10245);
#10245 = CARTESIAN_POINT('',(-0.32,-12.38,2.54));
#10246 = LINE('',#10247,#10248);
#10247 = CARTESIAN_POINT('',(-0.16,-12.38,2.54));
#10248 = VECTOR('',#10249,1.);
#10249 = DIRECTION('',(-1.,0.,0.));
#10250 = ORIENTED_EDGE('',*,*,#10251,.F.);
#10251 = EDGE_CURVE('',#10252,#10242,#10254,.T.);
#10252 = VERTEX_POINT('',#10253);
#10253 = CARTESIAN_POINT('',(0.32,-13.02,2.54));
#10254 = LINE('',#10255,#10256);
#10255 = CARTESIAN_POINT('',(0.32,-10.955,2.54));
#10256 = VECTOR('',#10257,1.);
#10257 = DIRECTION('',(0.,1.,0.));
#10258 = ORIENTED_EDGE('',*,*,#10259,.T.);
#10259 = EDGE_CURVE('',#10252,#10260,#10262,.T.);
#10260 = VERTEX_POINT('',#10261);
#10261 = CARTESIAN_POINT('',(-0.32,-13.02,2.54));
#10262 = LINE('',#10263,#10264);
#10263 = CARTESIAN_POINT('',(-0.16,-13.02,2.54));
#10264 = VECTOR('',#10265,1.);
#10265 = DIRECTION('',(-1.,0.,0.));
#10266 = ORIENTED_EDGE('',*,*,#10267,.T.);
#10267 = EDGE_CURVE('',#10260,#10244,#10268,.T.);
#10268 = LINE('',#10269,#10270);
#10269 = CARTESIAN_POINT('',(-0.32,-10.955,2.54));
#10270 = VECTOR('',#10271,1.);
#10271 = DIRECTION('',(0.,1.,0.));
#10272 = FACE_BOUND('',#10273,.T.);
#10273 = EDGE_LOOP('',(#10274,#10284,#10292,#10300));
#10274 = ORIENTED_EDGE('',*,*,#10275,.F.);
#10275 = EDGE_CURVE('',#10276,#10278,#10280,.T.);
#10276 = VERTEX_POINT('',#10277);
#10277 = CARTESIAN_POINT('',(0.32,-10.48,2.54));
#10278 = VERTEX_POINT('',#10279);
#10279 = CARTESIAN_POINT('',(0.32,-9.84,2.54));
#10280 = LINE('',#10281,#10282);
#10281 = CARTESIAN_POINT('',(0.32,-9.685,2.54));
#10282 = VECTOR('',#10283,1.);
#10283 = DIRECTION('',(0.,1.,0.));
#10284 = ORIENTED_EDGE('',*,*,#10285,.T.);
#10285 = EDGE_CURVE('',#10276,#10286,#10288,.T.);
#10286 = VERTEX_POINT('',#10287);
#10287 = CARTESIAN_POINT('',(-0.32,-10.48,2.54));
#10288 = LINE('',#10289,#10290);
#10289 = CARTESIAN_POINT('',(-0.16,-10.48,2.54));
#10290 = VECTOR('',#10291,1.);
#10291 = DIRECTION('',(-1.,0.,0.));
#10292 = ORIENTED_EDGE('',*,*,#10293,.T.);
#10293 = EDGE_CURVE('',#10286,#10294,#10296,.T.);
#10294 = VERTEX_POINT('',#10295);
#10295 = CARTESIAN_POINT('',(-0.32,-9.84,2.54));
#10296 = LINE('',#10297,#10298);
#10297 = CARTESIAN_POINT('',(-0.32,-9.685,2.54));
#10298 = VECTOR('',#10299,1.);
#10299 = DIRECTION('',(0.,1.,0.));
#10300 = ORIENTED_EDGE('',*,*,#10301,.F.);
#10301 = EDGE_CURVE('',#10278,#10294,#10302,.T.);
#10302 = LINE('',#10303,#10304);
#10303 = CARTESIAN_POINT('',(-0.16,-9.84,2.54));
#10304 = VECTOR('',#10305,1.);
#10305 = DIRECTION('',(-1.,0.,0.));
#10306 = FACE_BOUND('',#10307,.T.);
#10307 = EDGE_LOOP('',(#10308,#10318,#10326,#10334));
#10308 = ORIENTED_EDGE('',*,*,#10309,.F.);
#10309 = EDGE_CURVE('',#10310,#10312,#10314,.T.);
#10310 = VERTEX_POINT('',#10311);
#10311 = CARTESIAN_POINT('',(0.32,-2.22,2.54));
#10312 = VERTEX_POINT('',#10313);
#10313 = CARTESIAN_POINT('',(-0.32,-2.22,2.54));
#10314 = LINE('',#10315,#10316);
#10315 = CARTESIAN_POINT('',(-0.16,-2.22,2.54));
#10316 = VECTOR('',#10317,1.);
#10317 = DIRECTION('',(-1.,0.,0.));
#10318 = ORIENTED_EDGE('',*,*,#10319,.F.);
#10319 = EDGE_CURVE('',#10320,#10310,#10322,.T.);
#10320 = VERTEX_POINT('',#10321);
#10321 = CARTESIAN_POINT('',(0.32,-2.86,2.54));
#10322 = LINE('',#10323,#10324);
#10323 = CARTESIAN_POINT('',(0.32,-5.875,2.54));
#10324 = VECTOR('',#10325,1.);
#10325 = DIRECTION('',(0.,1.,0.));
#10326 = ORIENTED_EDGE('',*,*,#10327,.T.);
#10327 = EDGE_CURVE('',#10320,#10328,#10330,.T.);
#10328 = VERTEX_POINT('',#10329);
#10329 = CARTESIAN_POINT('',(-0.32,-2.86,2.54));
#10330 = LINE('',#10331,#10332);
#10331 = CARTESIAN_POINT('',(-0.16,-2.86,2.54));
#10332 = VECTOR('',#10333,1.);
#10333 = DIRECTION('',(-1.,0.,0.));
#10334 = ORIENTED_EDGE('',*,*,#10335,.T.);
#10335 = EDGE_CURVE('',#10328,#10312,#10336,.T.);
#10336 = LINE('',#10337,#10338);
#10337 = CARTESIAN_POINT('',(-0.32,-5.875,2.54));
#10338 = VECTOR('',#10339,1.);
#10339 = DIRECTION('',(0.,1.,0.));
#10340 = FACE_BOUND('',#10341,.T.);
#10341 = EDGE_LOOP('',(#10342,#10352,#10360,#10368));
#10342 = ORIENTED_EDGE('',*,*,#10343,.T.);
#10343 = EDGE_CURVE('',#10344,#10346,#10348,.T.);
#10344 = VERTEX_POINT('',#10345);
#10345 = CARTESIAN_POINT('',(0.32,-5.4,2.54));
#10346 = VERTEX_POINT('',#10347);
#10347 = CARTESIAN_POINT('',(-0.32,-5.4,2.54));
#10348 = LINE('',#10349,#10350);
#10349 = CARTESIAN_POINT('',(-0.16,-5.4,2.54));
#10350 = VECTOR('',#10351,1.);
#10351 = DIRECTION('',(-1.,0.,0.));
#10352 = ORIENTED_EDGE('',*,*,#10353,.T.);
#10353 = EDGE_CURVE('',#10346,#10354,#10356,.T.);
#10354 = VERTEX_POINT('',#10355);
#10355 = CARTESIAN_POINT('',(-0.32,-4.76,2.54));
#10356 = LINE('',#10357,#10358);
#10357 = CARTESIAN_POINT('',(-0.32,-7.145,2.54));
#10358 = VECTOR('',#10359,1.);
#10359 = DIRECTION('',(0.,1.,0.));
#10360 = ORIENTED_EDGE('',*,*,#10361,.F.);
#10361 = EDGE_CURVE('',#10362,#10354,#10364,.T.);
#10362 = VERTEX_POINT('',#10363);
#10363 = CARTESIAN_POINT('',(0.32,-4.76,2.54));
#10364 = LINE('',#10365,#10366);
#10365 = CARTESIAN_POINT('',(-0.16,-4.76,2.54));
#10366 = VECTOR('',#10367,1.);
#10367 = DIRECTION('',(-1.,0.,0.));
#10368 = ORIENTED_EDGE('',*,*,#10369,.F.);
#10369 = EDGE_CURVE('',#10344,#10362,#10370,.T.);
#10370 = LINE('',#10371,#10372);
#10371 = CARTESIAN_POINT('',(0.32,-7.145,2.54));
#10372 = VECTOR('',#10373,1.);
#10373 = DIRECTION('',(0.,1.,0.));
#10374 = FACE_BOUND('',#10375,.T.);
#10375 = EDGE_LOOP('',(#10376,#10386,#10394,#10402));
#10376 = ORIENTED_EDGE('',*,*,#10377,.F.);
#10377 = EDGE_CURVE('',#10378,#10380,#10382,.T.);
#10378 = VERTEX_POINT('',#10379);
#10379 = CARTESIAN_POINT('',(0.32,-0.32,2.54));
#10380 = VERTEX_POINT('',#10381);
#10381 = CARTESIAN_POINT('',(0.32,0.32,2.54));
#10382 = LINE('',#10383,#10384);
#10383 = CARTESIAN_POINT('',(0.32,-4.605,2.54));
#10384 = VECTOR('',#10385,1.);
#10385 = DIRECTION('',(0.,1.,0.));
#10386 = ORIENTED_EDGE('',*,*,#10387,.T.);
#10387 = EDGE_CURVE('',#10378,#10388,#10390,.T.);
#10388 = VERTEX_POINT('',#10389);
#10389 = CARTESIAN_POINT('',(-0.32,-0.32,2.54));
#10390 = LINE('',#10391,#10392);
#10391 = CARTESIAN_POINT('',(-0.16,-0.32,2.54));
#10392 = VECTOR('',#10393,1.);
#10393 = DIRECTION('',(-1.,0.,0.));
#10394 = ORIENTED_EDGE('',*,*,#10395,.T.);
#10395 = EDGE_CURVE('',#10388,#10396,#10398,.T.);
#10396 = VERTEX_POINT('',#10397);
#10397 = CARTESIAN_POINT('',(-0.32,0.32,2.54));
#10398 = LINE('',#10399,#10400);
#10399 = CARTESIAN_POINT('',(-0.32,-4.605,2.54));
#10400 = VECTOR('',#10401,1.);
#10401 = DIRECTION('',(0.,1.,0.));
#10402 = ORIENTED_EDGE('',*,*,#10403,.F.);
#10403 = EDGE_CURVE('',#10380,#10396,#10404,.T.);
#10404 = LINE('',#10405,#10406);
#10405 = CARTESIAN_POINT('',(-0.16,0.32,2.54));
#10406 = VECTOR('',#10407,1.);
#10407 = DIRECTION('',(-1.,0.,0.));
#10408 = PLANE('',#10409);
#10409 = AXIS2_PLACEMENT_3D('',#10410,#10411,#10412);
#10410 = CARTESIAN_POINT('',(-1.38573690222E-17,-8.89,2.54));
#10411 = DIRECTION('',(0.,0.,1.));
#10412 = DIRECTION('',(1.,0.,-0.));
#10413 = ADVANCED_FACE('',(#10414),#10425,.F.);
#10414 = FACE_BOUND('',#10415,.F.);
#10415 = EDGE_LOOP('',(#10416,#10422,#10423,#10424));
#10416 = ORIENTED_EDGE('',*,*,#10417,.T.);
#10417 = EDGE_CURVE('',#9466,#10123,#10418,.T.);
#10418 = LINE('',#10419,#10420);
#10419 = CARTESIAN_POINT('',(1.27,1.016,0.));
#10420 = VECTOR('',#10421,1.);
#10421 = DIRECTION('',(0.,0.,1.));
#10422 = ORIENTED_EDGE('',*,*,#10130,.T.);
#10423 = ORIENTED_EDGE('',*,*,#9041,.F.);
#10424 = ORIENTED_EDGE('',*,*,#9473,.F.);
#10425 = PLANE('',#10426);
#10426 = AXIS2_PLACEMENT_3D('',#10427,#10428,#10429);
#10427 = CARTESIAN_POINT('',(1.27,1.016,0.));
#10428 = DIRECTION('',(-0.707106781187,-0.707106781187,0.));
#10429 = DIRECTION('',(-0.707106781187,0.707106781187,0.));
#10430 = ADVANCED_FACE('',(#10431),#10442,.F.);
#10431 = FACE_BOUND('',#10432,.F.);
#10432 = EDGE_LOOP('',(#10433,#10434,#10435,#10441));
#10433 = ORIENTED_EDGE('',*,*,#9081,.T.);
#10434 = ORIENTED_EDGE('',*,*,#9762,.T.);
#10435 = ORIENTED_EDGE('',*,*,#10436,.F.);
#10436 = EDGE_CURVE('',#9106,#9763,#10437,.T.);
#10437 = LINE('',#10438,#10439);
#10438 = CARTESIAN_POINT('',(-1.016,-1.27,0.));
#10439 = VECTOR('',#10440,1.);
#10440 = DIRECTION('',(0.,0.,1.));
#10441 = ORIENTED_EDGE('',*,*,#9105,.F.);
#10442 = PLANE('',#10443);
#10443 = AXIS2_PLACEMENT_3D('',#10444,#10445,#10446);
#10444 = CARTESIAN_POINT('',(-1.27,-1.016,0.));
#10445 = DIRECTION('',(0.707106781187,0.707106781187,0.));
#10446 = DIRECTION('',(0.707106781187,-0.707106781187,0.));
#10447 = ADVANCED_FACE('',(#10448),#10459,.F.);
#10448 = FACE_BOUND('',#10449,.F.);
#10449 = EDGE_LOOP('',(#10450,#10456,#10457,#10458));
#10450 = ORIENTED_EDGE('',*,*,#10451,.T.);
#10451 = EDGE_CURVE('',#9458,#10115,#10452,.T.);
#10452 = LINE('',#10453,#10454);
#10453 = CARTESIAN_POINT('',(1.27,-1.016,0.));
#10454 = VECTOR('',#10455,1.);
#10455 = DIRECTION('',(0.,0.,1.));
#10456 = ORIENTED_EDGE('',*,*,#10122,.T.);
#10457 = ORIENTED_EDGE('',*,*,#10417,.F.);
#10458 = ORIENTED_EDGE('',*,*,#9465,.F.);
#10459 = PLANE('',#10460);
#10460 = AXIS2_PLACEMENT_3D('',#10461,#10462,#10463);
#10461 = CARTESIAN_POINT('',(1.27,-1.016,0.));
#10462 = DIRECTION('',(-1.,0.,0.));
#10463 = DIRECTION('',(0.,1.,0.));
#10464 = ADVANCED_FACE('',(#10465),#10476,.F.);
#10465 = FACE_BOUND('',#10466,.F.);
#10466 = EDGE_LOOP('',(#10467,#10468,#10469,#10475));
#10467 = ORIENTED_EDGE('',*,*,#10436,.T.);
#10468 = ORIENTED_EDGE('',*,*,#9770,.T.);
#10469 = ORIENTED_EDGE('',*,*,#10470,.F.);
#10470 = EDGE_CURVE('',#9114,#9771,#10471,.T.);
#10471 = LINE('',#10472,#10473);
#10472 = CARTESIAN_POINT('',(-1.27,-1.524,0.));
#10473 = VECTOR('',#10474,1.);
#10474 = DIRECTION('',(0.,0.,1.));
#10475 = ORIENTED_EDGE('',*,*,#9113,.F.);
#10476 = PLANE('',#10477);
#10477 = AXIS2_PLACEMENT_3D('',#10478,#10479,#10480);
#10478 = CARTESIAN_POINT('',(-1.016,-1.27,0.));
#10479 = DIRECTION('',(0.707106781187,-0.707106781187,0.));
#10480 = DIRECTION('',(-0.707106781187,-0.707106781187,0.));
#10481 = ADVANCED_FACE('',(#10482),#10493,.F.);
#10482 = FACE_BOUND('',#10483,.F.);
#10483 = EDGE_LOOP('',(#10484,#10490,#10491,#10492));
#10484 = ORIENTED_EDGE('',*,*,#10485,.T.);
#10485 = EDGE_CURVE('',#9450,#10107,#10486,.T.);
#10486 = LINE('',#10487,#10488);
#10487 = CARTESIAN_POINT('',(1.016,-1.27,0.));
#10488 = VECTOR('',#10489,1.);
#10489 = DIRECTION('',(0.,0.,1.));
#10490 = ORIENTED_EDGE('',*,*,#10114,.T.);
#10491 = ORIENTED_EDGE('',*,*,#10451,.F.);
#10492 = ORIENTED_EDGE('',*,*,#9457,.F.);
#10493 = PLANE('',#10494);
#10494 = AXIS2_PLACEMENT_3D('',#10495,#10496,#10497);
#10495 = CARTESIAN_POINT('',(1.016,-1.27,0.));
#10496 = DIRECTION('',(-0.707106781187,0.707106781187,0.));
#10497 = DIRECTION('',(0.707106781187,0.707106781187,0.));
#10498 = ADVANCED_FACE('',(#10499),#10510,.F.);
#10499 = FACE_BOUND('',#10500,.F.);
#10500 = EDGE_LOOP('',(#10501,#10502,#10503,#10509));
#10501 = ORIENTED_EDGE('',*,*,#10470,.T.);
#10502 = ORIENTED_EDGE('',*,*,#9778,.T.);
#10503 = ORIENTED_EDGE('',*,*,#10504,.F.);
#10504 = EDGE_CURVE('',#9122,#9779,#10505,.T.);
#10505 = LINE('',#10506,#10507);
#10506 = CARTESIAN_POINT('',(-1.27,-3.556,0.));
#10507 = VECTOR('',#10508,1.);
#10508 = DIRECTION('',(0.,0.,1.));
#10509 = ORIENTED_EDGE('',*,*,#9121,.F.);
#10510 = PLANE('',#10511);
#10511 = AXIS2_PLACEMENT_3D('',#10512,#10513,#10514);
#10512 = CARTESIAN_POINT('',(-1.27,-1.524,0.));
#10513 = DIRECTION('',(1.,0.,0.));
#10514 = DIRECTION('',(0.,-1.,0.));
#10515 = ADVANCED_FACE('',(#10516),#10527,.F.);
#10516 = FACE_BOUND('',#10517,.F.);
#10517 = EDGE_LOOP('',(#10518,#10524,#10525,#10526));
#10518 = ORIENTED_EDGE('',*,*,#10519,.T.);
#10519 = EDGE_CURVE('',#9442,#10099,#10520,.T.);
#10520 = LINE('',#10521,#10522);
#10521 = CARTESIAN_POINT('',(1.27,-1.524,0.));
#10522 = VECTOR('',#10523,1.);
#10523 = DIRECTION('',(0.,0.,1.));
#10524 = ORIENTED_EDGE('',*,*,#10106,.T.);
#10525 = ORIENTED_EDGE('',*,*,#10485,.F.);
#10526 = ORIENTED_EDGE('',*,*,#9449,.F.);
#10527 = PLANE('',#10528);
#10528 = AXIS2_PLACEMENT_3D('',#10529,#10530,#10531);
#10529 = CARTESIAN_POINT('',(1.27,-1.524,0.));
#10530 = DIRECTION('',(-0.707106781187,-0.707106781187,0.));
#10531 = DIRECTION('',(-0.707106781187,0.707106781187,0.));
#10532 = ADVANCED_FACE('',(#10533),#10544,.F.);
#10533 = FACE_BOUND('',#10534,.F.);
#10534 = EDGE_LOOP('',(#10535,#10536,#10537,#10543));
#10535 = ORIENTED_EDGE('',*,*,#10504,.T.);
#10536 = ORIENTED_EDGE('',*,*,#9786,.T.);
#10537 = ORIENTED_EDGE('',*,*,#10538,.F.);
#10538 = EDGE_CURVE('',#9130,#9787,#10539,.T.);
#10539 = LINE('',#10540,#10541);
#10540 = CARTESIAN_POINT('',(-1.016,-3.81,0.));
#10541 = VECTOR('',#10542,1.);
#10542 = DIRECTION('',(0.,0.,1.));
#10543 = ORIENTED_EDGE('',*,*,#9129,.F.);
#10544 = PLANE('',#10545);
#10545 = AXIS2_PLACEMENT_3D('',#10546,#10547,#10548);
#10546 = CARTESIAN_POINT('',(-1.27,-3.556,0.));
#10547 = DIRECTION('',(0.707106781187,0.707106781187,0.));
#10548 = DIRECTION('',(0.707106781187,-0.707106781187,0.));
#10549 = ADVANCED_FACE('',(#10550),#10561,.F.);
#10550 = FACE_BOUND('',#10551,.F.);
#10551 = EDGE_LOOP('',(#10552,#10558,#10559,#10560));
#10552 = ORIENTED_EDGE('',*,*,#10553,.T.);
#10553 = EDGE_CURVE('',#9434,#10091,#10554,.T.);
#10554 = LINE('',#10555,#10556);
#10555 = CARTESIAN_POINT('',(1.27,-3.556,0.));
#10556 = VECTOR('',#10557,1.);
#10557 = DIRECTION('',(0.,0.,1.));
#10558 = ORIENTED_EDGE('',*,*,#10098,.T.);
#10559 = ORIENTED_EDGE('',*,*,#10519,.F.);
#10560 = ORIENTED_EDGE('',*,*,#9441,.F.);
#10561 = PLANE('',#10562);
#10562 = AXIS2_PLACEMENT_3D('',#10563,#10564,#10565);
#10563 = CARTESIAN_POINT('',(1.27,-3.556,0.));
#10564 = DIRECTION('',(-1.,0.,0.));
#10565 = DIRECTION('',(0.,1.,0.));
#10566 = ADVANCED_FACE('',(#10567),#10578,.F.);
#10567 = FACE_BOUND('',#10568,.F.);
#10568 = EDGE_LOOP('',(#10569,#10570,#10571,#10577));
#10569 = ORIENTED_EDGE('',*,*,#10538,.T.);
#10570 = ORIENTED_EDGE('',*,*,#9794,.T.);
#10571 = ORIENTED_EDGE('',*,*,#10572,.F.);
#10572 = EDGE_CURVE('',#9138,#9795,#10573,.T.);
#10573 = LINE('',#10574,#10575);
#10574 = CARTESIAN_POINT('',(-1.27,-4.064,0.));
#10575 = VECTOR('',#10576,1.);
#10576 = DIRECTION('',(0.,0.,1.));
#10577 = ORIENTED_EDGE('',*,*,#9137,.F.);
#10578 = PLANE('',#10579);
#10579 = AXIS2_PLACEMENT_3D('',#10580,#10581,#10582);
#10580 = CARTESIAN_POINT('',(-1.016,-3.81,0.));
#10581 = DIRECTION('',(0.707106781187,-0.707106781187,0.));
#10582 = DIRECTION('',(-0.707106781187,-0.707106781187,0.));
#10583 = ADVANCED_FACE('',(#10584),#10595,.F.);
#10584 = FACE_BOUND('',#10585,.F.);
#10585 = EDGE_LOOP('',(#10586,#10592,#10593,#10594));
#10586 = ORIENTED_EDGE('',*,*,#10587,.T.);
#10587 = EDGE_CURVE('',#9426,#10083,#10588,.T.);
#10588 = LINE('',#10589,#10590);
#10589 = CARTESIAN_POINT('',(1.016,-3.81,0.));
#10590 = VECTOR('',#10591,1.);
#10591 = DIRECTION('',(0.,0.,1.));
#10592 = ORIENTED_EDGE('',*,*,#10090,.T.);
#10593 = ORIENTED_EDGE('',*,*,#10553,.F.);
#10594 = ORIENTED_EDGE('',*,*,#9433,.F.);
#10595 = PLANE('',#10596);
#10596 = AXIS2_PLACEMENT_3D('',#10597,#10598,#10599);
#10597 = CARTESIAN_POINT('',(1.016,-3.81,0.));
#10598 = DIRECTION('',(-0.707106781187,0.707106781187,0.));
#10599 = DIRECTION('',(0.707106781187,0.707106781187,0.));
#10600 = ADVANCED_FACE('',(#10601),#10612,.F.);
#10601 = FACE_BOUND('',#10602,.F.);
#10602 = EDGE_LOOP('',(#10603,#10604,#10605,#10611));
#10603 = ORIENTED_EDGE('',*,*,#10572,.T.);
#10604 = ORIENTED_EDGE('',*,*,#9802,.T.);
#10605 = ORIENTED_EDGE('',*,*,#10606,.F.);
#10606 = EDGE_CURVE('',#9146,#9803,#10607,.T.);
#10607 = LINE('',#10608,#10609);
#10608 = CARTESIAN_POINT('',(-1.27,-6.096,0.));
#10609 = VECTOR('',#10610,1.);
#10610 = DIRECTION('',(0.,0.,1.));
#10611 = ORIENTED_EDGE('',*,*,#9145,.F.);
#10612 = PLANE('',#10613);
#10613 = AXIS2_PLACEMENT_3D('',#10614,#10615,#10616);
#10614 = CARTESIAN_POINT('',(-1.27,-4.064,0.));
#10615 = DIRECTION('',(1.,0.,0.));
#10616 = DIRECTION('',(0.,-1.,0.));
#10617 = ADVANCED_FACE('',(#10618),#10629,.F.);
#10618 = FACE_BOUND('',#10619,.F.);
#10619 = EDGE_LOOP('',(#10620,#10626,#10627,#10628));
#10620 = ORIENTED_EDGE('',*,*,#10621,.T.);
#10621 = EDGE_CURVE('',#9418,#10075,#10622,.T.);
#10622 = LINE('',#10623,#10624);
#10623 = CARTESIAN_POINT('',(1.27,-4.064,0.));
#10624 = VECTOR('',#10625,1.);
#10625 = DIRECTION('',(0.,0.,1.));
#10626 = ORIENTED_EDGE('',*,*,#10082,.T.);
#10627 = ORIENTED_EDGE('',*,*,#10587,.F.);
#10628 = ORIENTED_EDGE('',*,*,#9425,.F.);
#10629 = PLANE('',#10630);
#10630 = AXIS2_PLACEMENT_3D('',#10631,#10632,#10633);
#10631 = CARTESIAN_POINT('',(1.27,-4.064,0.));
#10632 = DIRECTION('',(-0.707106781187,-0.707106781187,0.));
#10633 = DIRECTION('',(-0.707106781187,0.707106781187,0.));
#10634 = ADVANCED_FACE('',(#10635),#10646,.F.);
#10635 = FACE_BOUND('',#10636,.F.);
#10636 = EDGE_LOOP('',(#10637,#10638,#10639,#10645));
#10637 = ORIENTED_EDGE('',*,*,#10606,.T.);
#10638 = ORIENTED_EDGE('',*,*,#9810,.T.);
#10639 = ORIENTED_EDGE('',*,*,#10640,.F.);
#10640 = EDGE_CURVE('',#9154,#9811,#10641,.T.);
#10641 = LINE('',#10642,#10643);
#10642 = CARTESIAN_POINT('',(-1.016,-6.35,0.));
#10643 = VECTOR('',#10644,1.);
#10644 = DIRECTION('',(0.,0.,1.));
#10645 = ORIENTED_EDGE('',*,*,#9153,.F.);
#10646 = PLANE('',#10647);
#10647 = AXIS2_PLACEMENT_3D('',#10648,#10649,#10650);
#10648 = CARTESIAN_POINT('',(-1.27,-6.096,0.));
#10649 = DIRECTION('',(0.707106781187,0.707106781187,0.));
#10650 = DIRECTION('',(0.707106781187,-0.707106781187,0.));
#10651 = ADVANCED_FACE('',(#10652),#10663,.F.);
#10652 = FACE_BOUND('',#10653,.F.);
#10653 = EDGE_LOOP('',(#10654,#10660,#10661,#10662));
#10654 = ORIENTED_EDGE('',*,*,#10655,.T.);
#10655 = EDGE_CURVE('',#9410,#10067,#10656,.T.);
#10656 = LINE('',#10657,#10658);
#10657 = CARTESIAN_POINT('',(1.27,-6.096,0.));
#10658 = VECTOR('',#10659,1.);
#10659 = DIRECTION('',(0.,0.,1.));
#10660 = ORIENTED_EDGE('',*,*,#10074,.T.);
#10661 = ORIENTED_EDGE('',*,*,#10621,.F.);
#10662 = ORIENTED_EDGE('',*,*,#9417,.F.);
#10663 = PLANE('',#10664);
#10664 = AXIS2_PLACEMENT_3D('',#10665,#10666,#10667);
#10665 = CARTESIAN_POINT('',(1.27,-6.096,0.));
#10666 = DIRECTION('',(-1.,0.,0.));
#10667 = DIRECTION('',(0.,1.,0.));
#10668 = ADVANCED_FACE('',(#10669),#10680,.F.);
#10669 = FACE_BOUND('',#10670,.F.);
#10670 = EDGE_LOOP('',(#10671,#10672,#10673,#10679));
#10671 = ORIENTED_EDGE('',*,*,#10640,.T.);
#10672 = ORIENTED_EDGE('',*,*,#9818,.T.);
#10673 = ORIENTED_EDGE('',*,*,#10674,.F.);
#10674 = EDGE_CURVE('',#9162,#9819,#10675,.T.);
#10675 = LINE('',#10676,#10677);
#10676 = CARTESIAN_POINT('',(-1.27,-6.604,0.));
#10677 = VECTOR('',#10678,1.);
#10678 = DIRECTION('',(0.,0.,1.));
#10679 = ORIENTED_EDGE('',*,*,#9161,.F.);
#10680 = PLANE('',#10681);
#10681 = AXIS2_PLACEMENT_3D('',#10682,#10683,#10684);
#10682 = CARTESIAN_POINT('',(-1.016,-6.35,0.));
#10683 = DIRECTION('',(0.707106781187,-0.707106781187,0.));
#10684 = DIRECTION('',(-0.707106781187,-0.707106781187,0.));
#10685 = ADVANCED_FACE('',(#10686),#10697,.F.);
#10686 = FACE_BOUND('',#10687,.F.);
#10687 = EDGE_LOOP('',(#10688,#10694,#10695,#10696));
#10688 = ORIENTED_EDGE('',*,*,#10689,.T.);
#10689 = EDGE_CURVE('',#9402,#10059,#10690,.T.);
#10690 = LINE('',#10691,#10692);
#10691 = CARTESIAN_POINT('',(1.016,-6.35,0.));
#10692 = VECTOR('',#10693,1.);
#10693 = DIRECTION('',(0.,0.,1.));
#10694 = ORIENTED_EDGE('',*,*,#10066,.T.);
#10695 = ORIENTED_EDGE('',*,*,#10655,.F.);
#10696 = ORIENTED_EDGE('',*,*,#9409,.F.);
#10697 = PLANE('',#10698);
#10698 = AXIS2_PLACEMENT_3D('',#10699,#10700,#10701);
#10699 = CARTESIAN_POINT('',(1.016,-6.35,0.));
#10700 = DIRECTION('',(-0.707106781187,0.707106781187,0.));
#10701 = DIRECTION('',(0.707106781187,0.707106781187,0.));
#10702 = ADVANCED_FACE('',(#10703),#10714,.F.);
#10703 = FACE_BOUND('',#10704,.F.);
#10704 = EDGE_LOOP('',(#10705,#10706,#10707,#10713));
#10705 = ORIENTED_EDGE('',*,*,#10674,.T.);
#10706 = ORIENTED_EDGE('',*,*,#9826,.T.);
#10707 = ORIENTED_EDGE('',*,*,#10708,.F.);
#10708 = EDGE_CURVE('',#9170,#9827,#10709,.T.);
#10709 = LINE('',#10710,#10711);
#10710 = CARTESIAN_POINT('',(-1.27,-8.636,0.));
#10711 = VECTOR('',#10712,1.);
#10712 = DIRECTION('',(0.,0.,1.));
#10713 = ORIENTED_EDGE('',*,*,#9169,.F.);
#10714 = PLANE('',#10715);
#10715 = AXIS2_PLACEMENT_3D('',#10716,#10717,#10718);
#10716 = CARTESIAN_POINT('',(-1.27,-6.604,0.));
#10717 = DIRECTION('',(1.,0.,0.));
#10718 = DIRECTION('',(0.,-1.,0.));
#10719 = ADVANCED_FACE('',(#10720),#10731,.F.);
#10720 = FACE_BOUND('',#10721,.F.);
#10721 = EDGE_LOOP('',(#10722,#10728,#10729,#10730));
#10722 = ORIENTED_EDGE('',*,*,#10723,.T.);
#10723 = EDGE_CURVE('',#9394,#10051,#10724,.T.);
#10724 = LINE('',#10725,#10726);
#10725 = CARTESIAN_POINT('',(1.27,-6.604,0.));
#10726 = VECTOR('',#10727,1.);
#10727 = DIRECTION('',(0.,0.,1.));
#10728 = ORIENTED_EDGE('',*,*,#10058,.T.);
#10729 = ORIENTED_EDGE('',*,*,#10689,.F.);
#10730 = ORIENTED_EDGE('',*,*,#9401,.F.);
#10731 = PLANE('',#10732);
#10732 = AXIS2_PLACEMENT_3D('',#10733,#10734,#10735);
#10733 = CARTESIAN_POINT('',(1.27,-6.604,0.));
#10734 = DIRECTION('',(-0.707106781187,-0.707106781187,0.));
#10735 = DIRECTION('',(-0.707106781187,0.707106781187,0.));
#10736 = ADVANCED_FACE('',(#10737),#10748,.F.);
#10737 = FACE_BOUND('',#10738,.F.);
#10738 = EDGE_LOOP('',(#10739,#10740,#10741,#10747));
#10739 = ORIENTED_EDGE('',*,*,#10708,.T.);
#10740 = ORIENTED_EDGE('',*,*,#9834,.T.);
#10741 = ORIENTED_EDGE('',*,*,#10742,.F.);
#10742 = EDGE_CURVE('',#9178,#9835,#10743,.T.);
#10743 = LINE('',#10744,#10745);
#10744 = CARTESIAN_POINT('',(-1.016,-8.89,0.));
#10745 = VECTOR('',#10746,1.);
#10746 = DIRECTION('',(0.,0.,1.));
#10747 = ORIENTED_EDGE('',*,*,#9177,.F.);
#10748 = PLANE('',#10749);
#10749 = AXIS2_PLACEMENT_3D('',#10750,#10751,#10752);
#10750 = CARTESIAN_POINT('',(-1.27,-8.636,0.));
#10751 = DIRECTION('',(0.707106781187,0.707106781187,0.));
#10752 = DIRECTION('',(0.707106781187,-0.707106781187,0.));
#10753 = ADVANCED_FACE('',(#10754),#10765,.F.);
#10754 = FACE_BOUND('',#10755,.F.);
#10755 = EDGE_LOOP('',(#10756,#10762,#10763,#10764));
#10756 = ORIENTED_EDGE('',*,*,#10757,.T.);
#10757 = EDGE_CURVE('',#9386,#10043,#10758,.T.);
#10758 = LINE('',#10759,#10760);
#10759 = CARTESIAN_POINT('',(1.27,-8.636,0.));
#10760 = VECTOR('',#10761,1.);
#10761 = DIRECTION('',(0.,0.,1.));
#10762 = ORIENTED_EDGE('',*,*,#10050,.T.);
#10763 = ORIENTED_EDGE('',*,*,#10723,.F.);
#10764 = ORIENTED_EDGE('',*,*,#9393,.F.);
#10765 = PLANE('',#10766);
#10766 = AXIS2_PLACEMENT_3D('',#10767,#10768,#10769);
#10767 = CARTESIAN_POINT('',(1.27,-8.636,0.));
#10768 = DIRECTION('',(-1.,0.,0.));
#10769 = DIRECTION('',(0.,1.,0.));
#10770 = ADVANCED_FACE('',(#10771),#10782,.F.);
#10771 = FACE_BOUND('',#10772,.F.);
#10772 = EDGE_LOOP('',(#10773,#10774,#10775,#10781));
#10773 = ORIENTED_EDGE('',*,*,#10742,.T.);
#10774 = ORIENTED_EDGE('',*,*,#9842,.T.);
#10775 = ORIENTED_EDGE('',*,*,#10776,.F.);
#10776 = EDGE_CURVE('',#9186,#9843,#10777,.T.);
#10777 = LINE('',#10778,#10779);
#10778 = CARTESIAN_POINT('',(-1.27,-9.144,0.));
#10779 = VECTOR('',#10780,1.);
#10780 = DIRECTION('',(0.,0.,1.));
#10781 = ORIENTED_EDGE('',*,*,#9185,.F.);
#10782 = PLANE('',#10783);
#10783 = AXIS2_PLACEMENT_3D('',#10784,#10785,#10786);
#10784 = CARTESIAN_POINT('',(-1.016,-8.89,0.));
#10785 = DIRECTION('',(0.707106781187,-0.707106781187,0.));
#10786 = DIRECTION('',(-0.707106781187,-0.707106781187,0.));
#10787 = ADVANCED_FACE('',(#10788),#10799,.F.);
#10788 = FACE_BOUND('',#10789,.F.);
#10789 = EDGE_LOOP('',(#10790,#10796,#10797,#10798));
#10790 = ORIENTED_EDGE('',*,*,#10791,.T.);
#10791 = EDGE_CURVE('',#9378,#10035,#10792,.T.);
#10792 = LINE('',#10793,#10794);
#10793 = CARTESIAN_POINT('',(1.016,-8.89,0.));
#10794 = VECTOR('',#10795,1.);
#10795 = DIRECTION('',(0.,0.,1.));
#10796 = ORIENTED_EDGE('',*,*,#10042,.T.);
#10797 = ORIENTED_EDGE('',*,*,#10757,.F.);
#10798 = ORIENTED_EDGE('',*,*,#9385,.F.);
#10799 = PLANE('',#10800);
#10800 = AXIS2_PLACEMENT_3D('',#10801,#10802,#10803);
#10801 = CARTESIAN_POINT('',(1.016,-8.89,0.));
#10802 = DIRECTION('',(-0.707106781187,0.707106781187,0.));
#10803 = DIRECTION('',(0.707106781187,0.707106781187,0.));
#10804 = ADVANCED_FACE('',(#10805),#10816,.F.);
#10805 = FACE_BOUND('',#10806,.F.);
#10806 = EDGE_LOOP('',(#10807,#10808,#10809,#10815));
#10807 = ORIENTED_EDGE('',*,*,#10776,.T.);
#10808 = ORIENTED_EDGE('',*,*,#9850,.T.);
#10809 = ORIENTED_EDGE('',*,*,#10810,.F.);
#10810 = EDGE_CURVE('',#9194,#9851,#10811,.T.);
#10811 = LINE('',#10812,#10813);
#10812 = CARTESIAN_POINT('',(-1.27,-11.176,0.));
#10813 = VECTOR('',#10814,1.);
#10814 = DIRECTION('',(0.,0.,1.));
#10815 = ORIENTED_EDGE('',*,*,#9193,.F.);
#10816 = PLANE('',#10817);
#10817 = AXIS2_PLACEMENT_3D('',#10818,#10819,#10820);
#10818 = CARTESIAN_POINT('',(-1.27,-9.144,0.));
#10819 = DIRECTION('',(1.,0.,0.));
#10820 = DIRECTION('',(0.,-1.,0.));
#10821 = ADVANCED_FACE('',(#10822),#10833,.F.);
#10822 = FACE_BOUND('',#10823,.F.);
#10823 = EDGE_LOOP('',(#10824,#10830,#10831,#10832));
#10824 = ORIENTED_EDGE('',*,*,#10825,.T.);
#10825 = EDGE_CURVE('',#9370,#10027,#10826,.T.);
#10826 = LINE('',#10827,#10828);
#10827 = CARTESIAN_POINT('',(1.27,-9.144,0.));
#10828 = VECTOR('',#10829,1.);
#10829 = DIRECTION('',(0.,0.,1.));
#10830 = ORIENTED_EDGE('',*,*,#10034,.T.);
#10831 = ORIENTED_EDGE('',*,*,#10791,.F.);
#10832 = ORIENTED_EDGE('',*,*,#9377,.F.);
#10833 = PLANE('',#10834);
#10834 = AXIS2_PLACEMENT_3D('',#10835,#10836,#10837);
#10835 = CARTESIAN_POINT('',(1.27,-9.144,0.));
#10836 = DIRECTION('',(-0.707106781187,-0.707106781187,0.));
#10837 = DIRECTION('',(-0.707106781187,0.707106781187,0.));
#10838 = ADVANCED_FACE('',(#10839),#10850,.F.);
#10839 = FACE_BOUND('',#10840,.F.);
#10840 = EDGE_LOOP('',(#10841,#10842,#10843,#10849));
#10841 = ORIENTED_EDGE('',*,*,#10810,.T.);
#10842 = ORIENTED_EDGE('',*,*,#9858,.T.);
#10843 = ORIENTED_EDGE('',*,*,#10844,.F.);
#10844 = EDGE_CURVE('',#9202,#9859,#10845,.T.);
#10845 = LINE('',#10846,#10847);
#10846 = CARTESIAN_POINT('',(-1.016,-11.43,0.));
#10847 = VECTOR('',#10848,1.);
#10848 = DIRECTION('',(0.,0.,1.));
#10849 = ORIENTED_EDGE('',*,*,#9201,.F.);
#10850 = PLANE('',#10851);
#10851 = AXIS2_PLACEMENT_3D('',#10852,#10853,#10854);
#10852 = CARTESIAN_POINT('',(-1.27,-11.176,0.));
#10853 = DIRECTION('',(0.707106781187,0.707106781187,0.));
#10854 = DIRECTION('',(0.707106781187,-0.707106781187,0.));
#10855 = ADVANCED_FACE('',(#10856),#10867,.F.);
#10856 = FACE_BOUND('',#10857,.F.);
#10857 = EDGE_LOOP('',(#10858,#10864,#10865,#10866));
#10858 = ORIENTED_EDGE('',*,*,#10859,.T.);
#10859 = EDGE_CURVE('',#9362,#10019,#10860,.T.);
#10860 = LINE('',#10861,#10862);
#10861 = CARTESIAN_POINT('',(1.27,-11.176,0.));
#10862 = VECTOR('',#10863,1.);
#10863 = DIRECTION('',(0.,0.,1.));
#10864 = ORIENTED_EDGE('',*,*,#10026,.T.);
#10865 = ORIENTED_EDGE('',*,*,#10825,.F.);
#10866 = ORIENTED_EDGE('',*,*,#9369,.F.);
#10867 = PLANE('',#10868);
#10868 = AXIS2_PLACEMENT_3D('',#10869,#10870,#10871);
#10869 = CARTESIAN_POINT('',(1.27,-11.176,0.));
#10870 = DIRECTION('',(-1.,0.,0.));
#10871 = DIRECTION('',(0.,1.,0.));
#10872 = ADVANCED_FACE('',(#10873),#10884,.F.);
#10873 = FACE_BOUND('',#10874,.F.);
#10874 = EDGE_LOOP('',(#10875,#10876,#10877,#10883));
#10875 = ORIENTED_EDGE('',*,*,#10844,.T.);
#10876 = ORIENTED_EDGE('',*,*,#9866,.T.);
#10877 = ORIENTED_EDGE('',*,*,#10878,.F.);
#10878 = EDGE_CURVE('',#9210,#9867,#10879,.T.);
#10879 = LINE('',#10880,#10881);
#10880 = CARTESIAN_POINT('',(-1.27,-11.684,0.));
#10881 = VECTOR('',#10882,1.);
#10882 = DIRECTION('',(0.,0.,1.));
#10883 = ORIENTED_EDGE('',*,*,#9209,.F.);
#10884 = PLANE('',#10885);
#10885 = AXIS2_PLACEMENT_3D('',#10886,#10887,#10888);
#10886 = CARTESIAN_POINT('',(-1.016,-11.43,0.));
#10887 = DIRECTION('',(0.707106781187,-0.707106781187,0.));
#10888 = DIRECTION('',(-0.707106781187,-0.707106781187,0.));
#10889 = ADVANCED_FACE('',(#10890),#10901,.F.);
#10890 = FACE_BOUND('',#10891,.F.);
#10891 = EDGE_LOOP('',(#10892,#10898,#10899,#10900));
#10892 = ORIENTED_EDGE('',*,*,#10893,.T.);
#10893 = EDGE_CURVE('',#9354,#10011,#10894,.T.);
#10894 = LINE('',#10895,#10896);
#10895 = CARTESIAN_POINT('',(1.016,-11.43,0.));
#10896 = VECTOR('',#10897,1.);
#10897 = DIRECTION('',(0.,0.,1.));
#10898 = ORIENTED_EDGE('',*,*,#10018,.T.);
#10899 = ORIENTED_EDGE('',*,*,#10859,.F.);
#10900 = ORIENTED_EDGE('',*,*,#9361,.F.);
#10901 = PLANE('',#10902);
#10902 = AXIS2_PLACEMENT_3D('',#10903,#10904,#10905);
#10903 = CARTESIAN_POINT('',(1.016,-11.43,0.));
#10904 = DIRECTION('',(-0.707106781187,0.707106781187,0.));
#10905 = DIRECTION('',(0.707106781187,0.707106781187,0.));
#10906 = ADVANCED_FACE('',(#10907),#10918,.F.);
#10907 = FACE_BOUND('',#10908,.F.);
#10908 = EDGE_LOOP('',(#10909,#10910,#10911,#10917));
#10909 = ORIENTED_EDGE('',*,*,#10878,.T.);
#10910 = ORIENTED_EDGE('',*,*,#9874,.T.);
#10911 = ORIENTED_EDGE('',*,*,#10912,.F.);
#10912 = EDGE_CURVE('',#9218,#9875,#10913,.T.);
#10913 = LINE('',#10914,#10915);
#10914 = CARTESIAN_POINT('',(-1.27,-13.716,0.));
#10915 = VECTOR('',#10916,1.);
#10916 = DIRECTION('',(0.,0.,1.));
#10917 = ORIENTED_EDGE('',*,*,#9217,.F.);
#10918 = PLANE('',#10919);
#10919 = AXIS2_PLACEMENT_3D('',#10920,#10921,#10922);
#10920 = CARTESIAN_POINT('',(-1.27,-11.684,0.));
#10921 = DIRECTION('',(1.,0.,0.));
#10922 = DIRECTION('',(0.,-1.,0.));
#10923 = ADVANCED_FACE('',(#10924),#10935,.F.);
#10924 = FACE_BOUND('',#10925,.F.);
#10925 = EDGE_LOOP('',(#10926,#10932,#10933,#10934));
#10926 = ORIENTED_EDGE('',*,*,#10927,.T.);
#10927 = EDGE_CURVE('',#9346,#10003,#10928,.T.);
#10928 = LINE('',#10929,#10930);
#10929 = CARTESIAN_POINT('',(1.27,-11.684,0.));
#10930 = VECTOR('',#10931,1.);
#10931 = DIRECTION('',(0.,0.,1.));
#10932 = ORIENTED_EDGE('',*,*,#10010,.T.);
#10933 = ORIENTED_EDGE('',*,*,#10893,.F.);
#10934 = ORIENTED_EDGE('',*,*,#9353,.F.);
#10935 = PLANE('',#10936);
#10936 = AXIS2_PLACEMENT_3D('',#10937,#10938,#10939);
#10937 = CARTESIAN_POINT('',(1.27,-11.684,0.));
#10938 = DIRECTION('',(-0.707106781187,-0.707106781187,0.));
#10939 = DIRECTION('',(-0.707106781187,0.707106781187,0.));
#10940 = ADVANCED_FACE('',(#10941),#10952,.F.);
#10941 = FACE_BOUND('',#10942,.F.);
#10942 = EDGE_LOOP('',(#10943,#10944,#10945,#10951));
#10943 = ORIENTED_EDGE('',*,*,#10912,.T.);
#10944 = ORIENTED_EDGE('',*,*,#9882,.T.);
#10945 = ORIENTED_EDGE('',*,*,#10946,.F.);
#10946 = EDGE_CURVE('',#9226,#9883,#10947,.T.);
#10947 = LINE('',#10948,#10949);
#10948 = CARTESIAN_POINT('',(-1.016,-13.97,0.));
#10949 = VECTOR('',#10950,1.);
#10950 = DIRECTION('',(0.,0.,1.));
#10951 = ORIENTED_EDGE('',*,*,#9225,.F.);
#10952 = PLANE('',#10953);
#10953 = AXIS2_PLACEMENT_3D('',#10954,#10955,#10956);
#10954 = CARTESIAN_POINT('',(-1.27,-13.716,0.));
#10955 = DIRECTION('',(0.707106781187,0.707106781187,0.));
#10956 = DIRECTION('',(0.707106781187,-0.707106781187,0.));
#10957 = ADVANCED_FACE('',(#10958),#10969,.F.);
#10958 = FACE_BOUND('',#10959,.F.);
#10959 = EDGE_LOOP('',(#10960,#10966,#10967,#10968));
#10960 = ORIENTED_EDGE('',*,*,#10961,.T.);
#10961 = EDGE_CURVE('',#9338,#9995,#10962,.T.);
#10962 = LINE('',#10963,#10964);
#10963 = CARTESIAN_POINT('',(1.27,-13.716,0.));
#10964 = VECTOR('',#10965,1.);
#10965 = DIRECTION('',(0.,0.,1.));
#10966 = ORIENTED_EDGE('',*,*,#10002,.T.);
#10967 = ORIENTED_EDGE('',*,*,#10927,.F.);
#10968 = ORIENTED_EDGE('',*,*,#9345,.F.);
#10969 = PLANE('',#10970);
#10970 = AXIS2_PLACEMENT_3D('',#10971,#10972,#10973);
#10971 = CARTESIAN_POINT('',(1.27,-13.716,0.));
#10972 = DIRECTION('',(-1.,0.,0.));
#10973 = DIRECTION('',(0.,1.,0.));
#10974 = ADVANCED_FACE('',(#10975),#10986,.F.);
#10975 = FACE_BOUND('',#10976,.F.);
#10976 = EDGE_LOOP('',(#10977,#10978,#10979,#10985));
#10977 = ORIENTED_EDGE('',*,*,#10946,.T.);
#10978 = ORIENTED_EDGE('',*,*,#9890,.T.);
#10979 = ORIENTED_EDGE('',*,*,#10980,.F.);
#10980 = EDGE_CURVE('',#9234,#9891,#10981,.T.);
#10981 = LINE('',#10982,#10983);
#10982 = CARTESIAN_POINT('',(-1.27,-14.224,0.));
#10983 = VECTOR('',#10984,1.);
#10984 = DIRECTION('',(0.,0.,1.));
#10985 = ORIENTED_EDGE('',*,*,#9233,.F.);
#10986 = PLANE('',#10987);
#10987 = AXIS2_PLACEMENT_3D('',#10988,#10989,#10990);
#10988 = CARTESIAN_POINT('',(-1.016,-13.97,0.));
#10989 = DIRECTION('',(0.707106781187,-0.707106781187,0.));
#10990 = DIRECTION('',(-0.707106781187,-0.707106781187,0.));
#10991 = ADVANCED_FACE('',(#10992),#11003,.F.);
#10992 = FACE_BOUND('',#10993,.F.);
#10993 = EDGE_LOOP('',(#10994,#11000,#11001,#11002));
#10994 = ORIENTED_EDGE('',*,*,#10995,.T.);
#10995 = EDGE_CURVE('',#9330,#9987,#10996,.T.);
#10996 = LINE('',#10997,#10998);
#10997 = CARTESIAN_POINT('',(1.016,-13.97,0.));
#10998 = VECTOR('',#10999,1.);
#10999 = DIRECTION('',(0.,0.,1.));
#11000 = ORIENTED_EDGE('',*,*,#9994,.T.);
#11001 = ORIENTED_EDGE('',*,*,#10961,.F.);
#11002 = ORIENTED_EDGE('',*,*,#9337,.F.);
#11003 = PLANE('',#11004);
#11004 = AXIS2_PLACEMENT_3D('',#11005,#11006,#11007);
#11005 = CARTESIAN_POINT('',(1.016,-13.97,0.));
#11006 = DIRECTION('',(-0.707106781187,0.707106781187,0.));
#11007 = DIRECTION('',(0.707106781187,0.707106781187,0.));
#11008 = ADVANCED_FACE('',(#11009),#11020,.F.);
#11009 = FACE_BOUND('',#11010,.F.);
#11010 = EDGE_LOOP('',(#11011,#11012,#11013,#11019));
#11011 = ORIENTED_EDGE('',*,*,#10980,.T.);
#11012 = ORIENTED_EDGE('',*,*,#9898,.T.);
#11013 = ORIENTED_EDGE('',*,*,#11014,.F.);
#11014 = EDGE_CURVE('',#9242,#9899,#11015,.T.);
#11015 = LINE('',#11016,#11017);
#11016 = CARTESIAN_POINT('',(-1.27,-16.256,0.));
#11017 = VECTOR('',#11018,1.);
#11018 = DIRECTION('',(0.,0.,1.));
#11019 = ORIENTED_EDGE('',*,*,#9241,.F.);
#11020 = PLANE('',#11021);
#11021 = AXIS2_PLACEMENT_3D('',#11022,#11023,#11024);
#11022 = CARTESIAN_POINT('',(-1.27,-14.224,0.));
#11023 = DIRECTION('',(1.,0.,0.));
#11024 = DIRECTION('',(0.,-1.,0.));
#11025 = ADVANCED_FACE('',(#11026),#11037,.F.);
#11026 = FACE_BOUND('',#11027,.F.);
#11027 = EDGE_LOOP('',(#11028,#11034,#11035,#11036));
#11028 = ORIENTED_EDGE('',*,*,#11029,.T.);
#11029 = EDGE_CURVE('',#9322,#9979,#11030,.T.);
#11030 = LINE('',#11031,#11032);
#11031 = CARTESIAN_POINT('',(1.27,-14.224,0.));
#11032 = VECTOR('',#11033,1.);
#11033 = DIRECTION('',(0.,0.,1.));
#11034 = ORIENTED_EDGE('',*,*,#9986,.T.);
#11035 = ORIENTED_EDGE('',*,*,#10995,.F.);
#11036 = ORIENTED_EDGE('',*,*,#9329,.F.);
#11037 = PLANE('',#11038);
#11038 = AXIS2_PLACEMENT_3D('',#11039,#11040,#11041);
#11039 = CARTESIAN_POINT('',(1.27,-14.224,0.));
#11040 = DIRECTION('',(-0.707106781187,-0.707106781187,0.));
#11041 = DIRECTION('',(-0.707106781187,0.707106781187,0.));
#11042 = ADVANCED_FACE('',(#11043),#11054,.F.);
#11043 = FACE_BOUND('',#11044,.F.);
#11044 = EDGE_LOOP('',(#11045,#11046,#11047,#11053));
#11045 = ORIENTED_EDGE('',*,*,#11014,.T.);
#11046 = ORIENTED_EDGE('',*,*,#9906,.T.);
#11047 = ORIENTED_EDGE('',*,*,#11048,.F.);
#11048 = EDGE_CURVE('',#9250,#9907,#11049,.T.);
#11049 = LINE('',#11050,#11051);
#11050 = CARTESIAN_POINT('',(-1.016,-16.51,0.));
#11051 = VECTOR('',#11052,1.);
#11052 = DIRECTION('',(0.,0.,1.));
#11053 = ORIENTED_EDGE('',*,*,#9249,.F.);
#11054 = PLANE('',#11055);
#11055 = AXIS2_PLACEMENT_3D('',#11056,#11057,#11058);
#11056 = CARTESIAN_POINT('',(-1.27,-16.256,0.));
#11057 = DIRECTION('',(0.707106781187,0.707106781187,0.));
#11058 = DIRECTION('',(0.707106781187,-0.707106781187,0.));
#11059 = ADVANCED_FACE('',(#11060),#11071,.F.);
#11060 = FACE_BOUND('',#11061,.F.);
#11061 = EDGE_LOOP('',(#11062,#11068,#11069,#11070));
#11062 = ORIENTED_EDGE('',*,*,#11063,.T.);
#11063 = EDGE_CURVE('',#9314,#9971,#11064,.T.);
#11064 = LINE('',#11065,#11066);
#11065 = CARTESIAN_POINT('',(1.27,-16.256,0.));
#11066 = VECTOR('',#11067,1.);
#11067 = DIRECTION('',(0.,0.,1.));
#11068 = ORIENTED_EDGE('',*,*,#9978,.T.);
#11069 = ORIENTED_EDGE('',*,*,#11029,.F.);
#11070 = ORIENTED_EDGE('',*,*,#9321,.F.);
#11071 = PLANE('',#11072);
#11072 = AXIS2_PLACEMENT_3D('',#11073,#11074,#11075);
#11073 = CARTESIAN_POINT('',(1.27,-16.256,0.));
#11074 = DIRECTION('',(-1.,0.,0.));
#11075 = DIRECTION('',(0.,1.,0.));
#11076 = ADVANCED_FACE('',(#11077),#11088,.F.);
#11077 = FACE_BOUND('',#11078,.F.);
#11078 = EDGE_LOOP('',(#11079,#11080,#11081,#11087));
#11079 = ORIENTED_EDGE('',*,*,#11048,.T.);
#11080 = ORIENTED_EDGE('',*,*,#9914,.T.);
#11081 = ORIENTED_EDGE('',*,*,#11082,.F.);
#11082 = EDGE_CURVE('',#9258,#9915,#11083,.T.);
#11083 = LINE('',#11084,#11085);
#11084 = CARTESIAN_POINT('',(-1.27,-16.764,0.));
#11085 = VECTOR('',#11086,1.);
#11086 = DIRECTION('',(0.,0.,1.));
#11087 = ORIENTED_EDGE('',*,*,#9257,.F.);
#11088 = PLANE('',#11089);
#11089 = AXIS2_PLACEMENT_3D('',#11090,#11091,#11092);
#11090 = CARTESIAN_POINT('',(-1.016,-16.51,0.));
#11091 = DIRECTION('',(0.707106781187,-0.707106781187,0.));
#11092 = DIRECTION('',(-0.707106781187,-0.707106781187,0.));
#11093 = ADVANCED_FACE('',(#11094),#11105,.F.);
#11094 = FACE_BOUND('',#11095,.F.);
#11095 = EDGE_LOOP('',(#11096,#11102,#11103,#11104));
#11096 = ORIENTED_EDGE('',*,*,#11097,.T.);
#11097 = EDGE_CURVE('',#9306,#9963,#11098,.T.);
#11098 = LINE('',#11099,#11100);
#11099 = CARTESIAN_POINT('',(1.016,-16.51,0.));
#11100 = VECTOR('',#11101,1.);
#11101 = DIRECTION('',(0.,0.,1.));
#11102 = ORIENTED_EDGE('',*,*,#9970,.T.);
#11103 = ORIENTED_EDGE('',*,*,#11063,.F.);
#11104 = ORIENTED_EDGE('',*,*,#9313,.F.);
#11105 = PLANE('',#11106);
#11106 = AXIS2_PLACEMENT_3D('',#11107,#11108,#11109);
#11107 = CARTESIAN_POINT('',(1.016,-16.51,0.));
#11108 = DIRECTION('',(-0.707106781187,0.707106781187,0.));
#11109 = DIRECTION('',(0.707106781187,0.707106781187,0.));
#11110 = ADVANCED_FACE('',(#11111),#11122,.F.);
#11111 = FACE_BOUND('',#11112,.F.);
#11112 = EDGE_LOOP('',(#11113,#11114,#11115,#11121));
#11113 = ORIENTED_EDGE('',*,*,#11082,.T.);
#11114 = ORIENTED_EDGE('',*,*,#9922,.T.);
#11115 = ORIENTED_EDGE('',*,*,#11116,.F.);
#11116 = EDGE_CURVE('',#9266,#9923,#11117,.T.);
#11117 = LINE('',#11118,#11119);
#11118 = CARTESIAN_POINT('',(-1.27,-18.796,0.));
#11119 = VECTOR('',#11120,1.);
#11120 = DIRECTION('',(0.,0.,1.));
#11121 = ORIENTED_EDGE('',*,*,#9265,.F.);
#11122 = PLANE('',#11123);
#11123 = AXIS2_PLACEMENT_3D('',#11124,#11125,#11126);
#11124 = CARTESIAN_POINT('',(-1.27,-16.764,0.));
#11125 = DIRECTION('',(1.,0.,0.));
#11126 = DIRECTION('',(0.,-1.,0.));
#11127 = ADVANCED_FACE('',(#11128),#11139,.F.);
#11128 = FACE_BOUND('',#11129,.F.);
#11129 = EDGE_LOOP('',(#11130,#11136,#11137,#11138));
#11130 = ORIENTED_EDGE('',*,*,#11131,.T.);
#11131 = EDGE_CURVE('',#9298,#9955,#11132,.T.);
#11132 = LINE('',#11133,#11134);
#11133 = CARTESIAN_POINT('',(1.27,-16.764,0.));
#11134 = VECTOR('',#11135,1.);
#11135 = DIRECTION('',(0.,0.,1.));
#11136 = ORIENTED_EDGE('',*,*,#9962,.T.);
#11137 = ORIENTED_EDGE('',*,*,#11097,.F.);
#11138 = ORIENTED_EDGE('',*,*,#9305,.F.);
#11139 = PLANE('',#11140);
#11140 = AXIS2_PLACEMENT_3D('',#11141,#11142,#11143);
#11141 = CARTESIAN_POINT('',(1.27,-16.764,0.));
#11142 = DIRECTION('',(-0.707106781187,-0.707106781187,0.));
#11143 = DIRECTION('',(-0.707106781187,0.707106781187,0.));
#11144 = ADVANCED_FACE('',(#11145),#11156,.F.);
#11145 = FACE_BOUND('',#11146,.F.);
#11146 = EDGE_LOOP('',(#11147,#11148,#11149,#11155));
#11147 = ORIENTED_EDGE('',*,*,#11116,.T.);
#11148 = ORIENTED_EDGE('',*,*,#9930,.T.);
#11149 = ORIENTED_EDGE('',*,*,#11150,.F.);
#11150 = EDGE_CURVE('',#9274,#9931,#11151,.T.);
#11151 = LINE('',#11152,#11153);
#11152 = CARTESIAN_POINT('',(-1.016,-19.05,0.));
#11153 = VECTOR('',#11154,1.);
#11154 = DIRECTION('',(0.,0.,1.));
#11155 = ORIENTED_EDGE('',*,*,#9273,.F.);
#11156 = PLANE('',#11157);
#11157 = AXIS2_PLACEMENT_3D('',#11158,#11159,#11160);
#11158 = CARTESIAN_POINT('',(-1.27,-18.796,0.));
#11159 = DIRECTION('',(0.707106781187,0.707106781187,0.));
#11160 = DIRECTION('',(0.707106781187,-0.707106781187,0.));
#11161 = ADVANCED_FACE('',(#11162),#11173,.F.);
#11162 = FACE_BOUND('',#11163,.F.);
#11163 = EDGE_LOOP('',(#11164,#11170,#11171,#11172));
#11164 = ORIENTED_EDGE('',*,*,#11165,.T.);
#11165 = EDGE_CURVE('',#9290,#9947,#11166,.T.);
#11166 = LINE('',#11167,#11168);
#11167 = CARTESIAN_POINT('',(1.27,-18.796,0.));
#11168 = VECTOR('',#11169,1.);
#11169 = DIRECTION('',(0.,0.,1.));
#11170 = ORIENTED_EDGE('',*,*,#9954,.T.);
#11171 = ORIENTED_EDGE('',*,*,#11131,.F.);
#11172 = ORIENTED_EDGE('',*,*,#9297,.F.);
#11173 = PLANE('',#11174);
#11174 = AXIS2_PLACEMENT_3D('',#11175,#11176,#11177);
#11175 = CARTESIAN_POINT('',(1.27,-18.796,0.));
#11176 = DIRECTION('',(-1.,0.,0.));
#11177 = DIRECTION('',(0.,1.,0.));
#11178 = ADVANCED_FACE('',(#11179),#11190,.F.);
#11179 = FACE_BOUND('',#11180,.F.);
#11180 = EDGE_LOOP('',(#11181,#11182,#11183,#11189));
#11181 = ORIENTED_EDGE('',*,*,#11150,.T.);
#11182 = ORIENTED_EDGE('',*,*,#9938,.T.);
#11183 = ORIENTED_EDGE('',*,*,#11184,.F.);
#11184 = EDGE_CURVE('',#9282,#9939,#11185,.T.);
#11185 = LINE('',#11186,#11187);
#11186 = CARTESIAN_POINT('',(1.016,-19.05,0.));
#11187 = VECTOR('',#11188,1.);
#11188 = DIRECTION('',(0.,0.,1.));
#11189 = ORIENTED_EDGE('',*,*,#9281,.F.);
#11190 = PLANE('',#11191);
#11191 = AXIS2_PLACEMENT_3D('',#11192,#11193,#11194);
#11192 = CARTESIAN_POINT('',(-1.016,-19.05,0.));
#11193 = DIRECTION('',(0.,1.,0.));
#11194 = DIRECTION('',(1.,0.,0.));
#11195 = ADVANCED_FACE('',(#11196),#11202,.F.);
#11196 = FACE_BOUND('',#11197,.F.);
#11197 = EDGE_LOOP('',(#11198,#11199,#11200,#11201));
#11198 = ORIENTED_EDGE('',*,*,#11184,.T.);
#11199 = ORIENTED_EDGE('',*,*,#9946,.T.);
#11200 = ORIENTED_EDGE('',*,*,#11165,.F.);
#11201 = ORIENTED_EDGE('',*,*,#9289,.F.);
#11202 = PLANE('',#11203);
#11203 = AXIS2_PLACEMENT_3D('',#11204,#11205,#11206);
#11204 = CARTESIAN_POINT('',(1.016,-19.05,0.));
#11205 = DIRECTION('',(-0.707106781187,0.707106781187,0.));
#11206 = DIRECTION('',(0.707106781187,0.707106781187,0.));
#11207 = ADVANCED_FACE('',(#11208),#11233,.F.);
#11208 = FACE_BOUND('',#11209,.F.);
#11209 = EDGE_LOOP('',(#11210,#11218,#11226,#11232));
#11210 = ORIENTED_EDGE('',*,*,#11211,.F.);
#11211 = EDGE_CURVE('',#11212,#9483,#11214,.T.);
#11212 = VERTEX_POINT('',#11213);
#11213 = CARTESIAN_POINT('',(0.32,-18.1,-2.84));
#11214 = LINE('',#11215,#11216);
#11215 = CARTESIAN_POINT('',(0.32,-18.1,-3.));
#11216 = VECTOR('',#11217,1.);
#11217 = DIRECTION('',(0.,0.,1.));
#11218 = ORIENTED_EDGE('',*,*,#11219,.F.);
#11219 = EDGE_CURVE('',#11220,#11212,#11222,.T.);
#11220 = VERTEX_POINT('',#11221);
#11221 = CARTESIAN_POINT('',(-0.32,-18.1,-2.84));
#11222 = LINE('',#11223,#11224);
#11223 = CARTESIAN_POINT('',(-0.32,-18.1,-2.84));
#11224 = VECTOR('',#11225,1.);
#11225 = DIRECTION('',(1.,0.,0.));
#11226 = ORIENTED_EDGE('',*,*,#11227,.T.);
#11227 = EDGE_CURVE('',#11220,#9485,#11228,.T.);
#11228 = LINE('',#11229,#11230);
#11229 = CARTESIAN_POINT('',(-0.32,-18.1,-3.));
#11230 = VECTOR('',#11231,1.);
#11231 = DIRECTION('',(0.,0.,1.));
#11232 = ORIENTED_EDGE('',*,*,#9482,.F.);
#11233 = PLANE('',#11234);
#11234 = AXIS2_PLACEMENT_3D('',#11235,#11236,#11237);
#11235 = CARTESIAN_POINT('',(-0.32,-18.1,-3.));
#11236 = DIRECTION('',(0.,1.,0.));
#11237 = DIRECTION('',(0.,-0.,1.));
#11238 = ADVANCED_FACE('',(#11239),#11257,.T.);
#11239 = FACE_BOUND('',#11240,.T.);
#11240 = EDGE_LOOP('',(#11241,#11242,#11250,#11256));
#11241 = ORIENTED_EDGE('',*,*,#11211,.F.);
#11242 = ORIENTED_EDGE('',*,*,#11243,.T.);
#11243 = EDGE_CURVE('',#11212,#11244,#11246,.T.);
#11244 = VERTEX_POINT('',#11245);
#11245 = CARTESIAN_POINT('',(0.32,-17.46,-2.84));
#11246 = LINE('',#11247,#11248);
#11247 = CARTESIAN_POINT('',(0.32,-18.1,-2.84));
#11248 = VECTOR('',#11249,1.);
#11249 = DIRECTION('',(0.,1.,0.));
#11250 = ORIENTED_EDGE('',*,*,#11251,.T.);
#11251 = EDGE_CURVE('',#11244,#9501,#11252,.T.);
#11252 = LINE('',#11253,#11254);
#11253 = CARTESIAN_POINT('',(0.32,-17.46,-3.));
#11254 = VECTOR('',#11255,1.);
#11255 = DIRECTION('',(0.,0.,1.));
#11256 = ORIENTED_EDGE('',*,*,#9508,.F.);
#11257 = PLANE('',#11258);
#11258 = AXIS2_PLACEMENT_3D('',#11259,#11260,#11261);
#11259 = CARTESIAN_POINT('',(0.32,-18.1,-3.));
#11260 = DIRECTION('',(1.,0.,0.));
#11261 = DIRECTION('',(0.,0.,1.));
#11262 = ADVANCED_FACE('',(#11263),#11281,.T.);
#11263 = FACE_BOUND('',#11264,.T.);
#11264 = EDGE_LOOP('',(#11265,#11266,#11274,#11280));
#11265 = ORIENTED_EDGE('',*,*,#11251,.F.);
#11266 = ORIENTED_EDGE('',*,*,#11267,.F.);
#11267 = EDGE_CURVE('',#11268,#11244,#11270,.T.);
#11268 = VERTEX_POINT('',#11269);
#11269 = CARTESIAN_POINT('',(-0.32,-17.46,-2.84));
#11270 = LINE('',#11271,#11272);
#11271 = CARTESIAN_POINT('',(-0.32,-17.46,-2.84));
#11272 = VECTOR('',#11273,1.);
#11273 = DIRECTION('',(1.,0.,0.));
#11274 = ORIENTED_EDGE('',*,*,#11275,.T.);
#11275 = EDGE_CURVE('',#11268,#9493,#11276,.T.);
#11276 = LINE('',#11277,#11278);
#11277 = CARTESIAN_POINT('',(-0.32,-17.46,-3.));
#11278 = VECTOR('',#11279,1.);
#11279 = DIRECTION('',(0.,0.,1.));
#11280 = ORIENTED_EDGE('',*,*,#9500,.F.);
#11281 = PLANE('',#11282);
#11282 = AXIS2_PLACEMENT_3D('',#11283,#11284,#11285);
#11283 = CARTESIAN_POINT('',(-0.32,-17.46,-3.));
#11284 = DIRECTION('',(0.,1.,0.));
#11285 = DIRECTION('',(0.,-0.,1.));
#11286 = ADVANCED_FACE('',(#11287),#11298,.F.);
#11287 = FACE_BOUND('',#11288,.F.);
#11288 = EDGE_LOOP('',(#11289,#11290,#11296,#11297));
#11289 = ORIENTED_EDGE('',*,*,#11227,.F.);
#11290 = ORIENTED_EDGE('',*,*,#11291,.T.);
#11291 = EDGE_CURVE('',#11220,#11268,#11292,.T.);
#11292 = LINE('',#11293,#11294);
#11293 = CARTESIAN_POINT('',(-0.32,-18.1,-2.84));
#11294 = VECTOR('',#11295,1.);
#11295 = DIRECTION('',(0.,1.,0.));
#11296 = ORIENTED_EDGE('',*,*,#11275,.T.);
#11297 = ORIENTED_EDGE('',*,*,#9492,.F.);
#11298 = PLANE('',#11299);
#11299 = AXIS2_PLACEMENT_3D('',#11300,#11301,#11302);
#11300 = CARTESIAN_POINT('',(-0.32,-18.1,-3.));
#11301 = DIRECTION('',(1.,0.,0.));
#11302 = DIRECTION('',(0.,0.,1.));
#11303 = ADVANCED_FACE('',(#11304),#11329,.T.);
#11304 = FACE_BOUND('',#11305,.T.);
#11305 = EDGE_LOOP('',(#11306,#11314,#11322,#11328));
#11306 = ORIENTED_EDGE('',*,*,#11307,.F.);
#11307 = EDGE_CURVE('',#11308,#9517,#11310,.T.);
#11308 = VERTEX_POINT('',#11309);
#11309 = CARTESIAN_POINT('',(0.32,-14.92,-2.84));
#11310 = LINE('',#11311,#11312);
#11311 = CARTESIAN_POINT('',(0.32,-14.92,-3.));
#11312 = VECTOR('',#11313,1.);
#11313 = DIRECTION('',(0.,0.,1.));
#11314 = ORIENTED_EDGE('',*,*,#11315,.F.);
#11315 = EDGE_CURVE('',#11316,#11308,#11318,.T.);
#11316 = VERTEX_POINT('',#11317);
#11317 = CARTESIAN_POINT('',(-0.32,-14.92,-2.84));
#11318 = LINE('',#11319,#11320);
#11319 = CARTESIAN_POINT('',(-0.32,-14.92,-2.84));
#11320 = VECTOR('',#11321,1.);
#11321 = DIRECTION('',(1.,0.,0.));
#11322 = ORIENTED_EDGE('',*,*,#11323,.T.);
#11323 = EDGE_CURVE('',#11316,#9519,#11324,.T.);
#11324 = LINE('',#11325,#11326);
#11325 = CARTESIAN_POINT('',(-0.32,-14.92,-3.));
#11326 = VECTOR('',#11327,1.);
#11327 = DIRECTION('',(0.,0.,1.));
#11328 = ORIENTED_EDGE('',*,*,#9516,.F.);
#11329 = PLANE('',#11330);
#11330 = AXIS2_PLACEMENT_3D('',#11331,#11332,#11333);
#11331 = CARTESIAN_POINT('',(-0.32,-14.92,-3.));
#11332 = DIRECTION('',(0.,1.,0.));
#11333 = DIRECTION('',(0.,-0.,1.));
#11334 = ADVANCED_FACE('',(#11335),#11353,.F.);
#11335 = FACE_BOUND('',#11336,.F.);
#11336 = EDGE_LOOP('',(#11337,#11345,#11351,#11352));
#11337 = ORIENTED_EDGE('',*,*,#11338,.F.);
#11338 = EDGE_CURVE('',#11339,#9535,#11341,.T.);
#11339 = VERTEX_POINT('',#11340);
#11340 = CARTESIAN_POINT('',(-0.32,-15.56,-2.84));
#11341 = LINE('',#11342,#11343);
#11342 = CARTESIAN_POINT('',(-0.32,-15.56,-3.));
#11343 = VECTOR('',#11344,1.);
#11344 = DIRECTION('',(0.,0.,1.));
#11345 = ORIENTED_EDGE('',*,*,#11346,.T.);
#11346 = EDGE_CURVE('',#11339,#11316,#11347,.T.);
#11347 = LINE('',#11348,#11349);
#11348 = CARTESIAN_POINT('',(-0.32,-15.56,-2.84));
#11349 = VECTOR('',#11350,1.);
#11350 = DIRECTION('',(0.,1.,0.));
#11351 = ORIENTED_EDGE('',*,*,#11323,.T.);
#11352 = ORIENTED_EDGE('',*,*,#9542,.F.);
#11353 = PLANE('',#11354);
#11354 = AXIS2_PLACEMENT_3D('',#11355,#11356,#11357);
#11355 = CARTESIAN_POINT('',(-0.32,-15.56,-3.));
#11356 = DIRECTION('',(1.,0.,0.));
#11357 = DIRECTION('',(0.,0.,1.));
#11358 = ADVANCED_FACE('',(#11359),#11377,.F.);
#11359 = FACE_BOUND('',#11360,.F.);
#11360 = EDGE_LOOP('',(#11361,#11369,#11375,#11376));
#11361 = ORIENTED_EDGE('',*,*,#11362,.F.);
#11362 = EDGE_CURVE('',#11363,#9527,#11365,.T.);
#11363 = VERTEX_POINT('',#11364);
#11364 = CARTESIAN_POINT('',(0.32,-15.56,-2.84));
#11365 = LINE('',#11366,#11367);
#11366 = CARTESIAN_POINT('',(0.32,-15.56,-3.));
#11367 = VECTOR('',#11368,1.);
#11368 = DIRECTION('',(0.,0.,1.));
#11369 = ORIENTED_EDGE('',*,*,#11370,.F.);
#11370 = EDGE_CURVE('',#11339,#11363,#11371,.T.);
#11371 = LINE('',#11372,#11373);
#11372 = CARTESIAN_POINT('',(-0.32,-15.56,-2.84));
#11373 = VECTOR('',#11374,1.);
#11374 = DIRECTION('',(1.,0.,0.));
#11375 = ORIENTED_EDGE('',*,*,#11338,.T.);
#11376 = ORIENTED_EDGE('',*,*,#9534,.F.);
#11377 = PLANE('',#11378);
#11378 = AXIS2_PLACEMENT_3D('',#11379,#11380,#11381);
#11379 = CARTESIAN_POINT('',(-0.32,-15.56,-3.));
#11380 = DIRECTION('',(0.,1.,0.));
#11381 = DIRECTION('',(0.,-0.,1.));
#11382 = ADVANCED_FACE('',(#11383),#11394,.T.);
#11383 = FACE_BOUND('',#11384,.T.);
#11384 = EDGE_LOOP('',(#11385,#11386,#11392,#11393));
#11385 = ORIENTED_EDGE('',*,*,#11362,.F.);
#11386 = ORIENTED_EDGE('',*,*,#11387,.T.);
#11387 = EDGE_CURVE('',#11363,#11308,#11388,.T.);
#11388 = LINE('',#11389,#11390);
#11389 = CARTESIAN_POINT('',(0.32,-15.56,-2.84));
#11390 = VECTOR('',#11391,1.);
#11391 = DIRECTION('',(0.,1.,0.));
#11392 = ORIENTED_EDGE('',*,*,#11307,.T.);
#11393 = ORIENTED_EDGE('',*,*,#9526,.F.);
#11394 = PLANE('',#11395);
#11395 = AXIS2_PLACEMENT_3D('',#11396,#11397,#11398);
#11396 = CARTESIAN_POINT('',(0.32,-15.56,-3.));
#11397 = DIRECTION('',(1.,0.,0.));
#11398 = DIRECTION('',(0.,0.,1.));
#11399 = ADVANCED_FACE('',(#11400),#11425,.T.);
#11400 = FACE_BOUND('',#11401,.T.);
#11401 = EDGE_LOOP('',(#11402,#11410,#11418,#11424));
#11402 = ORIENTED_EDGE('',*,*,#11403,.F.);
#11403 = EDGE_CURVE('',#11404,#9551,#11406,.T.);
#11404 = VERTEX_POINT('',#11405);
#11405 = CARTESIAN_POINT('',(0.32,-7.94,-2.84));
#11406 = LINE('',#11407,#11408);
#11407 = CARTESIAN_POINT('',(0.32,-7.94,-3.));
#11408 = VECTOR('',#11409,1.);
#11409 = DIRECTION('',(0.,0.,1.));
#11410 = ORIENTED_EDGE('',*,*,#11411,.T.);
#11411 = EDGE_CURVE('',#11404,#11412,#11414,.T.);
#11412 = VERTEX_POINT('',#11413);
#11413 = CARTESIAN_POINT('',(0.32,-7.3,-2.84));
#11414 = LINE('',#11415,#11416);
#11415 = CARTESIAN_POINT('',(0.32,-7.94,-2.84));
#11416 = VECTOR('',#11417,1.);
#11417 = DIRECTION('',(0.,1.,0.));
#11418 = ORIENTED_EDGE('',*,*,#11419,.T.);
#11419 = EDGE_CURVE('',#11412,#9553,#11420,.T.);
#11420 = LINE('',#11421,#11422);
#11421 = CARTESIAN_POINT('',(0.32,-7.3,-3.));
#11422 = VECTOR('',#11423,1.);
#11423 = DIRECTION('',(0.,0.,1.));
#11424 = ORIENTED_EDGE('',*,*,#9550,.F.);
#11425 = PLANE('',#11426);
#11426 = AXIS2_PLACEMENT_3D('',#11427,#11428,#11429);
#11427 = CARTESIAN_POINT('',(0.32,-7.94,-3.));
#11428 = DIRECTION('',(1.,0.,0.));
#11429 = DIRECTION('',(0.,0.,1.));
#11430 = ADVANCED_FACE('',(#11431),#11449,.T.);
#11431 = FACE_BOUND('',#11432,.T.);
#11432 = EDGE_LOOP('',(#11433,#11434,#11442,#11448));
#11433 = ORIENTED_EDGE('',*,*,#11419,.F.);
#11434 = ORIENTED_EDGE('',*,*,#11435,.F.);
#11435 = EDGE_CURVE('',#11436,#11412,#11438,.T.);
#11436 = VERTEX_POINT('',#11437);
#11437 = CARTESIAN_POINT('',(-0.32,-7.3,-2.84));
#11438 = LINE('',#11439,#11440);
#11439 = CARTESIAN_POINT('',(-0.32,-7.3,-2.84));
#11440 = VECTOR('',#11441,1.);
#11441 = DIRECTION('',(1.,0.,0.));
#11442 = ORIENTED_EDGE('',*,*,#11443,.T.);
#11443 = EDGE_CURVE('',#11436,#9569,#11444,.T.);
#11444 = LINE('',#11445,#11446);
#11445 = CARTESIAN_POINT('',(-0.32,-7.3,-3.));
#11446 = VECTOR('',#11447,1.);
#11447 = DIRECTION('',(0.,0.,1.));
#11448 = ORIENTED_EDGE('',*,*,#9576,.F.);
#11449 = PLANE('',#11450);
#11450 = AXIS2_PLACEMENT_3D('',#11451,#11452,#11453);
#11451 = CARTESIAN_POINT('',(-0.32,-7.3,-3.));
#11452 = DIRECTION('',(0.,1.,0.));
#11453 = DIRECTION('',(0.,-0.,1.));
#11454 = ADVANCED_FACE('',(#11455),#11473,.F.);
#11455 = FACE_BOUND('',#11456,.F.);
#11456 = EDGE_LOOP('',(#11457,#11465,#11471,#11472));
#11457 = ORIENTED_EDGE('',*,*,#11458,.F.);
#11458 = EDGE_CURVE('',#11459,#9561,#11461,.T.);
#11459 = VERTEX_POINT('',#11460);
#11460 = CARTESIAN_POINT('',(-0.32,-7.94,-2.84));
#11461 = LINE('',#11462,#11463);
#11462 = CARTESIAN_POINT('',(-0.32,-7.94,-3.));
#11463 = VECTOR('',#11464,1.);
#11464 = DIRECTION('',(0.,0.,1.));
#11465 = ORIENTED_EDGE('',*,*,#11466,.T.);
#11466 = EDGE_CURVE('',#11459,#11436,#11467,.T.);
#11467 = LINE('',#11468,#11469);
#11468 = CARTESIAN_POINT('',(-0.32,-7.94,-2.84));
#11469 = VECTOR('',#11470,1.);
#11470 = DIRECTION('',(0.,1.,0.));
#11471 = ORIENTED_EDGE('',*,*,#11443,.T.);
#11472 = ORIENTED_EDGE('',*,*,#9568,.F.);
#11473 = PLANE('',#11474);
#11474 = AXIS2_PLACEMENT_3D('',#11475,#11476,#11477);
#11475 = CARTESIAN_POINT('',(-0.32,-7.94,-3.));
#11476 = DIRECTION('',(1.,0.,0.));
#11477 = DIRECTION('',(0.,0.,1.));
#11478 = ADVANCED_FACE('',(#11479),#11490,.F.);
#11479 = FACE_BOUND('',#11480,.F.);
#11480 = EDGE_LOOP('',(#11481,#11482,#11488,#11489));
#11481 = ORIENTED_EDGE('',*,*,#11403,.F.);
#11482 = ORIENTED_EDGE('',*,*,#11483,.F.);
#11483 = EDGE_CURVE('',#11459,#11404,#11484,.T.);
#11484 = LINE('',#11485,#11486);
#11485 = CARTESIAN_POINT('',(-0.32,-7.94,-2.84));
#11486 = VECTOR('',#11487,1.);
#11487 = DIRECTION('',(1.,0.,0.));
#11488 = ORIENTED_EDGE('',*,*,#11458,.T.);
#11489 = ORIENTED_EDGE('',*,*,#9560,.F.);
#11490 = PLANE('',#11491);
#11491 = AXIS2_PLACEMENT_3D('',#11492,#11493,#11494);
#11492 = CARTESIAN_POINT('',(-0.32,-7.94,-3.));
#11493 = DIRECTION('',(0.,1.,0.));
#11494 = DIRECTION('',(0.,-0.,1.));
#11495 = ADVANCED_FACE('',(#11496),#11521,.T.);
#11496 = FACE_BOUND('',#11497,.T.);
#11497 = EDGE_LOOP('',(#11498,#11506,#11514,#11520));
#11498 = ORIENTED_EDGE('',*,*,#11499,.F.);
#11499 = EDGE_CURVE('',#11500,#9585,#11502,.T.);
#11500 = VERTEX_POINT('',#11501);
#11501 = CARTESIAN_POINT('',(0.32,-12.38,-2.84));
#11502 = LINE('',#11503,#11504);
#11503 = CARTESIAN_POINT('',(0.32,-12.38,-3.));
#11504 = VECTOR('',#11505,1.);
#11505 = DIRECTION('',(0.,0.,1.));
#11506 = ORIENTED_EDGE('',*,*,#11507,.F.);
#11507 = EDGE_CURVE('',#11508,#11500,#11510,.T.);
#11508 = VERTEX_POINT('',#11509);
#11509 = CARTESIAN_POINT('',(-0.32,-12.38,-2.84));
#11510 = LINE('',#11511,#11512);
#11511 = CARTESIAN_POINT('',(-0.32,-12.38,-2.84));
#11512 = VECTOR('',#11513,1.);
#11513 = DIRECTION('',(1.,0.,0.));
#11514 = ORIENTED_EDGE('',*,*,#11515,.T.);
#11515 = EDGE_CURVE('',#11508,#9587,#11516,.T.);
#11516 = LINE('',#11517,#11518);
#11517 = CARTESIAN_POINT('',(-0.32,-12.38,-3.));
#11518 = VECTOR('',#11519,1.);
#11519 = DIRECTION('',(0.,0.,1.));
#11520 = ORIENTED_EDGE('',*,*,#9584,.F.);
#11521 = PLANE('',#11522);
#11522 = AXIS2_PLACEMENT_3D('',#11523,#11524,#11525);
#11523 = CARTESIAN_POINT('',(-0.32,-12.38,-3.));
#11524 = DIRECTION('',(0.,1.,0.));
#11525 = DIRECTION('',(0.,-0.,1.));
#11526 = ADVANCED_FACE('',(#11527),#11545,.F.);
#11527 = FACE_BOUND('',#11528,.F.);
#11528 = EDGE_LOOP('',(#11529,#11537,#11543,#11544));
#11529 = ORIENTED_EDGE('',*,*,#11530,.F.);
#11530 = EDGE_CURVE('',#11531,#9603,#11533,.T.);
#11531 = VERTEX_POINT('',#11532);
#11532 = CARTESIAN_POINT('',(-0.32,-13.02,-2.84));
#11533 = LINE('',#11534,#11535);
#11534 = CARTESIAN_POINT('',(-0.32,-13.02,-3.));
#11535 = VECTOR('',#11536,1.);
#11536 = DIRECTION('',(0.,0.,1.));
#11537 = ORIENTED_EDGE('',*,*,#11538,.T.);
#11538 = EDGE_CURVE('',#11531,#11508,#11539,.T.);
#11539 = LINE('',#11540,#11541);
#11540 = CARTESIAN_POINT('',(-0.32,-13.02,-2.84));
#11541 = VECTOR('',#11542,1.);
#11542 = DIRECTION('',(0.,1.,0.));
#11543 = ORIENTED_EDGE('',*,*,#11515,.T.);
#11544 = ORIENTED_EDGE('',*,*,#9610,.F.);
#11545 = PLANE('',#11546);
#11546 = AXIS2_PLACEMENT_3D('',#11547,#11548,#11549);
#11547 = CARTESIAN_POINT('',(-0.32,-13.02,-3.));
#11548 = DIRECTION('',(1.,0.,0.));
#11549 = DIRECTION('',(0.,0.,1.));
#11550 = ADVANCED_FACE('',(#11551),#11569,.F.);
#11551 = FACE_BOUND('',#11552,.F.);
#11552 = EDGE_LOOP('',(#11553,#11561,#11567,#11568));
#11553 = ORIENTED_EDGE('',*,*,#11554,.F.);
#11554 = EDGE_CURVE('',#11555,#9595,#11557,.T.);
#11555 = VERTEX_POINT('',#11556);
#11556 = CARTESIAN_POINT('',(0.32,-13.02,-2.84));
#11557 = LINE('',#11558,#11559);
#11558 = CARTESIAN_POINT('',(0.32,-13.02,-3.));
#11559 = VECTOR('',#11560,1.);
#11560 = DIRECTION('',(0.,0.,1.));
#11561 = ORIENTED_EDGE('',*,*,#11562,.F.);
#11562 = EDGE_CURVE('',#11531,#11555,#11563,.T.);
#11563 = LINE('',#11564,#11565);
#11564 = CARTESIAN_POINT('',(-0.32,-13.02,-2.84));
#11565 = VECTOR('',#11566,1.);
#11566 = DIRECTION('',(1.,0.,0.));
#11567 = ORIENTED_EDGE('',*,*,#11530,.T.);
#11568 = ORIENTED_EDGE('',*,*,#9602,.F.);
#11569 = PLANE('',#11570);
#11570 = AXIS2_PLACEMENT_3D('',#11571,#11572,#11573);
#11571 = CARTESIAN_POINT('',(-0.32,-13.02,-3.));
#11572 = DIRECTION('',(0.,1.,0.));
#11573 = DIRECTION('',(0.,-0.,1.));
#11574 = ADVANCED_FACE('',(#11575),#11586,.T.);
#11575 = FACE_BOUND('',#11576,.T.);
#11576 = EDGE_LOOP('',(#11577,#11578,#11584,#11585));
#11577 = ORIENTED_EDGE('',*,*,#11554,.F.);
#11578 = ORIENTED_EDGE('',*,*,#11579,.T.);
#11579 = EDGE_CURVE('',#11555,#11500,#11580,.T.);
#11580 = LINE('',#11581,#11582);
#11581 = CARTESIAN_POINT('',(0.32,-13.02,-2.84));
#11582 = VECTOR('',#11583,1.);
#11583 = DIRECTION('',(0.,1.,0.));
#11584 = ORIENTED_EDGE('',*,*,#11499,.T.);
#11585 = ORIENTED_EDGE('',*,*,#9594,.F.);
#11586 = PLANE('',#11587);
#11587 = AXIS2_PLACEMENT_3D('',#11588,#11589,#11590);
#11588 = CARTESIAN_POINT('',(0.32,-13.02,-3.));
#11589 = DIRECTION('',(1.,0.,0.));
#11590 = DIRECTION('',(0.,0.,1.));
#11591 = ADVANCED_FACE('',(#11592),#11617,.T.);
#11592 = FACE_BOUND('',#11593,.T.);
#11593 = EDGE_LOOP('',(#11594,#11602,#11610,#11616));
#11594 = ORIENTED_EDGE('',*,*,#11595,.F.);
#11595 = EDGE_CURVE('',#11596,#9619,#11598,.T.);
#11596 = VERTEX_POINT('',#11597);
#11597 = CARTESIAN_POINT('',(0.32,-10.48,-2.84));
#11598 = LINE('',#11599,#11600);
#11599 = CARTESIAN_POINT('',(0.32,-10.48,-3.));
#11600 = VECTOR('',#11601,1.);
#11601 = DIRECTION('',(0.,0.,1.));
#11602 = ORIENTED_EDGE('',*,*,#11603,.T.);
#11603 = EDGE_CURVE('',#11596,#11604,#11606,.T.);
#11604 = VERTEX_POINT('',#11605);
#11605 = CARTESIAN_POINT('',(0.32,-9.84,-2.84));
#11606 = LINE('',#11607,#11608);
#11607 = CARTESIAN_POINT('',(0.32,-10.48,-2.84));
#11608 = VECTOR('',#11609,1.);
#11609 = DIRECTION('',(0.,1.,0.));
#11610 = ORIENTED_EDGE('',*,*,#11611,.T.);
#11611 = EDGE_CURVE('',#11604,#9621,#11612,.T.);
#11612 = LINE('',#11613,#11614);
#11613 = CARTESIAN_POINT('',(0.32,-9.84,-3.));
#11614 = VECTOR('',#11615,1.);
#11615 = DIRECTION('',(0.,0.,1.));
#11616 = ORIENTED_EDGE('',*,*,#9618,.F.);
#11617 = PLANE('',#11618);
#11618 = AXIS2_PLACEMENT_3D('',#11619,#11620,#11621);
#11619 = CARTESIAN_POINT('',(0.32,-10.48,-3.));
#11620 = DIRECTION('',(1.,0.,0.));
#11621 = DIRECTION('',(0.,0.,1.));
#11622 = ADVANCED_FACE('',(#11623),#11641,.T.);
#11623 = FACE_BOUND('',#11624,.T.);
#11624 = EDGE_LOOP('',(#11625,#11626,#11634,#11640));
#11625 = ORIENTED_EDGE('',*,*,#11611,.F.);
#11626 = ORIENTED_EDGE('',*,*,#11627,.F.);
#11627 = EDGE_CURVE('',#11628,#11604,#11630,.T.);
#11628 = VERTEX_POINT('',#11629);
#11629 = CARTESIAN_POINT('',(-0.32,-9.84,-2.84));
#11630 = LINE('',#11631,#11632);
#11631 = CARTESIAN_POINT('',(-0.32,-9.84,-2.84));
#11632 = VECTOR('',#11633,1.);
#11633 = DIRECTION('',(1.,0.,0.));
#11634 = ORIENTED_EDGE('',*,*,#11635,.T.);
#11635 = EDGE_CURVE('',#11628,#9637,#11636,.T.);
#11636 = LINE('',#11637,#11638);
#11637 = CARTESIAN_POINT('',(-0.32,-9.84,-3.));
#11638 = VECTOR('',#11639,1.);
#11639 = DIRECTION('',(0.,0.,1.));
#11640 = ORIENTED_EDGE('',*,*,#9644,.F.);
#11641 = PLANE('',#11642);
#11642 = AXIS2_PLACEMENT_3D('',#11643,#11644,#11645);
#11643 = CARTESIAN_POINT('',(-0.32,-9.84,-3.));
#11644 = DIRECTION('',(0.,1.,0.));
#11645 = DIRECTION('',(0.,-0.,1.));
#11646 = ADVANCED_FACE('',(#11647),#11665,.F.);
#11647 = FACE_BOUND('',#11648,.F.);
#11648 = EDGE_LOOP('',(#11649,#11657,#11663,#11664));
#11649 = ORIENTED_EDGE('',*,*,#11650,.F.);
#11650 = EDGE_CURVE('',#11651,#9629,#11653,.T.);
#11651 = VERTEX_POINT('',#11652);
#11652 = CARTESIAN_POINT('',(-0.32,-10.48,-2.84));
#11653 = LINE('',#11654,#11655);
#11654 = CARTESIAN_POINT('',(-0.32,-10.48,-3.));
#11655 = VECTOR('',#11656,1.);
#11656 = DIRECTION('',(0.,0.,1.));
#11657 = ORIENTED_EDGE('',*,*,#11658,.T.);
#11658 = EDGE_CURVE('',#11651,#11628,#11659,.T.);
#11659 = LINE('',#11660,#11661);
#11660 = CARTESIAN_POINT('',(-0.32,-10.48,-2.84));
#11661 = VECTOR('',#11662,1.);
#11662 = DIRECTION('',(0.,1.,0.));
#11663 = ORIENTED_EDGE('',*,*,#11635,.T.);
#11664 = ORIENTED_EDGE('',*,*,#9636,.F.);
#11665 = PLANE('',#11666);
#11666 = AXIS2_PLACEMENT_3D('',#11667,#11668,#11669);
#11667 = CARTESIAN_POINT('',(-0.32,-10.48,-3.));
#11668 = DIRECTION('',(1.,0.,0.));
#11669 = DIRECTION('',(0.,0.,1.));
#11670 = ADVANCED_FACE('',(#11671),#11682,.F.);
#11671 = FACE_BOUND('',#11672,.F.);
#11672 = EDGE_LOOP('',(#11673,#11674,#11680,#11681));
#11673 = ORIENTED_EDGE('',*,*,#11595,.F.);
#11674 = ORIENTED_EDGE('',*,*,#11675,.F.);
#11675 = EDGE_CURVE('',#11651,#11596,#11676,.T.);
#11676 = LINE('',#11677,#11678);
#11677 = CARTESIAN_POINT('',(-0.32,-10.48,-2.84));
#11678 = VECTOR('',#11679,1.);
#11679 = DIRECTION('',(1.,0.,0.));
#11680 = ORIENTED_EDGE('',*,*,#11650,.T.);
#11681 = ORIENTED_EDGE('',*,*,#9628,.F.);
#11682 = PLANE('',#11683);
#11683 = AXIS2_PLACEMENT_3D('',#11684,#11685,#11686);
#11684 = CARTESIAN_POINT('',(-0.32,-10.48,-3.));
#11685 = DIRECTION('',(0.,1.,0.));
#11686 = DIRECTION('',(0.,-0.,1.));
#11687 = ADVANCED_FACE('',(#11688),#11713,.T.);
#11688 = FACE_BOUND('',#11689,.T.);
#11689 = EDGE_LOOP('',(#11690,#11698,#11706,#11712));
#11690 = ORIENTED_EDGE('',*,*,#11691,.F.);
#11691 = EDGE_CURVE('',#11692,#9653,#11694,.T.);
#11692 = VERTEX_POINT('',#11693);
#11693 = CARTESIAN_POINT('',(0.32,-2.22,-2.84));
#11694 = LINE('',#11695,#11696);
#11695 = CARTESIAN_POINT('',(0.32,-2.22,-3.));
#11696 = VECTOR('',#11697,1.);
#11697 = DIRECTION('',(0.,0.,1.));
#11698 = ORIENTED_EDGE('',*,*,#11699,.F.);
#11699 = EDGE_CURVE('',#11700,#11692,#11702,.T.);
#11700 = VERTEX_POINT('',#11701);
#11701 = CARTESIAN_POINT('',(-0.32,-2.22,-2.84));
#11702 = LINE('',#11703,#11704);
#11703 = CARTESIAN_POINT('',(-0.32,-2.22,-2.84));
#11704 = VECTOR('',#11705,1.);
#11705 = DIRECTION('',(1.,0.,0.));
#11706 = ORIENTED_EDGE('',*,*,#11707,.T.);
#11707 = EDGE_CURVE('',#11700,#9655,#11708,.T.);
#11708 = LINE('',#11709,#11710);
#11709 = CARTESIAN_POINT('',(-0.32,-2.22,-3.));
#11710 = VECTOR('',#11711,1.);
#11711 = DIRECTION('',(0.,0.,1.));
#11712 = ORIENTED_EDGE('',*,*,#9652,.F.);
#11713 = PLANE('',#11714);
#11714 = AXIS2_PLACEMENT_3D('',#11715,#11716,#11717);
#11715 = CARTESIAN_POINT('',(-0.32,-2.22,-3.));
#11716 = DIRECTION('',(0.,1.,0.));
#11717 = DIRECTION('',(0.,-0.,1.));
#11718 = ADVANCED_FACE('',(#11719),#11737,.F.);
#11719 = FACE_BOUND('',#11720,.F.);
#11720 = EDGE_LOOP('',(#11721,#11729,#11735,#11736));
#11721 = ORIENTED_EDGE('',*,*,#11722,.F.);
#11722 = EDGE_CURVE('',#11723,#9671,#11725,.T.);
#11723 = VERTEX_POINT('',#11724);
#11724 = CARTESIAN_POINT('',(-0.32,-2.86,-2.84));
#11725 = LINE('',#11726,#11727);
#11726 = CARTESIAN_POINT('',(-0.32,-2.86,-3.));
#11727 = VECTOR('',#11728,1.);
#11728 = DIRECTION('',(0.,0.,1.));
#11729 = ORIENTED_EDGE('',*,*,#11730,.T.);
#11730 = EDGE_CURVE('',#11723,#11700,#11731,.T.);
#11731 = LINE('',#11732,#11733);
#11732 = CARTESIAN_POINT('',(-0.32,-2.86,-2.84));
#11733 = VECTOR('',#11734,1.);
#11734 = DIRECTION('',(0.,1.,0.));
#11735 = ORIENTED_EDGE('',*,*,#11707,.T.);
#11736 = ORIENTED_EDGE('',*,*,#9678,.F.);
#11737 = PLANE('',#11738);
#11738 = AXIS2_PLACEMENT_3D('',#11739,#11740,#11741);
#11739 = CARTESIAN_POINT('',(-0.32,-2.86,-3.));
#11740 = DIRECTION('',(1.,0.,0.));
#11741 = DIRECTION('',(0.,0.,1.));
#11742 = ADVANCED_FACE('',(#11743),#11761,.F.);
#11743 = FACE_BOUND('',#11744,.F.);
#11744 = EDGE_LOOP('',(#11745,#11753,#11759,#11760));
#11745 = ORIENTED_EDGE('',*,*,#11746,.F.);
#11746 = EDGE_CURVE('',#11747,#9663,#11749,.T.);
#11747 = VERTEX_POINT('',#11748);
#11748 = CARTESIAN_POINT('',(0.32,-2.86,-2.84));
#11749 = LINE('',#11750,#11751);
#11750 = CARTESIAN_POINT('',(0.32,-2.86,-3.));
#11751 = VECTOR('',#11752,1.);
#11752 = DIRECTION('',(0.,0.,1.));
#11753 = ORIENTED_EDGE('',*,*,#11754,.F.);
#11754 = EDGE_CURVE('',#11723,#11747,#11755,.T.);
#11755 = LINE('',#11756,#11757);
#11756 = CARTESIAN_POINT('',(-0.32,-2.86,-2.84));
#11757 = VECTOR('',#11758,1.);
#11758 = DIRECTION('',(1.,0.,0.));
#11759 = ORIENTED_EDGE('',*,*,#11722,.T.);
#11760 = ORIENTED_EDGE('',*,*,#9670,.F.);
#11761 = PLANE('',#11762);
#11762 = AXIS2_PLACEMENT_3D('',#11763,#11764,#11765);
#11763 = CARTESIAN_POINT('',(-0.32,-2.86,-3.));
#11764 = DIRECTION('',(0.,1.,0.));
#11765 = DIRECTION('',(0.,-0.,1.));
#11766 = ADVANCED_FACE('',(#11767),#11778,.T.);
#11767 = FACE_BOUND('',#11768,.T.);
#11768 = EDGE_LOOP('',(#11769,#11770,#11776,#11777));
#11769 = ORIENTED_EDGE('',*,*,#11746,.F.);
#11770 = ORIENTED_EDGE('',*,*,#11771,.T.);
#11771 = EDGE_CURVE('',#11747,#11692,#11772,.T.);
#11772 = LINE('',#11773,#11774);
#11773 = CARTESIAN_POINT('',(0.32,-2.86,-2.84));
#11774 = VECTOR('',#11775,1.);
#11775 = DIRECTION('',(0.,1.,0.));
#11776 = ORIENTED_EDGE('',*,*,#11691,.T.);
#11777 = ORIENTED_EDGE('',*,*,#9662,.F.);
#11778 = PLANE('',#11779);
#11779 = AXIS2_PLACEMENT_3D('',#11780,#11781,#11782);
#11780 = CARTESIAN_POINT('',(0.32,-2.86,-3.));
#11781 = DIRECTION('',(1.,0.,0.));
#11782 = DIRECTION('',(0.,0.,1.));
#11783 = ADVANCED_FACE('',(#11784),#11809,.F.);
#11784 = FACE_BOUND('',#11785,.F.);
#11785 = EDGE_LOOP('',(#11786,#11794,#11802,#11808));
#11786 = ORIENTED_EDGE('',*,*,#11787,.F.);
#11787 = EDGE_CURVE('',#11788,#9687,#11790,.T.);
#11788 = VERTEX_POINT('',#11789);
#11789 = CARTESIAN_POINT('',(0.32,-5.4,-2.84));
#11790 = LINE('',#11791,#11792);
#11791 = CARTESIAN_POINT('',(0.32,-5.4,-3.));
#11792 = VECTOR('',#11793,1.);
#11793 = DIRECTION('',(0.,0.,1.));
#11794 = ORIENTED_EDGE('',*,*,#11795,.F.);
#11795 = EDGE_CURVE('',#11796,#11788,#11798,.T.);
#11796 = VERTEX_POINT('',#11797);
#11797 = CARTESIAN_POINT('',(-0.32,-5.4,-2.84));
#11798 = LINE('',#11799,#11800);
#11799 = CARTESIAN_POINT('',(-0.32,-5.4,-2.84));
#11800 = VECTOR('',#11801,1.);
#11801 = DIRECTION('',(1.,0.,0.));
#11802 = ORIENTED_EDGE('',*,*,#11803,.T.);
#11803 = EDGE_CURVE('',#11796,#9689,#11804,.T.);
#11804 = LINE('',#11805,#11806);
#11805 = CARTESIAN_POINT('',(-0.32,-5.4,-3.));
#11806 = VECTOR('',#11807,1.);
#11807 = DIRECTION('',(0.,0.,1.));
#11808 = ORIENTED_EDGE('',*,*,#9686,.F.);
#11809 = PLANE('',#11810);
#11810 = AXIS2_PLACEMENT_3D('',#11811,#11812,#11813);
#11811 = CARTESIAN_POINT('',(-0.32,-5.4,-3.));
#11812 = DIRECTION('',(0.,1.,0.));
#11813 = DIRECTION('',(0.,-0.,1.));
#11814 = ADVANCED_FACE('',(#11815),#11833,.T.);
#11815 = FACE_BOUND('',#11816,.T.);
#11816 = EDGE_LOOP('',(#11817,#11818,#11826,#11832));
#11817 = ORIENTED_EDGE('',*,*,#11787,.F.);
#11818 = ORIENTED_EDGE('',*,*,#11819,.T.);
#11819 = EDGE_CURVE('',#11788,#11820,#11822,.T.);
#11820 = VERTEX_POINT('',#11821);
#11821 = CARTESIAN_POINT('',(0.32,-4.76,-2.84));
#11822 = LINE('',#11823,#11824);
#11823 = CARTESIAN_POINT('',(0.32,-5.4,-2.84));
#11824 = VECTOR('',#11825,1.);
#11825 = DIRECTION('',(0.,1.,0.));
#11826 = ORIENTED_EDGE('',*,*,#11827,.T.);
#11827 = EDGE_CURVE('',#11820,#9705,#11828,.T.);
#11828 = LINE('',#11829,#11830);
#11829 = CARTESIAN_POINT('',(0.32,-4.76,-3.));
#11830 = VECTOR('',#11831,1.);
#11831 = DIRECTION('',(0.,0.,1.));
#11832 = ORIENTED_EDGE('',*,*,#9712,.F.);
#11833 = PLANE('',#11834);
#11834 = AXIS2_PLACEMENT_3D('',#11835,#11836,#11837);
#11835 = CARTESIAN_POINT('',(0.32,-5.4,-3.));
#11836 = DIRECTION('',(1.,0.,0.));
#11837 = DIRECTION('',(0.,0.,1.));
#11838 = ADVANCED_FACE('',(#11839),#11857,.T.);
#11839 = FACE_BOUND('',#11840,.T.);
#11840 = EDGE_LOOP('',(#11841,#11842,#11850,#11856));
#11841 = ORIENTED_EDGE('',*,*,#11827,.F.);
#11842 = ORIENTED_EDGE('',*,*,#11843,.F.);
#11843 = EDGE_CURVE('',#11844,#11820,#11846,.T.);
#11844 = VERTEX_POINT('',#11845);
#11845 = CARTESIAN_POINT('',(-0.32,-4.76,-2.84));
#11846 = LINE('',#11847,#11848);
#11847 = CARTESIAN_POINT('',(-0.32,-4.76,-2.84));
#11848 = VECTOR('',#11849,1.);
#11849 = DIRECTION('',(1.,0.,0.));
#11850 = ORIENTED_EDGE('',*,*,#11851,.T.);
#11851 = EDGE_CURVE('',#11844,#9697,#11852,.T.);
#11852 = LINE('',#11853,#11854);
#11853 = CARTESIAN_POINT('',(-0.32,-4.76,-3.));
#11854 = VECTOR('',#11855,1.);
#11855 = DIRECTION('',(0.,0.,1.));
#11856 = ORIENTED_EDGE('',*,*,#9704,.F.);
#11857 = PLANE('',#11858);
#11858 = AXIS2_PLACEMENT_3D('',#11859,#11860,#11861);
#11859 = CARTESIAN_POINT('',(-0.32,-4.76,-3.));
#11860 = DIRECTION('',(0.,1.,0.));
#11861 = DIRECTION('',(0.,-0.,1.));
#11862 = ADVANCED_FACE('',(#11863),#11874,.F.);
#11863 = FACE_BOUND('',#11864,.F.);
#11864 = EDGE_LOOP('',(#11865,#11866,#11872,#11873));
#11865 = ORIENTED_EDGE('',*,*,#11803,.F.);
#11866 = ORIENTED_EDGE('',*,*,#11867,.T.);
#11867 = EDGE_CURVE('',#11796,#11844,#11868,.T.);
#11868 = LINE('',#11869,#11870);
#11869 = CARTESIAN_POINT('',(-0.32,-5.4,-2.84));
#11870 = VECTOR('',#11871,1.);
#11871 = DIRECTION('',(0.,1.,0.));
#11872 = ORIENTED_EDGE('',*,*,#11851,.T.);
#11873 = ORIENTED_EDGE('',*,*,#9696,.F.);
#11874 = PLANE('',#11875);
#11875 = AXIS2_PLACEMENT_3D('',#11876,#11877,#11878);
#11876 = CARTESIAN_POINT('',(-0.32,-5.4,-3.));
#11877 = DIRECTION('',(1.,0.,0.));
#11878 = DIRECTION('',(0.,0.,1.));
#11879 = ADVANCED_FACE('',(#11880),#11905,.T.);
#11880 = FACE_BOUND('',#11881,.T.);
#11881 = EDGE_LOOP('',(#11882,#11890,#11898,#11904));
#11882 = ORIENTED_EDGE('',*,*,#11883,.F.);
#11883 = EDGE_CURVE('',#11884,#9721,#11886,.T.);
#11884 = VERTEX_POINT('',#11885);
#11885 = CARTESIAN_POINT('',(0.32,-0.32,-2.84));
#11886 = LINE('',#11887,#11888);
#11887 = CARTESIAN_POINT('',(0.32,-0.32,-3.));
#11888 = VECTOR('',#11889,1.);
#11889 = DIRECTION('',(0.,0.,1.));
#11890 = ORIENTED_EDGE('',*,*,#11891,.T.);
#11891 = EDGE_CURVE('',#11884,#11892,#11894,.T.);
#11892 = VERTEX_POINT('',#11893);
#11893 = CARTESIAN_POINT('',(0.32,0.32,-2.84));
#11894 = LINE('',#11895,#11896);
#11895 = CARTESIAN_POINT('',(0.32,-0.32,-2.84));
#11896 = VECTOR('',#11897,1.);
#11897 = DIRECTION('',(0.,1.,0.));
#11898 = ORIENTED_EDGE('',*,*,#11899,.T.);
#11899 = EDGE_CURVE('',#11892,#9723,#11900,.T.);
#11900 = LINE('',#11901,#11902);
#11901 = CARTESIAN_POINT('',(0.32,0.32,-3.));
#11902 = VECTOR('',#11903,1.);
#11903 = DIRECTION('',(0.,0.,1.));
#11904 = ORIENTED_EDGE('',*,*,#9720,.F.);
#11905 = PLANE('',#11906);
#11906 = AXIS2_PLACEMENT_3D('',#11907,#11908,#11909);
#11907 = CARTESIAN_POINT('',(0.32,-0.32,-3.));
#11908 = DIRECTION('',(1.,0.,0.));
#11909 = DIRECTION('',(0.,0.,1.));
#11910 = ADVANCED_FACE('',(#11911),#11929,.T.);
#11911 = FACE_BOUND('',#11912,.T.);
#11912 = EDGE_LOOP('',(#11913,#11914,#11922,#11928));
#11913 = ORIENTED_EDGE('',*,*,#11899,.F.);
#11914 = ORIENTED_EDGE('',*,*,#11915,.F.);
#11915 = EDGE_CURVE('',#11916,#11892,#11918,.T.);
#11916 = VERTEX_POINT('',#11917);
#11917 = CARTESIAN_POINT('',(-0.32,0.32,-2.84));
#11918 = LINE('',#11919,#11920);
#11919 = CARTESIAN_POINT('',(-0.32,0.32,-2.84));
#11920 = VECTOR('',#11921,1.);
#11921 = DIRECTION('',(1.,0.,0.));
#11922 = ORIENTED_EDGE('',*,*,#11923,.T.);
#11923 = EDGE_CURVE('',#11916,#9739,#11924,.T.);
#11924 = LINE('',#11925,#11926);
#11925 = CARTESIAN_POINT('',(-0.32,0.32,-3.));
#11926 = VECTOR('',#11927,1.);
#11927 = DIRECTION('',(0.,0.,1.));
#11928 = ORIENTED_EDGE('',*,*,#9746,.F.);
#11929 = PLANE('',#11930);
#11930 = AXIS2_PLACEMENT_3D('',#11931,#11932,#11933);
#11931 = CARTESIAN_POINT('',(-0.32,0.32,-3.));
#11932 = DIRECTION('',(0.,1.,0.));
#11933 = DIRECTION('',(0.,-0.,1.));
#11934 = ADVANCED_FACE('',(#11935),#11953,.F.);
#11935 = FACE_BOUND('',#11936,.F.);
#11936 = EDGE_LOOP('',(#11937,#11945,#11951,#11952));
#11937 = ORIENTED_EDGE('',*,*,#11938,.F.);
#11938 = EDGE_CURVE('',#11939,#9731,#11941,.T.);
#11939 = VERTEX_POINT('',#11940);
#11940 = CARTESIAN_POINT('',(-0.32,-0.32,-2.84));
#11941 = LINE('',#11942,#11943);
#11942 = CARTESIAN_POINT('',(-0.32,-0.32,-3.));
#11943 = VECTOR('',#11944,1.);
#11944 = DIRECTION('',(0.,0.,1.));
#11945 = ORIENTED_EDGE('',*,*,#11946,.T.);
#11946 = EDGE_CURVE('',#11939,#11916,#11947,.T.);
#11947 = LINE('',#11948,#11949);
#11948 = CARTESIAN_POINT('',(-0.32,-0.32,-2.84));
#11949 = VECTOR('',#11950,1.);
#11950 = DIRECTION('',(0.,1.,0.));
#11951 = ORIENTED_EDGE('',*,*,#11923,.T.);
#11952 = ORIENTED_EDGE('',*,*,#9738,.F.);
#11953 = PLANE('',#11954);
#11954 = AXIS2_PLACEMENT_3D('',#11955,#11956,#11957);
#11955 = CARTESIAN_POINT('',(-0.32,-0.32,-3.));
#11956 = DIRECTION('',(1.,0.,0.));
#11957 = DIRECTION('',(0.,0.,1.));
#11958 = ADVANCED_FACE('',(#11959),#11970,.F.);
#11959 = FACE_BOUND('',#11960,.F.);
#11960 = EDGE_LOOP('',(#11961,#11962,#11968,#11969));
#11961 = ORIENTED_EDGE('',*,*,#11883,.F.);
#11962 = ORIENTED_EDGE('',*,*,#11963,.F.);
#11963 = EDGE_CURVE('',#11939,#11884,#11964,.T.);
#11964 = LINE('',#11965,#11966);
#11965 = CARTESIAN_POINT('',(-0.32,-0.32,-2.84));
#11966 = VECTOR('',#11967,1.);
#11967 = DIRECTION('',(1.,0.,0.));
#11968 = ORIENTED_EDGE('',*,*,#11938,.T.);
#11969 = ORIENTED_EDGE('',*,*,#9730,.F.);
#11970 = PLANE('',#11971);
#11971 = AXIS2_PLACEMENT_3D('',#11972,#11973,#11974);
#11972 = CARTESIAN_POINT('',(-0.32,-0.32,-3.));
#11973 = DIRECTION('',(0.,1.,0.));
#11974 = DIRECTION('',(0.,-0.,1.));
#11975 = ADVANCED_FACE('',(#11976),#12001,.F.);
#11976 = FACE_BOUND('',#11977,.F.);
#11977 = EDGE_LOOP('',(#11978,#11986,#11987,#11995));
#11978 = ORIENTED_EDGE('',*,*,#11979,.F.);
#11979 = EDGE_CURVE('',#10140,#11980,#11982,.T.);
#11980 = VERTEX_POINT('',#11981);
#11981 = CARTESIAN_POINT('',(0.32,-18.1,8.38));
#11982 = LINE('',#11983,#11984);
#11983 = CARTESIAN_POINT('',(0.32,-18.1,-3.));
#11984 = VECTOR('',#11985,1.);
#11985 = DIRECTION('',(0.,0.,1.));
#11986 = ORIENTED_EDGE('',*,*,#10139,.T.);
#11987 = ORIENTED_EDGE('',*,*,#11988,.T.);
#11988 = EDGE_CURVE('',#10142,#11989,#11991,.T.);
#11989 = VERTEX_POINT('',#11990);
#11990 = CARTESIAN_POINT('',(-0.32,-18.1,8.38));
#11991 = LINE('',#11992,#11993);
#11992 = CARTESIAN_POINT('',(-0.32,-18.1,-3.));
#11993 = VECTOR('',#11994,1.);
#11994 = DIRECTION('',(0.,0.,1.));
#11995 = ORIENTED_EDGE('',*,*,#11996,.T.);
#11996 = EDGE_CURVE('',#11989,#11980,#11997,.T.);
#11997 = LINE('',#11998,#11999);
#11998 = CARTESIAN_POINT('',(-0.32,-18.1,8.38));
#11999 = VECTOR('',#12000,1.);
#12000 = DIRECTION('',(1.,0.,0.));
#12001 = PLANE('',#12002);
#12002 = AXIS2_PLACEMENT_3D('',#12003,#12004,#12005);
#12003 = CARTESIAN_POINT('',(-0.32,-18.1,-3.));
#12004 = DIRECTION('',(0.,1.,0.));
#12005 = DIRECTION('',(0.,-0.,1.));
#12006 = ADVANCED_FACE('',(#12007),#12025,.T.);
#12007 = FACE_BOUND('',#12008,.T.);
#12008 = EDGE_LOOP('',(#12009,#12010,#12011,#12019));
#12009 = ORIENTED_EDGE('',*,*,#11979,.F.);
#12010 = ORIENTED_EDGE('',*,*,#10165,.T.);
#12011 = ORIENTED_EDGE('',*,*,#12012,.T.);
#12012 = EDGE_CURVE('',#10158,#12013,#12015,.T.);
#12013 = VERTEX_POINT('',#12014);
#12014 = CARTESIAN_POINT('',(0.32,-17.46,8.38));
#12015 = LINE('',#12016,#12017);
#12016 = CARTESIAN_POINT('',(0.32,-17.46,-3.));
#12017 = VECTOR('',#12018,1.);
#12018 = DIRECTION('',(0.,0.,1.));
#12019 = ORIENTED_EDGE('',*,*,#12020,.F.);
#12020 = EDGE_CURVE('',#11980,#12013,#12021,.T.);
#12021 = LINE('',#12022,#12023);
#12022 = CARTESIAN_POINT('',(0.32,-18.1,8.38));
#12023 = VECTOR('',#12024,1.);
#12024 = DIRECTION('',(0.,1.,0.));
#12025 = PLANE('',#12026);
#12026 = AXIS2_PLACEMENT_3D('',#12027,#12028,#12029);
#12027 = CARTESIAN_POINT('',(0.32,-18.1,-3.));
#12028 = DIRECTION('',(1.,0.,0.));
#12029 = DIRECTION('',(0.,0.,1.));
#12030 = ADVANCED_FACE('',(#12031),#12049,.T.);
#12031 = FACE_BOUND('',#12032,.T.);
#12032 = EDGE_LOOP('',(#12033,#12034,#12035,#12043));
#12033 = ORIENTED_EDGE('',*,*,#12012,.F.);
#12034 = ORIENTED_EDGE('',*,*,#10157,.T.);
#12035 = ORIENTED_EDGE('',*,*,#12036,.T.);
#12036 = EDGE_CURVE('',#10150,#12037,#12039,.T.);
#12037 = VERTEX_POINT('',#12038);
#12038 = CARTESIAN_POINT('',(-0.32,-17.46,8.38));
#12039 = LINE('',#12040,#12041);
#12040 = CARTESIAN_POINT('',(-0.32,-17.46,-3.));
#12041 = VECTOR('',#12042,1.);
#12042 = DIRECTION('',(0.,0.,1.));
#12043 = ORIENTED_EDGE('',*,*,#12044,.T.);
#12044 = EDGE_CURVE('',#12037,#12013,#12045,.T.);
#12045 = LINE('',#12046,#12047);
#12046 = CARTESIAN_POINT('',(-0.32,-17.46,8.38));
#12047 = VECTOR('',#12048,1.);
#12048 = DIRECTION('',(1.,0.,0.));
#12049 = PLANE('',#12050);
#12050 = AXIS2_PLACEMENT_3D('',#12051,#12052,#12053);
#12051 = CARTESIAN_POINT('',(-0.32,-17.46,-3.));
#12052 = DIRECTION('',(0.,1.,0.));
#12053 = DIRECTION('',(0.,-0.,1.));
#12054 = ADVANCED_FACE('',(#12055),#12066,.F.);
#12055 = FACE_BOUND('',#12056,.F.);
#12056 = EDGE_LOOP('',(#12057,#12058,#12059,#12060));
#12057 = ORIENTED_EDGE('',*,*,#11988,.F.);
#12058 = ORIENTED_EDGE('',*,*,#10149,.T.);
#12059 = ORIENTED_EDGE('',*,*,#12036,.T.);
#12060 = ORIENTED_EDGE('',*,*,#12061,.F.);
#12061 = EDGE_CURVE('',#11989,#12037,#12062,.T.);
#12062 = LINE('',#12063,#12064);
#12063 = CARTESIAN_POINT('',(-0.32,-18.1,8.38));
#12064 = VECTOR('',#12065,1.);
#12065 = DIRECTION('',(0.,1.,0.));
#12066 = PLANE('',#12067);
#12067 = AXIS2_PLACEMENT_3D('',#12068,#12069,#12070);
#12068 = CARTESIAN_POINT('',(-0.32,-18.1,-3.));
#12069 = DIRECTION('',(1.,0.,0.));
#12070 = DIRECTION('',(0.,0.,1.));
#12071 = ADVANCED_FACE('',(#12072),#12097,.T.);
#12072 = FACE_BOUND('',#12073,.T.);
#12073 = EDGE_LOOP('',(#12074,#12082,#12083,#12091));
#12074 = ORIENTED_EDGE('',*,*,#12075,.F.);
#12075 = EDGE_CURVE('',#10174,#12076,#12078,.T.);
#12076 = VERTEX_POINT('',#12077);
#12077 = CARTESIAN_POINT('',(0.32,-14.92,8.38));
#12078 = LINE('',#12079,#12080);
#12079 = CARTESIAN_POINT('',(0.32,-14.92,-3.));
#12080 = VECTOR('',#12081,1.);
#12081 = DIRECTION('',(0.,0.,1.));
#12082 = ORIENTED_EDGE('',*,*,#10173,.T.);
#12083 = ORIENTED_EDGE('',*,*,#12084,.T.);
#12084 = EDGE_CURVE('',#10176,#12085,#12087,.T.);
#12085 = VERTEX_POINT('',#12086);
#12086 = CARTESIAN_POINT('',(-0.32,-14.92,8.38));
#12087 = LINE('',#12088,#12089);
#12088 = CARTESIAN_POINT('',(-0.32,-14.92,-3.));
#12089 = VECTOR('',#12090,1.);
#12090 = DIRECTION('',(0.,0.,1.));
#12091 = ORIENTED_EDGE('',*,*,#12092,.T.);
#12092 = EDGE_CURVE('',#12085,#12076,#12093,.T.);
#12093 = LINE('',#12094,#12095);
#12094 = CARTESIAN_POINT('',(-0.32,-14.92,8.38));
#12095 = VECTOR('',#12096,1.);
#12096 = DIRECTION('',(1.,0.,0.));
#12097 = PLANE('',#12098);
#12098 = AXIS2_PLACEMENT_3D('',#12099,#12100,#12101);
#12099 = CARTESIAN_POINT('',(-0.32,-14.92,-3.));
#12100 = DIRECTION('',(0.,1.,0.));
#12101 = DIRECTION('',(0.,-0.,1.));
#12102 = ADVANCED_FACE('',(#12103),#12121,.F.);
#12103 = FACE_BOUND('',#12104,.F.);
#12104 = EDGE_LOOP('',(#12105,#12113,#12114,#12115));
#12105 = ORIENTED_EDGE('',*,*,#12106,.F.);
#12106 = EDGE_CURVE('',#10192,#12107,#12109,.T.);
#12107 = VERTEX_POINT('',#12108);
#12108 = CARTESIAN_POINT('',(-0.32,-15.56,8.38));
#12109 = LINE('',#12110,#12111);
#12110 = CARTESIAN_POINT('',(-0.32,-15.56,-3.));
#12111 = VECTOR('',#12112,1.);
#12112 = DIRECTION('',(0.,0.,1.));
#12113 = ORIENTED_EDGE('',*,*,#10199,.T.);
#12114 = ORIENTED_EDGE('',*,*,#12084,.T.);
#12115 = ORIENTED_EDGE('',*,*,#12116,.F.);
#12116 = EDGE_CURVE('',#12107,#12085,#12117,.T.);
#12117 = LINE('',#12118,#12119);
#12118 = CARTESIAN_POINT('',(-0.32,-15.56,8.38));
#12119 = VECTOR('',#12120,1.);
#12120 = DIRECTION('',(0.,1.,0.));
#12121 = PLANE('',#12122);
#12122 = AXIS2_PLACEMENT_3D('',#12123,#12124,#12125);
#12123 = CARTESIAN_POINT('',(-0.32,-15.56,-3.));
#12124 = DIRECTION('',(1.,0.,0.));
#12125 = DIRECTION('',(0.,0.,1.));
#12126 = ADVANCED_FACE('',(#12127),#12145,.F.);
#12127 = FACE_BOUND('',#12128,.F.);
#12128 = EDGE_LOOP('',(#12129,#12137,#12138,#12139));
#12129 = ORIENTED_EDGE('',*,*,#12130,.F.);
#12130 = EDGE_CURVE('',#10184,#12131,#12133,.T.);
#12131 = VERTEX_POINT('',#12132);
#12132 = CARTESIAN_POINT('',(0.32,-15.56,8.38));
#12133 = LINE('',#12134,#12135);
#12134 = CARTESIAN_POINT('',(0.32,-15.56,-3.));
#12135 = VECTOR('',#12136,1.);
#12136 = DIRECTION('',(0.,0.,1.));
#12137 = ORIENTED_EDGE('',*,*,#10191,.T.);
#12138 = ORIENTED_EDGE('',*,*,#12106,.T.);
#12139 = ORIENTED_EDGE('',*,*,#12140,.T.);
#12140 = EDGE_CURVE('',#12107,#12131,#12141,.T.);
#12141 = LINE('',#12142,#12143);
#12142 = CARTESIAN_POINT('',(-0.32,-15.56,8.38));
#12143 = VECTOR('',#12144,1.);
#12144 = DIRECTION('',(1.,0.,0.));
#12145 = PLANE('',#12146);
#12146 = AXIS2_PLACEMENT_3D('',#12147,#12148,#12149);
#12147 = CARTESIAN_POINT('',(-0.32,-15.56,-3.));
#12148 = DIRECTION('',(0.,1.,0.));
#12149 = DIRECTION('',(0.,-0.,1.));
#12150 = ADVANCED_FACE('',(#12151),#12162,.T.);
#12151 = FACE_BOUND('',#12152,.T.);
#12152 = EDGE_LOOP('',(#12153,#12154,#12155,#12156));
#12153 = ORIENTED_EDGE('',*,*,#12130,.F.);
#12154 = ORIENTED_EDGE('',*,*,#10183,.T.);
#12155 = ORIENTED_EDGE('',*,*,#12075,.T.);
#12156 = ORIENTED_EDGE('',*,*,#12157,.F.);
#12157 = EDGE_CURVE('',#12131,#12076,#12158,.T.);
#12158 = LINE('',#12159,#12160);
#12159 = CARTESIAN_POINT('',(0.32,-15.56,8.38));
#12160 = VECTOR('',#12161,1.);
#12161 = DIRECTION('',(0.,1.,0.));
#12162 = PLANE('',#12163);
#12163 = AXIS2_PLACEMENT_3D('',#12164,#12165,#12166);
#12164 = CARTESIAN_POINT('',(0.32,-15.56,-3.));
#12165 = DIRECTION('',(1.,0.,0.));
#12166 = DIRECTION('',(0.,0.,1.));
#12167 = ADVANCED_FACE('',(#12168),#12193,.T.);
#12168 = FACE_BOUND('',#12169,.T.);
#12169 = EDGE_LOOP('',(#12170,#12178,#12179,#12187));
#12170 = ORIENTED_EDGE('',*,*,#12171,.F.);
#12171 = EDGE_CURVE('',#10208,#12172,#12174,.T.);
#12172 = VERTEX_POINT('',#12173);
#12173 = CARTESIAN_POINT('',(0.32,-7.94,8.38));
#12174 = LINE('',#12175,#12176);
#12175 = CARTESIAN_POINT('',(0.32,-7.94,-3.));
#12176 = VECTOR('',#12177,1.);
#12177 = DIRECTION('',(0.,0.,1.));
#12178 = ORIENTED_EDGE('',*,*,#10207,.T.);
#12179 = ORIENTED_EDGE('',*,*,#12180,.T.);
#12180 = EDGE_CURVE('',#10210,#12181,#12183,.T.);
#12181 = VERTEX_POINT('',#12182);
#12182 = CARTESIAN_POINT('',(0.32,-7.3,8.38));
#12183 = LINE('',#12184,#12185);
#12184 = CARTESIAN_POINT('',(0.32,-7.3,-3.));
#12185 = VECTOR('',#12186,1.);
#12186 = DIRECTION('',(0.,0.,1.));
#12187 = ORIENTED_EDGE('',*,*,#12188,.F.);
#12188 = EDGE_CURVE('',#12172,#12181,#12189,.T.);
#12189 = LINE('',#12190,#12191);
#12190 = CARTESIAN_POINT('',(0.32,-7.94,8.38));
#12191 = VECTOR('',#12192,1.);
#12192 = DIRECTION('',(0.,1.,0.));
#12193 = PLANE('',#12194);
#12194 = AXIS2_PLACEMENT_3D('',#12195,#12196,#12197);
#12195 = CARTESIAN_POINT('',(0.32,-7.94,-3.));
#12196 = DIRECTION('',(1.,0.,0.));
#12197 = DIRECTION('',(0.,0.,1.));
#12198 = ADVANCED_FACE('',(#12199),#12217,.T.);
#12199 = FACE_BOUND('',#12200,.T.);
#12200 = EDGE_LOOP('',(#12201,#12202,#12203,#12211));
#12201 = ORIENTED_EDGE('',*,*,#12180,.F.);
#12202 = ORIENTED_EDGE('',*,*,#10233,.T.);
#12203 = ORIENTED_EDGE('',*,*,#12204,.T.);
#12204 = EDGE_CURVE('',#10226,#12205,#12207,.T.);
#12205 = VERTEX_POINT('',#12206);
#12206 = CARTESIAN_POINT('',(-0.32,-7.3,8.38));
#12207 = LINE('',#12208,#12209);
#12208 = CARTESIAN_POINT('',(-0.32,-7.3,-3.));
#12209 = VECTOR('',#12210,1.);
#12210 = DIRECTION('',(0.,0.,1.));
#12211 = ORIENTED_EDGE('',*,*,#12212,.T.);
#12212 = EDGE_CURVE('',#12205,#12181,#12213,.T.);
#12213 = LINE('',#12214,#12215);
#12214 = CARTESIAN_POINT('',(-0.32,-7.3,8.38));
#12215 = VECTOR('',#12216,1.);
#12216 = DIRECTION('',(1.,0.,0.));
#12217 = PLANE('',#12218);
#12218 = AXIS2_PLACEMENT_3D('',#12219,#12220,#12221);
#12219 = CARTESIAN_POINT('',(-0.32,-7.3,-3.));
#12220 = DIRECTION('',(0.,1.,0.));
#12221 = DIRECTION('',(0.,-0.,1.));
#12222 = ADVANCED_FACE('',(#12223),#12241,.F.);
#12223 = FACE_BOUND('',#12224,.F.);
#12224 = EDGE_LOOP('',(#12225,#12233,#12234,#12235));
#12225 = ORIENTED_EDGE('',*,*,#12226,.F.);
#12226 = EDGE_CURVE('',#10218,#12227,#12229,.T.);
#12227 = VERTEX_POINT('',#12228);
#12228 = CARTESIAN_POINT('',(-0.32,-7.94,8.38));
#12229 = LINE('',#12230,#12231);
#12230 = CARTESIAN_POINT('',(-0.32,-7.94,-3.));
#12231 = VECTOR('',#12232,1.);
#12232 = DIRECTION('',(0.,0.,1.));
#12233 = ORIENTED_EDGE('',*,*,#10225,.T.);
#12234 = ORIENTED_EDGE('',*,*,#12204,.T.);
#12235 = ORIENTED_EDGE('',*,*,#12236,.F.);
#12236 = EDGE_CURVE('',#12227,#12205,#12237,.T.);
#12237 = LINE('',#12238,#12239);
#12238 = CARTESIAN_POINT('',(-0.32,-7.94,8.38));
#12239 = VECTOR('',#12240,1.);
#12240 = DIRECTION('',(0.,1.,0.));
#12241 = PLANE('',#12242);
#12242 = AXIS2_PLACEMENT_3D('',#12243,#12244,#12245);
#12243 = CARTESIAN_POINT('',(-0.32,-7.94,-3.));
#12244 = DIRECTION('',(1.,0.,0.));
#12245 = DIRECTION('',(0.,0.,1.));
#12246 = ADVANCED_FACE('',(#12247),#12258,.F.);
#12247 = FACE_BOUND('',#12248,.F.);
#12248 = EDGE_LOOP('',(#12249,#12250,#12251,#12252));
#12249 = ORIENTED_EDGE('',*,*,#12171,.F.);
#12250 = ORIENTED_EDGE('',*,*,#10217,.T.);
#12251 = ORIENTED_EDGE('',*,*,#12226,.T.);
#12252 = ORIENTED_EDGE('',*,*,#12253,.T.);
#12253 = EDGE_CURVE('',#12227,#12172,#12254,.T.);
#12254 = LINE('',#12255,#12256);
#12255 = CARTESIAN_POINT('',(-0.32,-7.94,8.38));
#12256 = VECTOR('',#12257,1.);
#12257 = DIRECTION('',(1.,0.,0.));
#12258 = PLANE('',#12259);
#12259 = AXIS2_PLACEMENT_3D('',#12260,#12261,#12262);
#12260 = CARTESIAN_POINT('',(-0.32,-7.94,-3.));
#12261 = DIRECTION('',(0.,1.,0.));
#12262 = DIRECTION('',(0.,-0.,1.));
#12263 = ADVANCED_FACE('',(#12264),#12289,.T.);
#12264 = FACE_BOUND('',#12265,.T.);
#12265 = EDGE_LOOP('',(#12266,#12274,#12275,#12283));
#12266 = ORIENTED_EDGE('',*,*,#12267,.F.);
#12267 = EDGE_CURVE('',#10242,#12268,#12270,.T.);
#12268 = VERTEX_POINT('',#12269);
#12269 = CARTESIAN_POINT('',(0.32,-12.38,8.38));
#12270 = LINE('',#12271,#12272);
#12271 = CARTESIAN_POINT('',(0.32,-12.38,-3.));
#12272 = VECTOR('',#12273,1.);
#12273 = DIRECTION('',(0.,0.,1.));
#12274 = ORIENTED_EDGE('',*,*,#10241,.T.);
#12275 = ORIENTED_EDGE('',*,*,#12276,.T.);
#12276 = EDGE_CURVE('',#10244,#12277,#12279,.T.);
#12277 = VERTEX_POINT('',#12278);
#12278 = CARTESIAN_POINT('',(-0.32,-12.38,8.38));
#12279 = LINE('',#12280,#12281);
#12280 = CARTESIAN_POINT('',(-0.32,-12.38,-3.));
#12281 = VECTOR('',#12282,1.);
#12282 = DIRECTION('',(0.,0.,1.));
#12283 = ORIENTED_EDGE('',*,*,#12284,.T.);
#12284 = EDGE_CURVE('',#12277,#12268,#12285,.T.);
#12285 = LINE('',#12286,#12287);
#12286 = CARTESIAN_POINT('',(-0.32,-12.38,8.38));
#12287 = VECTOR('',#12288,1.);
#12288 = DIRECTION('',(1.,0.,0.));
#12289 = PLANE('',#12290);
#12290 = AXIS2_PLACEMENT_3D('',#12291,#12292,#12293);
#12291 = CARTESIAN_POINT('',(-0.32,-12.38,-3.));
#12292 = DIRECTION('',(0.,1.,0.));
#12293 = DIRECTION('',(0.,-0.,1.));
#12294 = ADVANCED_FACE('',(#12295),#12313,.F.);
#12295 = FACE_BOUND('',#12296,.F.);
#12296 = EDGE_LOOP('',(#12297,#12305,#12306,#12307));
#12297 = ORIENTED_EDGE('',*,*,#12298,.F.);
#12298 = EDGE_CURVE('',#10260,#12299,#12301,.T.);
#12299 = VERTEX_POINT('',#12300);
#12300 = CARTESIAN_POINT('',(-0.32,-13.02,8.38));
#12301 = LINE('',#12302,#12303);
#12302 = CARTESIAN_POINT('',(-0.32,-13.02,-3.));
#12303 = VECTOR('',#12304,1.);
#12304 = DIRECTION('',(0.,0.,1.));
#12305 = ORIENTED_EDGE('',*,*,#10267,.T.);
#12306 = ORIENTED_EDGE('',*,*,#12276,.T.);
#12307 = ORIENTED_EDGE('',*,*,#12308,.F.);
#12308 = EDGE_CURVE('',#12299,#12277,#12309,.T.);
#12309 = LINE('',#12310,#12311);
#12310 = CARTESIAN_POINT('',(-0.32,-13.02,8.38));
#12311 = VECTOR('',#12312,1.);
#12312 = DIRECTION('',(0.,1.,0.));
#12313 = PLANE('',#12314);
#12314 = AXIS2_PLACEMENT_3D('',#12315,#12316,#12317);
#12315 = CARTESIAN_POINT('',(-0.32,-13.02,-3.));
#12316 = DIRECTION('',(1.,0.,0.));
#12317 = DIRECTION('',(0.,0.,1.));
#12318 = ADVANCED_FACE('',(#12319),#12337,.F.);
#12319 = FACE_BOUND('',#12320,.F.);
#12320 = EDGE_LOOP('',(#12321,#12329,#12330,#12331));
#12321 = ORIENTED_EDGE('',*,*,#12322,.F.);
#12322 = EDGE_CURVE('',#10252,#12323,#12325,.T.);
#12323 = VERTEX_POINT('',#12324);
#12324 = CARTESIAN_POINT('',(0.32,-13.02,8.38));
#12325 = LINE('',#12326,#12327);
#12326 = CARTESIAN_POINT('',(0.32,-13.02,-3.));
#12327 = VECTOR('',#12328,1.);
#12328 = DIRECTION('',(0.,0.,1.));
#12329 = ORIENTED_EDGE('',*,*,#10259,.T.);
#12330 = ORIENTED_EDGE('',*,*,#12298,.T.);
#12331 = ORIENTED_EDGE('',*,*,#12332,.T.);
#12332 = EDGE_CURVE('',#12299,#12323,#12333,.T.);
#12333 = LINE('',#12334,#12335);
#12334 = CARTESIAN_POINT('',(-0.32,-13.02,8.38));
#12335 = VECTOR('',#12336,1.);
#12336 = DIRECTION('',(1.,0.,0.));
#12337 = PLANE('',#12338);
#12338 = AXIS2_PLACEMENT_3D('',#12339,#12340,#12341);
#12339 = CARTESIAN_POINT('',(-0.32,-13.02,-3.));
#12340 = DIRECTION('',(0.,1.,0.));
#12341 = DIRECTION('',(0.,-0.,1.));
#12342 = ADVANCED_FACE('',(#12343),#12354,.T.);
#12343 = FACE_BOUND('',#12344,.T.);
#12344 = EDGE_LOOP('',(#12345,#12346,#12347,#12348));
#12345 = ORIENTED_EDGE('',*,*,#12322,.F.);
#12346 = ORIENTED_EDGE('',*,*,#10251,.T.);
#12347 = ORIENTED_EDGE('',*,*,#12267,.T.);
#12348 = ORIENTED_EDGE('',*,*,#12349,.F.);
#12349 = EDGE_CURVE('',#12323,#12268,#12350,.T.);
#12350 = LINE('',#12351,#12352);
#12351 = CARTESIAN_POINT('',(0.32,-13.02,8.38));
#12352 = VECTOR('',#12353,1.);
#12353 = DIRECTION('',(0.,1.,0.));
#12354 = PLANE('',#12355);
#12355 = AXIS2_PLACEMENT_3D('',#12356,#12357,#12358);
#12356 = CARTESIAN_POINT('',(0.32,-13.02,-3.));
#12357 = DIRECTION('',(1.,0.,0.));
#12358 = DIRECTION('',(0.,0.,1.));
#12359 = ADVANCED_FACE('',(#12360),#12385,.T.);
#12360 = FACE_BOUND('',#12361,.T.);
#12361 = EDGE_LOOP('',(#12362,#12370,#12371,#12379));
#12362 = ORIENTED_EDGE('',*,*,#12363,.F.);
#12363 = EDGE_CURVE('',#10276,#12364,#12366,.T.);
#12364 = VERTEX_POINT('',#12365);
#12365 = CARTESIAN_POINT('',(0.32,-10.48,8.38));
#12366 = LINE('',#12367,#12368);
#12367 = CARTESIAN_POINT('',(0.32,-10.48,-3.));
#12368 = VECTOR('',#12369,1.);
#12369 = DIRECTION('',(0.,0.,1.));
#12370 = ORIENTED_EDGE('',*,*,#10275,.T.);
#12371 = ORIENTED_EDGE('',*,*,#12372,.T.);
#12372 = EDGE_CURVE('',#10278,#12373,#12375,.T.);
#12373 = VERTEX_POINT('',#12374);
#12374 = CARTESIAN_POINT('',(0.32,-9.84,8.38));
#12375 = LINE('',#12376,#12377);
#12376 = CARTESIAN_POINT('',(0.32,-9.84,-3.));
#12377 = VECTOR('',#12378,1.);
#12378 = DIRECTION('',(0.,0.,1.));
#12379 = ORIENTED_EDGE('',*,*,#12380,.F.);
#12380 = EDGE_CURVE('',#12364,#12373,#12381,.T.);
#12381 = LINE('',#12382,#12383);
#12382 = CARTESIAN_POINT('',(0.32,-10.48,8.38));
#12383 = VECTOR('',#12384,1.);
#12384 = DIRECTION('',(0.,1.,0.));
#12385 = PLANE('',#12386);
#12386 = AXIS2_PLACEMENT_3D('',#12387,#12388,#12389);
#12387 = CARTESIAN_POINT('',(0.32,-10.48,-3.));
#12388 = DIRECTION('',(1.,0.,0.));
#12389 = DIRECTION('',(0.,0.,1.));
#12390 = ADVANCED_FACE('',(#12391),#12409,.T.);
#12391 = FACE_BOUND('',#12392,.T.);
#12392 = EDGE_LOOP('',(#12393,#12394,#12395,#12403));
#12393 = ORIENTED_EDGE('',*,*,#12372,.F.);
#12394 = ORIENTED_EDGE('',*,*,#10301,.T.);
#12395 = ORIENTED_EDGE('',*,*,#12396,.T.);
#12396 = EDGE_CURVE('',#10294,#12397,#12399,.T.);
#12397 = VERTEX_POINT('',#12398);
#12398 = CARTESIAN_POINT('',(-0.32,-9.84,8.38));
#12399 = LINE('',#12400,#12401);
#12400 = CARTESIAN_POINT('',(-0.32,-9.84,-3.));
#12401 = VECTOR('',#12402,1.);
#12402 = DIRECTION('',(0.,0.,1.));
#12403 = ORIENTED_EDGE('',*,*,#12404,.T.);
#12404 = EDGE_CURVE('',#12397,#12373,#12405,.T.);
#12405 = LINE('',#12406,#12407);
#12406 = CARTESIAN_POINT('',(-0.32,-9.84,8.38));
#12407 = VECTOR('',#12408,1.);
#12408 = DIRECTION('',(1.,0.,0.));
#12409 = PLANE('',#12410);
#12410 = AXIS2_PLACEMENT_3D('',#12411,#12412,#12413);
#12411 = CARTESIAN_POINT('',(-0.32,-9.84,-3.));
#12412 = DIRECTION('',(0.,1.,0.));
#12413 = DIRECTION('',(0.,-0.,1.));
#12414 = ADVANCED_FACE('',(#12415),#12433,.F.);
#12415 = FACE_BOUND('',#12416,.F.);
#12416 = EDGE_LOOP('',(#12417,#12425,#12426,#12427));
#12417 = ORIENTED_EDGE('',*,*,#12418,.F.);
#12418 = EDGE_CURVE('',#10286,#12419,#12421,.T.);
#12419 = VERTEX_POINT('',#12420);
#12420 = CARTESIAN_POINT('',(-0.32,-10.48,8.38));
#12421 = LINE('',#12422,#12423);
#12422 = CARTESIAN_POINT('',(-0.32,-10.48,-3.));
#12423 = VECTOR('',#12424,1.);
#12424 = DIRECTION('',(0.,0.,1.));
#12425 = ORIENTED_EDGE('',*,*,#10293,.T.);
#12426 = ORIENTED_EDGE('',*,*,#12396,.T.);
#12427 = ORIENTED_EDGE('',*,*,#12428,.F.);
#12428 = EDGE_CURVE('',#12419,#12397,#12429,.T.);
#12429 = LINE('',#12430,#12431);
#12430 = CARTESIAN_POINT('',(-0.32,-10.48,8.38));
#12431 = VECTOR('',#12432,1.);
#12432 = DIRECTION('',(0.,1.,0.));
#12433 = PLANE('',#12434);
#12434 = AXIS2_PLACEMENT_3D('',#12435,#12436,#12437);
#12435 = CARTESIAN_POINT('',(-0.32,-10.48,-3.));
#12436 = DIRECTION('',(1.,0.,0.));
#12437 = DIRECTION('',(0.,0.,1.));
#12438 = ADVANCED_FACE('',(#12439),#12450,.F.);
#12439 = FACE_BOUND('',#12440,.F.);
#12440 = EDGE_LOOP('',(#12441,#12442,#12443,#12444));
#12441 = ORIENTED_EDGE('',*,*,#12363,.F.);
#12442 = ORIENTED_EDGE('',*,*,#10285,.T.);
#12443 = ORIENTED_EDGE('',*,*,#12418,.T.);
#12444 = ORIENTED_EDGE('',*,*,#12445,.T.);
#12445 = EDGE_CURVE('',#12419,#12364,#12446,.T.);
#12446 = LINE('',#12447,#12448);
#12447 = CARTESIAN_POINT('',(-0.32,-10.48,8.38));
#12448 = VECTOR('',#12449,1.);
#12449 = DIRECTION('',(1.,0.,0.));
#12450 = PLANE('',#12451);
#12451 = AXIS2_PLACEMENT_3D('',#12452,#12453,#12454);
#12452 = CARTESIAN_POINT('',(-0.32,-10.48,-3.));
#12453 = DIRECTION('',(0.,1.,0.));
#12454 = DIRECTION('',(0.,-0.,1.));
#12455 = ADVANCED_FACE('',(#12456),#12481,.T.);
#12456 = FACE_BOUND('',#12457,.T.);
#12457 = EDGE_LOOP('',(#12458,#12466,#12467,#12475));
#12458 = ORIENTED_EDGE('',*,*,#12459,.F.);
#12459 = EDGE_CURVE('',#10310,#12460,#12462,.T.);
#12460 = VERTEX_POINT('',#12461);
#12461 = CARTESIAN_POINT('',(0.32,-2.22,8.38));
#12462 = LINE('',#12463,#12464);
#12463 = CARTESIAN_POINT('',(0.32,-2.22,-3.));
#12464 = VECTOR('',#12465,1.);
#12465 = DIRECTION('',(0.,0.,1.));
#12466 = ORIENTED_EDGE('',*,*,#10309,.T.);
#12467 = ORIENTED_EDGE('',*,*,#12468,.T.);
#12468 = EDGE_CURVE('',#10312,#12469,#12471,.T.);
#12469 = VERTEX_POINT('',#12470);
#12470 = CARTESIAN_POINT('',(-0.32,-2.22,8.38));
#12471 = LINE('',#12472,#12473);
#12472 = CARTESIAN_POINT('',(-0.32,-2.22,-3.));
#12473 = VECTOR('',#12474,1.);
#12474 = DIRECTION('',(0.,0.,1.));
#12475 = ORIENTED_EDGE('',*,*,#12476,.T.);
#12476 = EDGE_CURVE('',#12469,#12460,#12477,.T.);
#12477 = LINE('',#12478,#12479);
#12478 = CARTESIAN_POINT('',(-0.32,-2.22,8.38));
#12479 = VECTOR('',#12480,1.);
#12480 = DIRECTION('',(1.,0.,0.));
#12481 = PLANE('',#12482);
#12482 = AXIS2_PLACEMENT_3D('',#12483,#12484,#12485);
#12483 = CARTESIAN_POINT('',(-0.32,-2.22,-3.));
#12484 = DIRECTION('',(0.,1.,0.));
#12485 = DIRECTION('',(0.,-0.,1.));
#12486 = ADVANCED_FACE('',(#12487),#12505,.F.);
#12487 = FACE_BOUND('',#12488,.F.);
#12488 = EDGE_LOOP('',(#12489,#12497,#12498,#12499));
#12489 = ORIENTED_EDGE('',*,*,#12490,.F.);
#12490 = EDGE_CURVE('',#10328,#12491,#12493,.T.);
#12491 = VERTEX_POINT('',#12492);
#12492 = CARTESIAN_POINT('',(-0.32,-2.86,8.38));
#12493 = LINE('',#12494,#12495);
#12494 = CARTESIAN_POINT('',(-0.32,-2.86,-3.));
#12495 = VECTOR('',#12496,1.);
#12496 = DIRECTION('',(0.,0.,1.));
#12497 = ORIENTED_EDGE('',*,*,#10335,.T.);
#12498 = ORIENTED_EDGE('',*,*,#12468,.T.);
#12499 = ORIENTED_EDGE('',*,*,#12500,.F.);
#12500 = EDGE_CURVE('',#12491,#12469,#12501,.T.);
#12501 = LINE('',#12502,#12503);
#12502 = CARTESIAN_POINT('',(-0.32,-2.86,8.38));
#12503 = VECTOR('',#12504,1.);
#12504 = DIRECTION('',(0.,1.,0.));
#12505 = PLANE('',#12506);
#12506 = AXIS2_PLACEMENT_3D('',#12507,#12508,#12509);
#12507 = CARTESIAN_POINT('',(-0.32,-2.86,-3.));
#12508 = DIRECTION('',(1.,0.,0.));
#12509 = DIRECTION('',(0.,0.,1.));
#12510 = ADVANCED_FACE('',(#12511),#12529,.F.);
#12511 = FACE_BOUND('',#12512,.F.);
#12512 = EDGE_LOOP('',(#12513,#12521,#12522,#12523));
#12513 = ORIENTED_EDGE('',*,*,#12514,.F.);
#12514 = EDGE_CURVE('',#10320,#12515,#12517,.T.);
#12515 = VERTEX_POINT('',#12516);
#12516 = CARTESIAN_POINT('',(0.32,-2.86,8.38));
#12517 = LINE('',#12518,#12519);
#12518 = CARTESIAN_POINT('',(0.32,-2.86,-3.));
#12519 = VECTOR('',#12520,1.);
#12520 = DIRECTION('',(0.,0.,1.));
#12521 = ORIENTED_EDGE('',*,*,#10327,.T.);
#12522 = ORIENTED_EDGE('',*,*,#12490,.T.);
#12523 = ORIENTED_EDGE('',*,*,#12524,.T.);
#12524 = EDGE_CURVE('',#12491,#12515,#12525,.T.);
#12525 = LINE('',#12526,#12527);
#12526 = CARTESIAN_POINT('',(-0.32,-2.86,8.38));
#12527 = VECTOR('',#12528,1.);
#12528 = DIRECTION('',(1.,0.,0.));
#12529 = PLANE('',#12530);
#12530 = AXIS2_PLACEMENT_3D('',#12531,#12532,#12533);
#12531 = CARTESIAN_POINT('',(-0.32,-2.86,-3.));
#12532 = DIRECTION('',(0.,1.,0.));
#12533 = DIRECTION('',(0.,-0.,1.));
#12534 = ADVANCED_FACE('',(#12535),#12546,.T.);
#12535 = FACE_BOUND('',#12536,.T.);
#12536 = EDGE_LOOP('',(#12537,#12538,#12539,#12540));
#12537 = ORIENTED_EDGE('',*,*,#12514,.F.);
#12538 = ORIENTED_EDGE('',*,*,#10319,.T.);
#12539 = ORIENTED_EDGE('',*,*,#12459,.T.);
#12540 = ORIENTED_EDGE('',*,*,#12541,.F.);
#12541 = EDGE_CURVE('',#12515,#12460,#12542,.T.);
#12542 = LINE('',#12543,#12544);
#12543 = CARTESIAN_POINT('',(0.32,-2.86,8.38));
#12544 = VECTOR('',#12545,1.);
#12545 = DIRECTION('',(0.,1.,0.));
#12546 = PLANE('',#12547);
#12547 = AXIS2_PLACEMENT_3D('',#12548,#12549,#12550);
#12548 = CARTESIAN_POINT('',(0.32,-2.86,-3.));
#12549 = DIRECTION('',(1.,0.,0.));
#12550 = DIRECTION('',(0.,0.,1.));
#12551 = ADVANCED_FACE('',(#12552),#12577,.F.);
#12552 = FACE_BOUND('',#12553,.F.);
#12553 = EDGE_LOOP('',(#12554,#12562,#12563,#12571));
#12554 = ORIENTED_EDGE('',*,*,#12555,.F.);
#12555 = EDGE_CURVE('',#10344,#12556,#12558,.T.);
#12556 = VERTEX_POINT('',#12557);
#12557 = CARTESIAN_POINT('',(0.32,-5.4,8.38));
#12558 = LINE('',#12559,#12560);
#12559 = CARTESIAN_POINT('',(0.32,-5.4,-3.));
#12560 = VECTOR('',#12561,1.);
#12561 = DIRECTION('',(0.,0.,1.));
#12562 = ORIENTED_EDGE('',*,*,#10343,.T.);
#12563 = ORIENTED_EDGE('',*,*,#12564,.T.);
#12564 = EDGE_CURVE('',#10346,#12565,#12567,.T.);
#12565 = VERTEX_POINT('',#12566);
#12566 = CARTESIAN_POINT('',(-0.32,-5.4,8.38));
#12567 = LINE('',#12568,#12569);
#12568 = CARTESIAN_POINT('',(-0.32,-5.4,-3.));
#12569 = VECTOR('',#12570,1.);
#12570 = DIRECTION('',(0.,0.,1.));
#12571 = ORIENTED_EDGE('',*,*,#12572,.T.);
#12572 = EDGE_CURVE('',#12565,#12556,#12573,.T.);
#12573 = LINE('',#12574,#12575);
#12574 = CARTESIAN_POINT('',(-0.32,-5.4,8.38));
#12575 = VECTOR('',#12576,1.);
#12576 = DIRECTION('',(1.,0.,0.));
#12577 = PLANE('',#12578);
#12578 = AXIS2_PLACEMENT_3D('',#12579,#12580,#12581);
#12579 = CARTESIAN_POINT('',(-0.32,-5.4,-3.));
#12580 = DIRECTION('',(0.,1.,0.));
#12581 = DIRECTION('',(0.,-0.,1.));
#12582 = ADVANCED_FACE('',(#12583),#12601,.T.);
#12583 = FACE_BOUND('',#12584,.T.);
#12584 = EDGE_LOOP('',(#12585,#12586,#12587,#12595));
#12585 = ORIENTED_EDGE('',*,*,#12555,.F.);
#12586 = ORIENTED_EDGE('',*,*,#10369,.T.);
#12587 = ORIENTED_EDGE('',*,*,#12588,.T.);
#12588 = EDGE_CURVE('',#10362,#12589,#12591,.T.);
#12589 = VERTEX_POINT('',#12590);
#12590 = CARTESIAN_POINT('',(0.32,-4.76,8.38));
#12591 = LINE('',#12592,#12593);
#12592 = CARTESIAN_POINT('',(0.32,-4.76,-3.));
#12593 = VECTOR('',#12594,1.);
#12594 = DIRECTION('',(0.,0.,1.));
#12595 = ORIENTED_EDGE('',*,*,#12596,.F.);
#12596 = EDGE_CURVE('',#12556,#12589,#12597,.T.);
#12597 = LINE('',#12598,#12599);
#12598 = CARTESIAN_POINT('',(0.32,-5.4,8.38));
#12599 = VECTOR('',#12600,1.);
#12600 = DIRECTION('',(0.,1.,0.));
#12601 = PLANE('',#12602);
#12602 = AXIS2_PLACEMENT_3D('',#12603,#12604,#12605);
#12603 = CARTESIAN_POINT('',(0.32,-5.4,-3.));
#12604 = DIRECTION('',(1.,0.,0.));
#12605 = DIRECTION('',(0.,0.,1.));
#12606 = ADVANCED_FACE('',(#12607),#12625,.T.);
#12607 = FACE_BOUND('',#12608,.T.);
#12608 = EDGE_LOOP('',(#12609,#12610,#12611,#12619));
#12609 = ORIENTED_EDGE('',*,*,#12588,.F.);
#12610 = ORIENTED_EDGE('',*,*,#10361,.T.);
#12611 = ORIENTED_EDGE('',*,*,#12612,.T.);
#12612 = EDGE_CURVE('',#10354,#12613,#12615,.T.);
#12613 = VERTEX_POINT('',#12614);
#12614 = CARTESIAN_POINT('',(-0.32,-4.76,8.38));
#12615 = LINE('',#12616,#12617);
#12616 = CARTESIAN_POINT('',(-0.32,-4.76,-3.));
#12617 = VECTOR('',#12618,1.);
#12618 = DIRECTION('',(0.,0.,1.));
#12619 = ORIENTED_EDGE('',*,*,#12620,.T.);
#12620 = EDGE_CURVE('',#12613,#12589,#12621,.T.);
#12621 = LINE('',#12622,#12623);
#12622 = CARTESIAN_POINT('',(-0.32,-4.76,8.38));
#12623 = VECTOR('',#12624,1.);
#12624 = DIRECTION('',(1.,0.,0.));
#12625 = PLANE('',#12626);
#12626 = AXIS2_PLACEMENT_3D('',#12627,#12628,#12629);
#12627 = CARTESIAN_POINT('',(-0.32,-4.76,-3.));
#12628 = DIRECTION('',(0.,1.,0.));
#12629 = DIRECTION('',(0.,-0.,1.));
#12630 = ADVANCED_FACE('',(#12631),#12642,.F.);
#12631 = FACE_BOUND('',#12632,.F.);
#12632 = EDGE_LOOP('',(#12633,#12634,#12635,#12636));
#12633 = ORIENTED_EDGE('',*,*,#12564,.F.);
#12634 = ORIENTED_EDGE('',*,*,#10353,.T.);
#12635 = ORIENTED_EDGE('',*,*,#12612,.T.);
#12636 = ORIENTED_EDGE('',*,*,#12637,.F.);
#12637 = EDGE_CURVE('',#12565,#12613,#12638,.T.);
#12638 = LINE('',#12639,#12640);
#12639 = CARTESIAN_POINT('',(-0.32,-5.4,8.38));
#12640 = VECTOR('',#12641,1.);
#12641 = DIRECTION('',(0.,1.,0.));
#12642 = PLANE('',#12643);
#12643 = AXIS2_PLACEMENT_3D('',#12644,#12645,#12646);
#12644 = CARTESIAN_POINT('',(-0.32,-5.4,-3.));
#12645 = DIRECTION('',(1.,0.,0.));
#12646 = DIRECTION('',(0.,0.,1.));
#12647 = ADVANCED_FACE('',(#12648),#12673,.T.);
#12648 = FACE_BOUND('',#12649,.T.);
#12649 = EDGE_LOOP('',(#12650,#12658,#12659,#12667));
#12650 = ORIENTED_EDGE('',*,*,#12651,.F.);
#12651 = EDGE_CURVE('',#10378,#12652,#12654,.T.);
#12652 = VERTEX_POINT('',#12653);
#12653 = CARTESIAN_POINT('',(0.32,-0.32,8.38));
#12654 = LINE('',#12655,#12656);
#12655 = CARTESIAN_POINT('',(0.32,-0.32,-3.));
#12656 = VECTOR('',#12657,1.);
#12657 = DIRECTION('',(0.,0.,1.));
#12658 = ORIENTED_EDGE('',*,*,#10377,.T.);
#12659 = ORIENTED_EDGE('',*,*,#12660,.T.);
#12660 = EDGE_CURVE('',#10380,#12661,#12663,.T.);
#12661 = VERTEX_POINT('',#12662);
#12662 = CARTESIAN_POINT('',(0.32,0.32,8.38));
#12663 = LINE('',#12664,#12665);
#12664 = CARTESIAN_POINT('',(0.32,0.32,-3.));
#12665 = VECTOR('',#12666,1.);
#12666 = DIRECTION('',(0.,0.,1.));
#12667 = ORIENTED_EDGE('',*,*,#12668,.F.);
#12668 = EDGE_CURVE('',#12652,#12661,#12669,.T.);
#12669 = LINE('',#12670,#12671);
#12670 = CARTESIAN_POINT('',(0.32,-0.32,8.38));
#12671 = VECTOR('',#12672,1.);
#12672 = DIRECTION('',(0.,1.,0.));
#12673 = PLANE('',#12674);
#12674 = AXIS2_PLACEMENT_3D('',#12675,#12676,#12677);
#12675 = CARTESIAN_POINT('',(0.32,-0.32,-3.));
#12676 = DIRECTION('',(1.,0.,0.));
#12677 = DIRECTION('',(0.,0.,1.));
#12678 = ADVANCED_FACE('',(#12679),#12697,.T.);
#12679 = FACE_BOUND('',#12680,.T.);
#12680 = EDGE_LOOP('',(#12681,#12682,#12683,#12691));
#12681 = ORIENTED_EDGE('',*,*,#12660,.F.);
#12682 = ORIENTED_EDGE('',*,*,#10403,.T.);
#12683 = ORIENTED_EDGE('',*,*,#12684,.T.);
#12684 = EDGE_CURVE('',#10396,#12685,#12687,.T.);
#12685 = VERTEX_POINT('',#12686);
#12686 = CARTESIAN_POINT('',(-0.32,0.32,8.38));
#12687 = LINE('',#12688,#12689);
#12688 = CARTESIAN_POINT('',(-0.32,0.32,-3.));
#12689 = VECTOR('',#12690,1.);
#12690 = DIRECTION('',(0.,0.,1.));
#12691 = ORIENTED_EDGE('',*,*,#12692,.T.);
#12692 = EDGE_CURVE('',#12685,#12661,#12693,.T.);
#12693 = LINE('',#12694,#12695);
#12694 = CARTESIAN_POINT('',(-0.32,0.32,8.38));
#12695 = VECTOR('',#12696,1.);
#12696 = DIRECTION('',(1.,0.,0.));
#12697 = PLANE('',#12698);
#12698 = AXIS2_PLACEMENT_3D('',#12699,#12700,#12701);
#12699 = CARTESIAN_POINT('',(-0.32,0.32,-3.));
#12700 = DIRECTION('',(0.,1.,0.));
#12701 = DIRECTION('',(0.,-0.,1.));
#12702 = ADVANCED_FACE('',(#12703),#12721,.F.);
#12703 = FACE_BOUND('',#12704,.F.);
#12704 = EDGE_LOOP('',(#12705,#12713,#12714,#12715));
#12705 = ORIENTED_EDGE('',*,*,#12706,.F.);
#12706 = EDGE_CURVE('',#10388,#12707,#12709,.T.);
#12707 = VERTEX_POINT('',#12708);
#12708 = CARTESIAN_POINT('',(-0.32,-0.32,8.38));
#12709 = LINE('',#12710,#12711);
#12710 = CARTESIAN_POINT('',(-0.32,-0.32,-3.));
#12711 = VECTOR('',#12712,1.);
#12712 = DIRECTION('',(0.,0.,1.));
#12713 = ORIENTED_EDGE('',*,*,#10395,.T.);
#12714 = ORIENTED_EDGE('',*,*,#12684,.T.);
#12715 = ORIENTED_EDGE('',*,*,#12716,.F.);
#12716 = EDGE_CURVE('',#12707,#12685,#12717,.T.);
#12717 = LINE('',#12718,#12719);
#12718 = CARTESIAN_POINT('',(-0.32,-0.32,8.38));
#12719 = VECTOR('',#12720,1.);
#12720 = DIRECTION('',(0.,1.,0.));
#12721 = PLANE('',#12722);
#12722 = AXIS2_PLACEMENT_3D('',#12723,#12724,#12725);
#12723 = CARTESIAN_POINT('',(-0.32,-0.32,-3.));
#12724 = DIRECTION('',(1.,0.,0.));
#12725 = DIRECTION('',(0.,0.,1.));
#12726 = ADVANCED_FACE('',(#12727),#12738,.F.);
#12727 = FACE_BOUND('',#12728,.F.);
#12728 = EDGE_LOOP('',(#12729,#12730,#12731,#12732));
#12729 = ORIENTED_EDGE('',*,*,#12651,.F.);
#12730 = ORIENTED_EDGE('',*,*,#10387,.T.);
#12731 = ORIENTED_EDGE('',*,*,#12706,.T.);
#12732 = ORIENTED_EDGE('',*,*,#12733,.T.);
#12733 = EDGE_CURVE('',#12707,#12652,#12734,.T.);
#12734 = LINE('',#12735,#12736);
#12735 = CARTESIAN_POINT('',(-0.32,-0.32,8.38));
#12736 = VECTOR('',#12737,1.);
#12737 = DIRECTION('',(1.,0.,0.));
#12738 = PLANE('',#12739);
#12739 = AXIS2_PLACEMENT_3D('',#12740,#12741,#12742);
#12740 = CARTESIAN_POINT('',(-0.32,-0.32,-3.));
#12741 = DIRECTION('',(0.,1.,0.));
#12742 = DIRECTION('',(0.,-0.,1.));
#12743 = ADVANCED_FACE('',(#12744),#12769,.T.);
#12744 = FACE_BOUND('',#12745,.F.);
#12745 = EDGE_LOOP('',(#12746,#12754,#12755,#12763));
#12746 = ORIENTED_EDGE('',*,*,#12747,.F.);
#12747 = EDGE_CURVE('',#11220,#12748,#12750,.T.);
#12748 = VERTEX_POINT('',#12749);
#12749 = CARTESIAN_POINT('',(-0.16,-17.94,-3.));
#12750 = LINE('',#12751,#12752);
#12751 = CARTESIAN_POINT('',(-0.266666666667,-18.04666666666,
    -2.893333333333));
#12752 = VECTOR('',#12753,1.);
#12753 = DIRECTION('',(0.57735026919,0.57735026919,-0.57735026919));
#12754 = ORIENTED_EDGE('',*,*,#11219,.T.);
#12755 = ORIENTED_EDGE('',*,*,#12756,.T.);
#12756 = EDGE_CURVE('',#11212,#12757,#12759,.T.);
#12757 = VERTEX_POINT('',#12758);
#12758 = CARTESIAN_POINT('',(0.16,-17.94,-3.));
#12759 = LINE('',#12760,#12761);
#12760 = CARTESIAN_POINT('',(0.16,-17.94,-3.));
#12761 = VECTOR('',#12762,1.);
#12762 = DIRECTION('',(-0.57735026919,0.57735026919,-0.57735026919));
#12763 = ORIENTED_EDGE('',*,*,#12764,.F.);
#12764 = EDGE_CURVE('',#12748,#12757,#12765,.T.);
#12765 = LINE('',#12766,#12767);
#12766 = CARTESIAN_POINT('',(-0.32,-17.94,-3.));
#12767 = VECTOR('',#12768,1.);
#12768 = DIRECTION('',(1.,0.,0.));
#12769 = PLANE('',#12770);
#12770 = AXIS2_PLACEMENT_3D('',#12771,#12772,#12773);
#12771 = CARTESIAN_POINT('',(-0.32,-18.02,-2.92));
#12772 = DIRECTION('',(1.735167508357E-18,-0.707106781187,
    -0.707106781187));
#12773 = DIRECTION('',(-1.,-1.226948711654E-18,-1.226948711654E-18));
#12774 = ADVANCED_FACE('',(#12775),#12793,.F.);
#12775 = FACE_BOUND('',#12776,.F.);
#12776 = EDGE_LOOP('',(#12777,#12778,#12779,#12787));
#12777 = ORIENTED_EDGE('',*,*,#12756,.F.);
#12778 = ORIENTED_EDGE('',*,*,#11243,.T.);
#12779 = ORIENTED_EDGE('',*,*,#12780,.T.);
#12780 = EDGE_CURVE('',#11244,#12781,#12783,.T.);
#12781 = VERTEX_POINT('',#12782);
#12782 = CARTESIAN_POINT('',(0.16,-17.62,-3.));
#12783 = LINE('',#12784,#12785);
#12784 = CARTESIAN_POINT('',(5.333333333333E-02,-17.72666666666,
    -3.106666666667));
#12785 = VECTOR('',#12786,1.);
#12786 = DIRECTION('',(-0.57735026919,-0.57735026919,-0.57735026919));
#12787 = ORIENTED_EDGE('',*,*,#12788,.F.);
#12788 = EDGE_CURVE('',#12757,#12781,#12789,.T.);
#12789 = LINE('',#12790,#12791);
#12790 = CARTESIAN_POINT('',(0.16,-18.1,-3.));
#12791 = VECTOR('',#12792,1.);
#12792 = DIRECTION('',(0.,1.,0.));
#12793 = PLANE('',#12794);
#12794 = AXIS2_PLACEMENT_3D('',#12795,#12796,#12797);
#12795 = CARTESIAN_POINT('',(0.24,-18.1,-2.92));
#12796 = DIRECTION('',(-0.707106781187,1.735167508357E-18,0.707106781187
    ));
#12797 = DIRECTION('',(1.226948711654E-18,1.,-1.226948711654E-18));
#12798 = ADVANCED_FACE('',(#12799),#12817,.F.);
#12799 = FACE_BOUND('',#12800,.T.);
#12800 = EDGE_LOOP('',(#12801,#12809,#12810,#12811));
#12801 = ORIENTED_EDGE('',*,*,#12802,.F.);
#12802 = EDGE_CURVE('',#11268,#12803,#12805,.T.);
#12803 = VERTEX_POINT('',#12804);
#12804 = CARTESIAN_POINT('',(-0.16,-17.62,-3.));
#12805 = LINE('',#12806,#12807);
#12806 = CARTESIAN_POINT('',(-0.16,-17.62,-3.));
#12807 = VECTOR('',#12808,1.);
#12808 = DIRECTION('',(0.57735026919,-0.57735026919,-0.57735026919));
#12809 = ORIENTED_EDGE('',*,*,#11267,.T.);
#12810 = ORIENTED_EDGE('',*,*,#12780,.T.);
#12811 = ORIENTED_EDGE('',*,*,#12812,.F.);
#12812 = EDGE_CURVE('',#12803,#12781,#12813,.T.);
#12813 = LINE('',#12814,#12815);
#12814 = CARTESIAN_POINT('',(-0.32,-17.62,-3.));
#12815 = VECTOR('',#12816,1.);
#12816 = DIRECTION('',(1.,0.,0.));
#12817 = PLANE('',#12818);
#12818 = AXIS2_PLACEMENT_3D('',#12819,#12820,#12821);
#12819 = CARTESIAN_POINT('',(-0.32,-17.54,-2.92));
#12820 = DIRECTION('',(-1.735167508357E-18,-0.707106781187,
    0.707106781187));
#12821 = DIRECTION('',(-1.,1.226948711654E-18,-1.226948711654E-18));
#12822 = ADVANCED_FACE('',(#12823),#12834,.T.);
#12823 = FACE_BOUND('',#12824,.T.);
#12824 = EDGE_LOOP('',(#12825,#12826,#12827,#12828));
#12825 = ORIENTED_EDGE('',*,*,#12747,.F.);
#12826 = ORIENTED_EDGE('',*,*,#11291,.T.);
#12827 = ORIENTED_EDGE('',*,*,#12802,.T.);
#12828 = ORIENTED_EDGE('',*,*,#12829,.F.);
#12829 = EDGE_CURVE('',#12748,#12803,#12830,.T.);
#12830 = LINE('',#12831,#12832);
#12831 = CARTESIAN_POINT('',(-0.16,-18.1,-3.));
#12832 = VECTOR('',#12833,1.);
#12833 = DIRECTION('',(0.,1.,0.));
#12834 = PLANE('',#12835);
#12835 = AXIS2_PLACEMENT_3D('',#12836,#12837,#12838);
#12836 = CARTESIAN_POINT('',(-0.24,-18.1,-2.92));
#12837 = DIRECTION('',(-0.707106781187,-1.735167508357E-18,
    -0.707106781187));
#12838 = DIRECTION('',(-1.226948711654E-18,1.,-1.226948711654E-18));
#12839 = ADVANCED_FACE('',(#12840),#12865,.F.);
#12840 = FACE_BOUND('',#12841,.T.);
#12841 = EDGE_LOOP('',(#12842,#12850,#12851,#12859));
#12842 = ORIENTED_EDGE('',*,*,#12843,.F.);
#12843 = EDGE_CURVE('',#11316,#12844,#12846,.T.);
#12844 = VERTEX_POINT('',#12845);
#12845 = CARTESIAN_POINT('',(-0.16,-15.08,-3.));
#12846 = LINE('',#12847,#12848);
#12847 = CARTESIAN_POINT('',(-0.16,-15.08,-3.));
#12848 = VECTOR('',#12849,1.);
#12849 = DIRECTION('',(0.57735026919,-0.57735026919,-0.57735026919));
#12850 = ORIENTED_EDGE('',*,*,#11315,.T.);
#12851 = ORIENTED_EDGE('',*,*,#12852,.T.);
#12852 = EDGE_CURVE('',#11308,#12853,#12855,.T.);
#12853 = VERTEX_POINT('',#12854);
#12854 = CARTESIAN_POINT('',(0.16,-15.08,-3.));
#12855 = LINE('',#12856,#12857);
#12856 = CARTESIAN_POINT('',(5.333333333333E-02,-15.18666666666,
    -3.106666666667));
#12857 = VECTOR('',#12858,1.);
#12858 = DIRECTION('',(-0.57735026919,-0.57735026919,-0.57735026919));
#12859 = ORIENTED_EDGE('',*,*,#12860,.F.);
#12860 = EDGE_CURVE('',#12844,#12853,#12861,.T.);
#12861 = LINE('',#12862,#12863);
#12862 = CARTESIAN_POINT('',(-0.32,-15.08,-3.));
#12863 = VECTOR('',#12864,1.);
#12864 = DIRECTION('',(1.,0.,0.));
#12865 = PLANE('',#12866);
#12866 = AXIS2_PLACEMENT_3D('',#12867,#12868,#12869);
#12867 = CARTESIAN_POINT('',(-0.32,-15.,-2.92));
#12868 = DIRECTION('',(-1.735167508357E-18,-0.707106781187,
    0.707106781187));
#12869 = DIRECTION('',(-1.,1.226948711654E-18,-1.226948711654E-18));
#12870 = ADVANCED_FACE('',(#12871),#12889,.T.);
#12871 = FACE_BOUND('',#12872,.T.);
#12872 = EDGE_LOOP('',(#12873,#12881,#12882,#12883));
#12873 = ORIENTED_EDGE('',*,*,#12874,.F.);
#12874 = EDGE_CURVE('',#11339,#12875,#12877,.T.);
#12875 = VERTEX_POINT('',#12876);
#12876 = CARTESIAN_POINT('',(-0.16,-15.4,-3.));
#12877 = LINE('',#12878,#12879);
#12878 = CARTESIAN_POINT('',(-0.266666666667,-15.50666666666,
    -2.893333333333));
#12879 = VECTOR('',#12880,1.);
#12880 = DIRECTION('',(0.57735026919,0.57735026919,-0.57735026919));
#12881 = ORIENTED_EDGE('',*,*,#11346,.T.);
#12882 = ORIENTED_EDGE('',*,*,#12843,.T.);
#12883 = ORIENTED_EDGE('',*,*,#12884,.F.);
#12884 = EDGE_CURVE('',#12875,#12844,#12885,.T.);
#12885 = LINE('',#12886,#12887);
#12886 = CARTESIAN_POINT('',(-0.16,-15.56,-3.));
#12887 = VECTOR('',#12888,1.);
#12888 = DIRECTION('',(0.,1.,0.));
#12889 = PLANE('',#12890);
#12890 = AXIS2_PLACEMENT_3D('',#12891,#12892,#12893);
#12891 = CARTESIAN_POINT('',(-0.24,-15.56,-2.92));
#12892 = DIRECTION('',(-0.707106781187,-1.735167508357E-18,
    -0.707106781187));
#12893 = DIRECTION('',(-1.226948711654E-18,1.,-1.226948711654E-18));
#12894 = ADVANCED_FACE('',(#12895),#12913,.T.);
#12895 = FACE_BOUND('',#12896,.F.);
#12896 = EDGE_LOOP('',(#12897,#12898,#12899,#12907));
#12897 = ORIENTED_EDGE('',*,*,#12874,.F.);
#12898 = ORIENTED_EDGE('',*,*,#11370,.T.);
#12899 = ORIENTED_EDGE('',*,*,#12900,.T.);
#12900 = EDGE_CURVE('',#11363,#12901,#12903,.T.);
#12901 = VERTEX_POINT('',#12902);
#12902 = CARTESIAN_POINT('',(0.16,-15.4,-3.));
#12903 = LINE('',#12904,#12905);
#12904 = CARTESIAN_POINT('',(0.16,-15.4,-3.));
#12905 = VECTOR('',#12906,1.);
#12906 = DIRECTION('',(-0.57735026919,0.57735026919,-0.57735026919));
#12907 = ORIENTED_EDGE('',*,*,#12908,.F.);
#12908 = EDGE_CURVE('',#12875,#12901,#12909,.T.);
#12909 = LINE('',#12910,#12911);
#12910 = CARTESIAN_POINT('',(-0.32,-15.4,-3.));
#12911 = VECTOR('',#12912,1.);
#12912 = DIRECTION('',(1.,0.,0.));
#12913 = PLANE('',#12914);
#12914 = AXIS2_PLACEMENT_3D('',#12915,#12916,#12917);
#12915 = CARTESIAN_POINT('',(-0.32,-15.48,-2.92));
#12916 = DIRECTION('',(1.735167508357E-18,-0.707106781187,
    -0.707106781187));
#12917 = DIRECTION('',(-1.,-1.226948711654E-18,-1.226948711654E-18));
#12918 = ADVANCED_FACE('',(#12919),#12930,.F.);
#12919 = FACE_BOUND('',#12920,.F.);
#12920 = EDGE_LOOP('',(#12921,#12922,#12923,#12924));
#12921 = ORIENTED_EDGE('',*,*,#12900,.F.);
#12922 = ORIENTED_EDGE('',*,*,#11387,.T.);
#12923 = ORIENTED_EDGE('',*,*,#12852,.T.);
#12924 = ORIENTED_EDGE('',*,*,#12925,.F.);
#12925 = EDGE_CURVE('',#12901,#12853,#12926,.T.);
#12926 = LINE('',#12927,#12928);
#12927 = CARTESIAN_POINT('',(0.16,-15.56,-3.));
#12928 = VECTOR('',#12929,1.);
#12929 = DIRECTION('',(0.,1.,0.));
#12930 = PLANE('',#12931);
#12931 = AXIS2_PLACEMENT_3D('',#12932,#12933,#12934);
#12932 = CARTESIAN_POINT('',(0.24,-15.56,-2.92));
#12933 = DIRECTION('',(-0.707106781187,1.735167508357E-18,0.707106781187
    ));
#12934 = DIRECTION('',(1.226948711654E-18,1.,-1.226948711654E-18));
#12935 = ADVANCED_FACE('',(#12936),#12961,.F.);
#12936 = FACE_BOUND('',#12937,.F.);
#12937 = EDGE_LOOP('',(#12938,#12946,#12947,#12955));
#12938 = ORIENTED_EDGE('',*,*,#12939,.F.);
#12939 = EDGE_CURVE('',#11404,#12940,#12942,.T.);
#12940 = VERTEX_POINT('',#12941);
#12941 = CARTESIAN_POINT('',(0.16,-7.78,-3.));
#12942 = LINE('',#12943,#12944);
#12943 = CARTESIAN_POINT('',(0.16,-7.78,-3.));
#12944 = VECTOR('',#12945,1.);
#12945 = DIRECTION('',(-0.57735026919,0.57735026919,-0.57735026919));
#12946 = ORIENTED_EDGE('',*,*,#11411,.T.);
#12947 = ORIENTED_EDGE('',*,*,#12948,.T.);
#12948 = EDGE_CURVE('',#11412,#12949,#12951,.T.);
#12949 = VERTEX_POINT('',#12950);
#12950 = CARTESIAN_POINT('',(0.16,-7.46,-3.));
#12951 = LINE('',#12952,#12953);
#12952 = CARTESIAN_POINT('',(5.333333333333E-02,-7.566666666667,
    -3.106666666667));
#12953 = VECTOR('',#12954,1.);
#12954 = DIRECTION('',(-0.57735026919,-0.57735026919,-0.57735026919));
#12955 = ORIENTED_EDGE('',*,*,#12956,.F.);
#12956 = EDGE_CURVE('',#12940,#12949,#12957,.T.);
#12957 = LINE('',#12958,#12959);
#12958 = CARTESIAN_POINT('',(0.16,-7.94,-3.));
#12959 = VECTOR('',#12960,1.);
#12960 = DIRECTION('',(0.,1.,0.));
#12961 = PLANE('',#12962);
#12962 = AXIS2_PLACEMENT_3D('',#12963,#12964,#12965);
#12963 = CARTESIAN_POINT('',(0.24,-7.94,-2.92));
#12964 = DIRECTION('',(-0.707106781187,1.735167508357E-18,0.707106781187
    ));
#12965 = DIRECTION('',(1.226948711654E-18,1.,-1.226948711654E-18));
#12966 = ADVANCED_FACE('',(#12967),#12985,.F.);
#12967 = FACE_BOUND('',#12968,.T.);
#12968 = EDGE_LOOP('',(#12969,#12977,#12978,#12979));
#12969 = ORIENTED_EDGE('',*,*,#12970,.F.);
#12970 = EDGE_CURVE('',#11436,#12971,#12973,.T.);
#12971 = VERTEX_POINT('',#12972);
#12972 = CARTESIAN_POINT('',(-0.16,-7.46,-3.));
#12973 = LINE('',#12974,#12975);
#12974 = CARTESIAN_POINT('',(-0.16,-7.46,-3.));
#12975 = VECTOR('',#12976,1.);
#12976 = DIRECTION('',(0.57735026919,-0.57735026919,-0.57735026919));
#12977 = ORIENTED_EDGE('',*,*,#11435,.T.);
#12978 = ORIENTED_EDGE('',*,*,#12948,.T.);
#12979 = ORIENTED_EDGE('',*,*,#12980,.F.);
#12980 = EDGE_CURVE('',#12971,#12949,#12981,.T.);
#12981 = LINE('',#12982,#12983);
#12982 = CARTESIAN_POINT('',(-0.32,-7.46,-3.));
#12983 = VECTOR('',#12984,1.);
#12984 = DIRECTION('',(1.,0.,0.));
#12985 = PLANE('',#12986);
#12986 = AXIS2_PLACEMENT_3D('',#12987,#12988,#12989);
#12987 = CARTESIAN_POINT('',(-0.32,-7.38,-2.92));
#12988 = DIRECTION('',(-1.735167508357E-18,-0.707106781187,
    0.707106781187));
#12989 = DIRECTION('',(-1.,1.226948711654E-18,-1.226948711654E-18));
#12990 = ADVANCED_FACE('',(#12991),#13009,.T.);
#12991 = FACE_BOUND('',#12992,.T.);
#12992 = EDGE_LOOP('',(#12993,#13001,#13002,#13003));
#12993 = ORIENTED_EDGE('',*,*,#12994,.F.);
#12994 = EDGE_CURVE('',#11459,#12995,#12997,.T.);
#12995 = VERTEX_POINT('',#12996);
#12996 = CARTESIAN_POINT('',(-0.16,-7.78,-3.));
#12997 = LINE('',#12998,#12999);
#12998 = CARTESIAN_POINT('',(-0.266666666667,-7.886666666667,
    -2.893333333333));
#12999 = VECTOR('',#13000,1.);
#13000 = DIRECTION('',(0.57735026919,0.57735026919,-0.57735026919));
#13001 = ORIENTED_EDGE('',*,*,#11466,.T.);
#13002 = ORIENTED_EDGE('',*,*,#12970,.T.);
#13003 = ORIENTED_EDGE('',*,*,#13004,.F.);
#13004 = EDGE_CURVE('',#12995,#12971,#13005,.T.);
#13005 = LINE('',#13006,#13007);
#13006 = CARTESIAN_POINT('',(-0.16,-7.94,-3.));
#13007 = VECTOR('',#13008,1.);
#13008 = DIRECTION('',(0.,1.,0.));
#13009 = PLANE('',#13010);
#13010 = AXIS2_PLACEMENT_3D('',#13011,#13012,#13013);
#13011 = CARTESIAN_POINT('',(-0.24,-7.94,-2.92));
#13012 = DIRECTION('',(-0.707106781187,-1.735167508357E-18,
    -0.707106781187));
#13013 = DIRECTION('',(-1.226948711654E-18,1.,-1.226948711654E-18));
#13014 = ADVANCED_FACE('',(#13015),#13026,.T.);
#13015 = FACE_BOUND('',#13016,.F.);
#13016 = EDGE_LOOP('',(#13017,#13018,#13019,#13020));
#13017 = ORIENTED_EDGE('',*,*,#12994,.F.);
#13018 = ORIENTED_EDGE('',*,*,#11483,.T.);
#13019 = ORIENTED_EDGE('',*,*,#12939,.T.);
#13020 = ORIENTED_EDGE('',*,*,#13021,.F.);
#13021 = EDGE_CURVE('',#12995,#12940,#13022,.T.);
#13022 = LINE('',#13023,#13024);
#13023 = CARTESIAN_POINT('',(-0.32,-7.78,-3.));
#13024 = VECTOR('',#13025,1.);
#13025 = DIRECTION('',(1.,0.,0.));
#13026 = PLANE('',#13027);
#13027 = AXIS2_PLACEMENT_3D('',#13028,#13029,#13030);
#13028 = CARTESIAN_POINT('',(-0.32,-7.86,-2.92));
#13029 = DIRECTION('',(1.735167508357E-18,-0.707106781187,
    -0.707106781187));
#13030 = DIRECTION('',(-1.,-1.226948711654E-18,-1.226948711654E-18));
#13031 = ADVANCED_FACE('',(#13032),#13057,.F.);
#13032 = FACE_BOUND('',#13033,.T.);
#13033 = EDGE_LOOP('',(#13034,#13042,#13043,#13051));
#13034 = ORIENTED_EDGE('',*,*,#13035,.F.);
#13035 = EDGE_CURVE('',#11508,#13036,#13038,.T.);
#13036 = VERTEX_POINT('',#13037);
#13037 = CARTESIAN_POINT('',(-0.16,-12.54,-3.));
#13038 = LINE('',#13039,#13040);
#13039 = CARTESIAN_POINT('',(-0.16,-12.54,-3.));
#13040 = VECTOR('',#13041,1.);
#13041 = DIRECTION('',(0.57735026919,-0.57735026919,-0.57735026919));
#13042 = ORIENTED_EDGE('',*,*,#11507,.T.);
#13043 = ORIENTED_EDGE('',*,*,#13044,.T.);
#13044 = EDGE_CURVE('',#11500,#13045,#13047,.T.);
#13045 = VERTEX_POINT('',#13046);
#13046 = CARTESIAN_POINT('',(0.16,-12.54,-3.));
#13047 = LINE('',#13048,#13049);
#13048 = CARTESIAN_POINT('',(5.333333333333E-02,-12.64666666666,
    -3.106666666667));
#13049 = VECTOR('',#13050,1.);
#13050 = DIRECTION('',(-0.57735026919,-0.57735026919,-0.57735026919));
#13051 = ORIENTED_EDGE('',*,*,#13052,.F.);
#13052 = EDGE_CURVE('',#13036,#13045,#13053,.T.);
#13053 = LINE('',#13054,#13055);
#13054 = CARTESIAN_POINT('',(-0.32,-12.54,-3.));
#13055 = VECTOR('',#13056,1.);
#13056 = DIRECTION('',(1.,0.,0.));
#13057 = PLANE('',#13058);
#13058 = AXIS2_PLACEMENT_3D('',#13059,#13060,#13061);
#13059 = CARTESIAN_POINT('',(-0.32,-12.46,-2.92));
#13060 = DIRECTION('',(-1.735167508357E-18,-0.707106781187,
    0.707106781187));
#13061 = DIRECTION('',(-1.,1.226948711654E-18,-1.226948711654E-18));
#13062 = ADVANCED_FACE('',(#13063),#13081,.T.);
#13063 = FACE_BOUND('',#13064,.T.);
#13064 = EDGE_LOOP('',(#13065,#13073,#13074,#13075));
#13065 = ORIENTED_EDGE('',*,*,#13066,.F.);
#13066 = EDGE_CURVE('',#11531,#13067,#13069,.T.);
#13067 = VERTEX_POINT('',#13068);
#13068 = CARTESIAN_POINT('',(-0.16,-12.86,-3.));
#13069 = LINE('',#13070,#13071);
#13070 = CARTESIAN_POINT('',(-0.266666666667,-12.96666666666,
    -2.893333333333));
#13071 = VECTOR('',#13072,1.);
#13072 = DIRECTION('',(0.57735026919,0.57735026919,-0.57735026919));
#13073 = ORIENTED_EDGE('',*,*,#11538,.T.);
#13074 = ORIENTED_EDGE('',*,*,#13035,.T.);
#13075 = ORIENTED_EDGE('',*,*,#13076,.F.);
#13076 = EDGE_CURVE('',#13067,#13036,#13077,.T.);
#13077 = LINE('',#13078,#13079);
#13078 = CARTESIAN_POINT('',(-0.16,-13.02,-3.));
#13079 = VECTOR('',#13080,1.);
#13080 = DIRECTION('',(0.,1.,0.));
#13081 = PLANE('',#13082);
#13082 = AXIS2_PLACEMENT_3D('',#13083,#13084,#13085);
#13083 = CARTESIAN_POINT('',(-0.24,-13.02,-2.92));
#13084 = DIRECTION('',(-0.707106781187,-1.735167508357E-18,
    -0.707106781187));
#13085 = DIRECTION('',(-1.226948711654E-18,1.,-1.226948711654E-18));
#13086 = ADVANCED_FACE('',(#13087),#13105,.T.);
#13087 = FACE_BOUND('',#13088,.F.);
#13088 = EDGE_LOOP('',(#13089,#13090,#13091,#13099));
#13089 = ORIENTED_EDGE('',*,*,#13066,.F.);
#13090 = ORIENTED_EDGE('',*,*,#11562,.T.);
#13091 = ORIENTED_EDGE('',*,*,#13092,.T.);
#13092 = EDGE_CURVE('',#11555,#13093,#13095,.T.);
#13093 = VERTEX_POINT('',#13094);
#13094 = CARTESIAN_POINT('',(0.16,-12.86,-3.));
#13095 = LINE('',#13096,#13097);
#13096 = CARTESIAN_POINT('',(0.16,-12.86,-3.));
#13097 = VECTOR('',#13098,1.);
#13098 = DIRECTION('',(-0.57735026919,0.57735026919,-0.57735026919));
#13099 = ORIENTED_EDGE('',*,*,#13100,.F.);
#13100 = EDGE_CURVE('',#13067,#13093,#13101,.T.);
#13101 = LINE('',#13102,#13103);
#13102 = CARTESIAN_POINT('',(-0.32,-12.86,-3.));
#13103 = VECTOR('',#13104,1.);
#13104 = DIRECTION('',(1.,0.,0.));
#13105 = PLANE('',#13106);
#13106 = AXIS2_PLACEMENT_3D('',#13107,#13108,#13109);
#13107 = CARTESIAN_POINT('',(-0.32,-12.94,-2.92));
#13108 = DIRECTION('',(1.735167508357E-18,-0.707106781187,
    -0.707106781187));
#13109 = DIRECTION('',(-1.,-1.226948711654E-18,-1.226948711654E-18));
#13110 = ADVANCED_FACE('',(#13111),#13122,.F.);
#13111 = FACE_BOUND('',#13112,.F.);
#13112 = EDGE_LOOP('',(#13113,#13114,#13115,#13116));
#13113 = ORIENTED_EDGE('',*,*,#13092,.F.);
#13114 = ORIENTED_EDGE('',*,*,#11579,.T.);
#13115 = ORIENTED_EDGE('',*,*,#13044,.T.);
#13116 = ORIENTED_EDGE('',*,*,#13117,.F.);
#13117 = EDGE_CURVE('',#13093,#13045,#13118,.T.);
#13118 = LINE('',#13119,#13120);
#13119 = CARTESIAN_POINT('',(0.16,-13.02,-3.));
#13120 = VECTOR('',#13121,1.);
#13121 = DIRECTION('',(0.,1.,0.));
#13122 = PLANE('',#13123);
#13123 = AXIS2_PLACEMENT_3D('',#13124,#13125,#13126);
#13124 = CARTESIAN_POINT('',(0.24,-13.02,-2.92));
#13125 = DIRECTION('',(-0.707106781187,1.735167508357E-18,0.707106781187
    ));
#13126 = DIRECTION('',(1.226948711654E-18,1.,-1.226948711654E-18));
#13127 = ADVANCED_FACE('',(#13128),#13153,.F.);
#13128 = FACE_BOUND('',#13129,.F.);
#13129 = EDGE_LOOP('',(#13130,#13138,#13139,#13147));
#13130 = ORIENTED_EDGE('',*,*,#13131,.F.);
#13131 = EDGE_CURVE('',#11596,#13132,#13134,.T.);
#13132 = VERTEX_POINT('',#13133);
#13133 = CARTESIAN_POINT('',(0.16,-10.32,-3.));
#13134 = LINE('',#13135,#13136);
#13135 = CARTESIAN_POINT('',(0.16,-10.32,-3.));
#13136 = VECTOR('',#13137,1.);
#13137 = DIRECTION('',(-0.57735026919,0.57735026919,-0.57735026919));
#13138 = ORIENTED_EDGE('',*,*,#11603,.T.);
#13139 = ORIENTED_EDGE('',*,*,#13140,.T.);
#13140 = EDGE_CURVE('',#11604,#13141,#13143,.T.);
#13141 = VERTEX_POINT('',#13142);
#13142 = CARTESIAN_POINT('',(0.16,-10.,-3.));
#13143 = LINE('',#13144,#13145);
#13144 = CARTESIAN_POINT('',(5.333333333333E-02,-10.10666666666,
    -3.106666666667));
#13145 = VECTOR('',#13146,1.);
#13146 = DIRECTION('',(-0.57735026919,-0.57735026919,-0.57735026919));
#13147 = ORIENTED_EDGE('',*,*,#13148,.F.);
#13148 = EDGE_CURVE('',#13132,#13141,#13149,.T.);
#13149 = LINE('',#13150,#13151);
#13150 = CARTESIAN_POINT('',(0.16,-10.48,-3.));
#13151 = VECTOR('',#13152,1.);
#13152 = DIRECTION('',(0.,1.,0.));
#13153 = PLANE('',#13154);
#13154 = AXIS2_PLACEMENT_3D('',#13155,#13156,#13157);
#13155 = CARTESIAN_POINT('',(0.24,-10.48,-2.92));
#13156 = DIRECTION('',(-0.707106781187,1.735167508357E-18,0.707106781187
    ));
#13157 = DIRECTION('',(1.226948711654E-18,1.,-1.226948711654E-18));
#13158 = ADVANCED_FACE('',(#13159),#13177,.F.);
#13159 = FACE_BOUND('',#13160,.T.);
#13160 = EDGE_LOOP('',(#13161,#13169,#13170,#13171));
#13161 = ORIENTED_EDGE('',*,*,#13162,.F.);
#13162 = EDGE_CURVE('',#11628,#13163,#13165,.T.);
#13163 = VERTEX_POINT('',#13164);
#13164 = CARTESIAN_POINT('',(-0.16,-10.,-3.));
#13165 = LINE('',#13166,#13167);
#13166 = CARTESIAN_POINT('',(-0.16,-10.,-3.));
#13167 = VECTOR('',#13168,1.);
#13168 = DIRECTION('',(0.57735026919,-0.57735026919,-0.57735026919));
#13169 = ORIENTED_EDGE('',*,*,#11627,.T.);
#13170 = ORIENTED_EDGE('',*,*,#13140,.T.);
#13171 = ORIENTED_EDGE('',*,*,#13172,.F.);
#13172 = EDGE_CURVE('',#13163,#13141,#13173,.T.);
#13173 = LINE('',#13174,#13175);
#13174 = CARTESIAN_POINT('',(-0.32,-10.,-3.));
#13175 = VECTOR('',#13176,1.);
#13176 = DIRECTION('',(1.,0.,0.));
#13177 = PLANE('',#13178);
#13178 = AXIS2_PLACEMENT_3D('',#13179,#13180,#13181);
#13179 = CARTESIAN_POINT('',(-0.32,-9.92,-2.92));
#13180 = DIRECTION('',(-1.735167508357E-18,-0.707106781187,
    0.707106781187));
#13181 = DIRECTION('',(-1.,1.226948711654E-18,-1.226948711654E-18));
#13182 = ADVANCED_FACE('',(#13183),#13201,.T.);
#13183 = FACE_BOUND('',#13184,.T.);
#13184 = EDGE_LOOP('',(#13185,#13193,#13194,#13195));
#13185 = ORIENTED_EDGE('',*,*,#13186,.F.);
#13186 = EDGE_CURVE('',#11651,#13187,#13189,.T.);
#13187 = VERTEX_POINT('',#13188);
#13188 = CARTESIAN_POINT('',(-0.16,-10.32,-3.));
#13189 = LINE('',#13190,#13191);
#13190 = CARTESIAN_POINT('',(-0.266666666667,-10.42666666666,
    -2.893333333333));
#13191 = VECTOR('',#13192,1.);
#13192 = DIRECTION('',(0.57735026919,0.57735026919,-0.57735026919));
#13193 = ORIENTED_EDGE('',*,*,#11658,.T.);
#13194 = ORIENTED_EDGE('',*,*,#13162,.T.);
#13195 = ORIENTED_EDGE('',*,*,#13196,.F.);
#13196 = EDGE_CURVE('',#13187,#13163,#13197,.T.);
#13197 = LINE('',#13198,#13199);
#13198 = CARTESIAN_POINT('',(-0.16,-10.48,-3.));
#13199 = VECTOR('',#13200,1.);
#13200 = DIRECTION('',(0.,1.,0.));
#13201 = PLANE('',#13202);
#13202 = AXIS2_PLACEMENT_3D('',#13203,#13204,#13205);
#13203 = CARTESIAN_POINT('',(-0.24,-10.48,-2.92));
#13204 = DIRECTION('',(-0.707106781187,-1.735167508357E-18,
    -0.707106781187));
#13205 = DIRECTION('',(-1.226948711654E-18,1.,-1.226948711654E-18));
#13206 = ADVANCED_FACE('',(#13207),#13218,.T.);
#13207 = FACE_BOUND('',#13208,.F.);
#13208 = EDGE_LOOP('',(#13209,#13210,#13211,#13212));
#13209 = ORIENTED_EDGE('',*,*,#13186,.F.);
#13210 = ORIENTED_EDGE('',*,*,#11675,.T.);
#13211 = ORIENTED_EDGE('',*,*,#13131,.T.);
#13212 = ORIENTED_EDGE('',*,*,#13213,.F.);
#13213 = EDGE_CURVE('',#13187,#13132,#13214,.T.);
#13214 = LINE('',#13215,#13216);
#13215 = CARTESIAN_POINT('',(-0.32,-10.32,-3.));
#13216 = VECTOR('',#13217,1.);
#13217 = DIRECTION('',(1.,0.,0.));
#13218 = PLANE('',#13219);
#13219 = AXIS2_PLACEMENT_3D('',#13220,#13221,#13222);
#13220 = CARTESIAN_POINT('',(-0.32,-10.4,-2.92));
#13221 = DIRECTION('',(1.735167508357E-18,-0.707106781187,
    -0.707106781187));
#13222 = DIRECTION('',(-1.,-1.226948711654E-18,-1.226948711654E-18));
#13223 = ADVANCED_FACE('',(#13224),#13249,.F.);
#13224 = FACE_BOUND('',#13225,.T.);
#13225 = EDGE_LOOP('',(#13226,#13234,#13235,#13243));
#13226 = ORIENTED_EDGE('',*,*,#13227,.F.);
#13227 = EDGE_CURVE('',#11700,#13228,#13230,.T.);
#13228 = VERTEX_POINT('',#13229);
#13229 = CARTESIAN_POINT('',(-0.16,-2.38,-3.));
#13230 = LINE('',#13231,#13232);
#13231 = CARTESIAN_POINT('',(-0.16,-2.38,-3.));
#13232 = VECTOR('',#13233,1.);
#13233 = DIRECTION('',(0.57735026919,-0.57735026919,-0.57735026919));
#13234 = ORIENTED_EDGE('',*,*,#11699,.T.);
#13235 = ORIENTED_EDGE('',*,*,#13236,.T.);
#13236 = EDGE_CURVE('',#11692,#13237,#13239,.T.);
#13237 = VERTEX_POINT('',#13238);
#13238 = CARTESIAN_POINT('',(0.16,-2.38,-3.));
#13239 = LINE('',#13240,#13241);
#13240 = CARTESIAN_POINT('',(5.333333333333E-02,-2.486666666667,
    -3.106666666667));
#13241 = VECTOR('',#13242,1.);
#13242 = DIRECTION('',(-0.57735026919,-0.57735026919,-0.57735026919));
#13243 = ORIENTED_EDGE('',*,*,#13244,.F.);
#13244 = EDGE_CURVE('',#13228,#13237,#13245,.T.);
#13245 = LINE('',#13246,#13247);
#13246 = CARTESIAN_POINT('',(-0.32,-2.38,-3.));
#13247 = VECTOR('',#13248,1.);
#13248 = DIRECTION('',(1.,0.,0.));
#13249 = PLANE('',#13250);
#13250 = AXIS2_PLACEMENT_3D('',#13251,#13252,#13253);
#13251 = CARTESIAN_POINT('',(-0.32,-2.3,-2.92));
#13252 = DIRECTION('',(-1.735167508357E-18,-0.707106781187,
    0.707106781187));
#13253 = DIRECTION('',(-1.,1.226948711654E-18,-1.226948711654E-18));
#13254 = ADVANCED_FACE('',(#13255),#13273,.T.);
#13255 = FACE_BOUND('',#13256,.T.);
#13256 = EDGE_LOOP('',(#13257,#13265,#13266,#13267));
#13257 = ORIENTED_EDGE('',*,*,#13258,.F.);
#13258 = EDGE_CURVE('',#11723,#13259,#13261,.T.);
#13259 = VERTEX_POINT('',#13260);
#13260 = CARTESIAN_POINT('',(-0.16,-2.7,-3.));
#13261 = LINE('',#13262,#13263);
#13262 = CARTESIAN_POINT('',(-0.266666666667,-2.806666666667,
    -2.893333333333));
#13263 = VECTOR('',#13264,1.);
#13264 = DIRECTION('',(0.57735026919,0.57735026919,-0.57735026919));
#13265 = ORIENTED_EDGE('',*,*,#11730,.T.);
#13266 = ORIENTED_EDGE('',*,*,#13227,.T.);
#13267 = ORIENTED_EDGE('',*,*,#13268,.F.);
#13268 = EDGE_CURVE('',#13259,#13228,#13269,.T.);
#13269 = LINE('',#13270,#13271);
#13270 = CARTESIAN_POINT('',(-0.16,-2.86,-3.));
#13271 = VECTOR('',#13272,1.);
#13272 = DIRECTION('',(0.,1.,0.));
#13273 = PLANE('',#13274);
#13274 = AXIS2_PLACEMENT_3D('',#13275,#13276,#13277);
#13275 = CARTESIAN_POINT('',(-0.24,-2.86,-2.92));
#13276 = DIRECTION('',(-0.707106781187,-1.735167508357E-18,
    -0.707106781187));
#13277 = DIRECTION('',(-1.226948711654E-18,1.,-1.226948711654E-18));
#13278 = ADVANCED_FACE('',(#13279),#13297,.T.);
#13279 = FACE_BOUND('',#13280,.F.);
#13280 = EDGE_LOOP('',(#13281,#13282,#13283,#13291));
#13281 = ORIENTED_EDGE('',*,*,#13258,.F.);
#13282 = ORIENTED_EDGE('',*,*,#11754,.T.);
#13283 = ORIENTED_EDGE('',*,*,#13284,.T.);
#13284 = EDGE_CURVE('',#11747,#13285,#13287,.T.);
#13285 = VERTEX_POINT('',#13286);
#13286 = CARTESIAN_POINT('',(0.16,-2.7,-3.));
#13287 = LINE('',#13288,#13289);
#13288 = CARTESIAN_POINT('',(0.16,-2.7,-3.));
#13289 = VECTOR('',#13290,1.);
#13290 = DIRECTION('',(-0.57735026919,0.57735026919,-0.57735026919));
#13291 = ORIENTED_EDGE('',*,*,#13292,.F.);
#13292 = EDGE_CURVE('',#13259,#13285,#13293,.T.);
#13293 = LINE('',#13294,#13295);
#13294 = CARTESIAN_POINT('',(-0.32,-2.7,-3.));
#13295 = VECTOR('',#13296,1.);
#13296 = DIRECTION('',(1.,0.,0.));
#13297 = PLANE('',#13298);
#13298 = AXIS2_PLACEMENT_3D('',#13299,#13300,#13301);
#13299 = CARTESIAN_POINT('',(-0.32,-2.78,-2.92));
#13300 = DIRECTION('',(1.735167508357E-18,-0.707106781187,
    -0.707106781187));
#13301 = DIRECTION('',(-1.,-1.226948711654E-18,-1.226948711654E-18));
#13302 = ADVANCED_FACE('',(#13303),#13314,.F.);
#13303 = FACE_BOUND('',#13304,.F.);
#13304 = EDGE_LOOP('',(#13305,#13306,#13307,#13308));
#13305 = ORIENTED_EDGE('',*,*,#13284,.F.);
#13306 = ORIENTED_EDGE('',*,*,#11771,.T.);
#13307 = ORIENTED_EDGE('',*,*,#13236,.T.);
#13308 = ORIENTED_EDGE('',*,*,#13309,.F.);
#13309 = EDGE_CURVE('',#13285,#13237,#13310,.T.);
#13310 = LINE('',#13311,#13312);
#13311 = CARTESIAN_POINT('',(0.16,-2.86,-3.));
#13312 = VECTOR('',#13313,1.);
#13313 = DIRECTION('',(0.,1.,0.));
#13314 = PLANE('',#13315);
#13315 = AXIS2_PLACEMENT_3D('',#13316,#13317,#13318);
#13316 = CARTESIAN_POINT('',(0.24,-2.86,-2.92));
#13317 = DIRECTION('',(-0.707106781187,1.735167508357E-18,0.707106781187
    ));
#13318 = DIRECTION('',(1.226948711654E-18,1.,-1.226948711654E-18));
#13319 = ADVANCED_FACE('',(#13320),#13345,.T.);
#13320 = FACE_BOUND('',#13321,.F.);
#13321 = EDGE_LOOP('',(#13322,#13330,#13331,#13339));
#13322 = ORIENTED_EDGE('',*,*,#13323,.F.);
#13323 = EDGE_CURVE('',#11796,#13324,#13326,.T.);
#13324 = VERTEX_POINT('',#13325);
#13325 = CARTESIAN_POINT('',(-0.16,-5.24,-3.));
#13326 = LINE('',#13327,#13328);
#13327 = CARTESIAN_POINT('',(-0.266666666667,-5.346666666667,
    -2.893333333333));
#13328 = VECTOR('',#13329,1.);
#13329 = DIRECTION('',(0.57735026919,0.57735026919,-0.57735026919));
#13330 = ORIENTED_EDGE('',*,*,#11795,.T.);
#13331 = ORIENTED_EDGE('',*,*,#13332,.T.);
#13332 = EDGE_CURVE('',#11788,#13333,#13335,.T.);
#13333 = VERTEX_POINT('',#13334);
#13334 = CARTESIAN_POINT('',(0.16,-5.24,-3.));
#13335 = LINE('',#13336,#13337);
#13336 = CARTESIAN_POINT('',(0.16,-5.24,-3.));
#13337 = VECTOR('',#13338,1.);
#13338 = DIRECTION('',(-0.57735026919,0.57735026919,-0.57735026919));
#13339 = ORIENTED_EDGE('',*,*,#13340,.F.);
#13340 = EDGE_CURVE('',#13324,#13333,#13341,.T.);
#13341 = LINE('',#13342,#13343);
#13342 = CARTESIAN_POINT('',(-0.32,-5.24,-3.));
#13343 = VECTOR('',#13344,1.);
#13344 = DIRECTION('',(1.,0.,0.));
#13345 = PLANE('',#13346);
#13346 = AXIS2_PLACEMENT_3D('',#13347,#13348,#13349);
#13347 = CARTESIAN_POINT('',(-0.32,-5.32,-2.92));
#13348 = DIRECTION('',(1.735167508357E-18,-0.707106781187,
    -0.707106781187));
#13349 = DIRECTION('',(-1.,-1.226948711654E-18,-1.226948711654E-18));
#13350 = ADVANCED_FACE('',(#13351),#13369,.F.);
#13351 = FACE_BOUND('',#13352,.F.);
#13352 = EDGE_LOOP('',(#13353,#13354,#13355,#13363));
#13353 = ORIENTED_EDGE('',*,*,#13332,.F.);
#13354 = ORIENTED_EDGE('',*,*,#11819,.T.);
#13355 = ORIENTED_EDGE('',*,*,#13356,.T.);
#13356 = EDGE_CURVE('',#11820,#13357,#13359,.T.);
#13357 = VERTEX_POINT('',#13358);
#13358 = CARTESIAN_POINT('',(0.16,-4.92,-3.));
#13359 = LINE('',#13360,#13361);
#13360 = CARTESIAN_POINT('',(5.333333333333E-02,-5.026666666667,
    -3.106666666667));
#13361 = VECTOR('',#13362,1.);
#13362 = DIRECTION('',(-0.57735026919,-0.57735026919,-0.57735026919));
#13363 = ORIENTED_EDGE('',*,*,#13364,.F.);
#13364 = EDGE_CURVE('',#13333,#13357,#13365,.T.);
#13365 = LINE('',#13366,#13367);
#13366 = CARTESIAN_POINT('',(0.16,-5.4,-3.));
#13367 = VECTOR('',#13368,1.);
#13368 = DIRECTION('',(0.,1.,0.));
#13369 = PLANE('',#13370);
#13370 = AXIS2_PLACEMENT_3D('',#13371,#13372,#13373);
#13371 = CARTESIAN_POINT('',(0.24,-5.4,-2.92));
#13372 = DIRECTION('',(-0.707106781187,1.735167508357E-18,0.707106781187
    ));
#13373 = DIRECTION('',(1.226948711654E-18,1.,-1.226948711654E-18));
#13374 = ADVANCED_FACE('',(#13375),#13393,.F.);
#13375 = FACE_BOUND('',#13376,.T.);
#13376 = EDGE_LOOP('',(#13377,#13385,#13386,#13387));
#13377 = ORIENTED_EDGE('',*,*,#13378,.F.);
#13378 = EDGE_CURVE('',#11844,#13379,#13381,.T.);
#13379 = VERTEX_POINT('',#13380);
#13380 = CARTESIAN_POINT('',(-0.16,-4.92,-3.));
#13381 = LINE('',#13382,#13383);
#13382 = CARTESIAN_POINT('',(-0.16,-4.92,-3.));
#13383 = VECTOR('',#13384,1.);
#13384 = DIRECTION('',(0.57735026919,-0.57735026919,-0.57735026919));
#13385 = ORIENTED_EDGE('',*,*,#11843,.T.);
#13386 = ORIENTED_EDGE('',*,*,#13356,.T.);
#13387 = ORIENTED_EDGE('',*,*,#13388,.F.);
#13388 = EDGE_CURVE('',#13379,#13357,#13389,.T.);
#13389 = LINE('',#13390,#13391);
#13390 = CARTESIAN_POINT('',(-0.32,-4.92,-3.));
#13391 = VECTOR('',#13392,1.);
#13392 = DIRECTION('',(1.,0.,0.));
#13393 = PLANE('',#13394);
#13394 = AXIS2_PLACEMENT_3D('',#13395,#13396,#13397);
#13395 = CARTESIAN_POINT('',(-0.32,-4.84,-2.92));
#13396 = DIRECTION('',(-1.735167508357E-18,-0.707106781187,
    0.707106781187));
#13397 = DIRECTION('',(-1.,1.226948711654E-18,-1.226948711654E-18));
#13398 = ADVANCED_FACE('',(#13399),#13410,.T.);
#13399 = FACE_BOUND('',#13400,.T.);
#13400 = EDGE_LOOP('',(#13401,#13402,#13403,#13404));
#13401 = ORIENTED_EDGE('',*,*,#13323,.F.);
#13402 = ORIENTED_EDGE('',*,*,#11867,.T.);
#13403 = ORIENTED_EDGE('',*,*,#13378,.T.);
#13404 = ORIENTED_EDGE('',*,*,#13405,.F.);
#13405 = EDGE_CURVE('',#13324,#13379,#13406,.T.);
#13406 = LINE('',#13407,#13408);
#13407 = CARTESIAN_POINT('',(-0.16,-5.4,-3.));
#13408 = VECTOR('',#13409,1.);
#13409 = DIRECTION('',(0.,1.,0.));
#13410 = PLANE('',#13411);
#13411 = AXIS2_PLACEMENT_3D('',#13412,#13413,#13414);
#13412 = CARTESIAN_POINT('',(-0.24,-5.4,-2.92));
#13413 = DIRECTION('',(-0.707106781187,-1.735167508357E-18,
    -0.707106781187));
#13414 = DIRECTION('',(-1.226948711654E-18,1.,-1.226948711654E-18));
#13415 = ADVANCED_FACE('',(#13416),#13441,.F.);
#13416 = FACE_BOUND('',#13417,.F.);
#13417 = EDGE_LOOP('',(#13418,#13426,#13427,#13435));
#13418 = ORIENTED_EDGE('',*,*,#13419,.F.);
#13419 = EDGE_CURVE('',#11884,#13420,#13422,.T.);
#13420 = VERTEX_POINT('',#13421);
#13421 = CARTESIAN_POINT('',(0.16,-0.16,-3.));
#13422 = LINE('',#13423,#13424);
#13423 = CARTESIAN_POINT('',(0.16,-0.16,-3.));
#13424 = VECTOR('',#13425,1.);
#13425 = DIRECTION('',(-0.57735026919,0.57735026919,-0.57735026919));
#13426 = ORIENTED_EDGE('',*,*,#11891,.T.);
#13427 = ORIENTED_EDGE('',*,*,#13428,.T.);
#13428 = EDGE_CURVE('',#11892,#13429,#13431,.T.);
#13429 = VERTEX_POINT('',#13430);
#13430 = CARTESIAN_POINT('',(0.16,0.16,-3.));
#13431 = LINE('',#13432,#13433);
#13432 = CARTESIAN_POINT('',(5.333333333333E-02,5.333333333333E-02,
    -3.106666666667));
#13433 = VECTOR('',#13434,1.);
#13434 = DIRECTION('',(-0.57735026919,-0.57735026919,-0.57735026919));
#13435 = ORIENTED_EDGE('',*,*,#13436,.F.);
#13436 = EDGE_CURVE('',#13420,#13429,#13437,.T.);
#13437 = LINE('',#13438,#13439);
#13438 = CARTESIAN_POINT('',(0.16,-0.32,-3.));
#13439 = VECTOR('',#13440,1.);
#13440 = DIRECTION('',(0.,1.,0.));
#13441 = PLANE('',#13442);
#13442 = AXIS2_PLACEMENT_3D('',#13443,#13444,#13445);
#13443 = CARTESIAN_POINT('',(0.24,-0.32,-2.92));
#13444 = DIRECTION('',(-0.707106781187,1.735167508357E-18,0.707106781187
    ));
#13445 = DIRECTION('',(1.226948711654E-18,1.,-1.226948711654E-18));
#13446 = ADVANCED_FACE('',(#13447),#13465,.F.);
#13447 = FACE_BOUND('',#13448,.T.);
#13448 = EDGE_LOOP('',(#13449,#13457,#13458,#13459));
#13449 = ORIENTED_EDGE('',*,*,#13450,.F.);
#13450 = EDGE_CURVE('',#11916,#13451,#13453,.T.);
#13451 = VERTEX_POINT('',#13452);
#13452 = CARTESIAN_POINT('',(-0.16,0.16,-3.));
#13453 = LINE('',#13454,#13455);
#13454 = CARTESIAN_POINT('',(-0.16,0.16,-3.));
#13455 = VECTOR('',#13456,1.);
#13456 = DIRECTION('',(0.57735026919,-0.57735026919,-0.57735026919));
#13457 = ORIENTED_EDGE('',*,*,#11915,.T.);
#13458 = ORIENTED_EDGE('',*,*,#13428,.T.);
#13459 = ORIENTED_EDGE('',*,*,#13460,.F.);
#13460 = EDGE_CURVE('',#13451,#13429,#13461,.T.);
#13461 = LINE('',#13462,#13463);
#13462 = CARTESIAN_POINT('',(-0.32,0.16,-3.));
#13463 = VECTOR('',#13464,1.);
#13464 = DIRECTION('',(1.,0.,0.));
#13465 = PLANE('',#13466);
#13466 = AXIS2_PLACEMENT_3D('',#13467,#13468,#13469);
#13467 = CARTESIAN_POINT('',(-0.32,0.24,-2.92));
#13468 = DIRECTION('',(-1.735167508357E-18,-0.707106781187,
    0.707106781187));
#13469 = DIRECTION('',(-1.,1.226948711654E-18,-1.226948711654E-18));
#13470 = ADVANCED_FACE('',(#13471),#13489,.T.);
#13471 = FACE_BOUND('',#13472,.T.);
#13472 = EDGE_LOOP('',(#13473,#13481,#13482,#13483));
#13473 = ORIENTED_EDGE('',*,*,#13474,.F.);
#13474 = EDGE_CURVE('',#11939,#13475,#13477,.T.);
#13475 = VERTEX_POINT('',#13476);
#13476 = CARTESIAN_POINT('',(-0.16,-0.16,-3.));
#13477 = LINE('',#13478,#13479);
#13478 = CARTESIAN_POINT('',(-0.266666666667,-0.266666666667,
    -2.893333333333));
#13479 = VECTOR('',#13480,1.);
#13480 = DIRECTION('',(0.57735026919,0.57735026919,-0.57735026919));
#13481 = ORIENTED_EDGE('',*,*,#11946,.T.);
#13482 = ORIENTED_EDGE('',*,*,#13450,.T.);
#13483 = ORIENTED_EDGE('',*,*,#13484,.F.);
#13484 = EDGE_CURVE('',#13475,#13451,#13485,.T.);
#13485 = LINE('',#13486,#13487);
#13486 = CARTESIAN_POINT('',(-0.16,-0.32,-3.));
#13487 = VECTOR('',#13488,1.);
#13488 = DIRECTION('',(0.,1.,0.));
#13489 = PLANE('',#13490);
#13490 = AXIS2_PLACEMENT_3D('',#13491,#13492,#13493);
#13491 = CARTESIAN_POINT('',(-0.24,-0.32,-2.92));
#13492 = DIRECTION('',(-0.707106781187,-1.735167508357E-18,
    -0.707106781187));
#13493 = DIRECTION('',(-1.226948711654E-18,1.,-1.226948711654E-18));
#13494 = ADVANCED_FACE('',(#13495),#13506,.T.);
#13495 = FACE_BOUND('',#13496,.F.);
#13496 = EDGE_LOOP('',(#13497,#13498,#13499,#13500));
#13497 = ORIENTED_EDGE('',*,*,#13474,.F.);
#13498 = ORIENTED_EDGE('',*,*,#11963,.T.);
#13499 = ORIENTED_EDGE('',*,*,#13419,.T.);
#13500 = ORIENTED_EDGE('',*,*,#13501,.F.);
#13501 = EDGE_CURVE('',#13475,#13420,#13502,.T.);
#13502 = LINE('',#13503,#13504);
#13503 = CARTESIAN_POINT('',(-0.32,-0.16,-3.));
#13504 = VECTOR('',#13505,1.);
#13505 = DIRECTION('',(1.,0.,0.));
#13506 = PLANE('',#13507);
#13507 = AXIS2_PLACEMENT_3D('',#13508,#13509,#13510);
#13508 = CARTESIAN_POINT('',(-0.32,-0.24,-2.92));
#13509 = DIRECTION('',(1.735167508357E-18,-0.707106781187,
    -0.707106781187));
#13510 = DIRECTION('',(-1.,-1.226948711654E-18,-1.226948711654E-18));
#13511 = ADVANCED_FACE('',(#13512),#13537,.F.);
#13512 = FACE_BOUND('',#13513,.T.);
#13513 = EDGE_LOOP('',(#13514,#13522,#13523,#13531));
#13514 = ORIENTED_EDGE('',*,*,#13515,.F.);
#13515 = EDGE_CURVE('',#11989,#13516,#13518,.T.);
#13516 = VERTEX_POINT('',#13517);
#13517 = CARTESIAN_POINT('',(-0.16,-17.94,8.54));
#13518 = LINE('',#13519,#13520);
#13519 = CARTESIAN_POINT('',(-0.266666666667,-18.04666666666,
    8.433333333333));
#13520 = VECTOR('',#13521,1.);
#13521 = DIRECTION('',(0.57735026919,0.57735026919,0.57735026919));
#13522 = ORIENTED_EDGE('',*,*,#11996,.T.);
#13523 = ORIENTED_EDGE('',*,*,#13524,.T.);
#13524 = EDGE_CURVE('',#11980,#13525,#13527,.T.);
#13525 = VERTEX_POINT('',#13526);
#13526 = CARTESIAN_POINT('',(0.16,-17.94,8.54));
#13527 = LINE('',#13528,#13529);
#13528 = CARTESIAN_POINT('',(0.16,-17.94,8.54));
#13529 = VECTOR('',#13530,1.);
#13530 = DIRECTION('',(-0.57735026919,0.57735026919,0.57735026919));
#13531 = ORIENTED_EDGE('',*,*,#13532,.F.);
#13532 = EDGE_CURVE('',#13516,#13525,#13533,.T.);
#13533 = LINE('',#13534,#13535);
#13534 = CARTESIAN_POINT('',(-0.32,-17.94,8.54));
#13535 = VECTOR('',#13536,1.);
#13536 = DIRECTION('',(1.,0.,0.));
#13537 = PLANE('',#13538);
#13538 = AXIS2_PLACEMENT_3D('',#13539,#13540,#13541);
#13539 = CARTESIAN_POINT('',(-0.32,-18.02,8.46));
#13540 = DIRECTION('',(-1.735167508357E-18,0.707106781187,
    -0.707106781187));
#13541 = DIRECTION('',(-1.,-1.226948711654E-18,1.226948711654E-18));
#13542 = ADVANCED_FACE('',(#13543),#13561,.T.);
#13543 = FACE_BOUND('',#13544,.T.);
#13544 = EDGE_LOOP('',(#13545,#13546,#13547,#13555));
#13545 = ORIENTED_EDGE('',*,*,#13524,.F.);
#13546 = ORIENTED_EDGE('',*,*,#12020,.T.);
#13547 = ORIENTED_EDGE('',*,*,#13548,.T.);
#13548 = EDGE_CURVE('',#12013,#13549,#13551,.T.);
#13549 = VERTEX_POINT('',#13550);
#13550 = CARTESIAN_POINT('',(0.16,-17.62,8.54));
#13551 = LINE('',#13552,#13553);
#13552 = CARTESIAN_POINT('',(5.333333333333E-02,-17.72666666666,
    8.646666666667));
#13553 = VECTOR('',#13554,1.);
#13554 = DIRECTION('',(-0.57735026919,-0.57735026919,0.57735026919));
#13555 = ORIENTED_EDGE('',*,*,#13556,.F.);
#13556 = EDGE_CURVE('',#13525,#13549,#13557,.T.);
#13557 = LINE('',#13558,#13559);
#13558 = CARTESIAN_POINT('',(0.16,-18.1,8.54));
#13559 = VECTOR('',#13560,1.);
#13560 = DIRECTION('',(0.,1.,0.));
#13561 = PLANE('',#13562);
#13562 = AXIS2_PLACEMENT_3D('',#13563,#13564,#13565);
#13563 = CARTESIAN_POINT('',(0.24,-18.1,8.46));
#13564 = DIRECTION('',(0.707106781187,-1.735167508357E-18,0.707106781187
    ));
#13565 = DIRECTION('',(1.226948711654E-18,1.,1.226948711654E-18));
#13566 = ADVANCED_FACE('',(#13567),#13585,.T.);
#13567 = FACE_BOUND('',#13568,.F.);
#13568 = EDGE_LOOP('',(#13569,#13577,#13578,#13579));
#13569 = ORIENTED_EDGE('',*,*,#13570,.F.);
#13570 = EDGE_CURVE('',#12037,#13571,#13573,.T.);
#13571 = VERTEX_POINT('',#13572);
#13572 = CARTESIAN_POINT('',(-0.16,-17.62,8.54));
#13573 = LINE('',#13574,#13575);
#13574 = CARTESIAN_POINT('',(-0.16,-17.62,8.54));
#13575 = VECTOR('',#13576,1.);
#13576 = DIRECTION('',(0.57735026919,-0.57735026919,0.57735026919));
#13577 = ORIENTED_EDGE('',*,*,#12044,.T.);
#13578 = ORIENTED_EDGE('',*,*,#13548,.T.);
#13579 = ORIENTED_EDGE('',*,*,#13580,.F.);
#13580 = EDGE_CURVE('',#13571,#13549,#13581,.T.);
#13581 = LINE('',#13582,#13583);
#13582 = CARTESIAN_POINT('',(-0.32,-17.62,8.54));
#13583 = VECTOR('',#13584,1.);
#13584 = DIRECTION('',(1.,0.,0.));
#13585 = PLANE('',#13586);
#13586 = AXIS2_PLACEMENT_3D('',#13587,#13588,#13589);
#13587 = CARTESIAN_POINT('',(-0.32,-17.54,8.46));
#13588 = DIRECTION('',(1.735167508357E-18,0.707106781187,0.707106781187)
  );
#13589 = DIRECTION('',(-1.,1.226948711654E-18,1.226948711654E-18));
#13590 = ADVANCED_FACE('',(#13591),#13602,.F.);
#13591 = FACE_BOUND('',#13592,.F.);
#13592 = EDGE_LOOP('',(#13593,#13594,#13595,#13596));
#13593 = ORIENTED_EDGE('',*,*,#13515,.F.);
#13594 = ORIENTED_EDGE('',*,*,#12061,.T.);
#13595 = ORIENTED_EDGE('',*,*,#13570,.T.);
#13596 = ORIENTED_EDGE('',*,*,#13597,.F.);
#13597 = EDGE_CURVE('',#13516,#13571,#13598,.T.);
#13598 = LINE('',#13599,#13600);
#13599 = CARTESIAN_POINT('',(-0.16,-18.1,8.54));
#13600 = VECTOR('',#13601,1.);
#13601 = DIRECTION('',(0.,1.,0.));
#13602 = PLANE('',#13603);
#13603 = AXIS2_PLACEMENT_3D('',#13604,#13605,#13606);
#13604 = CARTESIAN_POINT('',(-0.24,-18.1,8.46));
#13605 = DIRECTION('',(0.707106781187,1.735167508357E-18,-0.707106781187
    ));
#13606 = DIRECTION('',(-1.226948711654E-18,1.,1.226948711654E-18));
#13607 = ADVANCED_FACE('',(#13608),#13633,.T.);
#13608 = FACE_BOUND('',#13609,.F.);
#13609 = EDGE_LOOP('',(#13610,#13618,#13619,#13627));
#13610 = ORIENTED_EDGE('',*,*,#13611,.F.);
#13611 = EDGE_CURVE('',#12085,#13612,#13614,.T.);
#13612 = VERTEX_POINT('',#13613);
#13613 = CARTESIAN_POINT('',(-0.16,-15.08,8.54));
#13614 = LINE('',#13615,#13616);
#13615 = CARTESIAN_POINT('',(-0.16,-15.08,8.54));
#13616 = VECTOR('',#13617,1.);
#13617 = DIRECTION('',(0.57735026919,-0.57735026919,0.57735026919));
#13618 = ORIENTED_EDGE('',*,*,#12092,.T.);
#13619 = ORIENTED_EDGE('',*,*,#13620,.T.);
#13620 = EDGE_CURVE('',#12076,#13621,#13623,.T.);
#13621 = VERTEX_POINT('',#13622);
#13622 = CARTESIAN_POINT('',(0.16,-15.08,8.54));
#13623 = LINE('',#13624,#13625);
#13624 = CARTESIAN_POINT('',(5.333333333333E-02,-15.18666666666,
    8.646666666667));
#13625 = VECTOR('',#13626,1.);
#13626 = DIRECTION('',(-0.57735026919,-0.57735026919,0.57735026919));
#13627 = ORIENTED_EDGE('',*,*,#13628,.F.);
#13628 = EDGE_CURVE('',#13612,#13621,#13629,.T.);
#13629 = LINE('',#13630,#13631);
#13630 = CARTESIAN_POINT('',(-0.32,-15.08,8.54));
#13631 = VECTOR('',#13632,1.);
#13632 = DIRECTION('',(1.,0.,0.));
#13633 = PLANE('',#13634);
#13634 = AXIS2_PLACEMENT_3D('',#13635,#13636,#13637);
#13635 = CARTESIAN_POINT('',(-0.32,-15.,8.46));
#13636 = DIRECTION('',(1.735167508357E-18,0.707106781187,0.707106781187)
  );
#13637 = DIRECTION('',(-1.,1.226948711654E-18,1.226948711654E-18));
#13638 = ADVANCED_FACE('',(#13639),#13657,.F.);
#13639 = FACE_BOUND('',#13640,.F.);
#13640 = EDGE_LOOP('',(#13641,#13649,#13650,#13651));
#13641 = ORIENTED_EDGE('',*,*,#13642,.F.);
#13642 = EDGE_CURVE('',#12107,#13643,#13645,.T.);
#13643 = VERTEX_POINT('',#13644);
#13644 = CARTESIAN_POINT('',(-0.16,-15.4,8.54));
#13645 = LINE('',#13646,#13647);
#13646 = CARTESIAN_POINT('',(-0.266666666667,-15.50666666666,
    8.433333333333));
#13647 = VECTOR('',#13648,1.);
#13648 = DIRECTION('',(0.57735026919,0.57735026919,0.57735026919));
#13649 = ORIENTED_EDGE('',*,*,#12116,.T.);
#13650 = ORIENTED_EDGE('',*,*,#13611,.T.);
#13651 = ORIENTED_EDGE('',*,*,#13652,.F.);
#13652 = EDGE_CURVE('',#13643,#13612,#13653,.T.);
#13653 = LINE('',#13654,#13655);
#13654 = CARTESIAN_POINT('',(-0.16,-15.56,8.54));
#13655 = VECTOR('',#13656,1.);
#13656 = DIRECTION('',(0.,1.,0.));
#13657 = PLANE('',#13658);
#13658 = AXIS2_PLACEMENT_3D('',#13659,#13660,#13661);
#13659 = CARTESIAN_POINT('',(-0.24,-15.56,8.46));
#13660 = DIRECTION('',(0.707106781187,1.735167508357E-18,-0.707106781187
    ));
#13661 = DIRECTION('',(-1.226948711654E-18,1.,1.226948711654E-18));
#13662 = ADVANCED_FACE('',(#13663),#13681,.F.);
#13663 = FACE_BOUND('',#13664,.T.);
#13664 = EDGE_LOOP('',(#13665,#13666,#13667,#13675));
#13665 = ORIENTED_EDGE('',*,*,#13642,.F.);
#13666 = ORIENTED_EDGE('',*,*,#12140,.T.);
#13667 = ORIENTED_EDGE('',*,*,#13668,.T.);
#13668 = EDGE_CURVE('',#12131,#13669,#13671,.T.);
#13669 = VERTEX_POINT('',#13670);
#13670 = CARTESIAN_POINT('',(0.16,-15.4,8.54));
#13671 = LINE('',#13672,#13673);
#13672 = CARTESIAN_POINT('',(0.16,-15.4,8.54));
#13673 = VECTOR('',#13674,1.);
#13674 = DIRECTION('',(-0.57735026919,0.57735026919,0.57735026919));
#13675 = ORIENTED_EDGE('',*,*,#13676,.F.);
#13676 = EDGE_CURVE('',#13643,#13669,#13677,.T.);
#13677 = LINE('',#13678,#13679);
#13678 = CARTESIAN_POINT('',(-0.32,-15.4,8.54));
#13679 = VECTOR('',#13680,1.);
#13680 = DIRECTION('',(1.,0.,0.));
#13681 = PLANE('',#13682);
#13682 = AXIS2_PLACEMENT_3D('',#13683,#13684,#13685);
#13683 = CARTESIAN_POINT('',(-0.32,-15.48,8.46));
#13684 = DIRECTION('',(-1.735167508357E-18,0.707106781187,
    -0.707106781187));
#13685 = DIRECTION('',(-1.,-1.226948711654E-18,1.226948711654E-18));
#13686 = ADVANCED_FACE('',(#13687),#13698,.T.);
#13687 = FACE_BOUND('',#13688,.T.);
#13688 = EDGE_LOOP('',(#13689,#13690,#13691,#13692));
#13689 = ORIENTED_EDGE('',*,*,#13668,.F.);
#13690 = ORIENTED_EDGE('',*,*,#12157,.T.);
#13691 = ORIENTED_EDGE('',*,*,#13620,.T.);
#13692 = ORIENTED_EDGE('',*,*,#13693,.F.);
#13693 = EDGE_CURVE('',#13669,#13621,#13694,.T.);
#13694 = LINE('',#13695,#13696);
#13695 = CARTESIAN_POINT('',(0.16,-15.56,8.54));
#13696 = VECTOR('',#13697,1.);
#13697 = DIRECTION('',(0.,1.,0.));
#13698 = PLANE('',#13699);
#13699 = AXIS2_PLACEMENT_3D('',#13700,#13701,#13702);
#13700 = CARTESIAN_POINT('',(0.24,-15.56,8.46));
#13701 = DIRECTION('',(0.707106781187,-1.735167508357E-18,0.707106781187
    ));
#13702 = DIRECTION('',(1.226948711654E-18,1.,1.226948711654E-18));
#13703 = ADVANCED_FACE('',(#13704),#13729,.T.);
#13704 = FACE_BOUND('',#13705,.T.);
#13705 = EDGE_LOOP('',(#13706,#13714,#13715,#13723));
#13706 = ORIENTED_EDGE('',*,*,#13707,.F.);
#13707 = EDGE_CURVE('',#12172,#13708,#13710,.T.);
#13708 = VERTEX_POINT('',#13709);
#13709 = CARTESIAN_POINT('',(0.16,-7.78,8.54));
#13710 = LINE('',#13711,#13712);
#13711 = CARTESIAN_POINT('',(0.16,-7.78,8.54));
#13712 = VECTOR('',#13713,1.);
#13713 = DIRECTION('',(-0.57735026919,0.57735026919,0.57735026919));
#13714 = ORIENTED_EDGE('',*,*,#12188,.T.);
#13715 = ORIENTED_EDGE('',*,*,#13716,.T.);
#13716 = EDGE_CURVE('',#12181,#13717,#13719,.T.);
#13717 = VERTEX_POINT('',#13718);
#13718 = CARTESIAN_POINT('',(0.16,-7.46,8.54));
#13719 = LINE('',#13720,#13721);
#13720 = CARTESIAN_POINT('',(5.333333333333E-02,-7.566666666667,
    8.646666666667));
#13721 = VECTOR('',#13722,1.);
#13722 = DIRECTION('',(-0.57735026919,-0.57735026919,0.57735026919));
#13723 = ORIENTED_EDGE('',*,*,#13724,.F.);
#13724 = EDGE_CURVE('',#13708,#13717,#13725,.T.);
#13725 = LINE('',#13726,#13727);
#13726 = CARTESIAN_POINT('',(0.16,-7.94,8.54));
#13727 = VECTOR('',#13728,1.);
#13728 = DIRECTION('',(0.,1.,0.));
#13729 = PLANE('',#13730);
#13730 = AXIS2_PLACEMENT_3D('',#13731,#13732,#13733);
#13731 = CARTESIAN_POINT('',(0.24,-7.94,8.46));
#13732 = DIRECTION('',(0.707106781187,-1.735167508357E-18,0.707106781187
    ));
#13733 = DIRECTION('',(1.226948711654E-18,1.,1.226948711654E-18));
#13734 = ADVANCED_FACE('',(#13735),#13753,.T.);
#13735 = FACE_BOUND('',#13736,.F.);
#13736 = EDGE_LOOP('',(#13737,#13745,#13746,#13747));
#13737 = ORIENTED_EDGE('',*,*,#13738,.F.);
#13738 = EDGE_CURVE('',#12205,#13739,#13741,.T.);
#13739 = VERTEX_POINT('',#13740);
#13740 = CARTESIAN_POINT('',(-0.16,-7.46,8.54));
#13741 = LINE('',#13742,#13743);
#13742 = CARTESIAN_POINT('',(-0.16,-7.46,8.54));
#13743 = VECTOR('',#13744,1.);
#13744 = DIRECTION('',(0.57735026919,-0.57735026919,0.57735026919));
#13745 = ORIENTED_EDGE('',*,*,#12212,.T.);
#13746 = ORIENTED_EDGE('',*,*,#13716,.T.);
#13747 = ORIENTED_EDGE('',*,*,#13748,.F.);
#13748 = EDGE_CURVE('',#13739,#13717,#13749,.T.);
#13749 = LINE('',#13750,#13751);
#13750 = CARTESIAN_POINT('',(-0.32,-7.46,8.54));
#13751 = VECTOR('',#13752,1.);
#13752 = DIRECTION('',(1.,0.,0.));
#13753 = PLANE('',#13754);
#13754 = AXIS2_PLACEMENT_3D('',#13755,#13756,#13757);
#13755 = CARTESIAN_POINT('',(-0.32,-7.38,8.46));
#13756 = DIRECTION('',(1.735167508357E-18,0.707106781187,0.707106781187)
  );
#13757 = DIRECTION('',(-1.,1.226948711654E-18,1.226948711654E-18));
#13758 = ADVANCED_FACE('',(#13759),#13777,.F.);
#13759 = FACE_BOUND('',#13760,.F.);
#13760 = EDGE_LOOP('',(#13761,#13769,#13770,#13771));
#13761 = ORIENTED_EDGE('',*,*,#13762,.F.);
#13762 = EDGE_CURVE('',#12227,#13763,#13765,.T.);
#13763 = VERTEX_POINT('',#13764);
#13764 = CARTESIAN_POINT('',(-0.16,-7.78,8.54));
#13765 = LINE('',#13766,#13767);
#13766 = CARTESIAN_POINT('',(-0.266666666667,-7.886666666667,
    8.433333333333));
#13767 = VECTOR('',#13768,1.);
#13768 = DIRECTION('',(0.57735026919,0.57735026919,0.57735026919));
#13769 = ORIENTED_EDGE('',*,*,#12236,.T.);
#13770 = ORIENTED_EDGE('',*,*,#13738,.T.);
#13771 = ORIENTED_EDGE('',*,*,#13772,.F.);
#13772 = EDGE_CURVE('',#13763,#13739,#13773,.T.);
#13773 = LINE('',#13774,#13775);
#13774 = CARTESIAN_POINT('',(-0.16,-7.94,8.54));
#13775 = VECTOR('',#13776,1.);
#13776 = DIRECTION('',(0.,1.,0.));
#13777 = PLANE('',#13778);
#13778 = AXIS2_PLACEMENT_3D('',#13779,#13780,#13781);
#13779 = CARTESIAN_POINT('',(-0.24,-7.94,8.46));
#13780 = DIRECTION('',(0.707106781187,1.735167508357E-18,-0.707106781187
    ));
#13781 = DIRECTION('',(-1.226948711654E-18,1.,1.226948711654E-18));
#13782 = ADVANCED_FACE('',(#13783),#13794,.F.);
#13783 = FACE_BOUND('',#13784,.T.);
#13784 = EDGE_LOOP('',(#13785,#13786,#13787,#13788));
#13785 = ORIENTED_EDGE('',*,*,#13762,.F.);
#13786 = ORIENTED_EDGE('',*,*,#12253,.T.);
#13787 = ORIENTED_EDGE('',*,*,#13707,.T.);
#13788 = ORIENTED_EDGE('',*,*,#13789,.F.);
#13789 = EDGE_CURVE('',#13763,#13708,#13790,.T.);
#13790 = LINE('',#13791,#13792);
#13791 = CARTESIAN_POINT('',(-0.32,-7.78,8.54));
#13792 = VECTOR('',#13793,1.);
#13793 = DIRECTION('',(1.,0.,0.));
#13794 = PLANE('',#13795);
#13795 = AXIS2_PLACEMENT_3D('',#13796,#13797,#13798);
#13796 = CARTESIAN_POINT('',(-0.32,-7.86,8.46));
#13797 = DIRECTION('',(-1.735167508357E-18,0.707106781187,
    -0.707106781187));
#13798 = DIRECTION('',(-1.,-1.226948711654E-18,1.226948711654E-18));
#13799 = ADVANCED_FACE('',(#13800),#13825,.T.);
#13800 = FACE_BOUND('',#13801,.F.);
#13801 = EDGE_LOOP('',(#13802,#13810,#13811,#13819));
#13802 = ORIENTED_EDGE('',*,*,#13803,.F.);
#13803 = EDGE_CURVE('',#12277,#13804,#13806,.T.);
#13804 = VERTEX_POINT('',#13805);
#13805 = CARTESIAN_POINT('',(-0.16,-12.54,8.54));
#13806 = LINE('',#13807,#13808);
#13807 = CARTESIAN_POINT('',(-0.16,-12.54,8.54));
#13808 = VECTOR('',#13809,1.);
#13809 = DIRECTION('',(0.57735026919,-0.57735026919,0.57735026919));
#13810 = ORIENTED_EDGE('',*,*,#12284,.T.);
#13811 = ORIENTED_EDGE('',*,*,#13812,.T.);
#13812 = EDGE_CURVE('',#12268,#13813,#13815,.T.);
#13813 = VERTEX_POINT('',#13814);
#13814 = CARTESIAN_POINT('',(0.16,-12.54,8.54));
#13815 = LINE('',#13816,#13817);
#13816 = CARTESIAN_POINT('',(5.333333333333E-02,-12.64666666666,
    8.646666666667));
#13817 = VECTOR('',#13818,1.);
#13818 = DIRECTION('',(-0.57735026919,-0.57735026919,0.57735026919));
#13819 = ORIENTED_EDGE('',*,*,#13820,.F.);
#13820 = EDGE_CURVE('',#13804,#13813,#13821,.T.);
#13821 = LINE('',#13822,#13823);
#13822 = CARTESIAN_POINT('',(-0.32,-12.54,8.54));
#13823 = VECTOR('',#13824,1.);
#13824 = DIRECTION('',(1.,0.,0.));
#13825 = PLANE('',#13826);
#13826 = AXIS2_PLACEMENT_3D('',#13827,#13828,#13829);
#13827 = CARTESIAN_POINT('',(-0.32,-12.46,8.46));
#13828 = DIRECTION('',(1.735167508357E-18,0.707106781187,0.707106781187)
  );
#13829 = DIRECTION('',(-1.,1.226948711654E-18,1.226948711654E-18));
#13830 = ADVANCED_FACE('',(#13831),#13849,.F.);
#13831 = FACE_BOUND('',#13832,.F.);
#13832 = EDGE_LOOP('',(#13833,#13841,#13842,#13843));
#13833 = ORIENTED_EDGE('',*,*,#13834,.F.);
#13834 = EDGE_CURVE('',#12299,#13835,#13837,.T.);
#13835 = VERTEX_POINT('',#13836);
#13836 = CARTESIAN_POINT('',(-0.16,-12.86,8.54));
#13837 = LINE('',#13838,#13839);
#13838 = CARTESIAN_POINT('',(-0.266666666667,-12.96666666666,
    8.433333333333));
#13839 = VECTOR('',#13840,1.);
#13840 = DIRECTION('',(0.57735026919,0.57735026919,0.57735026919));
#13841 = ORIENTED_EDGE('',*,*,#12308,.T.);
#13842 = ORIENTED_EDGE('',*,*,#13803,.T.);
#13843 = ORIENTED_EDGE('',*,*,#13844,.F.);
#13844 = EDGE_CURVE('',#13835,#13804,#13845,.T.);
#13845 = LINE('',#13846,#13847);
#13846 = CARTESIAN_POINT('',(-0.16,-13.02,8.54));
#13847 = VECTOR('',#13848,1.);
#13848 = DIRECTION('',(0.,1.,0.));
#13849 = PLANE('',#13850);
#13850 = AXIS2_PLACEMENT_3D('',#13851,#13852,#13853);
#13851 = CARTESIAN_POINT('',(-0.24,-13.02,8.46));
#13852 = DIRECTION('',(0.707106781187,1.735167508357E-18,-0.707106781187
    ));
#13853 = DIRECTION('',(-1.226948711654E-18,1.,1.226948711654E-18));
#13854 = ADVANCED_FACE('',(#13855),#13873,.F.);
#13855 = FACE_BOUND('',#13856,.T.);
#13856 = EDGE_LOOP('',(#13857,#13858,#13859,#13867));
#13857 = ORIENTED_EDGE('',*,*,#13834,.F.);
#13858 = ORIENTED_EDGE('',*,*,#12332,.T.);
#13859 = ORIENTED_EDGE('',*,*,#13860,.T.);
#13860 = EDGE_CURVE('',#12323,#13861,#13863,.T.);
#13861 = VERTEX_POINT('',#13862);
#13862 = CARTESIAN_POINT('',(0.16,-12.86,8.54));
#13863 = LINE('',#13864,#13865);
#13864 = CARTESIAN_POINT('',(0.16,-12.86,8.54));
#13865 = VECTOR('',#13866,1.);
#13866 = DIRECTION('',(-0.57735026919,0.57735026919,0.57735026919));
#13867 = ORIENTED_EDGE('',*,*,#13868,.F.);
#13868 = EDGE_CURVE('',#13835,#13861,#13869,.T.);
#13869 = LINE('',#13870,#13871);
#13870 = CARTESIAN_POINT('',(-0.32,-12.86,8.54));
#13871 = VECTOR('',#13872,1.);
#13872 = DIRECTION('',(1.,0.,0.));
#13873 = PLANE('',#13874);
#13874 = AXIS2_PLACEMENT_3D('',#13875,#13876,#13877);
#13875 = CARTESIAN_POINT('',(-0.32,-12.94,8.46));
#13876 = DIRECTION('',(-1.735167508357E-18,0.707106781187,
    -0.707106781187));
#13877 = DIRECTION('',(-1.,-1.226948711654E-18,1.226948711654E-18));
#13878 = ADVANCED_FACE('',(#13879),#13890,.T.);
#13879 = FACE_BOUND('',#13880,.T.);
#13880 = EDGE_LOOP('',(#13881,#13882,#13883,#13884));
#13881 = ORIENTED_EDGE('',*,*,#13860,.F.);
#13882 = ORIENTED_EDGE('',*,*,#12349,.T.);
#13883 = ORIENTED_EDGE('',*,*,#13812,.T.);
#13884 = ORIENTED_EDGE('',*,*,#13885,.F.);
#13885 = EDGE_CURVE('',#13861,#13813,#13886,.T.);
#13886 = LINE('',#13887,#13888);
#13887 = CARTESIAN_POINT('',(0.16,-13.02,8.54));
#13888 = VECTOR('',#13889,1.);
#13889 = DIRECTION('',(0.,1.,0.));
#13890 = PLANE('',#13891);
#13891 = AXIS2_PLACEMENT_3D('',#13892,#13893,#13894);
#13892 = CARTESIAN_POINT('',(0.24,-13.02,8.46));
#13893 = DIRECTION('',(0.707106781187,-1.735167508357E-18,0.707106781187
    ));
#13894 = DIRECTION('',(1.226948711654E-18,1.,1.226948711654E-18));
#13895 = ADVANCED_FACE('',(#13896),#13921,.T.);
#13896 = FACE_BOUND('',#13897,.T.);
#13897 = EDGE_LOOP('',(#13898,#13906,#13907,#13915));
#13898 = ORIENTED_EDGE('',*,*,#13899,.F.);
#13899 = EDGE_CURVE('',#12364,#13900,#13902,.T.);
#13900 = VERTEX_POINT('',#13901);
#13901 = CARTESIAN_POINT('',(0.16,-10.32,8.54));
#13902 = LINE('',#13903,#13904);
#13903 = CARTESIAN_POINT('',(0.16,-10.32,8.54));
#13904 = VECTOR('',#13905,1.);
#13905 = DIRECTION('',(-0.57735026919,0.57735026919,0.57735026919));
#13906 = ORIENTED_EDGE('',*,*,#12380,.T.);
#13907 = ORIENTED_EDGE('',*,*,#13908,.T.);
#13908 = EDGE_CURVE('',#12373,#13909,#13911,.T.);
#13909 = VERTEX_POINT('',#13910);
#13910 = CARTESIAN_POINT('',(0.16,-10.,8.54));
#13911 = LINE('',#13912,#13913);
#13912 = CARTESIAN_POINT('',(5.333333333333E-02,-10.10666666666,
    8.646666666667));
#13913 = VECTOR('',#13914,1.);
#13914 = DIRECTION('',(-0.57735026919,-0.57735026919,0.57735026919));
#13915 = ORIENTED_EDGE('',*,*,#13916,.F.);
#13916 = EDGE_CURVE('',#13900,#13909,#13917,.T.);
#13917 = LINE('',#13918,#13919);
#13918 = CARTESIAN_POINT('',(0.16,-10.48,8.54));
#13919 = VECTOR('',#13920,1.);
#13920 = DIRECTION('',(0.,1.,0.));
#13921 = PLANE('',#13922);
#13922 = AXIS2_PLACEMENT_3D('',#13923,#13924,#13925);
#13923 = CARTESIAN_POINT('',(0.24,-10.48,8.46));
#13924 = DIRECTION('',(0.707106781187,-1.735167508357E-18,0.707106781187
    ));
#13925 = DIRECTION('',(1.226948711654E-18,1.,1.226948711654E-18));
#13926 = ADVANCED_FACE('',(#13927),#13945,.T.);
#13927 = FACE_BOUND('',#13928,.F.);
#13928 = EDGE_LOOP('',(#13929,#13937,#13938,#13939));
#13929 = ORIENTED_EDGE('',*,*,#13930,.F.);
#13930 = EDGE_CURVE('',#12397,#13931,#13933,.T.);
#13931 = VERTEX_POINT('',#13932);
#13932 = CARTESIAN_POINT('',(-0.16,-10.,8.54));
#13933 = LINE('',#13934,#13935);
#13934 = CARTESIAN_POINT('',(-0.16,-10.,8.54));
#13935 = VECTOR('',#13936,1.);
#13936 = DIRECTION('',(0.57735026919,-0.57735026919,0.57735026919));
#13937 = ORIENTED_EDGE('',*,*,#12404,.T.);
#13938 = ORIENTED_EDGE('',*,*,#13908,.T.);
#13939 = ORIENTED_EDGE('',*,*,#13940,.F.);
#13940 = EDGE_CURVE('',#13931,#13909,#13941,.T.);
#13941 = LINE('',#13942,#13943);
#13942 = CARTESIAN_POINT('',(-0.32,-10.,8.54));
#13943 = VECTOR('',#13944,1.);
#13944 = DIRECTION('',(1.,0.,0.));
#13945 = PLANE('',#13946);
#13946 = AXIS2_PLACEMENT_3D('',#13947,#13948,#13949);
#13947 = CARTESIAN_POINT('',(-0.32,-9.92,8.46));
#13948 = DIRECTION('',(1.735167508357E-18,0.707106781187,0.707106781187)
  );
#13949 = DIRECTION('',(-1.,1.226948711654E-18,1.226948711654E-18));
#13950 = ADVANCED_FACE('',(#13951),#13969,.F.);
#13951 = FACE_BOUND('',#13952,.F.);
#13952 = EDGE_LOOP('',(#13953,#13961,#13962,#13963));
#13953 = ORIENTED_EDGE('',*,*,#13954,.F.);
#13954 = EDGE_CURVE('',#12419,#13955,#13957,.T.);
#13955 = VERTEX_POINT('',#13956);
#13956 = CARTESIAN_POINT('',(-0.16,-10.32,8.54));
#13957 = LINE('',#13958,#13959);
#13958 = CARTESIAN_POINT('',(-0.266666666667,-10.42666666666,
    8.433333333333));
#13959 = VECTOR('',#13960,1.);
#13960 = DIRECTION('',(0.57735026919,0.57735026919,0.57735026919));
#13961 = ORIENTED_EDGE('',*,*,#12428,.T.);
#13962 = ORIENTED_EDGE('',*,*,#13930,.T.);
#13963 = ORIENTED_EDGE('',*,*,#13964,.F.);
#13964 = EDGE_CURVE('',#13955,#13931,#13965,.T.);
#13965 = LINE('',#13966,#13967);
#13966 = CARTESIAN_POINT('',(-0.16,-10.48,8.54));
#13967 = VECTOR('',#13968,1.);
#13968 = DIRECTION('',(0.,1.,0.));
#13969 = PLANE('',#13970);
#13970 = AXIS2_PLACEMENT_3D('',#13971,#13972,#13973);
#13971 = CARTESIAN_POINT('',(-0.24,-10.48,8.46));
#13972 = DIRECTION('',(0.707106781187,1.735167508357E-18,-0.707106781187
    ));
#13973 = DIRECTION('',(-1.226948711654E-18,1.,1.226948711654E-18));
#13974 = ADVANCED_FACE('',(#13975),#13986,.F.);
#13975 = FACE_BOUND('',#13976,.T.);
#13976 = EDGE_LOOP('',(#13977,#13978,#13979,#13980));
#13977 = ORIENTED_EDGE('',*,*,#13954,.F.);
#13978 = ORIENTED_EDGE('',*,*,#12445,.T.);
#13979 = ORIENTED_EDGE('',*,*,#13899,.T.);
#13980 = ORIENTED_EDGE('',*,*,#13981,.F.);
#13981 = EDGE_CURVE('',#13955,#13900,#13982,.T.);
#13982 = LINE('',#13983,#13984);
#13983 = CARTESIAN_POINT('',(-0.32,-10.32,8.54));
#13984 = VECTOR('',#13985,1.);
#13985 = DIRECTION('',(1.,0.,0.));
#13986 = PLANE('',#13987);
#13987 = AXIS2_PLACEMENT_3D('',#13988,#13989,#13990);
#13988 = CARTESIAN_POINT('',(-0.32,-10.4,8.46));
#13989 = DIRECTION('',(-1.735167508357E-18,0.707106781187,
    -0.707106781187));
#13990 = DIRECTION('',(-1.,-1.226948711654E-18,1.226948711654E-18));
#13991 = ADVANCED_FACE('',(#13992),#14017,.T.);
#13992 = FACE_BOUND('',#13993,.F.);
#13993 = EDGE_LOOP('',(#13994,#14002,#14003,#14011));
#13994 = ORIENTED_EDGE('',*,*,#13995,.F.);
#13995 = EDGE_CURVE('',#12469,#13996,#13998,.T.);
#13996 = VERTEX_POINT('',#13997);
#13997 = CARTESIAN_POINT('',(-0.16,-2.38,8.54));
#13998 = LINE('',#13999,#14000);
#13999 = CARTESIAN_POINT('',(-0.16,-2.38,8.54));
#14000 = VECTOR('',#14001,1.);
#14001 = DIRECTION('',(0.57735026919,-0.57735026919,0.57735026919));
#14002 = ORIENTED_EDGE('',*,*,#12476,.T.);
#14003 = ORIENTED_EDGE('',*,*,#14004,.T.);
#14004 = EDGE_CURVE('',#12460,#14005,#14007,.T.);
#14005 = VERTEX_POINT('',#14006);
#14006 = CARTESIAN_POINT('',(0.16,-2.38,8.54));
#14007 = LINE('',#14008,#14009);
#14008 = CARTESIAN_POINT('',(5.333333333333E-02,-2.486666666667,
    8.646666666667));
#14009 = VECTOR('',#14010,1.);
#14010 = DIRECTION('',(-0.57735026919,-0.57735026919,0.57735026919));
#14011 = ORIENTED_EDGE('',*,*,#14012,.F.);
#14012 = EDGE_CURVE('',#13996,#14005,#14013,.T.);
#14013 = LINE('',#14014,#14015);
#14014 = CARTESIAN_POINT('',(-0.32,-2.38,8.54));
#14015 = VECTOR('',#14016,1.);
#14016 = DIRECTION('',(1.,0.,0.));
#14017 = PLANE('',#14018);
#14018 = AXIS2_PLACEMENT_3D('',#14019,#14020,#14021);
#14019 = CARTESIAN_POINT('',(-0.32,-2.3,8.46));
#14020 = DIRECTION('',(1.735167508357E-18,0.707106781187,0.707106781187)
  );
#14021 = DIRECTION('',(-1.,1.226948711654E-18,1.226948711654E-18));
#14022 = ADVANCED_FACE('',(#14023),#14041,.F.);
#14023 = FACE_BOUND('',#14024,.F.);
#14024 = EDGE_LOOP('',(#14025,#14033,#14034,#14035));
#14025 = ORIENTED_EDGE('',*,*,#14026,.F.);
#14026 = EDGE_CURVE('',#12491,#14027,#14029,.T.);
#14027 = VERTEX_POINT('',#14028);
#14028 = CARTESIAN_POINT('',(-0.16,-2.7,8.54));
#14029 = LINE('',#14030,#14031);
#14030 = CARTESIAN_POINT('',(-0.266666666667,-2.806666666667,
    8.433333333333));
#14031 = VECTOR('',#14032,1.);
#14032 = DIRECTION('',(0.57735026919,0.57735026919,0.57735026919));
#14033 = ORIENTED_EDGE('',*,*,#12500,.T.);
#14034 = ORIENTED_EDGE('',*,*,#13995,.T.);
#14035 = ORIENTED_EDGE('',*,*,#14036,.F.);
#14036 = EDGE_CURVE('',#14027,#13996,#14037,.T.);
#14037 = LINE('',#14038,#14039);
#14038 = CARTESIAN_POINT('',(-0.16,-2.86,8.54));
#14039 = VECTOR('',#14040,1.);
#14040 = DIRECTION('',(0.,1.,0.));
#14041 = PLANE('',#14042);
#14042 = AXIS2_PLACEMENT_3D('',#14043,#14044,#14045);
#14043 = CARTESIAN_POINT('',(-0.24,-2.86,8.46));
#14044 = DIRECTION('',(0.707106781187,1.735167508357E-18,-0.707106781187
    ));
#14045 = DIRECTION('',(-1.226948711654E-18,1.,1.226948711654E-18));
#14046 = ADVANCED_FACE('',(#14047),#14065,.F.);
#14047 = FACE_BOUND('',#14048,.T.);
#14048 = EDGE_LOOP('',(#14049,#14050,#14051,#14059));
#14049 = ORIENTED_EDGE('',*,*,#14026,.F.);
#14050 = ORIENTED_EDGE('',*,*,#12524,.T.);
#14051 = ORIENTED_EDGE('',*,*,#14052,.T.);
#14052 = EDGE_CURVE('',#12515,#14053,#14055,.T.);
#14053 = VERTEX_POINT('',#14054);
#14054 = CARTESIAN_POINT('',(0.16,-2.7,8.54));
#14055 = LINE('',#14056,#14057);
#14056 = CARTESIAN_POINT('',(0.16,-2.7,8.54));
#14057 = VECTOR('',#14058,1.);
#14058 = DIRECTION('',(-0.57735026919,0.57735026919,0.57735026919));
#14059 = ORIENTED_EDGE('',*,*,#14060,.F.);
#14060 = EDGE_CURVE('',#14027,#14053,#14061,.T.);
#14061 = LINE('',#14062,#14063);
#14062 = CARTESIAN_POINT('',(-0.32,-2.7,8.54));
#14063 = VECTOR('',#14064,1.);
#14064 = DIRECTION('',(1.,0.,0.));
#14065 = PLANE('',#14066);
#14066 = AXIS2_PLACEMENT_3D('',#14067,#14068,#14069);
#14067 = CARTESIAN_POINT('',(-0.32,-2.78,8.46));
#14068 = DIRECTION('',(-1.735167508357E-18,0.707106781187,
    -0.707106781187));
#14069 = DIRECTION('',(-1.,-1.226948711654E-18,1.226948711654E-18));
#14070 = ADVANCED_FACE('',(#14071),#14082,.T.);
#14071 = FACE_BOUND('',#14072,.T.);
#14072 = EDGE_LOOP('',(#14073,#14074,#14075,#14076));
#14073 = ORIENTED_EDGE('',*,*,#14052,.F.);
#14074 = ORIENTED_EDGE('',*,*,#12541,.T.);
#14075 = ORIENTED_EDGE('',*,*,#14004,.T.);
#14076 = ORIENTED_EDGE('',*,*,#14077,.F.);
#14077 = EDGE_CURVE('',#14053,#14005,#14078,.T.);
#14078 = LINE('',#14079,#14080);
#14079 = CARTESIAN_POINT('',(0.16,-2.86,8.54));
#14080 = VECTOR('',#14081,1.);
#14081 = DIRECTION('',(0.,1.,0.));
#14082 = PLANE('',#14083);
#14083 = AXIS2_PLACEMENT_3D('',#14084,#14085,#14086);
#14084 = CARTESIAN_POINT('',(0.24,-2.86,8.46));
#14085 = DIRECTION('',(0.707106781187,-1.735167508357E-18,0.707106781187
    ));
#14086 = DIRECTION('',(1.226948711654E-18,1.,1.226948711654E-18));
#14087 = ADVANCED_FACE('',(#14088),#14113,.F.);
#14088 = FACE_BOUND('',#14089,.T.);
#14089 = EDGE_LOOP('',(#14090,#14098,#14099,#14107));
#14090 = ORIENTED_EDGE('',*,*,#14091,.F.);
#14091 = EDGE_CURVE('',#12565,#14092,#14094,.T.);
#14092 = VERTEX_POINT('',#14093);
#14093 = CARTESIAN_POINT('',(-0.16,-5.24,8.54));
#14094 = LINE('',#14095,#14096);
#14095 = CARTESIAN_POINT('',(-0.266666666667,-5.346666666667,
    8.433333333333));
#14096 = VECTOR('',#14097,1.);
#14097 = DIRECTION('',(0.57735026919,0.57735026919,0.57735026919));
#14098 = ORIENTED_EDGE('',*,*,#12572,.T.);
#14099 = ORIENTED_EDGE('',*,*,#14100,.T.);
#14100 = EDGE_CURVE('',#12556,#14101,#14103,.T.);
#14101 = VERTEX_POINT('',#14102);
#14102 = CARTESIAN_POINT('',(0.16,-5.24,8.54));
#14103 = LINE('',#14104,#14105);
#14104 = CARTESIAN_POINT('',(0.16,-5.24,8.54));
#14105 = VECTOR('',#14106,1.);
#14106 = DIRECTION('',(-0.57735026919,0.57735026919,0.57735026919));
#14107 = ORIENTED_EDGE('',*,*,#14108,.F.);
#14108 = EDGE_CURVE('',#14092,#14101,#14109,.T.);
#14109 = LINE('',#14110,#14111);
#14110 = CARTESIAN_POINT('',(-0.32,-5.24,8.54));
#14111 = VECTOR('',#14112,1.);
#14112 = DIRECTION('',(1.,0.,0.));
#14113 = PLANE('',#14114);
#14114 = AXIS2_PLACEMENT_3D('',#14115,#14116,#14117);
#14115 = CARTESIAN_POINT('',(-0.32,-5.32,8.46));
#14116 = DIRECTION('',(-1.735167508357E-18,0.707106781187,
    -0.707106781187));
#14117 = DIRECTION('',(-1.,-1.226948711654E-18,1.226948711654E-18));
#14118 = ADVANCED_FACE('',(#14119),#14137,.T.);
#14119 = FACE_BOUND('',#14120,.T.);
#14120 = EDGE_LOOP('',(#14121,#14122,#14123,#14131));
#14121 = ORIENTED_EDGE('',*,*,#14100,.F.);
#14122 = ORIENTED_EDGE('',*,*,#12596,.T.);
#14123 = ORIENTED_EDGE('',*,*,#14124,.T.);
#14124 = EDGE_CURVE('',#12589,#14125,#14127,.T.);
#14125 = VERTEX_POINT('',#14126);
#14126 = CARTESIAN_POINT('',(0.16,-4.92,8.54));
#14127 = LINE('',#14128,#14129);
#14128 = CARTESIAN_POINT('',(5.333333333333E-02,-5.026666666667,
    8.646666666667));
#14129 = VECTOR('',#14130,1.);
#14130 = DIRECTION('',(-0.57735026919,-0.57735026919,0.57735026919));
#14131 = ORIENTED_EDGE('',*,*,#14132,.F.);
#14132 = EDGE_CURVE('',#14101,#14125,#14133,.T.);
#14133 = LINE('',#14134,#14135);
#14134 = CARTESIAN_POINT('',(0.16,-5.4,8.54));
#14135 = VECTOR('',#14136,1.);
#14136 = DIRECTION('',(0.,1.,0.));
#14137 = PLANE('',#14138);
#14138 = AXIS2_PLACEMENT_3D('',#14139,#14140,#14141);
#14139 = CARTESIAN_POINT('',(0.24,-5.4,8.46));
#14140 = DIRECTION('',(0.707106781187,-1.735167508357E-18,0.707106781187
    ));
#14141 = DIRECTION('',(1.226948711654E-18,1.,1.226948711654E-18));
#14142 = ADVANCED_FACE('',(#14143),#14161,.T.);
#14143 = FACE_BOUND('',#14144,.F.);
#14144 = EDGE_LOOP('',(#14145,#14153,#14154,#14155));
#14145 = ORIENTED_EDGE('',*,*,#14146,.F.);
#14146 = EDGE_CURVE('',#12613,#14147,#14149,.T.);
#14147 = VERTEX_POINT('',#14148);
#14148 = CARTESIAN_POINT('',(-0.16,-4.92,8.54));
#14149 = LINE('',#14150,#14151);
#14150 = CARTESIAN_POINT('',(-0.16,-4.92,8.54));
#14151 = VECTOR('',#14152,1.);
#14152 = DIRECTION('',(0.57735026919,-0.57735026919,0.57735026919));
#14153 = ORIENTED_EDGE('',*,*,#12620,.T.);
#14154 = ORIENTED_EDGE('',*,*,#14124,.T.);
#14155 = ORIENTED_EDGE('',*,*,#14156,.F.);
#14156 = EDGE_CURVE('',#14147,#14125,#14157,.T.);
#14157 = LINE('',#14158,#14159);
#14158 = CARTESIAN_POINT('',(-0.32,-4.92,8.54));
#14159 = VECTOR('',#14160,1.);
#14160 = DIRECTION('',(1.,0.,0.));
#14161 = PLANE('',#14162);
#14162 = AXIS2_PLACEMENT_3D('',#14163,#14164,#14165);
#14163 = CARTESIAN_POINT('',(-0.32,-4.84,8.46));
#14164 = DIRECTION('',(1.735167508357E-18,0.707106781187,0.707106781187)
  );
#14165 = DIRECTION('',(-1.,1.226948711654E-18,1.226948711654E-18));
#14166 = ADVANCED_FACE('',(#14167),#14178,.F.);
#14167 = FACE_BOUND('',#14168,.F.);
#14168 = EDGE_LOOP('',(#14169,#14170,#14171,#14172));
#14169 = ORIENTED_EDGE('',*,*,#14091,.F.);
#14170 = ORIENTED_EDGE('',*,*,#12637,.T.);
#14171 = ORIENTED_EDGE('',*,*,#14146,.T.);
#14172 = ORIENTED_EDGE('',*,*,#14173,.F.);
#14173 = EDGE_CURVE('',#14092,#14147,#14174,.T.);
#14174 = LINE('',#14175,#14176);
#14175 = CARTESIAN_POINT('',(-0.16,-5.4,8.54));
#14176 = VECTOR('',#14177,1.);
#14177 = DIRECTION('',(0.,1.,0.));
#14178 = PLANE('',#14179);
#14179 = AXIS2_PLACEMENT_3D('',#14180,#14181,#14182);
#14180 = CARTESIAN_POINT('',(-0.24,-5.4,8.46));
#14181 = DIRECTION('',(0.707106781187,1.735167508357E-18,-0.707106781187
    ));
#14182 = DIRECTION('',(-1.226948711654E-18,1.,1.226948711654E-18));
#14183 = ADVANCED_FACE('',(#14184),#14209,.T.);
#14184 = FACE_BOUND('',#14185,.T.);
#14185 = EDGE_LOOP('',(#14186,#14194,#14195,#14203));
#14186 = ORIENTED_EDGE('',*,*,#14187,.F.);
#14187 = EDGE_CURVE('',#12652,#14188,#14190,.T.);
#14188 = VERTEX_POINT('',#14189);
#14189 = CARTESIAN_POINT('',(0.16,-0.16,8.54));
#14190 = LINE('',#14191,#14192);
#14191 = CARTESIAN_POINT('',(0.16,-0.16,8.54));
#14192 = VECTOR('',#14193,1.);
#14193 = DIRECTION('',(-0.57735026919,0.57735026919,0.57735026919));
#14194 = ORIENTED_EDGE('',*,*,#12668,.T.);
#14195 = ORIENTED_EDGE('',*,*,#14196,.T.);
#14196 = EDGE_CURVE('',#12661,#14197,#14199,.T.);
#14197 = VERTEX_POINT('',#14198);
#14198 = CARTESIAN_POINT('',(0.16,0.16,8.54));
#14199 = LINE('',#14200,#14201);
#14200 = CARTESIAN_POINT('',(5.333333333333E-02,5.333333333333E-02,
    8.646666666667));
#14201 = VECTOR('',#14202,1.);
#14202 = DIRECTION('',(-0.57735026919,-0.57735026919,0.57735026919));
#14203 = ORIENTED_EDGE('',*,*,#14204,.F.);
#14204 = EDGE_CURVE('',#14188,#14197,#14205,.T.);
#14205 = LINE('',#14206,#14207);
#14206 = CARTESIAN_POINT('',(0.16,-0.32,8.54));
#14207 = VECTOR('',#14208,1.);
#14208 = DIRECTION('',(0.,1.,0.));
#14209 = PLANE('',#14210);
#14210 = AXIS2_PLACEMENT_3D('',#14211,#14212,#14213);
#14211 = CARTESIAN_POINT('',(0.24,-0.32,8.46));
#14212 = DIRECTION('',(0.707106781187,-1.735167508357E-18,0.707106781187
    ));
#14213 = DIRECTION('',(1.226948711654E-18,1.,1.226948711654E-18));
#14214 = ADVANCED_FACE('',(#14215),#14233,.T.);
#14215 = FACE_BOUND('',#14216,.F.);
#14216 = EDGE_LOOP('',(#14217,#14225,#14226,#14227));
#14217 = ORIENTED_EDGE('',*,*,#14218,.F.);
#14218 = EDGE_CURVE('',#12685,#14219,#14221,.T.);
#14219 = VERTEX_POINT('',#14220);
#14220 = CARTESIAN_POINT('',(-0.16,0.16,8.54));
#14221 = LINE('',#14222,#14223);
#14222 = CARTESIAN_POINT('',(-0.16,0.16,8.54));
#14223 = VECTOR('',#14224,1.);
#14224 = DIRECTION('',(0.57735026919,-0.57735026919,0.57735026919));
#14225 = ORIENTED_EDGE('',*,*,#12692,.T.);
#14226 = ORIENTED_EDGE('',*,*,#14196,.T.);
#14227 = ORIENTED_EDGE('',*,*,#14228,.F.);
#14228 = EDGE_CURVE('',#14219,#14197,#14229,.T.);
#14229 = LINE('',#14230,#14231);
#14230 = CARTESIAN_POINT('',(-0.32,0.16,8.54));
#14231 = VECTOR('',#14232,1.);
#14232 = DIRECTION('',(1.,0.,0.));
#14233 = PLANE('',#14234);
#14234 = AXIS2_PLACEMENT_3D('',#14235,#14236,#14237);
#14235 = CARTESIAN_POINT('',(-0.32,0.24,8.46));
#14236 = DIRECTION('',(1.735167508357E-18,0.707106781187,0.707106781187)
  );
#14237 = DIRECTION('',(-1.,1.226948711654E-18,1.226948711654E-18));
#14238 = ADVANCED_FACE('',(#14239),#14257,.F.);
#14239 = FACE_BOUND('',#14240,.F.);
#14240 = EDGE_LOOP('',(#14241,#14249,#14250,#14251));
#14241 = ORIENTED_EDGE('',*,*,#14242,.F.);
#14242 = EDGE_CURVE('',#12707,#14243,#14245,.T.);
#14243 = VERTEX_POINT('',#14244);
#14244 = CARTESIAN_POINT('',(-0.16,-0.16,8.54));
#14245 = LINE('',#14246,#14247);
#14246 = CARTESIAN_POINT('',(-0.266666666667,-0.266666666667,
    8.433333333333));
#14247 = VECTOR('',#14248,1.);
#14248 = DIRECTION('',(0.57735026919,0.57735026919,0.57735026919));
#14249 = ORIENTED_EDGE('',*,*,#12716,.T.);
#14250 = ORIENTED_EDGE('',*,*,#14218,.T.);
#14251 = ORIENTED_EDGE('',*,*,#14252,.F.);
#14252 = EDGE_CURVE('',#14243,#14219,#14253,.T.);
#14253 = LINE('',#14254,#14255);
#14254 = CARTESIAN_POINT('',(-0.16,-0.32,8.54));
#14255 = VECTOR('',#14256,1.);
#14256 = DIRECTION('',(0.,1.,0.));
#14257 = PLANE('',#14258);
#14258 = AXIS2_PLACEMENT_3D('',#14259,#14260,#14261);
#14259 = CARTESIAN_POINT('',(-0.24,-0.32,8.46));
#14260 = DIRECTION('',(0.707106781187,1.735167508357E-18,-0.707106781187
    ));
#14261 = DIRECTION('',(-1.226948711654E-18,1.,1.226948711654E-18));
#14262 = ADVANCED_FACE('',(#14263),#14274,.F.);
#14263 = FACE_BOUND('',#14264,.T.);
#14264 = EDGE_LOOP('',(#14265,#14266,#14267,#14268));
#14265 = ORIENTED_EDGE('',*,*,#14242,.F.);
#14266 = ORIENTED_EDGE('',*,*,#12733,.T.);
#14267 = ORIENTED_EDGE('',*,*,#14187,.T.);
#14268 = ORIENTED_EDGE('',*,*,#14269,.F.);
#14269 = EDGE_CURVE('',#14243,#14188,#14270,.T.);
#14270 = LINE('',#14271,#14272);
#14271 = CARTESIAN_POINT('',(-0.32,-0.16,8.54));
#14272 = VECTOR('',#14273,1.);
#14273 = DIRECTION('',(1.,0.,0.));
#14274 = PLANE('',#14275);
#14275 = AXIS2_PLACEMENT_3D('',#14276,#14277,#14278);
#14276 = CARTESIAN_POINT('',(-0.32,-0.24,8.46));
#14277 = DIRECTION('',(-1.735167508357E-18,0.707106781187,
    -0.707106781187));
#14278 = DIRECTION('',(-1.,-1.226948711654E-18,1.226948711654E-18));
#14279 = ADVANCED_FACE('',(#14280),#14286,.F.);
#14280 = FACE_BOUND('',#14281,.F.);
#14281 = EDGE_LOOP('',(#14282,#14283,#14284,#14285));
#14282 = ORIENTED_EDGE('',*,*,#12764,.T.);
#14283 = ORIENTED_EDGE('',*,*,#12788,.T.);
#14284 = ORIENTED_EDGE('',*,*,#12812,.F.);
#14285 = ORIENTED_EDGE('',*,*,#12829,.F.);
#14286 = PLANE('',#14287);
#14287 = AXIS2_PLACEMENT_3D('',#14288,#14289,#14290);
#14288 = CARTESIAN_POINT('',(-0.32,-18.1,-3.));
#14289 = DIRECTION('',(0.,0.,1.));
#14290 = DIRECTION('',(1.,0.,-0.));
#14291 = ADVANCED_FACE('',(#14292),#14298,.F.);
#14292 = FACE_BOUND('',#14293,.F.);
#14293 = EDGE_LOOP('',(#14294,#14295,#14296,#14297));
#14294 = ORIENTED_EDGE('',*,*,#12908,.T.);
#14295 = ORIENTED_EDGE('',*,*,#12925,.T.);
#14296 = ORIENTED_EDGE('',*,*,#12860,.F.);
#14297 = ORIENTED_EDGE('',*,*,#12884,.F.);
#14298 = PLANE('',#14299);
#14299 = AXIS2_PLACEMENT_3D('',#14300,#14301,#14302);
#14300 = CARTESIAN_POINT('',(-0.32,-15.56,-3.));
#14301 = DIRECTION('',(0.,0.,1.));
#14302 = DIRECTION('',(1.,0.,-0.));
#14303 = ADVANCED_FACE('',(#14304),#14310,.F.);
#14304 = FACE_BOUND('',#14305,.F.);
#14305 = EDGE_LOOP('',(#14306,#14307,#14308,#14309));
#14306 = ORIENTED_EDGE('',*,*,#13021,.T.);
#14307 = ORIENTED_EDGE('',*,*,#12956,.T.);
#14308 = ORIENTED_EDGE('',*,*,#12980,.F.);
#14309 = ORIENTED_EDGE('',*,*,#13004,.F.);
#14310 = PLANE('',#14311);
#14311 = AXIS2_PLACEMENT_3D('',#14312,#14313,#14314);
#14312 = CARTESIAN_POINT('',(-0.32,-7.94,-3.));
#14313 = DIRECTION('',(0.,0.,1.));
#14314 = DIRECTION('',(1.,0.,-0.));
#14315 = ADVANCED_FACE('',(#14316),#14322,.F.);
#14316 = FACE_BOUND('',#14317,.F.);
#14317 = EDGE_LOOP('',(#14318,#14319,#14320,#14321));
#14318 = ORIENTED_EDGE('',*,*,#13100,.T.);
#14319 = ORIENTED_EDGE('',*,*,#13117,.T.);
#14320 = ORIENTED_EDGE('',*,*,#13052,.F.);
#14321 = ORIENTED_EDGE('',*,*,#13076,.F.);
#14322 = PLANE('',#14323);
#14323 = AXIS2_PLACEMENT_3D('',#14324,#14325,#14326);
#14324 = CARTESIAN_POINT('',(-0.32,-13.02,-3.));
#14325 = DIRECTION('',(0.,0.,1.));
#14326 = DIRECTION('',(1.,0.,-0.));
#14327 = ADVANCED_FACE('',(#14328),#14334,.F.);
#14328 = FACE_BOUND('',#14329,.F.);
#14329 = EDGE_LOOP('',(#14330,#14331,#14332,#14333));
#14330 = ORIENTED_EDGE('',*,*,#13213,.T.);
#14331 = ORIENTED_EDGE('',*,*,#13148,.T.);
#14332 = ORIENTED_EDGE('',*,*,#13172,.F.);
#14333 = ORIENTED_EDGE('',*,*,#13196,.F.);
#14334 = PLANE('',#14335);
#14335 = AXIS2_PLACEMENT_3D('',#14336,#14337,#14338);
#14336 = CARTESIAN_POINT('',(-0.32,-10.48,-3.));
#14337 = DIRECTION('',(0.,0.,1.));
#14338 = DIRECTION('',(1.,0.,-0.));
#14339 = ADVANCED_FACE('',(#14340),#14346,.F.);
#14340 = FACE_BOUND('',#14341,.F.);
#14341 = EDGE_LOOP('',(#14342,#14343,#14344,#14345));
#14342 = ORIENTED_EDGE('',*,*,#13292,.T.);
#14343 = ORIENTED_EDGE('',*,*,#13309,.T.);
#14344 = ORIENTED_EDGE('',*,*,#13244,.F.);
#14345 = ORIENTED_EDGE('',*,*,#13268,.F.);
#14346 = PLANE('',#14347);
#14347 = AXIS2_PLACEMENT_3D('',#14348,#14349,#14350);
#14348 = CARTESIAN_POINT('',(-0.32,-2.86,-3.));
#14349 = DIRECTION('',(0.,0.,1.));
#14350 = DIRECTION('',(1.,0.,-0.));
#14351 = ADVANCED_FACE('',(#14352),#14358,.F.);
#14352 = FACE_BOUND('',#14353,.F.);
#14353 = EDGE_LOOP('',(#14354,#14355,#14356,#14357));
#14354 = ORIENTED_EDGE('',*,*,#13340,.T.);
#14355 = ORIENTED_EDGE('',*,*,#13364,.T.);
#14356 = ORIENTED_EDGE('',*,*,#13388,.F.);
#14357 = ORIENTED_EDGE('',*,*,#13405,.F.);
#14358 = PLANE('',#14359);
#14359 = AXIS2_PLACEMENT_3D('',#14360,#14361,#14362);
#14360 = CARTESIAN_POINT('',(-0.32,-5.4,-3.));
#14361 = DIRECTION('',(0.,0.,1.));
#14362 = DIRECTION('',(1.,0.,-0.));
#14363 = ADVANCED_FACE('',(#14364),#14370,.F.);
#14364 = FACE_BOUND('',#14365,.F.);
#14365 = EDGE_LOOP('',(#14366,#14367,#14368,#14369));
#14366 = ORIENTED_EDGE('',*,*,#13501,.T.);
#14367 = ORIENTED_EDGE('',*,*,#13436,.T.);
#14368 = ORIENTED_EDGE('',*,*,#13460,.F.);
#14369 = ORIENTED_EDGE('',*,*,#13484,.F.);
#14370 = PLANE('',#14371);
#14371 = AXIS2_PLACEMENT_3D('',#14372,#14373,#14374);
#14372 = CARTESIAN_POINT('',(-0.32,-0.32,-3.));
#14373 = DIRECTION('',(0.,0.,1.));
#14374 = DIRECTION('',(1.,0.,-0.));
#14375 = ADVANCED_FACE('',(#14376),#14382,.T.);
#14376 = FACE_BOUND('',#14377,.T.);
#14377 = EDGE_LOOP('',(#14378,#14379,#14380,#14381));
#14378 = ORIENTED_EDGE('',*,*,#13532,.T.);
#14379 = ORIENTED_EDGE('',*,*,#13556,.T.);
#14380 = ORIENTED_EDGE('',*,*,#13580,.F.);
#14381 = ORIENTED_EDGE('',*,*,#13597,.F.);
#14382 = PLANE('',#14383);
#14383 = AXIS2_PLACEMENT_3D('',#14384,#14385,#14386);
#14384 = CARTESIAN_POINT('',(-0.32,-18.1,8.54));
#14385 = DIRECTION('',(0.,0.,1.));
#14386 = DIRECTION('',(1.,0.,-0.));
#14387 = ADVANCED_FACE('',(#14388),#14394,.T.);
#14388 = FACE_BOUND('',#14389,.T.);
#14389 = EDGE_LOOP('',(#14390,#14391,#14392,#14393));
#14390 = ORIENTED_EDGE('',*,*,#13676,.T.);
#14391 = ORIENTED_EDGE('',*,*,#13693,.T.);
#14392 = ORIENTED_EDGE('',*,*,#13628,.F.);
#14393 = ORIENTED_EDGE('',*,*,#13652,.F.);
#14394 = PLANE('',#14395);
#14395 = AXIS2_PLACEMENT_3D('',#14396,#14397,#14398);
#14396 = CARTESIAN_POINT('',(-0.32,-15.56,8.54));
#14397 = DIRECTION('',(0.,0.,1.));
#14398 = DIRECTION('',(1.,0.,-0.));
#14399 = ADVANCED_FACE('',(#14400),#14406,.T.);
#14400 = FACE_BOUND('',#14401,.T.);
#14401 = EDGE_LOOP('',(#14402,#14403,#14404,#14405));
#14402 = ORIENTED_EDGE('',*,*,#13789,.T.);
#14403 = ORIENTED_EDGE('',*,*,#13724,.T.);
#14404 = ORIENTED_EDGE('',*,*,#13748,.F.);
#14405 = ORIENTED_EDGE('',*,*,#13772,.F.);
#14406 = PLANE('',#14407);
#14407 = AXIS2_PLACEMENT_3D('',#14408,#14409,#14410);
#14408 = CARTESIAN_POINT('',(-0.32,-7.94,8.54));
#14409 = DIRECTION('',(0.,0.,1.));
#14410 = DIRECTION('',(1.,0.,-0.));
#14411 = ADVANCED_FACE('',(#14412),#14418,.T.);
#14412 = FACE_BOUND('',#14413,.T.);
#14413 = EDGE_LOOP('',(#14414,#14415,#14416,#14417));
#14414 = ORIENTED_EDGE('',*,*,#13868,.T.);
#14415 = ORIENTED_EDGE('',*,*,#13885,.T.);
#14416 = ORIENTED_EDGE('',*,*,#13820,.F.);
#14417 = ORIENTED_EDGE('',*,*,#13844,.F.);
#14418 = PLANE('',#14419);
#14419 = AXIS2_PLACEMENT_3D('',#14420,#14421,#14422);
#14420 = CARTESIAN_POINT('',(-0.32,-13.02,8.54));
#14421 = DIRECTION('',(0.,0.,1.));
#14422 = DIRECTION('',(1.,0.,-0.));
#14423 = ADVANCED_FACE('',(#14424),#14430,.T.);
#14424 = FACE_BOUND('',#14425,.T.);
#14425 = EDGE_LOOP('',(#14426,#14427,#14428,#14429));
#14426 = ORIENTED_EDGE('',*,*,#13981,.T.);
#14427 = ORIENTED_EDGE('',*,*,#13916,.T.);
#14428 = ORIENTED_EDGE('',*,*,#13940,.F.);
#14429 = ORIENTED_EDGE('',*,*,#13964,.F.);
#14430 = PLANE('',#14431);
#14431 = AXIS2_PLACEMENT_3D('',#14432,#14433,#14434);
#14432 = CARTESIAN_POINT('',(-0.32,-10.48,8.54));
#14433 = DIRECTION('',(0.,0.,1.));
#14434 = DIRECTION('',(1.,0.,-0.));
#14435 = ADVANCED_FACE('',(#14436),#14442,.T.);
#14436 = FACE_BOUND('',#14437,.T.);
#14437 = EDGE_LOOP('',(#14438,#14439,#14440,#14441));
#14438 = ORIENTED_EDGE('',*,*,#14060,.T.);
#14439 = ORIENTED_EDGE('',*,*,#14077,.T.);
#14440 = ORIENTED_EDGE('',*,*,#14012,.F.);
#14441 = ORIENTED_EDGE('',*,*,#14036,.F.);
#14442 = PLANE('',#14443);
#14443 = AXIS2_PLACEMENT_3D('',#14444,#14445,#14446);
#14444 = CARTESIAN_POINT('',(-0.32,-2.86,8.54));
#14445 = DIRECTION('',(0.,0.,1.));
#14446 = DIRECTION('',(1.,0.,-0.));
#14447 = ADVANCED_FACE('',(#14448),#14454,.T.);
#14448 = FACE_BOUND('',#14449,.T.);
#14449 = EDGE_LOOP('',(#14450,#14451,#14452,#14453));
#14450 = ORIENTED_EDGE('',*,*,#14108,.T.);
#14451 = ORIENTED_EDGE('',*,*,#14132,.T.);
#14452 = ORIENTED_EDGE('',*,*,#14156,.F.);
#14453 = ORIENTED_EDGE('',*,*,#14173,.F.);
#14454 = PLANE('',#14455);
#14455 = AXIS2_PLACEMENT_3D('',#14456,#14457,#14458);
#14456 = CARTESIAN_POINT('',(-0.32,-5.4,8.54));
#14457 = DIRECTION('',(0.,0.,1.));
#14458 = DIRECTION('',(1.,0.,-0.));
#14459 = ADVANCED_FACE('',(#14460),#14466,.T.);
#14460 = FACE_BOUND('',#14461,.T.);
#14461 = EDGE_LOOP('',(#14462,#14463,#14464,#14465));
#14462 = ORIENTED_EDGE('',*,*,#14269,.T.);
#14463 = ORIENTED_EDGE('',*,*,#14204,.T.);
#14464 = ORIENTED_EDGE('',*,*,#14228,.F.);
#14465 = ORIENTED_EDGE('',*,*,#14252,.F.);
#14466 = PLANE('',#14467);
#14467 = AXIS2_PLACEMENT_3D('',#14468,#14469,#14470);
#14468 = CARTESIAN_POINT('',(-0.32,-0.32,8.54));
#14469 = DIRECTION('',(0.,0.,1.));
#14470 = DIRECTION('',(1.,0.,-0.));
#14471 = ( GEOMETRIC_REPRESENTATION_CONTEXT(3) 
GLOBAL_UNCERTAINTY_ASSIGNED_CONTEXT((#14475)) 
GLOBAL_UNIT_ASSIGNED_CONTEXT((#14472,#14473,#14474)) 
REPRESENTATION_CONTEXT('Context #1',
  '3D Context with UNIT and UNCERTAINTY') );
#14472 = ( LENGTH_UNIT() NAMED_UNIT(*) SI_UNIT(.MILLI.,.METRE.) );
#14473 = ( NAMED_UNIT(*) PLANE_ANGLE_UNIT() SI_UNIT($,.RADIAN.) );
#14474 = ( NAMED_UNIT(*) SI_UNIT($,.STERADIAN.) SOLID_ANGLE_UNIT() );
#14475 = UNCERTAINTY_MEASURE_WITH_UNIT(LENGTH_MEASURE(1.E-07),#14472,
  'distance_accuracy_value','confusion accuracy');
#14476 = CONTEXT_DEPENDENT_SHAPE_REPRESENTATION(#14477,#14479);
#14477 = ( REPRESENTATION_RELATIONSHIP('','',#8994,#10) 
REPRESENTATION_RELATIONSHIP_WITH_TRANSFORMATION(#14478) 
SHAPE_REPRESENTATION_RELATIONSHIP() );
#14478 = ITEM_DEFINED_TRANSFORMATION('','',#11,#27);
#14479 = PRODUCT_DEFINITION_SHAPE('Placement','Placement of an item',
  #14480);
#14480 = NEXT_ASSEMBLY_USAGE_OCCURRENCE('4','J2','',#5,#8989,$);
#14481 = PRODUCT_RELATED_PRODUCT_CATEGORY('part',$,(#8991));
#14482 = CONTEXT_DEPENDENT_SHAPE_REPRESENTATION(#14483,#14485);
#14483 = ( REPRESENTATION_RELATIONSHIP('','',#8994,#10) 
REPRESENTATION_RELATIONSHIP_WITH_TRANSFORMATION(#14484) 
SHAPE_REPRESENTATION_RELATIONSHIP() );
#14484 = ITEM_DEFINED_TRANSFORMATION('','',#11,#31);
#14485 = PRODUCT_DEFINITION_SHAPE('Placement','Placement of an item',
  #14486);
#14486 = NEXT_ASSEMBLY_USAGE_OCCURRENCE('5','J3','',#5,#8989,$);
#14487 = SHAPE_DEFINITION_REPRESENTATION(#14488,#14494);
#14488 = PRODUCT_DEFINITION_SHAPE('','',#14489);
#14489 = PRODUCT_DEFINITION('design','',#14490,#14493);
#14490 = PRODUCT_DEFINITION_FORMATION('','',#14491);
#14491 = PRODUCT('IOX-Darlington_PCB','IOX-Darlington_PCB','',(#14492));
#14492 = PRODUCT_CONTEXT('',#2,'mechanical');
#14493 = PRODUCT_DEFINITION_CONTEXT('part definition',#2,'design');
#14494 = ADVANCED_BREP_SHAPE_REPRESENTATION('',(#11,#14495),#17125);
#14495 = MANIFOLD_SOLID_BREP('',#14496);
#14496 = CLOSED_SHELL('',(#14497,#14539,#14570,#14601,#15313,#16025,
    #16042,#16059,#16076,#16093,#16105,#16122,#16139,#16156,#16173,
    #16190,#16207,#16224,#16241,#16258,#16275,#16292,#16309,#16326,
    #16343,#16360,#16377,#16394,#16411,#16428,#16445,#16462,#16479,
    #16496,#16513,#16530,#16547,#16564,#16581,#16598,#16615,#16632,
    #16649,#16666,#16683,#16700,#16717,#16734,#16751,#16768,#16785,
    #16802,#16819,#16836,#16853,#16870,#16887,#16904,#16921,#16938,
    #16955,#16972,#16989,#17006,#17023,#17040,#17057,#17074,#17091,
    #17108));
#14497 = ADVANCED_FACE('',(#14498),#14534,.T.);
#14498 = FACE_BOUND('',#14499,.T.);
#14499 = EDGE_LOOP('',(#14500,#14510,#14519,#14527));
#14500 = ORIENTED_EDGE('',*,*,#14501,.T.);
#14501 = EDGE_CURVE('',#14502,#14504,#14506,.T.);
#14502 = VERTEX_POINT('',#14503);
#14503 = CARTESIAN_POINT('',(131.699,-41.91,0.));
#14504 = VERTEX_POINT('',#14505);
#14505 = CARTESIAN_POINT('',(131.699,-41.91,1.51));
#14506 = LINE('',#14507,#14508);
#14507 = CARTESIAN_POINT('',(131.699,-41.91,0.));
#14508 = VECTOR('',#14509,1.);
#14509 = DIRECTION('',(0.,0.,1.));
#14510 = ORIENTED_EDGE('',*,*,#14511,.T.);
#14511 = EDGE_CURVE('',#14504,#14512,#14514,.T.);
#14512 = VERTEX_POINT('',#14513);
#14513 = CARTESIAN_POINT('',(133.604,-43.815,1.51));
#14514 = CIRCLE('',#14515,1.905001427691);
#14515 = AXIS2_PLACEMENT_3D('',#14516,#14517,#14518);
#14516 = CARTESIAN_POINT('',(131.69899857231,-43.81500142769,1.51));
#14517 = DIRECTION('',(0.,0.,-1.));
#14518 = DIRECTION('',(7.494430647689E-07,1.,0.));
#14519 = ORIENTED_EDGE('',*,*,#14520,.F.);
#14520 = EDGE_CURVE('',#14521,#14512,#14523,.T.);
#14521 = VERTEX_POINT('',#14522);
#14522 = CARTESIAN_POINT('',(133.604,-43.815,0.));
#14523 = LINE('',#14524,#14525);
#14524 = CARTESIAN_POINT('',(133.604,-43.815,0.));
#14525 = VECTOR('',#14526,1.);
#14526 = DIRECTION('',(0.,0.,1.));
#14527 = ORIENTED_EDGE('',*,*,#14528,.F.);
#14528 = EDGE_CURVE('',#14502,#14521,#14529,.T.);
#14529 = CIRCLE('',#14530,1.905001427691);
#14530 = AXIS2_PLACEMENT_3D('',#14531,#14532,#14533);
#14531 = CARTESIAN_POINT('',(131.69899857231,-43.81500142769,0.));
#14532 = DIRECTION('',(0.,0.,-1.));
#14533 = DIRECTION('',(7.494430647689E-07,1.,0.));
#14534 = CYLINDRICAL_SURFACE('',#14535,1.905001427691);
#14535 = AXIS2_PLACEMENT_3D('',#14536,#14537,#14538);
#14536 = CARTESIAN_POINT('',(131.69899857231,-43.81500142769,0.));
#14537 = DIRECTION('',(0.,0.,-1.));
#14538 = DIRECTION('',(7.494430647689E-07,1.,0.));
#14539 = ADVANCED_FACE('',(#14540),#14565,.T.);
#14540 = FACE_BOUND('',#14541,.T.);
#14541 = EDGE_LOOP('',(#14542,#14552,#14558,#14559));
#14542 = ORIENTED_EDGE('',*,*,#14543,.T.);
#14543 = EDGE_CURVE('',#14544,#14546,#14548,.T.);
#14544 = VERTEX_POINT('',#14545);
#14545 = CARTESIAN_POINT('',(106.83875,-41.91,0.));
#14546 = VERTEX_POINT('',#14547);
#14547 = CARTESIAN_POINT('',(106.83875,-41.91,1.51));
#14548 = LINE('',#14549,#14550);
#14549 = CARTESIAN_POINT('',(106.83875,-41.91,0.));
#14550 = VECTOR('',#14551,1.);
#14551 = DIRECTION('',(0.,0.,1.));
#14552 = ORIENTED_EDGE('',*,*,#14553,.T.);
#14553 = EDGE_CURVE('',#14546,#14504,#14554,.T.);
#14554 = LINE('',#14555,#14556);
#14555 = CARTESIAN_POINT('',(106.83875,-41.91,1.51));
#14556 = VECTOR('',#14557,1.);
#14557 = DIRECTION('',(1.,0.,0.));
#14558 = ORIENTED_EDGE('',*,*,#14501,.F.);
#14559 = ORIENTED_EDGE('',*,*,#14560,.F.);
#14560 = EDGE_CURVE('',#14544,#14502,#14561,.T.);
#14561 = LINE('',#14562,#14563);
#14562 = CARTESIAN_POINT('',(106.83875,-41.91,0.));
#14563 = VECTOR('',#14564,1.);
#14564 = DIRECTION('',(1.,0.,0.));
#14565 = PLANE('',#14566);
#14566 = AXIS2_PLACEMENT_3D('',#14567,#14568,#14569);
#14567 = CARTESIAN_POINT('',(106.83875,-41.91,0.));
#14568 = DIRECTION('',(0.,1.,0.));
#14569 = DIRECTION('',(1.,0.,0.));
#14570 = ADVANCED_FACE('',(#14571),#14596,.T.);
#14571 = FACE_BOUND('',#14572,.T.);
#14572 = EDGE_LOOP('',(#14573,#14574,#14582,#14590));
#14573 = ORIENTED_EDGE('',*,*,#14520,.T.);
#14574 = ORIENTED_EDGE('',*,*,#14575,.T.);
#14575 = EDGE_CURVE('',#14512,#14576,#14578,.T.);
#14576 = VERTEX_POINT('',#14577);
#14577 = CARTESIAN_POINT('',(133.604,-75.565,1.51));
#14578 = LINE('',#14579,#14580);
#14579 = CARTESIAN_POINT('',(133.604,-43.815,1.51));
#14580 = VECTOR('',#14581,1.);
#14581 = DIRECTION('',(0.,-1.,0.));
#14582 = ORIENTED_EDGE('',*,*,#14583,.F.);
#14583 = EDGE_CURVE('',#14584,#14576,#14586,.T.);
#14584 = VERTEX_POINT('',#14585);
#14585 = CARTESIAN_POINT('',(133.604,-75.565,0.));
#14586 = LINE('',#14587,#14588);
#14587 = CARTESIAN_POINT('',(133.604,-75.565,0.));
#14588 = VECTOR('',#14589,1.);
#14589 = DIRECTION('',(0.,0.,1.));
#14590 = ORIENTED_EDGE('',*,*,#14591,.F.);
#14591 = EDGE_CURVE('',#14521,#14584,#14592,.T.);
#14592 = LINE('',#14593,#14594);
#14593 = CARTESIAN_POINT('',(133.604,-43.815,0.));
#14594 = VECTOR('',#14595,1.);
#14595 = DIRECTION('',(0.,-1.,0.));
#14596 = PLANE('',#14597);
#14597 = AXIS2_PLACEMENT_3D('',#14598,#14599,#14600);
#14598 = CARTESIAN_POINT('',(133.604,-43.815,0.));
#14599 = DIRECTION('',(1.,0.,-0.));
#14600 = DIRECTION('',(0.,-1.,0.));
#14601 = ADVANCED_FACE('',(#14602,#14648,#14659,#14670,#14681,#14692,
    #14703,#14714,#14725,#14736,#14747,#14758,#14769,#14780,#14791,
    #14802,#14813,#14824,#14835,#14846,#14857,#14868,#14879,#14890,
    #14901,#14912,#14923,#14934,#14945,#14956,#14967,#14978,#14989,
    #15000,#15011,#15022,#15033,#15044,#15055,#15066,#15077,#15088,
    #15099,#15110,#15121,#15132,#15143,#15154,#15165,#15176,#15187,
    #15198,#15209,#15220,#15231,#15242,#15253,#15264,#15275,#15286,
    #15297),#15308,.F.);
#14602 = FACE_BOUND('',#14603,.F.);
#14603 = EDGE_LOOP('',(#14604,#14605,#14606,#14615,#14623,#14632,#14640,
    #14647));
#14604 = ORIENTED_EDGE('',*,*,#14528,.F.);
#14605 = ORIENTED_EDGE('',*,*,#14560,.F.);
#14606 = ORIENTED_EDGE('',*,*,#14607,.F.);
#14607 = EDGE_CURVE('',#14608,#14544,#14610,.T.);
#14608 = VERTEX_POINT('',#14609);
#14609 = CARTESIAN_POINT('',(104.93375,-43.815,0.));
#14610 = CIRCLE('',#14611,1.905001427691);
#14611 = AXIS2_PLACEMENT_3D('',#14612,#14613,#14614);
#14612 = CARTESIAN_POINT('',(106.83875142769,-43.81500142769,0.));
#14613 = DIRECTION('',(0.,0.,-1.));
#14614 = DIRECTION('',(-1.,7.494430684988E-07,0.));
#14615 = ORIENTED_EDGE('',*,*,#14616,.F.);
#14616 = EDGE_CURVE('',#14617,#14608,#14619,.T.);
#14617 = VERTEX_POINT('',#14618);
#14618 = CARTESIAN_POINT('',(104.93375,-75.565,0.));
#14619 = LINE('',#14620,#14621);
#14620 = CARTESIAN_POINT('',(104.93375,-75.565,0.));
#14621 = VECTOR('',#14622,1.);
#14622 = DIRECTION('',(0.,1.,0.));
#14623 = ORIENTED_EDGE('',*,*,#14624,.F.);
#14624 = EDGE_CURVE('',#14625,#14617,#14627,.T.);
#14625 = VERTEX_POINT('',#14626);
#14626 = CARTESIAN_POINT('',(106.83875,-77.47,0.));
#14627 = CIRCLE('',#14628,1.905001427691);
#14628 = AXIS2_PLACEMENT_3D('',#14629,#14630,#14631);
#14629 = CARTESIAN_POINT('',(106.83875142769,-75.56499857231,0.));
#14630 = DIRECTION('',(0.,0.,-1.));
#14631 = DIRECTION('',(-7.494430722287E-07,-1.,-0.));
#14632 = ORIENTED_EDGE('',*,*,#14633,.F.);
#14633 = EDGE_CURVE('',#14634,#14625,#14636,.T.);
#14634 = VERTEX_POINT('',#14635);
#14635 = CARTESIAN_POINT('',(131.699,-77.47,0.));
#14636 = LINE('',#14637,#14638);
#14637 = CARTESIAN_POINT('',(131.699,-77.47,0.));
#14638 = VECTOR('',#14639,1.);
#14639 = DIRECTION('',(-1.,0.,0.));
#14640 = ORIENTED_EDGE('',*,*,#14641,.F.);
#14641 = EDGE_CURVE('',#14584,#14634,#14642,.T.);
#14642 = CIRCLE('',#14643,1.905001427691);
#14643 = AXIS2_PLACEMENT_3D('',#14644,#14645,#14646);
#14644 = CARTESIAN_POINT('',(131.69899857231,-75.56499857231,0.));
#14645 = DIRECTION('',(0.,0.,-1.));
#14646 = DIRECTION('',(1.,-7.494430647689E-07,0.));
#14647 = ORIENTED_EDGE('',*,*,#14591,.F.);
#14648 = FACE_BOUND('',#14649,.F.);
#14649 = EDGE_LOOP('',(#14650));
#14650 = ORIENTED_EDGE('',*,*,#14651,.T.);
#14651 = EDGE_CURVE('',#14652,#14652,#14654,.T.);
#14652 = VERTEX_POINT('',#14653);
#14653 = CARTESIAN_POINT('',(109.855,-75.965,0.));
#14654 = CIRCLE('',#14655,0.4);
#14655 = AXIS2_PLACEMENT_3D('',#14656,#14657,#14658);
#14656 = CARTESIAN_POINT('',(109.855,-75.565,0.));
#14657 = DIRECTION('',(-0.,0.,-1.));
#14658 = DIRECTION('',(3.5527136788E-14,-1.,-0.));
#14659 = FACE_BOUND('',#14660,.F.);
#14660 = EDGE_LOOP('',(#14661));
#14661 = ORIENTED_EDGE('',*,*,#14662,.T.);
#14662 = EDGE_CURVE('',#14663,#14663,#14665,.T.);
#14663 = VERTEX_POINT('',#14664);
#14664 = CARTESIAN_POINT('',(112.395,-75.965,0.));
#14665 = CIRCLE('',#14666,0.4);
#14666 = AXIS2_PLACEMENT_3D('',#14667,#14668,#14669);
#14667 = CARTESIAN_POINT('',(112.395,-75.565,0.));
#14668 = DIRECTION('',(-0.,0.,-1.));
#14669 = DIRECTION('',(-3.552713678801E-14,-1.,0.));
#14670 = FACE_BOUND('',#14671,.F.);
#14671 = EDGE_LOOP('',(#14672));
#14672 = ORIENTED_EDGE('',*,*,#14673,.T.);
#14673 = EDGE_CURVE('',#14674,#14674,#14676,.T.);
#14674 = VERTEX_POINT('',#14675);
#14675 = CARTESIAN_POINT('',(114.935,-75.965,0.));
#14676 = CIRCLE('',#14677,0.4);
#14677 = AXIS2_PLACEMENT_3D('',#14678,#14679,#14680);
#14678 = CARTESIAN_POINT('',(114.935,-75.565,0.));
#14679 = DIRECTION('',(-0.,0.,-1.));
#14680 = DIRECTION('',(-0.,-1.,0.));
#14681 = FACE_BOUND('',#14682,.F.);
#14682 = EDGE_LOOP('',(#14683));
#14683 = ORIENTED_EDGE('',*,*,#14684,.T.);
#14684 = EDGE_CURVE('',#14685,#14685,#14687,.T.);
#14685 = VERTEX_POINT('',#14686);
#14686 = CARTESIAN_POINT('',(117.475,-75.965,0.));
#14687 = CIRCLE('',#14688,0.4);
#14688 = AXIS2_PLACEMENT_3D('',#14689,#14690,#14691);
#14689 = CARTESIAN_POINT('',(117.475,-75.565,0.));
#14690 = DIRECTION('',(-0.,0.,-1.));
#14691 = DIRECTION('',(-0.,-1.,0.));
#14692 = FACE_BOUND('',#14693,.F.);
#14693 = EDGE_LOOP('',(#14694));
#14694 = ORIENTED_EDGE('',*,*,#14695,.T.);
#14695 = EDGE_CURVE('',#14696,#14696,#14698,.T.);
#14696 = VERTEX_POINT('',#14697);
#14697 = CARTESIAN_POINT('',(109.855,-68.345,0.));
#14698 = CIRCLE('',#14699,0.4);
#14699 = AXIS2_PLACEMENT_3D('',#14700,#14701,#14702);
#14700 = CARTESIAN_POINT('',(109.855,-67.945,0.));
#14701 = DIRECTION('',(-0.,0.,-1.));
#14702 = DIRECTION('',(3.5527136788E-14,-1.,-0.));
#14703 = FACE_BOUND('',#14704,.F.);
#14704 = EDGE_LOOP('',(#14705));
#14705 = ORIENTED_EDGE('',*,*,#14706,.T.);
#14706 = EDGE_CURVE('',#14707,#14707,#14709,.T.);
#14707 = VERTEX_POINT('',#14708);
#14708 = CARTESIAN_POINT('',(112.395,-68.345,0.));
#14709 = CIRCLE('',#14710,0.4);
#14710 = AXIS2_PLACEMENT_3D('',#14711,#14712,#14713);
#14711 = CARTESIAN_POINT('',(112.395,-67.945,0.));
#14712 = DIRECTION('',(-0.,0.,-1.));
#14713 = DIRECTION('',(-3.552713678801E-14,-1.,0.));
#14714 = FACE_BOUND('',#14715,.F.);
#14715 = EDGE_LOOP('',(#14716));
#14716 = ORIENTED_EDGE('',*,*,#14717,.T.);
#14717 = EDGE_CURVE('',#14718,#14718,#14720,.T.);
#14718 = VERTEX_POINT('',#14719);
#14719 = CARTESIAN_POINT('',(106.68,-65.905,0.));
#14720 = CIRCLE('',#14721,0.5);
#14721 = AXIS2_PLACEMENT_3D('',#14722,#14723,#14724);
#14722 = CARTESIAN_POINT('',(106.68,-65.405,0.));
#14723 = DIRECTION('',(-0.,0.,-1.));
#14724 = DIRECTION('',(-0.,-1.,0.));
#14725 = FACE_BOUND('',#14726,.F.);
#14726 = EDGE_LOOP('',(#14727));
#14727 = ORIENTED_EDGE('',*,*,#14728,.T.);
#14728 = EDGE_CURVE('',#14729,#14729,#14731,.T.);
#14729 = VERTEX_POINT('',#14730);
#14730 = CARTESIAN_POINT('',(109.22,-65.905,0.));
#14731 = CIRCLE('',#14732,0.5);
#14732 = AXIS2_PLACEMENT_3D('',#14733,#14734,#14735);
#14733 = CARTESIAN_POINT('',(109.22,-65.405,0.));
#14734 = DIRECTION('',(-0.,0.,-1.));
#14735 = DIRECTION('',(-0.,-1.,0.));
#14736 = FACE_BOUND('',#14737,.F.);
#14737 = EDGE_LOOP('',(#14738));
#14738 = ORIENTED_EDGE('',*,*,#14739,.T.);
#14739 = EDGE_CURVE('',#14740,#14740,#14742,.T.);
#14740 = VERTEX_POINT('',#14741);
#14741 = CARTESIAN_POINT('',(111.76,-65.905,0.));
#14742 = CIRCLE('',#14743,0.5);
#14743 = AXIS2_PLACEMENT_3D('',#14744,#14745,#14746);
#14744 = CARTESIAN_POINT('',(111.76,-65.405,0.));
#14745 = DIRECTION('',(-0.,0.,-1.));
#14746 = DIRECTION('',(-0.,-1.,0.));
#14747 = FACE_BOUND('',#14748,.F.);
#14748 = EDGE_LOOP('',(#14749));
#14749 = ORIENTED_EDGE('',*,*,#14750,.T.);
#14750 = EDGE_CURVE('',#14751,#14751,#14753,.T.);
#14751 = VERTEX_POINT('',#14752);
#14752 = CARTESIAN_POINT('',(114.935,-68.345,0.));
#14753 = CIRCLE('',#14754,0.4);
#14754 = AXIS2_PLACEMENT_3D('',#14755,#14756,#14757);
#14755 = CARTESIAN_POINT('',(114.935,-67.945,0.));
#14756 = DIRECTION('',(-0.,0.,-1.));
#14757 = DIRECTION('',(-0.,-1.,0.));
#14758 = FACE_BOUND('',#14759,.F.);
#14759 = EDGE_LOOP('',(#14760));
#14760 = ORIENTED_EDGE('',*,*,#14761,.T.);
#14761 = EDGE_CURVE('',#14762,#14762,#14764,.T.);
#14762 = VERTEX_POINT('',#14763);
#14763 = CARTESIAN_POINT('',(117.475,-68.345,0.));
#14764 = CIRCLE('',#14765,0.4);
#14765 = AXIS2_PLACEMENT_3D('',#14766,#14767,#14768);
#14766 = CARTESIAN_POINT('',(117.475,-67.945,0.));
#14767 = DIRECTION('',(-0.,0.,-1.));
#14768 = DIRECTION('',(-0.,-1.,0.));
#14769 = FACE_BOUND('',#14770,.F.);
#14770 = EDGE_LOOP('',(#14771));
#14771 = ORIENTED_EDGE('',*,*,#14772,.T.);
#14772 = EDGE_CURVE('',#14773,#14773,#14775,.T.);
#14773 = VERTEX_POINT('',#14774);
#14774 = CARTESIAN_POINT('',(114.3,-65.905,0.));
#14775 = CIRCLE('',#14776,0.5);
#14776 = AXIS2_PLACEMENT_3D('',#14777,#14778,#14779);
#14777 = CARTESIAN_POINT('',(114.3,-65.405,0.));
#14778 = DIRECTION('',(-0.,0.,-1.));
#14779 = DIRECTION('',(-0.,-1.,0.));
#14780 = FACE_BOUND('',#14781,.F.);
#14781 = EDGE_LOOP('',(#14782));
#14782 = ORIENTED_EDGE('',*,*,#14783,.T.);
#14783 = EDGE_CURVE('',#14784,#14784,#14786,.T.);
#14784 = VERTEX_POINT('',#14785);
#14785 = CARTESIAN_POINT('',(116.84,-65.905,0.));
#14786 = CIRCLE('',#14787,0.5);
#14787 = AXIS2_PLACEMENT_3D('',#14788,#14789,#14790);
#14788 = CARTESIAN_POINT('',(116.84,-65.405,0.));
#14789 = DIRECTION('',(-0.,0.,-1.));
#14790 = DIRECTION('',(-0.,-1.,0.));
#14791 = FACE_BOUND('',#14792,.F.);
#14792 = EDGE_LOOP('',(#14793));
#14793 = ORIENTED_EDGE('',*,*,#14794,.T.);
#14794 = EDGE_CURVE('',#14795,#14795,#14797,.T.);
#14795 = VERTEX_POINT('',#14796);
#14796 = CARTESIAN_POINT('',(120.015,-75.965,0.));
#14797 = CIRCLE('',#14798,0.4);
#14798 = AXIS2_PLACEMENT_3D('',#14799,#14800,#14801);
#14799 = CARTESIAN_POINT('',(120.015,-75.565,0.));
#14800 = DIRECTION('',(-0.,0.,-1.));
#14801 = DIRECTION('',(-0.,-1.,0.));
#14802 = FACE_BOUND('',#14803,.F.);
#14803 = EDGE_LOOP('',(#14804));
#14804 = ORIENTED_EDGE('',*,*,#14805,.T.);
#14805 = EDGE_CURVE('',#14806,#14806,#14808,.T.);
#14806 = VERTEX_POINT('',#14807);
#14807 = CARTESIAN_POINT('',(122.555,-75.965,0.));
#14808 = CIRCLE('',#14809,0.4);
#14809 = AXIS2_PLACEMENT_3D('',#14810,#14811,#14812);
#14810 = CARTESIAN_POINT('',(122.555,-75.565,0.));
#14811 = DIRECTION('',(-0.,0.,-1.));
#14812 = DIRECTION('',(-0.,-1.,0.));
#14813 = FACE_BOUND('',#14814,.F.);
#14814 = EDGE_LOOP('',(#14815));
#14815 = ORIENTED_EDGE('',*,*,#14816,.T.);
#14816 = EDGE_CURVE('',#14817,#14817,#14819,.T.);
#14817 = VERTEX_POINT('',#14818);
#14818 = CARTESIAN_POINT('',(125.095,-75.965,0.));
#14819 = CIRCLE('',#14820,0.4);
#14820 = AXIS2_PLACEMENT_3D('',#14821,#14822,#14823);
#14821 = CARTESIAN_POINT('',(125.095,-75.565,0.));
#14822 = DIRECTION('',(-0.,0.,-1.));
#14823 = DIRECTION('',(-0.,-1.,0.));
#14824 = FACE_BOUND('',#14825,.F.);
#14825 = EDGE_LOOP('',(#14826));
#14826 = ORIENTED_EDGE('',*,*,#14827,.T.);
#14827 = EDGE_CURVE('',#14828,#14828,#14830,.T.);
#14828 = VERTEX_POINT('',#14829);
#14829 = CARTESIAN_POINT('',(127.635,-75.965,0.));
#14830 = CIRCLE('',#14831,0.4);
#14831 = AXIS2_PLACEMENT_3D('',#14832,#14833,#14834);
#14832 = CARTESIAN_POINT('',(127.635,-75.565,0.));
#14833 = DIRECTION('',(-0.,0.,-1.));
#14834 = DIRECTION('',(3.5527136788E-14,-1.,-0.));
#14835 = FACE_BOUND('',#14836,.F.);
#14836 = EDGE_LOOP('',(#14837));
#14837 = ORIENTED_EDGE('',*,*,#14838,.T.);
#14838 = EDGE_CURVE('',#14839,#14839,#14841,.T.);
#14839 = VERTEX_POINT('',#14840);
#14840 = CARTESIAN_POINT('',(120.015,-68.345,0.));
#14841 = CIRCLE('',#14842,0.4);
#14842 = AXIS2_PLACEMENT_3D('',#14843,#14844,#14845);
#14843 = CARTESIAN_POINT('',(120.015,-67.945,0.));
#14844 = DIRECTION('',(-0.,0.,-1.));
#14845 = DIRECTION('',(-0.,-1.,0.));
#14846 = FACE_BOUND('',#14847,.F.);
#14847 = EDGE_LOOP('',(#14848));
#14848 = ORIENTED_EDGE('',*,*,#14849,.T.);
#14849 = EDGE_CURVE('',#14850,#14850,#14852,.T.);
#14850 = VERTEX_POINT('',#14851);
#14851 = CARTESIAN_POINT('',(122.555,-68.345,0.));
#14852 = CIRCLE('',#14853,0.4);
#14853 = AXIS2_PLACEMENT_3D('',#14854,#14855,#14856);
#14854 = CARTESIAN_POINT('',(122.555,-67.945,0.));
#14855 = DIRECTION('',(-0.,0.,-1.));
#14856 = DIRECTION('',(-0.,-1.,0.));
#14857 = FACE_BOUND('',#14858,.F.);
#14858 = EDGE_LOOP('',(#14859));
#14859 = ORIENTED_EDGE('',*,*,#14860,.T.);
#14860 = EDGE_CURVE('',#14861,#14861,#14863,.T.);
#14861 = VERTEX_POINT('',#14862);
#14862 = CARTESIAN_POINT('',(125.095,-68.345,0.));
#14863 = CIRCLE('',#14864,0.4);
#14864 = AXIS2_PLACEMENT_3D('',#14865,#14866,#14867);
#14865 = CARTESIAN_POINT('',(125.095,-67.945,0.));
#14866 = DIRECTION('',(-0.,0.,-1.));
#14867 = DIRECTION('',(-0.,-1.,0.));
#14868 = FACE_BOUND('',#14869,.F.);
#14869 = EDGE_LOOP('',(#14870));
#14870 = ORIENTED_EDGE('',*,*,#14871,.T.);
#14871 = EDGE_CURVE('',#14872,#14872,#14874,.T.);
#14872 = VERTEX_POINT('',#14873);
#14873 = CARTESIAN_POINT('',(119.38,-65.905,0.));
#14874 = CIRCLE('',#14875,0.5);
#14875 = AXIS2_PLACEMENT_3D('',#14876,#14877,#14878);
#14876 = CARTESIAN_POINT('',(119.38,-65.405,0.));
#14877 = DIRECTION('',(-0.,0.,-1.));
#14878 = DIRECTION('',(-0.,-1.,0.));
#14879 = FACE_BOUND('',#14880,.F.);
#14880 = EDGE_LOOP('',(#14881));
#14881 = ORIENTED_EDGE('',*,*,#14882,.T.);
#14882 = EDGE_CURVE('',#14883,#14883,#14885,.T.);
#14883 = VERTEX_POINT('',#14884);
#14884 = CARTESIAN_POINT('',(121.92,-65.905,0.));
#14885 = CIRCLE('',#14886,0.5);
#14886 = AXIS2_PLACEMENT_3D('',#14887,#14888,#14889);
#14887 = CARTESIAN_POINT('',(121.92,-65.405,0.));
#14888 = DIRECTION('',(-0.,0.,-1.));
#14889 = DIRECTION('',(-0.,-1.,0.));
#14890 = FACE_BOUND('',#14891,.F.);
#14891 = EDGE_LOOP('',(#14892));
#14892 = ORIENTED_EDGE('',*,*,#14893,.T.);
#14893 = EDGE_CURVE('',#14894,#14894,#14896,.T.);
#14894 = VERTEX_POINT('',#14895);
#14895 = CARTESIAN_POINT('',(124.46,-65.905,0.));
#14896 = CIRCLE('',#14897,0.5);
#14897 = AXIS2_PLACEMENT_3D('',#14898,#14899,#14900);
#14898 = CARTESIAN_POINT('',(124.46,-65.405,0.));
#14899 = DIRECTION('',(-0.,0.,-1.));
#14900 = DIRECTION('',(-0.,-1.,0.));
#14901 = FACE_BOUND('',#14902,.F.);
#14902 = EDGE_LOOP('',(#14903));
#14903 = ORIENTED_EDGE('',*,*,#14904,.T.);
#14904 = EDGE_CURVE('',#14905,#14905,#14907,.T.);
#14905 = VERTEX_POINT('',#14906);
#14906 = CARTESIAN_POINT('',(127.635,-68.345,0.));
#14907 = CIRCLE('',#14908,0.4);
#14908 = AXIS2_PLACEMENT_3D('',#14909,#14910,#14911);
#14909 = CARTESIAN_POINT('',(127.635,-67.945,0.));
#14910 = DIRECTION('',(-0.,0.,-1.));
#14911 = DIRECTION('',(3.5527136788E-14,-1.,-0.));
#14912 = FACE_BOUND('',#14913,.F.);
#14913 = EDGE_LOOP('',(#14914));
#14914 = ORIENTED_EDGE('',*,*,#14915,.T.);
#14915 = EDGE_CURVE('',#14916,#14916,#14918,.T.);
#14916 = VERTEX_POINT('',#14917);
#14917 = CARTESIAN_POINT('',(129.54,-65.905,0.));
#14918 = CIRCLE('',#14919,0.5);
#14919 = AXIS2_PLACEMENT_3D('',#14920,#14921,#14922);
#14920 = CARTESIAN_POINT('',(129.54,-65.405,0.));
#14921 = DIRECTION('',(-0.,0.,-1.));
#14922 = DIRECTION('',(-0.,-1.,0.));
#14923 = FACE_BOUND('',#14924,.F.);
#14924 = EDGE_LOOP('',(#14925));
#14925 = ORIENTED_EDGE('',*,*,#14926,.T.);
#14926 = EDGE_CURVE('',#14927,#14927,#14929,.T.);
#14927 = VERTEX_POINT('',#14928);
#14928 = CARTESIAN_POINT('',(132.08,-65.905,0.));
#14929 = CIRCLE('',#14930,0.5);
#14930 = AXIS2_PLACEMENT_3D('',#14931,#14932,#14933);
#14931 = CARTESIAN_POINT('',(132.08,-65.405,0.));
#14932 = DIRECTION('',(-0.,0.,-1.));
#14933 = DIRECTION('',(-0.,-1.,0.));
#14934 = FACE_BOUND('',#14935,.F.);
#14935 = EDGE_LOOP('',(#14936));
#14936 = ORIENTED_EDGE('',*,*,#14937,.F.);
#14937 = EDGE_CURVE('',#14938,#14938,#14940,.T.);
#14938 = VERTEX_POINT('',#14939);
#14939 = CARTESIAN_POINT('',(107.188,-59.69,0.));
#14940 = CIRCLE('',#14941,0.508);
#14941 = AXIS2_PLACEMENT_3D('',#14942,#14943,#14944);
#14942 = CARTESIAN_POINT('',(106.68,-59.69,0.));
#14943 = DIRECTION('',(0.,0.,1.));
#14944 = DIRECTION('',(1.,0.,-0.));
#14945 = FACE_BOUND('',#14946,.F.);
#14946 = EDGE_LOOP('',(#14947));
#14947 = ORIENTED_EDGE('',*,*,#14948,.F.);
#14948 = EDGE_CURVE('',#14949,#14949,#14951,.T.);
#14949 = VERTEX_POINT('',#14950);
#14950 = CARTESIAN_POINT('',(109.728,-59.69,0.));
#14951 = CIRCLE('',#14952,0.508);
#14952 = AXIS2_PLACEMENT_3D('',#14953,#14954,#14955);
#14953 = CARTESIAN_POINT('',(109.22,-59.69,0.));
#14954 = DIRECTION('',(0.,0.,1.));
#14955 = DIRECTION('',(1.,0.,-0.));
#14956 = FACE_BOUND('',#14957,.F.);
#14957 = EDGE_LOOP('',(#14958));
#14958 = ORIENTED_EDGE('',*,*,#14959,.F.);
#14959 = EDGE_CURVE('',#14960,#14960,#14962,.T.);
#14960 = VERTEX_POINT('',#14961);
#14961 = CARTESIAN_POINT('',(112.268,-59.69,0.));
#14962 = CIRCLE('',#14963,0.508);
#14963 = AXIS2_PLACEMENT_3D('',#14964,#14965,#14966);
#14964 = CARTESIAN_POINT('',(111.76,-59.69,0.));
#14965 = DIRECTION('',(0.,0.,1.));
#14966 = DIRECTION('',(1.,0.,-0.));
#14967 = FACE_BOUND('',#14968,.F.);
#14968 = EDGE_LOOP('',(#14969));
#14969 = ORIENTED_EDGE('',*,*,#14970,.F.);
#14970 = EDGE_CURVE('',#14971,#14971,#14973,.T.);
#14971 = VERTEX_POINT('',#14972);
#14972 = CARTESIAN_POINT('',(107.188,-58.42,0.));
#14973 = CIRCLE('',#14974,0.508);
#14974 = AXIS2_PLACEMENT_3D('',#14975,#14976,#14977);
#14975 = CARTESIAN_POINT('',(106.68,-58.42,0.));
#14976 = DIRECTION('',(0.,0.,1.));
#14977 = DIRECTION('',(1.,0.,-0.));
#14978 = FACE_BOUND('',#14979,.F.);
#14979 = EDGE_LOOP('',(#14980));
#14980 = ORIENTED_EDGE('',*,*,#14981,.F.);
#14981 = EDGE_CURVE('',#14982,#14982,#14984,.T.);
#14982 = VERTEX_POINT('',#14983);
#14983 = CARTESIAN_POINT('',(107.188,-57.15,0.));
#14984 = CIRCLE('',#14985,0.508);
#14985 = AXIS2_PLACEMENT_3D('',#14986,#14987,#14988);
#14986 = CARTESIAN_POINT('',(106.68,-57.15,0.));
#14987 = DIRECTION('',(0.,0.,1.));
#14988 = DIRECTION('',(1.,0.,-0.));
#14989 = FACE_BOUND('',#14990,.F.);
#14990 = EDGE_LOOP('',(#14991));
#14991 = ORIENTED_EDGE('',*,*,#14992,.F.);
#14992 = EDGE_CURVE('',#14993,#14993,#14995,.T.);
#14993 = VERTEX_POINT('',#14994);
#14994 = CARTESIAN_POINT('',(109.728,-58.42,0.));
#14995 = CIRCLE('',#14996,0.508);
#14996 = AXIS2_PLACEMENT_3D('',#14997,#14998,#14999);
#14997 = CARTESIAN_POINT('',(109.22,-58.42,0.));
#14998 = DIRECTION('',(0.,0.,1.));
#14999 = DIRECTION('',(1.,0.,-0.));
#15000 = FACE_BOUND('',#15001,.F.);
#15001 = EDGE_LOOP('',(#15002));
#15002 = ORIENTED_EDGE('',*,*,#15003,.F.);
#15003 = EDGE_CURVE('',#15004,#15004,#15006,.T.);
#15004 = VERTEX_POINT('',#15005);
#15005 = CARTESIAN_POINT('',(109.728,-57.15,0.));
#15006 = CIRCLE('',#15007,0.508);
#15007 = AXIS2_PLACEMENT_3D('',#15008,#15009,#15010);
#15008 = CARTESIAN_POINT('',(109.22,-57.15,0.));
#15009 = DIRECTION('',(0.,0.,1.));
#15010 = DIRECTION('',(1.,0.,-0.));
#15011 = FACE_BOUND('',#15012,.F.);
#15012 = EDGE_LOOP('',(#15013));
#15013 = ORIENTED_EDGE('',*,*,#15014,.F.);
#15014 = EDGE_CURVE('',#15015,#15015,#15017,.T.);
#15015 = VERTEX_POINT('',#15016);
#15016 = CARTESIAN_POINT('',(112.268,-58.42,0.));
#15017 = CIRCLE('',#15018,0.508);
#15018 = AXIS2_PLACEMENT_3D('',#15019,#15020,#15021);
#15019 = CARTESIAN_POINT('',(111.76,-58.42,0.));
#15020 = DIRECTION('',(0.,0.,1.));
#15021 = DIRECTION('',(1.,0.,-0.));
#15022 = FACE_BOUND('',#15023,.F.);
#15023 = EDGE_LOOP('',(#15024));
#15024 = ORIENTED_EDGE('',*,*,#15025,.F.);
#15025 = EDGE_CURVE('',#15026,#15026,#15028,.T.);
#15026 = VERTEX_POINT('',#15027);
#15027 = CARTESIAN_POINT('',(112.268,-57.15,0.));
#15028 = CIRCLE('',#15029,0.508);
#15029 = AXIS2_PLACEMENT_3D('',#15030,#15031,#15032);
#15030 = CARTESIAN_POINT('',(111.76,-57.15,0.));
#15031 = DIRECTION('',(0.,0.,1.));
#15032 = DIRECTION('',(1.,0.,-0.));
#15033 = FACE_BOUND('',#15034,.F.);
#15034 = EDGE_LOOP('',(#15035));
#15035 = ORIENTED_EDGE('',*,*,#15036,.F.);
#15036 = EDGE_CURVE('',#15037,#15037,#15039,.T.);
#15037 = VERTEX_POINT('',#15038);
#15038 = CARTESIAN_POINT('',(114.808,-59.69,0.));
#15039 = CIRCLE('',#15040,0.508);
#15040 = AXIS2_PLACEMENT_3D('',#15041,#15042,#15043);
#15041 = CARTESIAN_POINT('',(114.3,-59.69,0.));
#15042 = DIRECTION('',(0.,0.,1.));
#15043 = DIRECTION('',(1.,0.,-0.));
#15044 = FACE_BOUND('',#15045,.F.);
#15045 = EDGE_LOOP('',(#15046));
#15046 = ORIENTED_EDGE('',*,*,#15047,.F.);
#15047 = EDGE_CURVE('',#15048,#15048,#15050,.T.);
#15048 = VERTEX_POINT('',#15049);
#15049 = CARTESIAN_POINT('',(117.348,-59.69,0.));
#15050 = CIRCLE('',#15051,0.508);
#15051 = AXIS2_PLACEMENT_3D('',#15052,#15053,#15054);
#15052 = CARTESIAN_POINT('',(116.84,-59.69,0.));
#15053 = DIRECTION('',(0.,0.,1.));
#15054 = DIRECTION('',(1.,0.,-0.));
#15055 = FACE_BOUND('',#15056,.F.);
#15056 = EDGE_LOOP('',(#15057));
#15057 = ORIENTED_EDGE('',*,*,#15058,.F.);
#15058 = EDGE_CURVE('',#15059,#15059,#15061,.T.);
#15059 = VERTEX_POINT('',#15060);
#15060 = CARTESIAN_POINT('',(114.808,-58.42,0.));
#15061 = CIRCLE('',#15062,0.508);
#15062 = AXIS2_PLACEMENT_3D('',#15063,#15064,#15065);
#15063 = CARTESIAN_POINT('',(114.3,-58.42,0.));
#15064 = DIRECTION('',(0.,0.,1.));
#15065 = DIRECTION('',(1.,0.,-0.));
#15066 = FACE_BOUND('',#15067,.F.);
#15067 = EDGE_LOOP('',(#15068));
#15068 = ORIENTED_EDGE('',*,*,#15069,.F.);
#15069 = EDGE_CURVE('',#15070,#15070,#15072,.T.);
#15070 = VERTEX_POINT('',#15071);
#15071 = CARTESIAN_POINT('',(114.808,-57.15,0.));
#15072 = CIRCLE('',#15073,0.508);
#15073 = AXIS2_PLACEMENT_3D('',#15074,#15075,#15076);
#15074 = CARTESIAN_POINT('',(114.3,-57.15,0.));
#15075 = DIRECTION('',(0.,0.,1.));
#15076 = DIRECTION('',(1.,0.,-0.));
#15077 = FACE_BOUND('',#15078,.F.);
#15078 = EDGE_LOOP('',(#15079));
#15079 = ORIENTED_EDGE('',*,*,#15080,.F.);
#15080 = EDGE_CURVE('',#15081,#15081,#15083,.T.);
#15081 = VERTEX_POINT('',#15082);
#15082 = CARTESIAN_POINT('',(117.348,-58.42,0.));
#15083 = CIRCLE('',#15084,0.508);
#15084 = AXIS2_PLACEMENT_3D('',#15085,#15086,#15087);
#15085 = CARTESIAN_POINT('',(116.84,-58.42,0.));
#15086 = DIRECTION('',(0.,0.,1.));
#15087 = DIRECTION('',(1.,0.,-0.));
#15088 = FACE_BOUND('',#15089,.F.);
#15089 = EDGE_LOOP('',(#15090));
#15090 = ORIENTED_EDGE('',*,*,#15091,.F.);
#15091 = EDGE_CURVE('',#15092,#15092,#15094,.T.);
#15092 = VERTEX_POINT('',#15093);
#15093 = CARTESIAN_POINT('',(117.348,-57.15,0.));
#15094 = CIRCLE('',#15095,0.508);
#15095 = AXIS2_PLACEMENT_3D('',#15096,#15097,#15098);
#15096 = CARTESIAN_POINT('',(116.84,-57.15,0.));
#15097 = DIRECTION('',(0.,0.,1.));
#15098 = DIRECTION('',(1.,0.,-0.));
#15099 = FACE_BOUND('',#15100,.F.);
#15100 = EDGE_LOOP('',(#15101));
#15101 = ORIENTED_EDGE('',*,*,#15102,.T.);
#15102 = EDGE_CURVE('',#15103,#15103,#15105,.T.);
#15103 = VERTEX_POINT('',#15104);
#15104 = CARTESIAN_POINT('',(106.68,-55.745,0.));
#15105 = CIRCLE('',#15106,0.5);
#15106 = AXIS2_PLACEMENT_3D('',#15107,#15108,#15109);
#15107 = CARTESIAN_POINT('',(106.68,-55.245,0.));
#15108 = DIRECTION('',(-0.,0.,-1.));
#15109 = DIRECTION('',(-0.,-1.,0.));
#15110 = FACE_BOUND('',#15111,.F.);
#15111 = EDGE_LOOP('',(#15112));
#15112 = ORIENTED_EDGE('',*,*,#15113,.T.);
#15113 = EDGE_CURVE('',#15114,#15114,#15116,.T.);
#15114 = VERTEX_POINT('',#15115);
#15115 = CARTESIAN_POINT('',(109.22,-55.745,0.));
#15116 = CIRCLE('',#15117,0.5);
#15117 = AXIS2_PLACEMENT_3D('',#15118,#15119,#15120);
#15118 = CARTESIAN_POINT('',(109.22,-55.245,0.));
#15119 = DIRECTION('',(-0.,0.,-1.));
#15120 = DIRECTION('',(-0.,-1.,0.));
#15121 = FACE_BOUND('',#15122,.F.);
#15122 = EDGE_LOOP('',(#15123));
#15123 = ORIENTED_EDGE('',*,*,#15124,.T.);
#15124 = EDGE_CURVE('',#15125,#15125,#15127,.T.);
#15125 = VERTEX_POINT('',#15126);
#15126 = CARTESIAN_POINT('',(111.76,-55.745,0.));
#15127 = CIRCLE('',#15128,0.5);
#15128 = AXIS2_PLACEMENT_3D('',#15129,#15130,#15131);
#15129 = CARTESIAN_POINT('',(111.76,-55.245,0.));
#15130 = DIRECTION('',(-0.,0.,-1.));
#15131 = DIRECTION('',(-0.,-1.,0.));
#15132 = FACE_BOUND('',#15133,.F.);
#15133 = EDGE_LOOP('',(#15134));
#15134 = ORIENTED_EDGE('',*,*,#15135,.T.);
#15135 = EDGE_CURVE('',#15136,#15136,#15138,.T.);
#15136 = VERTEX_POINT('',#15137);
#15137 = CARTESIAN_POINT('',(114.3,-55.745,0.));
#15138 = CIRCLE('',#15139,0.5);
#15139 = AXIS2_PLACEMENT_3D('',#15140,#15141,#15142);
#15140 = CARTESIAN_POINT('',(114.3,-55.245,0.));
#15141 = DIRECTION('',(-0.,0.,-1.));
#15142 = DIRECTION('',(-0.,-1.,0.));
#15143 = FACE_BOUND('',#15144,.F.);
#15144 = EDGE_LOOP('',(#15145));
#15145 = ORIENTED_EDGE('',*,*,#15146,.T.);
#15146 = EDGE_CURVE('',#15147,#15147,#15149,.T.);
#15147 = VERTEX_POINT('',#15148);
#15148 = CARTESIAN_POINT('',(116.84,-55.745,0.));
#15149 = CIRCLE('',#15150,0.5);
#15150 = AXIS2_PLACEMENT_3D('',#15151,#15152,#15153);
#15151 = CARTESIAN_POINT('',(116.84,-55.245,0.));
#15152 = DIRECTION('',(-0.,0.,-1.));
#15153 = DIRECTION('',(-0.,-1.,0.));
#15154 = FACE_BOUND('',#15155,.F.);
#15155 = EDGE_LOOP('',(#15156));
#15156 = ORIENTED_EDGE('',*,*,#15157,.T.);
#15157 = EDGE_CURVE('',#15158,#15158,#15160,.T.);
#15158 = VERTEX_POINT('',#15159);
#15159 = CARTESIAN_POINT('',(119.253,-49.849,0.));
#15160 = CIRCLE('',#15161,0.7);
#15161 = AXIS2_PLACEMENT_3D('',#15162,#15163,#15164);
#15162 = CARTESIAN_POINT('',(119.253,-49.149,0.));
#15163 = DIRECTION('',(-0.,0.,-1.));
#15164 = DIRECTION('',(-0.,-1.,0.));
#15165 = FACE_BOUND('',#15166,.F.);
#15166 = EDGE_LOOP('',(#15167));
#15167 = ORIENTED_EDGE('',*,*,#15168,.F.);
#15168 = EDGE_CURVE('',#15169,#15169,#15171,.T.);
#15169 = VERTEX_POINT('',#15170);
#15170 = CARTESIAN_POINT('',(119.888,-59.69,0.));
#15171 = CIRCLE('',#15172,0.508);
#15172 = AXIS2_PLACEMENT_3D('',#15173,#15174,#15175);
#15173 = CARTESIAN_POINT('',(119.38,-59.69,0.));
#15174 = DIRECTION('',(0.,0.,1.));
#15175 = DIRECTION('',(1.,0.,-0.));
#15176 = FACE_BOUND('',#15177,.F.);
#15177 = EDGE_LOOP('',(#15178));
#15178 = ORIENTED_EDGE('',*,*,#15179,.F.);
#15179 = EDGE_CURVE('',#15180,#15180,#15182,.T.);
#15180 = VERTEX_POINT('',#15181);
#15181 = CARTESIAN_POINT('',(122.428,-59.69,0.));
#15182 = CIRCLE('',#15183,0.508);
#15183 = AXIS2_PLACEMENT_3D('',#15184,#15185,#15186);
#15184 = CARTESIAN_POINT('',(121.92,-59.69,0.));
#15185 = DIRECTION('',(0.,0.,1.));
#15186 = DIRECTION('',(1.,0.,-0.));
#15187 = FACE_BOUND('',#15188,.F.);
#15188 = EDGE_LOOP('',(#15189));
#15189 = ORIENTED_EDGE('',*,*,#15190,.F.);
#15190 = EDGE_CURVE('',#15191,#15191,#15193,.T.);
#15191 = VERTEX_POINT('',#15192);
#15192 = CARTESIAN_POINT('',(124.968,-59.69,0.));
#15193 = CIRCLE('',#15194,0.508);
#15194 = AXIS2_PLACEMENT_3D('',#15195,#15196,#15197);
#15195 = CARTESIAN_POINT('',(124.46,-59.69,0.));
#15196 = DIRECTION('',(0.,0.,1.));
#15197 = DIRECTION('',(1.,0.,-0.));
#15198 = FACE_BOUND('',#15199,.F.);
#15199 = EDGE_LOOP('',(#15200));
#15200 = ORIENTED_EDGE('',*,*,#15201,.F.);
#15201 = EDGE_CURVE('',#15202,#15202,#15204,.T.);
#15202 = VERTEX_POINT('',#15203);
#15203 = CARTESIAN_POINT('',(119.888,-58.42,0.));
#15204 = CIRCLE('',#15205,0.508);
#15205 = AXIS2_PLACEMENT_3D('',#15206,#15207,#15208);
#15206 = CARTESIAN_POINT('',(119.38,-58.42,0.));
#15207 = DIRECTION('',(0.,0.,1.));
#15208 = DIRECTION('',(1.,0.,-0.));
#15209 = FACE_BOUND('',#15210,.F.);
#15210 = EDGE_LOOP('',(#15211));
#15211 = ORIENTED_EDGE('',*,*,#15212,.F.);
#15212 = EDGE_CURVE('',#15213,#15213,#15215,.T.);
#15213 = VERTEX_POINT('',#15214);
#15214 = CARTESIAN_POINT('',(119.888,-57.15,0.));
#15215 = CIRCLE('',#15216,0.508);
#15216 = AXIS2_PLACEMENT_3D('',#15217,#15218,#15219);
#15217 = CARTESIAN_POINT('',(119.38,-57.15,0.));
#15218 = DIRECTION('',(0.,0.,1.));
#15219 = DIRECTION('',(1.,0.,-0.));
#15220 = FACE_BOUND('',#15221,.F.);
#15221 = EDGE_LOOP('',(#15222));
#15222 = ORIENTED_EDGE('',*,*,#15223,.F.);
#15223 = EDGE_CURVE('',#15224,#15224,#15226,.T.);
#15224 = VERTEX_POINT('',#15225);
#15225 = CARTESIAN_POINT('',(122.428,-58.42,0.));
#15226 = CIRCLE('',#15227,0.508);
#15227 = AXIS2_PLACEMENT_3D('',#15228,#15229,#15230);
#15228 = CARTESIAN_POINT('',(121.92,-58.42,0.));
#15229 = DIRECTION('',(0.,0.,1.));
#15230 = DIRECTION('',(1.,0.,-0.));
#15231 = FACE_BOUND('',#15232,.F.);
#15232 = EDGE_LOOP('',(#15233));
#15233 = ORIENTED_EDGE('',*,*,#15234,.F.);
#15234 = EDGE_CURVE('',#15235,#15235,#15237,.T.);
#15235 = VERTEX_POINT('',#15236);
#15236 = CARTESIAN_POINT('',(122.428,-57.15,0.));
#15237 = CIRCLE('',#15238,0.508);
#15238 = AXIS2_PLACEMENT_3D('',#15239,#15240,#15241);
#15239 = CARTESIAN_POINT('',(121.92,-57.15,0.));
#15240 = DIRECTION('',(0.,0.,1.));
#15241 = DIRECTION('',(1.,0.,-0.));
#15242 = FACE_BOUND('',#15243,.F.);
#15243 = EDGE_LOOP('',(#15244));
#15244 = ORIENTED_EDGE('',*,*,#15245,.F.);
#15245 = EDGE_CURVE('',#15246,#15246,#15248,.T.);
#15246 = VERTEX_POINT('',#15247);
#15247 = CARTESIAN_POINT('',(124.968,-58.42,0.));
#15248 = CIRCLE('',#15249,0.508);
#15249 = AXIS2_PLACEMENT_3D('',#15250,#15251,#15252);
#15250 = CARTESIAN_POINT('',(124.46,-58.42,0.));
#15251 = DIRECTION('',(0.,0.,1.));
#15252 = DIRECTION('',(1.,0.,-0.));
#15253 = FACE_BOUND('',#15254,.F.);
#15254 = EDGE_LOOP('',(#15255));
#15255 = ORIENTED_EDGE('',*,*,#15256,.F.);
#15256 = EDGE_CURVE('',#15257,#15257,#15259,.T.);
#15257 = VERTEX_POINT('',#15258);
#15258 = CARTESIAN_POINT('',(124.968,-57.15,0.));
#15259 = CIRCLE('',#15260,0.508);
#15260 = AXIS2_PLACEMENT_3D('',#15261,#15262,#15263);
#15261 = CARTESIAN_POINT('',(124.46,-57.15,0.));
#15262 = DIRECTION('',(0.,0.,1.));
#15263 = DIRECTION('',(1.,0.,-0.));
#15264 = FACE_BOUND('',#15265,.F.);
#15265 = EDGE_LOOP('',(#15266));
#15266 = ORIENTED_EDGE('',*,*,#15267,.T.);
#15267 = EDGE_CURVE('',#15268,#15268,#15270,.T.);
#15268 = VERTEX_POINT('',#15269);
#15269 = CARTESIAN_POINT('',(119.38,-55.745,0.));
#15270 = CIRCLE('',#15271,0.5);
#15271 = AXIS2_PLACEMENT_3D('',#15272,#15273,#15274);
#15272 = CARTESIAN_POINT('',(119.38,-55.245,0.));
#15273 = DIRECTION('',(-0.,0.,-1.));
#15274 = DIRECTION('',(-0.,-1.,0.));
#15275 = FACE_BOUND('',#15276,.F.);
#15276 = EDGE_LOOP('',(#15277));
#15277 = ORIENTED_EDGE('',*,*,#15278,.T.);
#15278 = EDGE_CURVE('',#15279,#15279,#15281,.T.);
#15279 = VERTEX_POINT('',#15280);
#15280 = CARTESIAN_POINT('',(121.92,-55.745,0.));
#15281 = CIRCLE('',#15282,0.5);
#15282 = AXIS2_PLACEMENT_3D('',#15283,#15284,#15285);
#15283 = CARTESIAN_POINT('',(121.92,-55.245,0.));
#15284 = DIRECTION('',(-0.,0.,-1.));
#15285 = DIRECTION('',(-0.,-1.,0.));
#15286 = FACE_BOUND('',#15287,.F.);
#15287 = EDGE_LOOP('',(#15288));
#15288 = ORIENTED_EDGE('',*,*,#15289,.T.);
#15289 = EDGE_CURVE('',#15290,#15290,#15292,.T.);
#15290 = VERTEX_POINT('',#15291);
#15291 = CARTESIAN_POINT('',(124.46,-55.745,0.));
#15292 = CIRCLE('',#15293,0.5);
#15293 = AXIS2_PLACEMENT_3D('',#15294,#15295,#15296);
#15294 = CARTESIAN_POINT('',(124.46,-55.245,0.));
#15295 = DIRECTION('',(-0.,0.,-1.));
#15296 = DIRECTION('',(-0.,-1.,0.));
#15297 = FACE_BOUND('',#15298,.F.);
#15298 = EDGE_LOOP('',(#15299));
#15299 = ORIENTED_EDGE('',*,*,#15300,.T.);
#15300 = EDGE_CURVE('',#15301,#15301,#15303,.T.);
#15301 = VERTEX_POINT('',#15302);
#15302 = CARTESIAN_POINT('',(124.333,-49.849,0.));
#15303 = CIRCLE('',#15304,0.7);
#15304 = AXIS2_PLACEMENT_3D('',#15305,#15306,#15307);
#15305 = CARTESIAN_POINT('',(124.333,-49.149,0.));
#15306 = DIRECTION('',(-0.,0.,-1.));
#15307 = DIRECTION('',(-0.,-1.,0.));
#15308 = PLANE('',#15309);
#15309 = AXIS2_PLACEMENT_3D('',#15310,#15311,#15312);
#15310 = CARTESIAN_POINT('',(0.,0.,0.));
#15311 = DIRECTION('',(0.,0.,1.));
#15312 = DIRECTION('',(1.,0.,-0.));
#15313 = ADVANCED_FACE('',(#15314,#15360,#15371,#15382,#15393,#15404,
    #15415,#15426,#15437,#15448,#15459,#15470,#15481,#15492,#15503,
    #15514,#15525,#15536,#15547,#15558,#15569,#15580,#15591,#15602,
    #15613,#15624,#15635,#15646,#15657,#15668,#15679,#15690,#15701,
    #15712,#15723,#15734,#15745,#15756,#15767,#15778,#15789,#15800,
    #15811,#15822,#15833,#15844,#15855,#15866,#15877,#15888,#15899,
    #15910,#15921,#15932,#15943,#15954,#15965,#15976,#15987,#15998,
    #16009),#16020,.T.);
#15314 = FACE_BOUND('',#15315,.T.);
#15315 = EDGE_LOOP('',(#15316,#15317,#15318,#15327,#15335,#15344,#15352,
    #15359));
#15316 = ORIENTED_EDGE('',*,*,#14511,.F.);
#15317 = ORIENTED_EDGE('',*,*,#14553,.F.);
#15318 = ORIENTED_EDGE('',*,*,#15319,.F.);
#15319 = EDGE_CURVE('',#15320,#14546,#15322,.T.);
#15320 = VERTEX_POINT('',#15321);
#15321 = CARTESIAN_POINT('',(104.93375,-43.815,1.51));
#15322 = CIRCLE('',#15323,1.905001427691);
#15323 = AXIS2_PLACEMENT_3D('',#15324,#15325,#15326);
#15324 = CARTESIAN_POINT('',(106.83875142769,-43.81500142769,1.51));
#15325 = DIRECTION('',(0.,0.,-1.));
#15326 = DIRECTION('',(-1.,7.494430684988E-07,0.));
#15327 = ORIENTED_EDGE('',*,*,#15328,.F.);
#15328 = EDGE_CURVE('',#15329,#15320,#15331,.T.);
#15329 = VERTEX_POINT('',#15330);
#15330 = CARTESIAN_POINT('',(104.93375,-75.565,1.51));
#15331 = LINE('',#15332,#15333);
#15332 = CARTESIAN_POINT('',(104.93375,-75.565,1.51));
#15333 = VECTOR('',#15334,1.);
#15334 = DIRECTION('',(0.,1.,0.));
#15335 = ORIENTED_EDGE('',*,*,#15336,.F.);
#15336 = EDGE_CURVE('',#15337,#15329,#15339,.T.);
#15337 = VERTEX_POINT('',#15338);
#15338 = CARTESIAN_POINT('',(106.83875,-77.47,1.51));
#15339 = CIRCLE('',#15340,1.905001427691);
#15340 = AXIS2_PLACEMENT_3D('',#15341,#15342,#15343);
#15341 = CARTESIAN_POINT('',(106.83875142769,-75.56499857231,1.51));
#15342 = DIRECTION('',(0.,0.,-1.));
#15343 = DIRECTION('',(-7.494430722287E-07,-1.,-0.));
#15344 = ORIENTED_EDGE('',*,*,#15345,.F.);
#15345 = EDGE_CURVE('',#15346,#15337,#15348,.T.);
#15346 = VERTEX_POINT('',#15347);
#15347 = CARTESIAN_POINT('',(131.699,-77.47,1.51));
#15348 = LINE('',#15349,#15350);
#15349 = CARTESIAN_POINT('',(131.699,-77.47,1.51));
#15350 = VECTOR('',#15351,1.);
#15351 = DIRECTION('',(-1.,0.,0.));
#15352 = ORIENTED_EDGE('',*,*,#15353,.F.);
#15353 = EDGE_CURVE('',#14576,#15346,#15354,.T.);
#15354 = CIRCLE('',#15355,1.905001427691);
#15355 = AXIS2_PLACEMENT_3D('',#15356,#15357,#15358);
#15356 = CARTESIAN_POINT('',(131.69899857231,-75.56499857231,1.51));
#15357 = DIRECTION('',(0.,0.,-1.));
#15358 = DIRECTION('',(1.,-7.494430647689E-07,0.));
#15359 = ORIENTED_EDGE('',*,*,#14575,.F.);
#15360 = FACE_BOUND('',#15361,.T.);
#15361 = EDGE_LOOP('',(#15362));
#15362 = ORIENTED_EDGE('',*,*,#15363,.T.);
#15363 = EDGE_CURVE('',#15364,#15364,#15366,.T.);
#15364 = VERTEX_POINT('',#15365);
#15365 = CARTESIAN_POINT('',(109.855,-75.965,1.51));
#15366 = CIRCLE('',#15367,0.4);
#15367 = AXIS2_PLACEMENT_3D('',#15368,#15369,#15370);
#15368 = CARTESIAN_POINT('',(109.855,-75.565,1.51));
#15369 = DIRECTION('',(-0.,0.,-1.));
#15370 = DIRECTION('',(3.5527136788E-14,-1.,-0.));
#15371 = FACE_BOUND('',#15372,.T.);
#15372 = EDGE_LOOP('',(#15373));
#15373 = ORIENTED_EDGE('',*,*,#15374,.T.);
#15374 = EDGE_CURVE('',#15375,#15375,#15377,.T.);
#15375 = VERTEX_POINT('',#15376);
#15376 = CARTESIAN_POINT('',(112.395,-75.965,1.51));
#15377 = CIRCLE('',#15378,0.4);
#15378 = AXIS2_PLACEMENT_3D('',#15379,#15380,#15381);
#15379 = CARTESIAN_POINT('',(112.395,-75.565,1.51));
#15380 = DIRECTION('',(-0.,0.,-1.));
#15381 = DIRECTION('',(-3.552713678801E-14,-1.,0.));
#15382 = FACE_BOUND('',#15383,.T.);
#15383 = EDGE_LOOP('',(#15384));
#15384 = ORIENTED_EDGE('',*,*,#15385,.T.);
#15385 = EDGE_CURVE('',#15386,#15386,#15388,.T.);
#15386 = VERTEX_POINT('',#15387);
#15387 = CARTESIAN_POINT('',(114.935,-75.965,1.51));
#15388 = CIRCLE('',#15389,0.4);
#15389 = AXIS2_PLACEMENT_3D('',#15390,#15391,#15392);
#15390 = CARTESIAN_POINT('',(114.935,-75.565,1.51));
#15391 = DIRECTION('',(-0.,0.,-1.));
#15392 = DIRECTION('',(-0.,-1.,0.));
#15393 = FACE_BOUND('',#15394,.T.);
#15394 = EDGE_LOOP('',(#15395));
#15395 = ORIENTED_EDGE('',*,*,#15396,.T.);
#15396 = EDGE_CURVE('',#15397,#15397,#15399,.T.);
#15397 = VERTEX_POINT('',#15398);
#15398 = CARTESIAN_POINT('',(117.475,-75.965,1.51));
#15399 = CIRCLE('',#15400,0.4);
#15400 = AXIS2_PLACEMENT_3D('',#15401,#15402,#15403);
#15401 = CARTESIAN_POINT('',(117.475,-75.565,1.51));
#15402 = DIRECTION('',(-0.,0.,-1.));
#15403 = DIRECTION('',(-0.,-1.,0.));
#15404 = FACE_BOUND('',#15405,.T.);
#15405 = EDGE_LOOP('',(#15406));
#15406 = ORIENTED_EDGE('',*,*,#15407,.T.);
#15407 = EDGE_CURVE('',#15408,#15408,#15410,.T.);
#15408 = VERTEX_POINT('',#15409);
#15409 = CARTESIAN_POINT('',(109.855,-68.345,1.51));
#15410 = CIRCLE('',#15411,0.4);
#15411 = AXIS2_PLACEMENT_3D('',#15412,#15413,#15414);
#15412 = CARTESIAN_POINT('',(109.855,-67.945,1.51));
#15413 = DIRECTION('',(-0.,0.,-1.));
#15414 = DIRECTION('',(3.5527136788E-14,-1.,-0.));
#15415 = FACE_BOUND('',#15416,.T.);
#15416 = EDGE_LOOP('',(#15417));
#15417 = ORIENTED_EDGE('',*,*,#15418,.T.);
#15418 = EDGE_CURVE('',#15419,#15419,#15421,.T.);
#15419 = VERTEX_POINT('',#15420);
#15420 = CARTESIAN_POINT('',(112.395,-68.345,1.51));
#15421 = CIRCLE('',#15422,0.4);
#15422 = AXIS2_PLACEMENT_3D('',#15423,#15424,#15425);
#15423 = CARTESIAN_POINT('',(112.395,-67.945,1.51));
#15424 = DIRECTION('',(-0.,0.,-1.));
#15425 = DIRECTION('',(-3.552713678801E-14,-1.,0.));
#15426 = FACE_BOUND('',#15427,.T.);
#15427 = EDGE_LOOP('',(#15428));
#15428 = ORIENTED_EDGE('',*,*,#15429,.T.);
#15429 = EDGE_CURVE('',#15430,#15430,#15432,.T.);
#15430 = VERTEX_POINT('',#15431);
#15431 = CARTESIAN_POINT('',(106.68,-65.905,1.51));
#15432 = CIRCLE('',#15433,0.5);
#15433 = AXIS2_PLACEMENT_3D('',#15434,#15435,#15436);
#15434 = CARTESIAN_POINT('',(106.68,-65.405,1.51));
#15435 = DIRECTION('',(-0.,0.,-1.));
#15436 = DIRECTION('',(-0.,-1.,0.));
#15437 = FACE_BOUND('',#15438,.T.);
#15438 = EDGE_LOOP('',(#15439));
#15439 = ORIENTED_EDGE('',*,*,#15440,.T.);
#15440 = EDGE_CURVE('',#15441,#15441,#15443,.T.);
#15441 = VERTEX_POINT('',#15442);
#15442 = CARTESIAN_POINT('',(109.22,-65.905,1.51));
#15443 = CIRCLE('',#15444,0.5);
#15444 = AXIS2_PLACEMENT_3D('',#15445,#15446,#15447);
#15445 = CARTESIAN_POINT('',(109.22,-65.405,1.51));
#15446 = DIRECTION('',(-0.,0.,-1.));
#15447 = DIRECTION('',(-0.,-1.,0.));
#15448 = FACE_BOUND('',#15449,.T.);
#15449 = EDGE_LOOP('',(#15450));
#15450 = ORIENTED_EDGE('',*,*,#15451,.T.);
#15451 = EDGE_CURVE('',#15452,#15452,#15454,.T.);
#15452 = VERTEX_POINT('',#15453);
#15453 = CARTESIAN_POINT('',(111.76,-65.905,1.51));
#15454 = CIRCLE('',#15455,0.5);
#15455 = AXIS2_PLACEMENT_3D('',#15456,#15457,#15458);
#15456 = CARTESIAN_POINT('',(111.76,-65.405,1.51));
#15457 = DIRECTION('',(-0.,0.,-1.));
#15458 = DIRECTION('',(-0.,-1.,0.));
#15459 = FACE_BOUND('',#15460,.T.);
#15460 = EDGE_LOOP('',(#15461));
#15461 = ORIENTED_EDGE('',*,*,#15462,.T.);
#15462 = EDGE_CURVE('',#15463,#15463,#15465,.T.);
#15463 = VERTEX_POINT('',#15464);
#15464 = CARTESIAN_POINT('',(114.935,-68.345,1.51));
#15465 = CIRCLE('',#15466,0.4);
#15466 = AXIS2_PLACEMENT_3D('',#15467,#15468,#15469);
#15467 = CARTESIAN_POINT('',(114.935,-67.945,1.51));
#15468 = DIRECTION('',(-0.,0.,-1.));
#15469 = DIRECTION('',(-0.,-1.,0.));
#15470 = FACE_BOUND('',#15471,.T.);
#15471 = EDGE_LOOP('',(#15472));
#15472 = ORIENTED_EDGE('',*,*,#15473,.T.);
#15473 = EDGE_CURVE('',#15474,#15474,#15476,.T.);
#15474 = VERTEX_POINT('',#15475);
#15475 = CARTESIAN_POINT('',(117.475,-68.345,1.51));
#15476 = CIRCLE('',#15477,0.4);
#15477 = AXIS2_PLACEMENT_3D('',#15478,#15479,#15480);
#15478 = CARTESIAN_POINT('',(117.475,-67.945,1.51));
#15479 = DIRECTION('',(-0.,0.,-1.));
#15480 = DIRECTION('',(-0.,-1.,0.));
#15481 = FACE_BOUND('',#15482,.T.);
#15482 = EDGE_LOOP('',(#15483));
#15483 = ORIENTED_EDGE('',*,*,#15484,.T.);
#15484 = EDGE_CURVE('',#15485,#15485,#15487,.T.);
#15485 = VERTEX_POINT('',#15486);
#15486 = CARTESIAN_POINT('',(114.3,-65.905,1.51));
#15487 = CIRCLE('',#15488,0.5);
#15488 = AXIS2_PLACEMENT_3D('',#15489,#15490,#15491);
#15489 = CARTESIAN_POINT('',(114.3,-65.405,1.51));
#15490 = DIRECTION('',(-0.,0.,-1.));
#15491 = DIRECTION('',(-0.,-1.,0.));
#15492 = FACE_BOUND('',#15493,.T.);
#15493 = EDGE_LOOP('',(#15494));
#15494 = ORIENTED_EDGE('',*,*,#15495,.T.);
#15495 = EDGE_CURVE('',#15496,#15496,#15498,.T.);
#15496 = VERTEX_POINT('',#15497);
#15497 = CARTESIAN_POINT('',(116.84,-65.905,1.51));
#15498 = CIRCLE('',#15499,0.5);
#15499 = AXIS2_PLACEMENT_3D('',#15500,#15501,#15502);
#15500 = CARTESIAN_POINT('',(116.84,-65.405,1.51));
#15501 = DIRECTION('',(-0.,0.,-1.));
#15502 = DIRECTION('',(-0.,-1.,0.));
#15503 = FACE_BOUND('',#15504,.T.);
#15504 = EDGE_LOOP('',(#15505));
#15505 = ORIENTED_EDGE('',*,*,#15506,.T.);
#15506 = EDGE_CURVE('',#15507,#15507,#15509,.T.);
#15507 = VERTEX_POINT('',#15508);
#15508 = CARTESIAN_POINT('',(120.015,-75.965,1.51));
#15509 = CIRCLE('',#15510,0.4);
#15510 = AXIS2_PLACEMENT_3D('',#15511,#15512,#15513);
#15511 = CARTESIAN_POINT('',(120.015,-75.565,1.51));
#15512 = DIRECTION('',(-0.,0.,-1.));
#15513 = DIRECTION('',(-0.,-1.,0.));
#15514 = FACE_BOUND('',#15515,.T.);
#15515 = EDGE_LOOP('',(#15516));
#15516 = ORIENTED_EDGE('',*,*,#15517,.T.);
#15517 = EDGE_CURVE('',#15518,#15518,#15520,.T.);
#15518 = VERTEX_POINT('',#15519);
#15519 = CARTESIAN_POINT('',(122.555,-75.965,1.51));
#15520 = CIRCLE('',#15521,0.4);
#15521 = AXIS2_PLACEMENT_3D('',#15522,#15523,#15524);
#15522 = CARTESIAN_POINT('',(122.555,-75.565,1.51));
#15523 = DIRECTION('',(-0.,0.,-1.));
#15524 = DIRECTION('',(-0.,-1.,0.));
#15525 = FACE_BOUND('',#15526,.T.);
#15526 = EDGE_LOOP('',(#15527));
#15527 = ORIENTED_EDGE('',*,*,#15528,.T.);
#15528 = EDGE_CURVE('',#15529,#15529,#15531,.T.);
#15529 = VERTEX_POINT('',#15530);
#15530 = CARTESIAN_POINT('',(125.095,-75.965,1.51));
#15531 = CIRCLE('',#15532,0.4);
#15532 = AXIS2_PLACEMENT_3D('',#15533,#15534,#15535);
#15533 = CARTESIAN_POINT('',(125.095,-75.565,1.51));
#15534 = DIRECTION('',(-0.,0.,-1.));
#15535 = DIRECTION('',(-0.,-1.,0.));
#15536 = FACE_BOUND('',#15537,.T.);
#15537 = EDGE_LOOP('',(#15538));
#15538 = ORIENTED_EDGE('',*,*,#15539,.T.);
#15539 = EDGE_CURVE('',#15540,#15540,#15542,.T.);
#15540 = VERTEX_POINT('',#15541);
#15541 = CARTESIAN_POINT('',(127.635,-75.965,1.51));
#15542 = CIRCLE('',#15543,0.4);
#15543 = AXIS2_PLACEMENT_3D('',#15544,#15545,#15546);
#15544 = CARTESIAN_POINT('',(127.635,-75.565,1.51));
#15545 = DIRECTION('',(-0.,0.,-1.));
#15546 = DIRECTION('',(3.5527136788E-14,-1.,-0.));
#15547 = FACE_BOUND('',#15548,.T.);
#15548 = EDGE_LOOP('',(#15549));
#15549 = ORIENTED_EDGE('',*,*,#15550,.T.);
#15550 = EDGE_CURVE('',#15551,#15551,#15553,.T.);
#15551 = VERTEX_POINT('',#15552);
#15552 = CARTESIAN_POINT('',(120.015,-68.345,1.51));
#15553 = CIRCLE('',#15554,0.4);
#15554 = AXIS2_PLACEMENT_3D('',#15555,#15556,#15557);
#15555 = CARTESIAN_POINT('',(120.015,-67.945,1.51));
#15556 = DIRECTION('',(-0.,0.,-1.));
#15557 = DIRECTION('',(-0.,-1.,0.));
#15558 = FACE_BOUND('',#15559,.T.);
#15559 = EDGE_LOOP('',(#15560));
#15560 = ORIENTED_EDGE('',*,*,#15561,.T.);
#15561 = EDGE_CURVE('',#15562,#15562,#15564,.T.);
#15562 = VERTEX_POINT('',#15563);
#15563 = CARTESIAN_POINT('',(122.555,-68.345,1.51));
#15564 = CIRCLE('',#15565,0.4);
#15565 = AXIS2_PLACEMENT_3D('',#15566,#15567,#15568);
#15566 = CARTESIAN_POINT('',(122.555,-67.945,1.51));
#15567 = DIRECTION('',(-0.,0.,-1.));
#15568 = DIRECTION('',(-0.,-1.,0.));
#15569 = FACE_BOUND('',#15570,.T.);
#15570 = EDGE_LOOP('',(#15571));
#15571 = ORIENTED_EDGE('',*,*,#15572,.T.);
#15572 = EDGE_CURVE('',#15573,#15573,#15575,.T.);
#15573 = VERTEX_POINT('',#15574);
#15574 = CARTESIAN_POINT('',(125.095,-68.345,1.51));
#15575 = CIRCLE('',#15576,0.4);
#15576 = AXIS2_PLACEMENT_3D('',#15577,#15578,#15579);
#15577 = CARTESIAN_POINT('',(125.095,-67.945,1.51));
#15578 = DIRECTION('',(-0.,0.,-1.));
#15579 = DIRECTION('',(-0.,-1.,0.));
#15580 = FACE_BOUND('',#15581,.T.);
#15581 = EDGE_LOOP('',(#15582));
#15582 = ORIENTED_EDGE('',*,*,#15583,.T.);
#15583 = EDGE_CURVE('',#15584,#15584,#15586,.T.);
#15584 = VERTEX_POINT('',#15585);
#15585 = CARTESIAN_POINT('',(119.38,-65.905,1.51));
#15586 = CIRCLE('',#15587,0.5);
#15587 = AXIS2_PLACEMENT_3D('',#15588,#15589,#15590);
#15588 = CARTESIAN_POINT('',(119.38,-65.405,1.51));
#15589 = DIRECTION('',(-0.,0.,-1.));
#15590 = DIRECTION('',(-0.,-1.,0.));
#15591 = FACE_BOUND('',#15592,.T.);
#15592 = EDGE_LOOP('',(#15593));
#15593 = ORIENTED_EDGE('',*,*,#15594,.T.);
#15594 = EDGE_CURVE('',#15595,#15595,#15597,.T.);
#15595 = VERTEX_POINT('',#15596);
#15596 = CARTESIAN_POINT('',(121.92,-65.905,1.51));
#15597 = CIRCLE('',#15598,0.5);
#15598 = AXIS2_PLACEMENT_3D('',#15599,#15600,#15601);
#15599 = CARTESIAN_POINT('',(121.92,-65.405,1.51));
#15600 = DIRECTION('',(-0.,0.,-1.));
#15601 = DIRECTION('',(-0.,-1.,0.));
#15602 = FACE_BOUND('',#15603,.T.);
#15603 = EDGE_LOOP('',(#15604));
#15604 = ORIENTED_EDGE('',*,*,#15605,.T.);
#15605 = EDGE_CURVE('',#15606,#15606,#15608,.T.);
#15606 = VERTEX_POINT('',#15607);
#15607 = CARTESIAN_POINT('',(124.46,-65.905,1.51));
#15608 = CIRCLE('',#15609,0.5);
#15609 = AXIS2_PLACEMENT_3D('',#15610,#15611,#15612);
#15610 = CARTESIAN_POINT('',(124.46,-65.405,1.51));
#15611 = DIRECTION('',(-0.,0.,-1.));
#15612 = DIRECTION('',(-0.,-1.,0.));
#15613 = FACE_BOUND('',#15614,.T.);
#15614 = EDGE_LOOP('',(#15615));
#15615 = ORIENTED_EDGE('',*,*,#15616,.T.);
#15616 = EDGE_CURVE('',#15617,#15617,#15619,.T.);
#15617 = VERTEX_POINT('',#15618);
#15618 = CARTESIAN_POINT('',(127.635,-68.345,1.51));
#15619 = CIRCLE('',#15620,0.4);
#15620 = AXIS2_PLACEMENT_3D('',#15621,#15622,#15623);
#15621 = CARTESIAN_POINT('',(127.635,-67.945,1.51));
#15622 = DIRECTION('',(-0.,0.,-1.));
#15623 = DIRECTION('',(3.5527136788E-14,-1.,-0.));
#15624 = FACE_BOUND('',#15625,.T.);
#15625 = EDGE_LOOP('',(#15626));
#15626 = ORIENTED_EDGE('',*,*,#15627,.T.);
#15627 = EDGE_CURVE('',#15628,#15628,#15630,.T.);
#15628 = VERTEX_POINT('',#15629);
#15629 = CARTESIAN_POINT('',(129.54,-65.905,1.51));
#15630 = CIRCLE('',#15631,0.5);
#15631 = AXIS2_PLACEMENT_3D('',#15632,#15633,#15634);
#15632 = CARTESIAN_POINT('',(129.54,-65.405,1.51));
#15633 = DIRECTION('',(-0.,0.,-1.));
#15634 = DIRECTION('',(-0.,-1.,0.));
#15635 = FACE_BOUND('',#15636,.T.);
#15636 = EDGE_LOOP('',(#15637));
#15637 = ORIENTED_EDGE('',*,*,#15638,.T.);
#15638 = EDGE_CURVE('',#15639,#15639,#15641,.T.);
#15639 = VERTEX_POINT('',#15640);
#15640 = CARTESIAN_POINT('',(132.08,-65.905,1.51));
#15641 = CIRCLE('',#15642,0.5);
#15642 = AXIS2_PLACEMENT_3D('',#15643,#15644,#15645);
#15643 = CARTESIAN_POINT('',(132.08,-65.405,1.51));
#15644 = DIRECTION('',(-0.,0.,-1.));
#15645 = DIRECTION('',(-0.,-1.,0.));
#15646 = FACE_BOUND('',#15647,.T.);
#15647 = EDGE_LOOP('',(#15648));
#15648 = ORIENTED_EDGE('',*,*,#15649,.F.);
#15649 = EDGE_CURVE('',#15650,#15650,#15652,.T.);
#15650 = VERTEX_POINT('',#15651);
#15651 = CARTESIAN_POINT('',(107.188,-59.69,1.51));
#15652 = CIRCLE('',#15653,0.508);
#15653 = AXIS2_PLACEMENT_3D('',#15654,#15655,#15656);
#15654 = CARTESIAN_POINT('',(106.68,-59.69,1.51));
#15655 = DIRECTION('',(0.,0.,1.));
#15656 = DIRECTION('',(1.,0.,-0.));
#15657 = FACE_BOUND('',#15658,.T.);
#15658 = EDGE_LOOP('',(#15659));
#15659 = ORIENTED_EDGE('',*,*,#15660,.F.);
#15660 = EDGE_CURVE('',#15661,#15661,#15663,.T.);
#15661 = VERTEX_POINT('',#15662);
#15662 = CARTESIAN_POINT('',(109.728,-59.69,1.51));
#15663 = CIRCLE('',#15664,0.508);
#15664 = AXIS2_PLACEMENT_3D('',#15665,#15666,#15667);
#15665 = CARTESIAN_POINT('',(109.22,-59.69,1.51));
#15666 = DIRECTION('',(0.,0.,1.));
#15667 = DIRECTION('',(1.,0.,-0.));
#15668 = FACE_BOUND('',#15669,.T.);
#15669 = EDGE_LOOP('',(#15670));
#15670 = ORIENTED_EDGE('',*,*,#15671,.F.);
#15671 = EDGE_CURVE('',#15672,#15672,#15674,.T.);
#15672 = VERTEX_POINT('',#15673);
#15673 = CARTESIAN_POINT('',(112.268,-59.69,1.51));
#15674 = CIRCLE('',#15675,0.508);
#15675 = AXIS2_PLACEMENT_3D('',#15676,#15677,#15678);
#15676 = CARTESIAN_POINT('',(111.76,-59.69,1.51));
#15677 = DIRECTION('',(0.,0.,1.));
#15678 = DIRECTION('',(1.,0.,-0.));
#15679 = FACE_BOUND('',#15680,.T.);
#15680 = EDGE_LOOP('',(#15681));
#15681 = ORIENTED_EDGE('',*,*,#15682,.F.);
#15682 = EDGE_CURVE('',#15683,#15683,#15685,.T.);
#15683 = VERTEX_POINT('',#15684);
#15684 = CARTESIAN_POINT('',(107.188,-58.42,1.51));
#15685 = CIRCLE('',#15686,0.508);
#15686 = AXIS2_PLACEMENT_3D('',#15687,#15688,#15689);
#15687 = CARTESIAN_POINT('',(106.68,-58.42,1.51));
#15688 = DIRECTION('',(0.,0.,1.));
#15689 = DIRECTION('',(1.,0.,-0.));
#15690 = FACE_BOUND('',#15691,.T.);
#15691 = EDGE_LOOP('',(#15692));
#15692 = ORIENTED_EDGE('',*,*,#15693,.F.);
#15693 = EDGE_CURVE('',#15694,#15694,#15696,.T.);
#15694 = VERTEX_POINT('',#15695);
#15695 = CARTESIAN_POINT('',(107.188,-57.15,1.51));
#15696 = CIRCLE('',#15697,0.508);
#15697 = AXIS2_PLACEMENT_3D('',#15698,#15699,#15700);
#15698 = CARTESIAN_POINT('',(106.68,-57.15,1.51));
#15699 = DIRECTION('',(0.,0.,1.));
#15700 = DIRECTION('',(1.,0.,-0.));
#15701 = FACE_BOUND('',#15702,.T.);
#15702 = EDGE_LOOP('',(#15703));
#15703 = ORIENTED_EDGE('',*,*,#15704,.F.);
#15704 = EDGE_CURVE('',#15705,#15705,#15707,.T.);
#15705 = VERTEX_POINT('',#15706);
#15706 = CARTESIAN_POINT('',(109.728,-58.42,1.51));
#15707 = CIRCLE('',#15708,0.508);
#15708 = AXIS2_PLACEMENT_3D('',#15709,#15710,#15711);
#15709 = CARTESIAN_POINT('',(109.22,-58.42,1.51));
#15710 = DIRECTION('',(0.,0.,1.));
#15711 = DIRECTION('',(1.,0.,-0.));
#15712 = FACE_BOUND('',#15713,.T.);
#15713 = EDGE_LOOP('',(#15714));
#15714 = ORIENTED_EDGE('',*,*,#15715,.F.);
#15715 = EDGE_CURVE('',#15716,#15716,#15718,.T.);
#15716 = VERTEX_POINT('',#15717);
#15717 = CARTESIAN_POINT('',(109.728,-57.15,1.51));
#15718 = CIRCLE('',#15719,0.508);
#15719 = AXIS2_PLACEMENT_3D('',#15720,#15721,#15722);
#15720 = CARTESIAN_POINT('',(109.22,-57.15,1.51));
#15721 = DIRECTION('',(0.,0.,1.));
#15722 = DIRECTION('',(1.,0.,-0.));
#15723 = FACE_BOUND('',#15724,.T.);
#15724 = EDGE_LOOP('',(#15725));
#15725 = ORIENTED_EDGE('',*,*,#15726,.F.);
#15726 = EDGE_CURVE('',#15727,#15727,#15729,.T.);
#15727 = VERTEX_POINT('',#15728);
#15728 = CARTESIAN_POINT('',(112.268,-58.42,1.51));
#15729 = CIRCLE('',#15730,0.508);
#15730 = AXIS2_PLACEMENT_3D('',#15731,#15732,#15733);
#15731 = CARTESIAN_POINT('',(111.76,-58.42,1.51));
#15732 = DIRECTION('',(0.,0.,1.));
#15733 = DIRECTION('',(1.,0.,-0.));
#15734 = FACE_BOUND('',#15735,.T.);
#15735 = EDGE_LOOP('',(#15736));
#15736 = ORIENTED_EDGE('',*,*,#15737,.F.);
#15737 = EDGE_CURVE('',#15738,#15738,#15740,.T.);
#15738 = VERTEX_POINT('',#15739);
#15739 = CARTESIAN_POINT('',(112.268,-57.15,1.51));
#15740 = CIRCLE('',#15741,0.508);
#15741 = AXIS2_PLACEMENT_3D('',#15742,#15743,#15744);
#15742 = CARTESIAN_POINT('',(111.76,-57.15,1.51));
#15743 = DIRECTION('',(0.,0.,1.));
#15744 = DIRECTION('',(1.,0.,-0.));
#15745 = FACE_BOUND('',#15746,.T.);
#15746 = EDGE_LOOP('',(#15747));
#15747 = ORIENTED_EDGE('',*,*,#15748,.F.);
#15748 = EDGE_CURVE('',#15749,#15749,#15751,.T.);
#15749 = VERTEX_POINT('',#15750);
#15750 = CARTESIAN_POINT('',(114.808,-59.69,1.51));
#15751 = CIRCLE('',#15752,0.508);
#15752 = AXIS2_PLACEMENT_3D('',#15753,#15754,#15755);
#15753 = CARTESIAN_POINT('',(114.3,-59.69,1.51));
#15754 = DIRECTION('',(0.,0.,1.));
#15755 = DIRECTION('',(1.,0.,-0.));
#15756 = FACE_BOUND('',#15757,.T.);
#15757 = EDGE_LOOP('',(#15758));
#15758 = ORIENTED_EDGE('',*,*,#15759,.F.);
#15759 = EDGE_CURVE('',#15760,#15760,#15762,.T.);
#15760 = VERTEX_POINT('',#15761);
#15761 = CARTESIAN_POINT('',(117.348,-59.69,1.51));
#15762 = CIRCLE('',#15763,0.508);
#15763 = AXIS2_PLACEMENT_3D('',#15764,#15765,#15766);
#15764 = CARTESIAN_POINT('',(116.84,-59.69,1.51));
#15765 = DIRECTION('',(0.,0.,1.));
#15766 = DIRECTION('',(1.,0.,-0.));
#15767 = FACE_BOUND('',#15768,.T.);
#15768 = EDGE_LOOP('',(#15769));
#15769 = ORIENTED_EDGE('',*,*,#15770,.F.);
#15770 = EDGE_CURVE('',#15771,#15771,#15773,.T.);
#15771 = VERTEX_POINT('',#15772);
#15772 = CARTESIAN_POINT('',(114.808,-58.42,1.51));
#15773 = CIRCLE('',#15774,0.508);
#15774 = AXIS2_PLACEMENT_3D('',#15775,#15776,#15777);
#15775 = CARTESIAN_POINT('',(114.3,-58.42,1.51));
#15776 = DIRECTION('',(0.,0.,1.));
#15777 = DIRECTION('',(1.,0.,-0.));
#15778 = FACE_BOUND('',#15779,.T.);
#15779 = EDGE_LOOP('',(#15780));
#15780 = ORIENTED_EDGE('',*,*,#15781,.F.);
#15781 = EDGE_CURVE('',#15782,#15782,#15784,.T.);
#15782 = VERTEX_POINT('',#15783);
#15783 = CARTESIAN_POINT('',(114.808,-57.15,1.51));
#15784 = CIRCLE('',#15785,0.508);
#15785 = AXIS2_PLACEMENT_3D('',#15786,#15787,#15788);
#15786 = CARTESIAN_POINT('',(114.3,-57.15,1.51));
#15787 = DIRECTION('',(0.,0.,1.));
#15788 = DIRECTION('',(1.,0.,-0.));
#15789 = FACE_BOUND('',#15790,.T.);
#15790 = EDGE_LOOP('',(#15791));
#15791 = ORIENTED_EDGE('',*,*,#15792,.F.);
#15792 = EDGE_CURVE('',#15793,#15793,#15795,.T.);
#15793 = VERTEX_POINT('',#15794);
#15794 = CARTESIAN_POINT('',(117.348,-58.42,1.51));
#15795 = CIRCLE('',#15796,0.508);
#15796 = AXIS2_PLACEMENT_3D('',#15797,#15798,#15799);
#15797 = CARTESIAN_POINT('',(116.84,-58.42,1.51));
#15798 = DIRECTION('',(0.,0.,1.));
#15799 = DIRECTION('',(1.,0.,-0.));
#15800 = FACE_BOUND('',#15801,.T.);
#15801 = EDGE_LOOP('',(#15802));
#15802 = ORIENTED_EDGE('',*,*,#15803,.F.);
#15803 = EDGE_CURVE('',#15804,#15804,#15806,.T.);
#15804 = VERTEX_POINT('',#15805);
#15805 = CARTESIAN_POINT('',(117.348,-57.15,1.51));
#15806 = CIRCLE('',#15807,0.508);
#15807 = AXIS2_PLACEMENT_3D('',#15808,#15809,#15810);
#15808 = CARTESIAN_POINT('',(116.84,-57.15,1.51));
#15809 = DIRECTION('',(0.,0.,1.));
#15810 = DIRECTION('',(1.,0.,-0.));
#15811 = FACE_BOUND('',#15812,.T.);
#15812 = EDGE_LOOP('',(#15813));
#15813 = ORIENTED_EDGE('',*,*,#15814,.T.);
#15814 = EDGE_CURVE('',#15815,#15815,#15817,.T.);
#15815 = VERTEX_POINT('',#15816);
#15816 = CARTESIAN_POINT('',(106.68,-55.745,1.51));
#15817 = CIRCLE('',#15818,0.5);
#15818 = AXIS2_PLACEMENT_3D('',#15819,#15820,#15821);
#15819 = CARTESIAN_POINT('',(106.68,-55.245,1.51));
#15820 = DIRECTION('',(-0.,0.,-1.));
#15821 = DIRECTION('',(-0.,-1.,0.));
#15822 = FACE_BOUND('',#15823,.T.);
#15823 = EDGE_LOOP('',(#15824));
#15824 = ORIENTED_EDGE('',*,*,#15825,.T.);
#15825 = EDGE_CURVE('',#15826,#15826,#15828,.T.);
#15826 = VERTEX_POINT('',#15827);
#15827 = CARTESIAN_POINT('',(109.22,-55.745,1.51));
#15828 = CIRCLE('',#15829,0.5);
#15829 = AXIS2_PLACEMENT_3D('',#15830,#15831,#15832);
#15830 = CARTESIAN_POINT('',(109.22,-55.245,1.51));
#15831 = DIRECTION('',(-0.,0.,-1.));
#15832 = DIRECTION('',(-0.,-1.,0.));
#15833 = FACE_BOUND('',#15834,.T.);
#15834 = EDGE_LOOP('',(#15835));
#15835 = ORIENTED_EDGE('',*,*,#15836,.T.);
#15836 = EDGE_CURVE('',#15837,#15837,#15839,.T.);
#15837 = VERTEX_POINT('',#15838);
#15838 = CARTESIAN_POINT('',(111.76,-55.745,1.51));
#15839 = CIRCLE('',#15840,0.5);
#15840 = AXIS2_PLACEMENT_3D('',#15841,#15842,#15843);
#15841 = CARTESIAN_POINT('',(111.76,-55.245,1.51));
#15842 = DIRECTION('',(-0.,0.,-1.));
#15843 = DIRECTION('',(-0.,-1.,0.));
#15844 = FACE_BOUND('',#15845,.T.);
#15845 = EDGE_LOOP('',(#15846));
#15846 = ORIENTED_EDGE('',*,*,#15847,.T.);
#15847 = EDGE_CURVE('',#15848,#15848,#15850,.T.);
#15848 = VERTEX_POINT('',#15849);
#15849 = CARTESIAN_POINT('',(114.3,-55.745,1.51));
#15850 = CIRCLE('',#15851,0.5);
#15851 = AXIS2_PLACEMENT_3D('',#15852,#15853,#15854);
#15852 = CARTESIAN_POINT('',(114.3,-55.245,1.51));
#15853 = DIRECTION('',(-0.,0.,-1.));
#15854 = DIRECTION('',(-0.,-1.,0.));
#15855 = FACE_BOUND('',#15856,.T.);
#15856 = EDGE_LOOP('',(#15857));
#15857 = ORIENTED_EDGE('',*,*,#15858,.T.);
#15858 = EDGE_CURVE('',#15859,#15859,#15861,.T.);
#15859 = VERTEX_POINT('',#15860);
#15860 = CARTESIAN_POINT('',(116.84,-55.745,1.51));
#15861 = CIRCLE('',#15862,0.5);
#15862 = AXIS2_PLACEMENT_3D('',#15863,#15864,#15865);
#15863 = CARTESIAN_POINT('',(116.84,-55.245,1.51));
#15864 = DIRECTION('',(-0.,0.,-1.));
#15865 = DIRECTION('',(-0.,-1.,0.));
#15866 = FACE_BOUND('',#15867,.T.);
#15867 = EDGE_LOOP('',(#15868));
#15868 = ORIENTED_EDGE('',*,*,#15869,.T.);
#15869 = EDGE_CURVE('',#15870,#15870,#15872,.T.);
#15870 = VERTEX_POINT('',#15871);
#15871 = CARTESIAN_POINT('',(119.253,-49.849,1.51));
#15872 = CIRCLE('',#15873,0.7);
#15873 = AXIS2_PLACEMENT_3D('',#15874,#15875,#15876);
#15874 = CARTESIAN_POINT('',(119.253,-49.149,1.51));
#15875 = DIRECTION('',(-0.,0.,-1.));
#15876 = DIRECTION('',(-0.,-1.,0.));
#15877 = FACE_BOUND('',#15878,.T.);
#15878 = EDGE_LOOP('',(#15879));
#15879 = ORIENTED_EDGE('',*,*,#15880,.F.);
#15880 = EDGE_CURVE('',#15881,#15881,#15883,.T.);
#15881 = VERTEX_POINT('',#15882);
#15882 = CARTESIAN_POINT('',(119.888,-59.69,1.51));
#15883 = CIRCLE('',#15884,0.508);
#15884 = AXIS2_PLACEMENT_3D('',#15885,#15886,#15887);
#15885 = CARTESIAN_POINT('',(119.38,-59.69,1.51));
#15886 = DIRECTION('',(0.,0.,1.));
#15887 = DIRECTION('',(1.,0.,-0.));
#15888 = FACE_BOUND('',#15889,.T.);
#15889 = EDGE_LOOP('',(#15890));
#15890 = ORIENTED_EDGE('',*,*,#15891,.F.);
#15891 = EDGE_CURVE('',#15892,#15892,#15894,.T.);
#15892 = VERTEX_POINT('',#15893);
#15893 = CARTESIAN_POINT('',(122.428,-59.69,1.51));
#15894 = CIRCLE('',#15895,0.508);
#15895 = AXIS2_PLACEMENT_3D('',#15896,#15897,#15898);
#15896 = CARTESIAN_POINT('',(121.92,-59.69,1.51));
#15897 = DIRECTION('',(0.,0.,1.));
#15898 = DIRECTION('',(1.,0.,-0.));
#15899 = FACE_BOUND('',#15900,.T.);
#15900 = EDGE_LOOP('',(#15901));
#15901 = ORIENTED_EDGE('',*,*,#15902,.F.);
#15902 = EDGE_CURVE('',#15903,#15903,#15905,.T.);
#15903 = VERTEX_POINT('',#15904);
#15904 = CARTESIAN_POINT('',(124.968,-59.69,1.51));
#15905 = CIRCLE('',#15906,0.508);
#15906 = AXIS2_PLACEMENT_3D('',#15907,#15908,#15909);
#15907 = CARTESIAN_POINT('',(124.46,-59.69,1.51));
#15908 = DIRECTION('',(0.,0.,1.));
#15909 = DIRECTION('',(1.,0.,-0.));
#15910 = FACE_BOUND('',#15911,.T.);
#15911 = EDGE_LOOP('',(#15912));
#15912 = ORIENTED_EDGE('',*,*,#15913,.F.);
#15913 = EDGE_CURVE('',#15914,#15914,#15916,.T.);
#15914 = VERTEX_POINT('',#15915);
#15915 = CARTESIAN_POINT('',(119.888,-58.42,1.51));
#15916 = CIRCLE('',#15917,0.508);
#15917 = AXIS2_PLACEMENT_3D('',#15918,#15919,#15920);
#15918 = CARTESIAN_POINT('',(119.38,-58.42,1.51));
#15919 = DIRECTION('',(0.,0.,1.));
#15920 = DIRECTION('',(1.,0.,-0.));
#15921 = FACE_BOUND('',#15922,.T.);
#15922 = EDGE_LOOP('',(#15923));
#15923 = ORIENTED_EDGE('',*,*,#15924,.F.);
#15924 = EDGE_CURVE('',#15925,#15925,#15927,.T.);
#15925 = VERTEX_POINT('',#15926);
#15926 = CARTESIAN_POINT('',(119.888,-57.15,1.51));
#15927 = CIRCLE('',#15928,0.508);
#15928 = AXIS2_PLACEMENT_3D('',#15929,#15930,#15931);
#15929 = CARTESIAN_POINT('',(119.38,-57.15,1.51));
#15930 = DIRECTION('',(0.,0.,1.));
#15931 = DIRECTION('',(1.,0.,-0.));
#15932 = FACE_BOUND('',#15933,.T.);
#15933 = EDGE_LOOP('',(#15934));
#15934 = ORIENTED_EDGE('',*,*,#15935,.F.);
#15935 = EDGE_CURVE('',#15936,#15936,#15938,.T.);
#15936 = VERTEX_POINT('',#15937);
#15937 = CARTESIAN_POINT('',(122.428,-58.42,1.51));
#15938 = CIRCLE('',#15939,0.508);
#15939 = AXIS2_PLACEMENT_3D('',#15940,#15941,#15942);
#15940 = CARTESIAN_POINT('',(121.92,-58.42,1.51));
#15941 = DIRECTION('',(0.,0.,1.));
#15942 = DIRECTION('',(1.,0.,-0.));
#15943 = FACE_BOUND('',#15944,.T.);
#15944 = EDGE_LOOP('',(#15945));
#15945 = ORIENTED_EDGE('',*,*,#15946,.F.);
#15946 = EDGE_CURVE('',#15947,#15947,#15949,.T.);
#15947 = VERTEX_POINT('',#15948);
#15948 = CARTESIAN_POINT('',(122.428,-57.15,1.51));
#15949 = CIRCLE('',#15950,0.508);
#15950 = AXIS2_PLACEMENT_3D('',#15951,#15952,#15953);
#15951 = CARTESIAN_POINT('',(121.92,-57.15,1.51));
#15952 = DIRECTION('',(0.,0.,1.));
#15953 = DIRECTION('',(1.,0.,-0.));
#15954 = FACE_BOUND('',#15955,.T.);
#15955 = EDGE_LOOP('',(#15956));
#15956 = ORIENTED_EDGE('',*,*,#15957,.F.);
#15957 = EDGE_CURVE('',#15958,#15958,#15960,.T.);
#15958 = VERTEX_POINT('',#15959);
#15959 = CARTESIAN_POINT('',(124.968,-58.42,1.51));
#15960 = CIRCLE('',#15961,0.508);
#15961 = AXIS2_PLACEMENT_3D('',#15962,#15963,#15964);
#15962 = CARTESIAN_POINT('',(124.46,-58.42,1.51));
#15963 = DIRECTION('',(0.,0.,1.));
#15964 = DIRECTION('',(1.,0.,-0.));
#15965 = FACE_BOUND('',#15966,.T.);
#15966 = EDGE_LOOP('',(#15967));
#15967 = ORIENTED_EDGE('',*,*,#15968,.F.);
#15968 = EDGE_CURVE('',#15969,#15969,#15971,.T.);
#15969 = VERTEX_POINT('',#15970);
#15970 = CARTESIAN_POINT('',(124.968,-57.15,1.51));
#15971 = CIRCLE('',#15972,0.508);
#15972 = AXIS2_PLACEMENT_3D('',#15973,#15974,#15975);
#15973 = CARTESIAN_POINT('',(124.46,-57.15,1.51));
#15974 = DIRECTION('',(0.,0.,1.));
#15975 = DIRECTION('',(1.,0.,-0.));
#15976 = FACE_BOUND('',#15977,.T.);
#15977 = EDGE_LOOP('',(#15978));
#15978 = ORIENTED_EDGE('',*,*,#15979,.T.);
#15979 = EDGE_CURVE('',#15980,#15980,#15982,.T.);
#15980 = VERTEX_POINT('',#15981);
#15981 = CARTESIAN_POINT('',(119.38,-55.745,1.51));
#15982 = CIRCLE('',#15983,0.5);
#15983 = AXIS2_PLACEMENT_3D('',#15984,#15985,#15986);
#15984 = CARTESIAN_POINT('',(119.38,-55.245,1.51));
#15985 = DIRECTION('',(-0.,0.,-1.));
#15986 = DIRECTION('',(-0.,-1.,0.));
#15987 = FACE_BOUND('',#15988,.T.);
#15988 = EDGE_LOOP('',(#15989));
#15989 = ORIENTED_EDGE('',*,*,#15990,.T.);
#15990 = EDGE_CURVE('',#15991,#15991,#15993,.T.);
#15991 = VERTEX_POINT('',#15992);
#15992 = CARTESIAN_POINT('',(121.92,-55.745,1.51));
#15993 = CIRCLE('',#15994,0.5);
#15994 = AXIS2_PLACEMENT_3D('',#15995,#15996,#15997);
#15995 = CARTESIAN_POINT('',(121.92,-55.245,1.51));
#15996 = DIRECTION('',(-0.,0.,-1.));
#15997 = DIRECTION('',(-0.,-1.,0.));
#15998 = FACE_BOUND('',#15999,.T.);
#15999 = EDGE_LOOP('',(#16000));
#16000 = ORIENTED_EDGE('',*,*,#16001,.T.);
#16001 = EDGE_CURVE('',#16002,#16002,#16004,.T.);
#16002 = VERTEX_POINT('',#16003);
#16003 = CARTESIAN_POINT('',(124.46,-55.745,1.51));
#16004 = CIRCLE('',#16005,0.5);
#16005 = AXIS2_PLACEMENT_3D('',#16006,#16007,#16008);
#16006 = CARTESIAN_POINT('',(124.46,-55.245,1.51));
#16007 = DIRECTION('',(-0.,0.,-1.));
#16008 = DIRECTION('',(-0.,-1.,0.));
#16009 = FACE_BOUND('',#16010,.T.);
#16010 = EDGE_LOOP('',(#16011));
#16011 = ORIENTED_EDGE('',*,*,#16012,.T.);
#16012 = EDGE_CURVE('',#16013,#16013,#16015,.T.);
#16013 = VERTEX_POINT('',#16014);
#16014 = CARTESIAN_POINT('',(124.333,-49.849,1.51));
#16015 = CIRCLE('',#16016,0.7);
#16016 = AXIS2_PLACEMENT_3D('',#16017,#16018,#16019);
#16017 = CARTESIAN_POINT('',(124.333,-49.149,1.51));
#16018 = DIRECTION('',(-0.,0.,-1.));
#16019 = DIRECTION('',(-0.,-1.,0.));
#16020 = PLANE('',#16021);
#16021 = AXIS2_PLACEMENT_3D('',#16022,#16023,#16024);
#16022 = CARTESIAN_POINT('',(0.,0.,1.51));
#16023 = DIRECTION('',(0.,0.,1.));
#16024 = DIRECTION('',(1.,0.,-0.));
#16025 = ADVANCED_FACE('',(#16026),#16037,.T.);
#16026 = FACE_BOUND('',#16027,.T.);
#16027 = EDGE_LOOP('',(#16028,#16034,#16035,#16036));
#16028 = ORIENTED_EDGE('',*,*,#16029,.T.);
#16029 = EDGE_CURVE('',#14608,#15320,#16030,.T.);
#16030 = LINE('',#16031,#16032);
#16031 = CARTESIAN_POINT('',(104.93375,-43.815,0.));
#16032 = VECTOR('',#16033,1.);
#16033 = DIRECTION('',(0.,0.,1.));
#16034 = ORIENTED_EDGE('',*,*,#15319,.T.);
#16035 = ORIENTED_EDGE('',*,*,#14543,.F.);
#16036 = ORIENTED_EDGE('',*,*,#14607,.F.);
#16037 = CYLINDRICAL_SURFACE('',#16038,1.905001427691);
#16038 = AXIS2_PLACEMENT_3D('',#16039,#16040,#16041);
#16039 = CARTESIAN_POINT('',(106.83875142769,-43.81500142769,0.));
#16040 = DIRECTION('',(0.,0.,-1.));
#16041 = DIRECTION('',(-1.,7.494430684988E-07,0.));
#16042 = ADVANCED_FACE('',(#16043),#16054,.T.);
#16043 = FACE_BOUND('',#16044,.T.);
#16044 = EDGE_LOOP('',(#16045,#16046,#16047,#16053));
#16045 = ORIENTED_EDGE('',*,*,#14583,.T.);
#16046 = ORIENTED_EDGE('',*,*,#15353,.T.);
#16047 = ORIENTED_EDGE('',*,*,#16048,.F.);
#16048 = EDGE_CURVE('',#14634,#15346,#16049,.T.);
#16049 = LINE('',#16050,#16051);
#16050 = CARTESIAN_POINT('',(131.699,-77.47,0.));
#16051 = VECTOR('',#16052,1.);
#16052 = DIRECTION('',(0.,0.,1.));
#16053 = ORIENTED_EDGE('',*,*,#14641,.F.);
#16054 = CYLINDRICAL_SURFACE('',#16055,1.905001427691);
#16055 = AXIS2_PLACEMENT_3D('',#16056,#16057,#16058);
#16056 = CARTESIAN_POINT('',(131.69899857231,-75.56499857231,0.));
#16057 = DIRECTION('',(0.,0.,-1.));
#16058 = DIRECTION('',(1.,-7.494430647689E-07,0.));
#16059 = ADVANCED_FACE('',(#16060),#16071,.T.);
#16060 = FACE_BOUND('',#16061,.T.);
#16061 = EDGE_LOOP('',(#16062,#16068,#16069,#16070));
#16062 = ORIENTED_EDGE('',*,*,#16063,.T.);
#16063 = EDGE_CURVE('',#14617,#15329,#16064,.T.);
#16064 = LINE('',#16065,#16066);
#16065 = CARTESIAN_POINT('',(104.93375,-75.565,0.));
#16066 = VECTOR('',#16067,1.);
#16067 = DIRECTION('',(0.,0.,1.));
#16068 = ORIENTED_EDGE('',*,*,#15328,.T.);
#16069 = ORIENTED_EDGE('',*,*,#16029,.F.);
#16070 = ORIENTED_EDGE('',*,*,#14616,.F.);
#16071 = PLANE('',#16072);
#16072 = AXIS2_PLACEMENT_3D('',#16073,#16074,#16075);
#16073 = CARTESIAN_POINT('',(104.93375,-75.565,0.));
#16074 = DIRECTION('',(-1.,0.,0.));
#16075 = DIRECTION('',(0.,1.,0.));
#16076 = ADVANCED_FACE('',(#16077),#16088,.T.);
#16077 = FACE_BOUND('',#16078,.T.);
#16078 = EDGE_LOOP('',(#16079,#16080,#16081,#16087));
#16079 = ORIENTED_EDGE('',*,*,#16048,.T.);
#16080 = ORIENTED_EDGE('',*,*,#15345,.T.);
#16081 = ORIENTED_EDGE('',*,*,#16082,.F.);
#16082 = EDGE_CURVE('',#14625,#15337,#16083,.T.);
#16083 = LINE('',#16084,#16085);
#16084 = CARTESIAN_POINT('',(106.83875,-77.47,0.));
#16085 = VECTOR('',#16086,1.);
#16086 = DIRECTION('',(0.,0.,1.));
#16087 = ORIENTED_EDGE('',*,*,#14633,.F.);
#16088 = PLANE('',#16089);
#16089 = AXIS2_PLACEMENT_3D('',#16090,#16091,#16092);
#16090 = CARTESIAN_POINT('',(131.699,-77.47,0.));
#16091 = DIRECTION('',(0.,-1.,0.));
#16092 = DIRECTION('',(-1.,0.,0.));
#16093 = ADVANCED_FACE('',(#16094),#16100,.T.);
#16094 = FACE_BOUND('',#16095,.T.);
#16095 = EDGE_LOOP('',(#16096,#16097,#16098,#16099));
#16096 = ORIENTED_EDGE('',*,*,#16082,.T.);
#16097 = ORIENTED_EDGE('',*,*,#15336,.T.);
#16098 = ORIENTED_EDGE('',*,*,#16063,.F.);
#16099 = ORIENTED_EDGE('',*,*,#14624,.F.);
#16100 = CYLINDRICAL_SURFACE('',#16101,1.905001427691);
#16101 = AXIS2_PLACEMENT_3D('',#16102,#16103,#16104);
#16102 = CARTESIAN_POINT('',(106.83875142769,-75.56499857231,0.));
#16103 = DIRECTION('',(0.,0.,-1.));
#16104 = DIRECTION('',(-7.494430722287E-07,-1.,-0.));
#16105 = ADVANCED_FACE('',(#16106),#16117,.F.);
#16106 = FACE_BOUND('',#16107,.T.);
#16107 = EDGE_LOOP('',(#16108,#16109,#16115,#16116));
#16108 = ORIENTED_EDGE('',*,*,#14651,.T.);
#16109 = ORIENTED_EDGE('',*,*,#16110,.T.);
#16110 = EDGE_CURVE('',#14652,#15364,#16111,.T.);
#16111 = LINE('',#16112,#16113);
#16112 = CARTESIAN_POINT('',(109.855,-75.965,-4.6E-02));
#16113 = VECTOR('',#16114,1.);
#16114 = DIRECTION('',(0.,0.,1.));
#16115 = ORIENTED_EDGE('',*,*,#15363,.F.);
#16116 = ORIENTED_EDGE('',*,*,#16110,.F.);
#16117 = CYLINDRICAL_SURFACE('',#16118,0.4);
#16118 = AXIS2_PLACEMENT_3D('',#16119,#16120,#16121);
#16119 = CARTESIAN_POINT('',(109.855,-75.565,-4.6E-02));
#16120 = DIRECTION('',(-0.,0.,-1.));
#16121 = DIRECTION('',(3.5527136788E-14,-1.,-0.));
#16122 = ADVANCED_FACE('',(#16123),#16134,.F.);
#16123 = FACE_BOUND('',#16124,.T.);
#16124 = EDGE_LOOP('',(#16125,#16126,#16132,#16133));
#16125 = ORIENTED_EDGE('',*,*,#14662,.T.);
#16126 = ORIENTED_EDGE('',*,*,#16127,.T.);
#16127 = EDGE_CURVE('',#14663,#15375,#16128,.T.);
#16128 = LINE('',#16129,#16130);
#16129 = CARTESIAN_POINT('',(112.395,-75.965,-4.6E-02));
#16130 = VECTOR('',#16131,1.);
#16131 = DIRECTION('',(0.,0.,1.));
#16132 = ORIENTED_EDGE('',*,*,#15374,.F.);
#16133 = ORIENTED_EDGE('',*,*,#16127,.F.);
#16134 = CYLINDRICAL_SURFACE('',#16135,0.4);
#16135 = AXIS2_PLACEMENT_3D('',#16136,#16137,#16138);
#16136 = CARTESIAN_POINT('',(112.395,-75.565,-4.6E-02));
#16137 = DIRECTION('',(-0.,-0.,-1.));
#16138 = DIRECTION('',(-3.552713678801E-14,-1.,0.));
#16139 = ADVANCED_FACE('',(#16140),#16151,.F.);
#16140 = FACE_BOUND('',#16141,.T.);
#16141 = EDGE_LOOP('',(#16142,#16143,#16149,#16150));
#16142 = ORIENTED_EDGE('',*,*,#14673,.T.);
#16143 = ORIENTED_EDGE('',*,*,#16144,.T.);
#16144 = EDGE_CURVE('',#14674,#15386,#16145,.T.);
#16145 = LINE('',#16146,#16147);
#16146 = CARTESIAN_POINT('',(114.935,-75.965,-4.6E-02));
#16147 = VECTOR('',#16148,1.);
#16148 = DIRECTION('',(0.,0.,1.));
#16149 = ORIENTED_EDGE('',*,*,#15385,.F.);
#16150 = ORIENTED_EDGE('',*,*,#16144,.F.);
#16151 = CYLINDRICAL_SURFACE('',#16152,0.4);
#16152 = AXIS2_PLACEMENT_3D('',#16153,#16154,#16155);
#16153 = CARTESIAN_POINT('',(114.935,-75.565,-4.6E-02));
#16154 = DIRECTION('',(-0.,-0.,-1.));
#16155 = DIRECTION('',(-0.,-1.,0.));
#16156 = ADVANCED_FACE('',(#16157),#16168,.F.);
#16157 = FACE_BOUND('',#16158,.T.);
#16158 = EDGE_LOOP('',(#16159,#16160,#16166,#16167));
#16159 = ORIENTED_EDGE('',*,*,#14684,.T.);
#16160 = ORIENTED_EDGE('',*,*,#16161,.T.);
#16161 = EDGE_CURVE('',#14685,#15397,#16162,.T.);
#16162 = LINE('',#16163,#16164);
#16163 = CARTESIAN_POINT('',(117.475,-75.965,-4.6E-02));
#16164 = VECTOR('',#16165,1.);
#16165 = DIRECTION('',(0.,0.,1.));
#16166 = ORIENTED_EDGE('',*,*,#15396,.F.);
#16167 = ORIENTED_EDGE('',*,*,#16161,.F.);
#16168 = CYLINDRICAL_SURFACE('',#16169,0.4);
#16169 = AXIS2_PLACEMENT_3D('',#16170,#16171,#16172);
#16170 = CARTESIAN_POINT('',(117.475,-75.565,-4.6E-02));
#16171 = DIRECTION('',(-0.,-0.,-1.));
#16172 = DIRECTION('',(-0.,-1.,0.));
#16173 = ADVANCED_FACE('',(#16174),#16185,.F.);
#16174 = FACE_BOUND('',#16175,.T.);
#16175 = EDGE_LOOP('',(#16176,#16177,#16183,#16184));
#16176 = ORIENTED_EDGE('',*,*,#14695,.T.);
#16177 = ORIENTED_EDGE('',*,*,#16178,.T.);
#16178 = EDGE_CURVE('',#14696,#15408,#16179,.T.);
#16179 = LINE('',#16180,#16181);
#16180 = CARTESIAN_POINT('',(109.855,-68.345,-4.6E-02));
#16181 = VECTOR('',#16182,1.);
#16182 = DIRECTION('',(0.,0.,1.));
#16183 = ORIENTED_EDGE('',*,*,#15407,.F.);
#16184 = ORIENTED_EDGE('',*,*,#16178,.F.);
#16185 = CYLINDRICAL_SURFACE('',#16186,0.4);
#16186 = AXIS2_PLACEMENT_3D('',#16187,#16188,#16189);
#16187 = CARTESIAN_POINT('',(109.855,-67.945,-4.6E-02));
#16188 = DIRECTION('',(-0.,0.,-1.));
#16189 = DIRECTION('',(3.5527136788E-14,-1.,-0.));
#16190 = ADVANCED_FACE('',(#16191),#16202,.F.);
#16191 = FACE_BOUND('',#16192,.T.);
#16192 = EDGE_LOOP('',(#16193,#16194,#16200,#16201));
#16193 = ORIENTED_EDGE('',*,*,#14706,.T.);
#16194 = ORIENTED_EDGE('',*,*,#16195,.T.);
#16195 = EDGE_CURVE('',#14707,#15419,#16196,.T.);
#16196 = LINE('',#16197,#16198);
#16197 = CARTESIAN_POINT('',(112.395,-68.345,-4.6E-02));
#16198 = VECTOR('',#16199,1.);
#16199 = DIRECTION('',(0.,0.,1.));
#16200 = ORIENTED_EDGE('',*,*,#15418,.F.);
#16201 = ORIENTED_EDGE('',*,*,#16195,.F.);
#16202 = CYLINDRICAL_SURFACE('',#16203,0.4);
#16203 = AXIS2_PLACEMENT_3D('',#16204,#16205,#16206);
#16204 = CARTESIAN_POINT('',(112.395,-67.945,-4.6E-02));
#16205 = DIRECTION('',(-0.,-0.,-1.));
#16206 = DIRECTION('',(-3.552713678801E-14,-1.,0.));
#16207 = ADVANCED_FACE('',(#16208),#16219,.F.);
#16208 = FACE_BOUND('',#16209,.T.);
#16209 = EDGE_LOOP('',(#16210,#16211,#16217,#16218));
#16210 = ORIENTED_EDGE('',*,*,#14717,.T.);
#16211 = ORIENTED_EDGE('',*,*,#16212,.T.);
#16212 = EDGE_CURVE('',#14718,#15430,#16213,.T.);
#16213 = LINE('',#16214,#16215);
#16214 = CARTESIAN_POINT('',(106.68,-65.905,-4.6E-02));
#16215 = VECTOR('',#16216,1.);
#16216 = DIRECTION('',(0.,0.,1.));
#16217 = ORIENTED_EDGE('',*,*,#15429,.F.);
#16218 = ORIENTED_EDGE('',*,*,#16212,.F.);
#16219 = CYLINDRICAL_SURFACE('',#16220,0.5);
#16220 = AXIS2_PLACEMENT_3D('',#16221,#16222,#16223);
#16221 = CARTESIAN_POINT('',(106.68,-65.405,-4.6E-02));
#16222 = DIRECTION('',(-0.,-0.,-1.));
#16223 = DIRECTION('',(-0.,-1.,0.));
#16224 = ADVANCED_FACE('',(#16225),#16236,.F.);
#16225 = FACE_BOUND('',#16226,.T.);
#16226 = EDGE_LOOP('',(#16227,#16228,#16234,#16235));
#16227 = ORIENTED_EDGE('',*,*,#14728,.T.);
#16228 = ORIENTED_EDGE('',*,*,#16229,.T.);
#16229 = EDGE_CURVE('',#14729,#15441,#16230,.T.);
#16230 = LINE('',#16231,#16232);
#16231 = CARTESIAN_POINT('',(109.22,-65.905,-4.6E-02));
#16232 = VECTOR('',#16233,1.);
#16233 = DIRECTION('',(0.,0.,1.));
#16234 = ORIENTED_EDGE('',*,*,#15440,.F.);
#16235 = ORIENTED_EDGE('',*,*,#16229,.F.);
#16236 = CYLINDRICAL_SURFACE('',#16237,0.5);
#16237 = AXIS2_PLACEMENT_3D('',#16238,#16239,#16240);
#16238 = CARTESIAN_POINT('',(109.22,-65.405,-4.6E-02));
#16239 = DIRECTION('',(-0.,-0.,-1.));
#16240 = DIRECTION('',(-0.,-1.,0.));
#16241 = ADVANCED_FACE('',(#16242),#16253,.F.);
#16242 = FACE_BOUND('',#16243,.T.);
#16243 = EDGE_LOOP('',(#16244,#16245,#16251,#16252));
#16244 = ORIENTED_EDGE('',*,*,#14739,.T.);
#16245 = ORIENTED_EDGE('',*,*,#16246,.T.);
#16246 = EDGE_CURVE('',#14740,#15452,#16247,.T.);
#16247 = LINE('',#16248,#16249);
#16248 = CARTESIAN_POINT('',(111.76,-65.905,-4.6E-02));
#16249 = VECTOR('',#16250,1.);
#16250 = DIRECTION('',(0.,0.,1.));
#16251 = ORIENTED_EDGE('',*,*,#15451,.F.);
#16252 = ORIENTED_EDGE('',*,*,#16246,.F.);
#16253 = CYLINDRICAL_SURFACE('',#16254,0.5);
#16254 = AXIS2_PLACEMENT_3D('',#16255,#16256,#16257);
#16255 = CARTESIAN_POINT('',(111.76,-65.405,-4.6E-02));
#16256 = DIRECTION('',(-0.,-0.,-1.));
#16257 = DIRECTION('',(-0.,-1.,0.));
#16258 = ADVANCED_FACE('',(#16259),#16270,.F.);
#16259 = FACE_BOUND('',#16260,.T.);
#16260 = EDGE_LOOP('',(#16261,#16262,#16268,#16269));
#16261 = ORIENTED_EDGE('',*,*,#14750,.T.);
#16262 = ORIENTED_EDGE('',*,*,#16263,.T.);
#16263 = EDGE_CURVE('',#14751,#15463,#16264,.T.);
#16264 = LINE('',#16265,#16266);
#16265 = CARTESIAN_POINT('',(114.935,-68.345,-4.6E-02));
#16266 = VECTOR('',#16267,1.);
#16267 = DIRECTION('',(0.,0.,1.));
#16268 = ORIENTED_EDGE('',*,*,#15462,.F.);
#16269 = ORIENTED_EDGE('',*,*,#16263,.F.);
#16270 = CYLINDRICAL_SURFACE('',#16271,0.4);
#16271 = AXIS2_PLACEMENT_3D('',#16272,#16273,#16274);
#16272 = CARTESIAN_POINT('',(114.935,-67.945,-4.6E-02));
#16273 = DIRECTION('',(-0.,-0.,-1.));
#16274 = DIRECTION('',(-0.,-1.,0.));
#16275 = ADVANCED_FACE('',(#16276),#16287,.F.);
#16276 = FACE_BOUND('',#16277,.T.);
#16277 = EDGE_LOOP('',(#16278,#16279,#16285,#16286));
#16278 = ORIENTED_EDGE('',*,*,#14761,.T.);
#16279 = ORIENTED_EDGE('',*,*,#16280,.T.);
#16280 = EDGE_CURVE('',#14762,#15474,#16281,.T.);
#16281 = LINE('',#16282,#16283);
#16282 = CARTESIAN_POINT('',(117.475,-68.345,-4.6E-02));
#16283 = VECTOR('',#16284,1.);
#16284 = DIRECTION('',(0.,0.,1.));
#16285 = ORIENTED_EDGE('',*,*,#15473,.F.);
#16286 = ORIENTED_EDGE('',*,*,#16280,.F.);
#16287 = CYLINDRICAL_SURFACE('',#16288,0.4);
#16288 = AXIS2_PLACEMENT_3D('',#16289,#16290,#16291);
#16289 = CARTESIAN_POINT('',(117.475,-67.945,-4.6E-02));
#16290 = DIRECTION('',(-0.,-0.,-1.));
#16291 = DIRECTION('',(-0.,-1.,0.));
#16292 = ADVANCED_FACE('',(#16293),#16304,.F.);
#16293 = FACE_BOUND('',#16294,.T.);
#16294 = EDGE_LOOP('',(#16295,#16296,#16302,#16303));
#16295 = ORIENTED_EDGE('',*,*,#14772,.T.);
#16296 = ORIENTED_EDGE('',*,*,#16297,.T.);
#16297 = EDGE_CURVE('',#14773,#15485,#16298,.T.);
#16298 = LINE('',#16299,#16300);
#16299 = CARTESIAN_POINT('',(114.3,-65.905,-4.6E-02));
#16300 = VECTOR('',#16301,1.);
#16301 = DIRECTION('',(0.,0.,1.));
#16302 = ORIENTED_EDGE('',*,*,#15484,.F.);
#16303 = ORIENTED_EDGE('',*,*,#16297,.F.);
#16304 = CYLINDRICAL_SURFACE('',#16305,0.5);
#16305 = AXIS2_PLACEMENT_3D('',#16306,#16307,#16308);
#16306 = CARTESIAN_POINT('',(114.3,-65.405,-4.6E-02));
#16307 = DIRECTION('',(-0.,-0.,-1.));
#16308 = DIRECTION('',(-0.,-1.,0.));
#16309 = ADVANCED_FACE('',(#16310),#16321,.F.);
#16310 = FACE_BOUND('',#16311,.T.);
#16311 = EDGE_LOOP('',(#16312,#16313,#16319,#16320));
#16312 = ORIENTED_EDGE('',*,*,#14783,.T.);
#16313 = ORIENTED_EDGE('',*,*,#16314,.T.);
#16314 = EDGE_CURVE('',#14784,#15496,#16315,.T.);
#16315 = LINE('',#16316,#16317);
#16316 = CARTESIAN_POINT('',(116.84,-65.905,-4.6E-02));
#16317 = VECTOR('',#16318,1.);
#16318 = DIRECTION('',(0.,0.,1.));
#16319 = ORIENTED_EDGE('',*,*,#15495,.F.);
#16320 = ORIENTED_EDGE('',*,*,#16314,.F.);
#16321 = CYLINDRICAL_SURFACE('',#16322,0.5);
#16322 = AXIS2_PLACEMENT_3D('',#16323,#16324,#16325);
#16323 = CARTESIAN_POINT('',(116.84,-65.405,-4.6E-02));
#16324 = DIRECTION('',(-0.,-0.,-1.));
#16325 = DIRECTION('',(-0.,-1.,0.));
#16326 = ADVANCED_FACE('',(#16327),#16338,.F.);
#16327 = FACE_BOUND('',#16328,.T.);
#16328 = EDGE_LOOP('',(#16329,#16330,#16336,#16337));
#16329 = ORIENTED_EDGE('',*,*,#14794,.T.);
#16330 = ORIENTED_EDGE('',*,*,#16331,.T.);
#16331 = EDGE_CURVE('',#14795,#15507,#16332,.T.);
#16332 = LINE('',#16333,#16334);
#16333 = CARTESIAN_POINT('',(120.015,-75.965,-4.6E-02));
#16334 = VECTOR('',#16335,1.);
#16335 = DIRECTION('',(0.,0.,1.));
#16336 = ORIENTED_EDGE('',*,*,#15506,.F.);
#16337 = ORIENTED_EDGE('',*,*,#16331,.F.);
#16338 = CYLINDRICAL_SURFACE('',#16339,0.4);
#16339 = AXIS2_PLACEMENT_3D('',#16340,#16341,#16342);
#16340 = CARTESIAN_POINT('',(120.015,-75.565,-4.6E-02));
#16341 = DIRECTION('',(-0.,-0.,-1.));
#16342 = DIRECTION('',(-0.,-1.,0.));
#16343 = ADVANCED_FACE('',(#16344),#16355,.F.);
#16344 = FACE_BOUND('',#16345,.T.);
#16345 = EDGE_LOOP('',(#16346,#16347,#16353,#16354));
#16346 = ORIENTED_EDGE('',*,*,#14805,.T.);
#16347 = ORIENTED_EDGE('',*,*,#16348,.T.);
#16348 = EDGE_CURVE('',#14806,#15518,#16349,.T.);
#16349 = LINE('',#16350,#16351);
#16350 = CARTESIAN_POINT('',(122.555,-75.965,-4.6E-02));
#16351 = VECTOR('',#16352,1.);
#16352 = DIRECTION('',(0.,0.,1.));
#16353 = ORIENTED_EDGE('',*,*,#15517,.F.);
#16354 = ORIENTED_EDGE('',*,*,#16348,.F.);
#16355 = CYLINDRICAL_SURFACE('',#16356,0.4);
#16356 = AXIS2_PLACEMENT_3D('',#16357,#16358,#16359);
#16357 = CARTESIAN_POINT('',(122.555,-75.565,-4.6E-02));
#16358 = DIRECTION('',(-0.,-0.,-1.));
#16359 = DIRECTION('',(-0.,-1.,0.));
#16360 = ADVANCED_FACE('',(#16361),#16372,.F.);
#16361 = FACE_BOUND('',#16362,.T.);
#16362 = EDGE_LOOP('',(#16363,#16364,#16370,#16371));
#16363 = ORIENTED_EDGE('',*,*,#14816,.T.);
#16364 = ORIENTED_EDGE('',*,*,#16365,.T.);
#16365 = EDGE_CURVE('',#14817,#15529,#16366,.T.);
#16366 = LINE('',#16367,#16368);
#16367 = CARTESIAN_POINT('',(125.095,-75.965,-4.6E-02));
#16368 = VECTOR('',#16369,1.);
#16369 = DIRECTION('',(0.,0.,1.));
#16370 = ORIENTED_EDGE('',*,*,#15528,.F.);
#16371 = ORIENTED_EDGE('',*,*,#16365,.F.);
#16372 = CYLINDRICAL_SURFACE('',#16373,0.4);
#16373 = AXIS2_PLACEMENT_3D('',#16374,#16375,#16376);
#16374 = CARTESIAN_POINT('',(125.095,-75.565,-4.6E-02));
#16375 = DIRECTION('',(-0.,-0.,-1.));
#16376 = DIRECTION('',(-0.,-1.,0.));
#16377 = ADVANCED_FACE('',(#16378),#16389,.F.);
#16378 = FACE_BOUND('',#16379,.T.);
#16379 = EDGE_LOOP('',(#16380,#16381,#16387,#16388));
#16380 = ORIENTED_EDGE('',*,*,#14827,.T.);
#16381 = ORIENTED_EDGE('',*,*,#16382,.T.);
#16382 = EDGE_CURVE('',#14828,#15540,#16383,.T.);
#16383 = LINE('',#16384,#16385);
#16384 = CARTESIAN_POINT('',(127.635,-75.965,-4.6E-02));
#16385 = VECTOR('',#16386,1.);
#16386 = DIRECTION('',(0.,0.,1.));
#16387 = ORIENTED_EDGE('',*,*,#15539,.F.);
#16388 = ORIENTED_EDGE('',*,*,#16382,.F.);
#16389 = CYLINDRICAL_SURFACE('',#16390,0.4);
#16390 = AXIS2_PLACEMENT_3D('',#16391,#16392,#16393);
#16391 = CARTESIAN_POINT('',(127.635,-75.565,-4.6E-02));
#16392 = DIRECTION('',(-0.,0.,-1.));
#16393 = DIRECTION('',(3.5527136788E-14,-1.,-0.));
#16394 = ADVANCED_FACE('',(#16395),#16406,.F.);
#16395 = FACE_BOUND('',#16396,.T.);
#16396 = EDGE_LOOP('',(#16397,#16398,#16404,#16405));
#16397 = ORIENTED_EDGE('',*,*,#14838,.T.);
#16398 = ORIENTED_EDGE('',*,*,#16399,.T.);
#16399 = EDGE_CURVE('',#14839,#15551,#16400,.T.);
#16400 = LINE('',#16401,#16402);
#16401 = CARTESIAN_POINT('',(120.015,-68.345,-4.6E-02));
#16402 = VECTOR('',#16403,1.);
#16403 = DIRECTION('',(0.,0.,1.));
#16404 = ORIENTED_EDGE('',*,*,#15550,.F.);
#16405 = ORIENTED_EDGE('',*,*,#16399,.F.);
#16406 = CYLINDRICAL_SURFACE('',#16407,0.4);
#16407 = AXIS2_PLACEMENT_3D('',#16408,#16409,#16410);
#16408 = CARTESIAN_POINT('',(120.015,-67.945,-4.6E-02));
#16409 = DIRECTION('',(-0.,-0.,-1.));
#16410 = DIRECTION('',(-0.,-1.,0.));
#16411 = ADVANCED_FACE('',(#16412),#16423,.F.);
#16412 = FACE_BOUND('',#16413,.T.);
#16413 = EDGE_LOOP('',(#16414,#16415,#16421,#16422));
#16414 = ORIENTED_EDGE('',*,*,#14849,.T.);
#16415 = ORIENTED_EDGE('',*,*,#16416,.T.);
#16416 = EDGE_CURVE('',#14850,#15562,#16417,.T.);
#16417 = LINE('',#16418,#16419);
#16418 = CARTESIAN_POINT('',(122.555,-68.345,-4.6E-02));
#16419 = VECTOR('',#16420,1.);
#16420 = DIRECTION('',(0.,0.,1.));
#16421 = ORIENTED_EDGE('',*,*,#15561,.F.);
#16422 = ORIENTED_EDGE('',*,*,#16416,.F.);
#16423 = CYLINDRICAL_SURFACE('',#16424,0.4);
#16424 = AXIS2_PLACEMENT_3D('',#16425,#16426,#16427);
#16425 = CARTESIAN_POINT('',(122.555,-67.945,-4.6E-02));
#16426 = DIRECTION('',(-0.,-0.,-1.));
#16427 = DIRECTION('',(-0.,-1.,0.));
#16428 = ADVANCED_FACE('',(#16429),#16440,.F.);
#16429 = FACE_BOUND('',#16430,.T.);
#16430 = EDGE_LOOP('',(#16431,#16432,#16438,#16439));
#16431 = ORIENTED_EDGE('',*,*,#14860,.T.);
#16432 = ORIENTED_EDGE('',*,*,#16433,.T.);
#16433 = EDGE_CURVE('',#14861,#15573,#16434,.T.);
#16434 = LINE('',#16435,#16436);
#16435 = CARTESIAN_POINT('',(125.095,-68.345,-4.6E-02));
#16436 = VECTOR('',#16437,1.);
#16437 = DIRECTION('',(0.,0.,1.));
#16438 = ORIENTED_EDGE('',*,*,#15572,.F.);
#16439 = ORIENTED_EDGE('',*,*,#16433,.F.);
#16440 = CYLINDRICAL_SURFACE('',#16441,0.4);
#16441 = AXIS2_PLACEMENT_3D('',#16442,#16443,#16444);
#16442 = CARTESIAN_POINT('',(125.095,-67.945,-4.6E-02));
#16443 = DIRECTION('',(-0.,-0.,-1.));
#16444 = DIRECTION('',(-0.,-1.,0.));
#16445 = ADVANCED_FACE('',(#16446),#16457,.F.);
#16446 = FACE_BOUND('',#16447,.T.);
#16447 = EDGE_LOOP('',(#16448,#16449,#16455,#16456));
#16448 = ORIENTED_EDGE('',*,*,#14871,.T.);
#16449 = ORIENTED_EDGE('',*,*,#16450,.T.);
#16450 = EDGE_CURVE('',#14872,#15584,#16451,.T.);
#16451 = LINE('',#16452,#16453);
#16452 = CARTESIAN_POINT('',(119.38,-65.905,-4.6E-02));
#16453 = VECTOR('',#16454,1.);
#16454 = DIRECTION('',(0.,0.,1.));
#16455 = ORIENTED_EDGE('',*,*,#15583,.F.);
#16456 = ORIENTED_EDGE('',*,*,#16450,.F.);
#16457 = CYLINDRICAL_SURFACE('',#16458,0.5);
#16458 = AXIS2_PLACEMENT_3D('',#16459,#16460,#16461);
#16459 = CARTESIAN_POINT('',(119.38,-65.405,-4.6E-02));
#16460 = DIRECTION('',(-0.,-0.,-1.));
#16461 = DIRECTION('',(-0.,-1.,0.));
#16462 = ADVANCED_FACE('',(#16463),#16474,.F.);
#16463 = FACE_BOUND('',#16464,.T.);
#16464 = EDGE_LOOP('',(#16465,#16466,#16472,#16473));
#16465 = ORIENTED_EDGE('',*,*,#14882,.T.);
#16466 = ORIENTED_EDGE('',*,*,#16467,.T.);
#16467 = EDGE_CURVE('',#14883,#15595,#16468,.T.);
#16468 = LINE('',#16469,#16470);
#16469 = CARTESIAN_POINT('',(121.92,-65.905,-4.6E-02));
#16470 = VECTOR('',#16471,1.);
#16471 = DIRECTION('',(0.,0.,1.));
#16472 = ORIENTED_EDGE('',*,*,#15594,.F.);
#16473 = ORIENTED_EDGE('',*,*,#16467,.F.);
#16474 = CYLINDRICAL_SURFACE('',#16475,0.5);
#16475 = AXIS2_PLACEMENT_3D('',#16476,#16477,#16478);
#16476 = CARTESIAN_POINT('',(121.92,-65.405,-4.6E-02));
#16477 = DIRECTION('',(-0.,-0.,-1.));
#16478 = DIRECTION('',(-0.,-1.,0.));
#16479 = ADVANCED_FACE('',(#16480),#16491,.F.);
#16480 = FACE_BOUND('',#16481,.T.);
#16481 = EDGE_LOOP('',(#16482,#16483,#16489,#16490));
#16482 = ORIENTED_EDGE('',*,*,#14893,.T.);
#16483 = ORIENTED_EDGE('',*,*,#16484,.T.);
#16484 = EDGE_CURVE('',#14894,#15606,#16485,.T.);
#16485 = LINE('',#16486,#16487);
#16486 = CARTESIAN_POINT('',(124.46,-65.905,-4.6E-02));
#16487 = VECTOR('',#16488,1.);
#16488 = DIRECTION('',(0.,0.,1.));
#16489 = ORIENTED_EDGE('',*,*,#15605,.F.);
#16490 = ORIENTED_EDGE('',*,*,#16484,.F.);
#16491 = CYLINDRICAL_SURFACE('',#16492,0.5);
#16492 = AXIS2_PLACEMENT_3D('',#16493,#16494,#16495);
#16493 = CARTESIAN_POINT('',(124.46,-65.405,-4.6E-02));
#16494 = DIRECTION('',(-0.,-0.,-1.));
#16495 = DIRECTION('',(-0.,-1.,0.));
#16496 = ADVANCED_FACE('',(#16497),#16508,.F.);
#16497 = FACE_BOUND('',#16498,.T.);
#16498 = EDGE_LOOP('',(#16499,#16500,#16506,#16507));
#16499 = ORIENTED_EDGE('',*,*,#14904,.T.);
#16500 = ORIENTED_EDGE('',*,*,#16501,.T.);
#16501 = EDGE_CURVE('',#14905,#15617,#16502,.T.);
#16502 = LINE('',#16503,#16504);
#16503 = CARTESIAN_POINT('',(127.635,-68.345,-4.6E-02));
#16504 = VECTOR('',#16505,1.);
#16505 = DIRECTION('',(0.,0.,1.));
#16506 = ORIENTED_EDGE('',*,*,#15616,.F.);
#16507 = ORIENTED_EDGE('',*,*,#16501,.F.);
#16508 = CYLINDRICAL_SURFACE('',#16509,0.4);
#16509 = AXIS2_PLACEMENT_3D('',#16510,#16511,#16512);
#16510 = CARTESIAN_POINT('',(127.635,-67.945,-4.6E-02));
#16511 = DIRECTION('',(-0.,0.,-1.));
#16512 = DIRECTION('',(3.5527136788E-14,-1.,-0.));
#16513 = ADVANCED_FACE('',(#16514),#16525,.F.);
#16514 = FACE_BOUND('',#16515,.T.);
#16515 = EDGE_LOOP('',(#16516,#16517,#16523,#16524));
#16516 = ORIENTED_EDGE('',*,*,#14915,.T.);
#16517 = ORIENTED_EDGE('',*,*,#16518,.T.);
#16518 = EDGE_CURVE('',#14916,#15628,#16519,.T.);
#16519 = LINE('',#16520,#16521);
#16520 = CARTESIAN_POINT('',(129.54,-65.905,-4.6E-02));
#16521 = VECTOR('',#16522,1.);
#16522 = DIRECTION('',(0.,0.,1.));
#16523 = ORIENTED_EDGE('',*,*,#15627,.F.);
#16524 = ORIENTED_EDGE('',*,*,#16518,.F.);
#16525 = CYLINDRICAL_SURFACE('',#16526,0.5);
#16526 = AXIS2_PLACEMENT_3D('',#16527,#16528,#16529);
#16527 = CARTESIAN_POINT('',(129.54,-65.405,-4.6E-02));
#16528 = DIRECTION('',(-0.,-0.,-1.));
#16529 = DIRECTION('',(-0.,-1.,0.));
#16530 = ADVANCED_FACE('',(#16531),#16542,.F.);
#16531 = FACE_BOUND('',#16532,.T.);
#16532 = EDGE_LOOP('',(#16533,#16534,#16540,#16541));
#16533 = ORIENTED_EDGE('',*,*,#14926,.T.);
#16534 = ORIENTED_EDGE('',*,*,#16535,.T.);
#16535 = EDGE_CURVE('',#14927,#15639,#16536,.T.);
#16536 = LINE('',#16537,#16538);
#16537 = CARTESIAN_POINT('',(132.08,-65.905,-4.6E-02));
#16538 = VECTOR('',#16539,1.);
#16539 = DIRECTION('',(0.,0.,1.));
#16540 = ORIENTED_EDGE('',*,*,#15638,.F.);
#16541 = ORIENTED_EDGE('',*,*,#16535,.F.);
#16542 = CYLINDRICAL_SURFACE('',#16543,0.5);
#16543 = AXIS2_PLACEMENT_3D('',#16544,#16545,#16546);
#16544 = CARTESIAN_POINT('',(132.08,-65.405,-4.6E-02));
#16545 = DIRECTION('',(-0.,-0.,-1.));
#16546 = DIRECTION('',(-0.,-1.,0.));
#16547 = ADVANCED_FACE('',(#16548),#16559,.F.);
#16548 = FACE_BOUND('',#16549,.T.);
#16549 = EDGE_LOOP('',(#16550,#16556,#16557,#16558));
#16550 = ORIENTED_EDGE('',*,*,#16551,.T.);
#16551 = EDGE_CURVE('',#14938,#15650,#16552,.T.);
#16552 = LINE('',#16553,#16554);
#16553 = CARTESIAN_POINT('',(107.188,-59.69,0.));
#16554 = VECTOR('',#16555,1.);
#16555 = DIRECTION('',(0.,0.,1.));
#16556 = ORIENTED_EDGE('',*,*,#15649,.T.);
#16557 = ORIENTED_EDGE('',*,*,#16551,.F.);
#16558 = ORIENTED_EDGE('',*,*,#14937,.F.);
#16559 = CYLINDRICAL_SURFACE('',#16560,0.508);
#16560 = AXIS2_PLACEMENT_3D('',#16561,#16562,#16563);
#16561 = CARTESIAN_POINT('',(106.68,-59.69,0.));
#16562 = DIRECTION('',(-0.,-0.,-1.));
#16563 = DIRECTION('',(1.,0.,-0.));
#16564 = ADVANCED_FACE('',(#16565),#16576,.F.);
#16565 = FACE_BOUND('',#16566,.T.);
#16566 = EDGE_LOOP('',(#16567,#16573,#16574,#16575));
#16567 = ORIENTED_EDGE('',*,*,#16568,.T.);
#16568 = EDGE_CURVE('',#14949,#15661,#16569,.T.);
#16569 = LINE('',#16570,#16571);
#16570 = CARTESIAN_POINT('',(109.728,-59.69,0.));
#16571 = VECTOR('',#16572,1.);
#16572 = DIRECTION('',(0.,0.,1.));
#16573 = ORIENTED_EDGE('',*,*,#15660,.T.);
#16574 = ORIENTED_EDGE('',*,*,#16568,.F.);
#16575 = ORIENTED_EDGE('',*,*,#14948,.F.);
#16576 = CYLINDRICAL_SURFACE('',#16577,0.508);
#16577 = AXIS2_PLACEMENT_3D('',#16578,#16579,#16580);
#16578 = CARTESIAN_POINT('',(109.22,-59.69,0.));
#16579 = DIRECTION('',(-0.,-0.,-1.));
#16580 = DIRECTION('',(1.,0.,-0.));
#16581 = ADVANCED_FACE('',(#16582),#16593,.F.);
#16582 = FACE_BOUND('',#16583,.T.);
#16583 = EDGE_LOOP('',(#16584,#16590,#16591,#16592));
#16584 = ORIENTED_EDGE('',*,*,#16585,.T.);
#16585 = EDGE_CURVE('',#14960,#15672,#16586,.T.);
#16586 = LINE('',#16587,#16588);
#16587 = CARTESIAN_POINT('',(112.268,-59.69,0.));
#16588 = VECTOR('',#16589,1.);
#16589 = DIRECTION('',(0.,0.,1.));
#16590 = ORIENTED_EDGE('',*,*,#15671,.T.);
#16591 = ORIENTED_EDGE('',*,*,#16585,.F.);
#16592 = ORIENTED_EDGE('',*,*,#14959,.F.);
#16593 = CYLINDRICAL_SURFACE('',#16594,0.508);
#16594 = AXIS2_PLACEMENT_3D('',#16595,#16596,#16597);
#16595 = CARTESIAN_POINT('',(111.76,-59.69,0.));
#16596 = DIRECTION('',(-0.,-0.,-1.));
#16597 = DIRECTION('',(1.,0.,-0.));
#16598 = ADVANCED_FACE('',(#16599),#16610,.F.);
#16599 = FACE_BOUND('',#16600,.T.);
#16600 = EDGE_LOOP('',(#16601,#16607,#16608,#16609));
#16601 = ORIENTED_EDGE('',*,*,#16602,.T.);
#16602 = EDGE_CURVE('',#14971,#15683,#16603,.T.);
#16603 = LINE('',#16604,#16605);
#16604 = CARTESIAN_POINT('',(107.188,-58.42,0.));
#16605 = VECTOR('',#16606,1.);
#16606 = DIRECTION('',(0.,0.,1.));
#16607 = ORIENTED_EDGE('',*,*,#15682,.T.);
#16608 = ORIENTED_EDGE('',*,*,#16602,.F.);
#16609 = ORIENTED_EDGE('',*,*,#14970,.F.);
#16610 = CYLINDRICAL_SURFACE('',#16611,0.508);
#16611 = AXIS2_PLACEMENT_3D('',#16612,#16613,#16614);
#16612 = CARTESIAN_POINT('',(106.68,-58.42,0.));
#16613 = DIRECTION('',(-0.,-0.,-1.));
#16614 = DIRECTION('',(1.,0.,-0.));
#16615 = ADVANCED_FACE('',(#16616),#16627,.F.);
#16616 = FACE_BOUND('',#16617,.T.);
#16617 = EDGE_LOOP('',(#16618,#16624,#16625,#16626));
#16618 = ORIENTED_EDGE('',*,*,#16619,.T.);
#16619 = EDGE_CURVE('',#14982,#15694,#16620,.T.);
#16620 = LINE('',#16621,#16622);
#16621 = CARTESIAN_POINT('',(107.188,-57.15,0.));
#16622 = VECTOR('',#16623,1.);
#16623 = DIRECTION('',(0.,0.,1.));
#16624 = ORIENTED_EDGE('',*,*,#15693,.T.);
#16625 = ORIENTED_EDGE('',*,*,#16619,.F.);
#16626 = ORIENTED_EDGE('',*,*,#14981,.F.);
#16627 = CYLINDRICAL_SURFACE('',#16628,0.508);
#16628 = AXIS2_PLACEMENT_3D('',#16629,#16630,#16631);
#16629 = CARTESIAN_POINT('',(106.68,-57.15,0.));
#16630 = DIRECTION('',(-0.,-0.,-1.));
#16631 = DIRECTION('',(1.,0.,-0.));
#16632 = ADVANCED_FACE('',(#16633),#16644,.F.);
#16633 = FACE_BOUND('',#16634,.T.);
#16634 = EDGE_LOOP('',(#16635,#16641,#16642,#16643));
#16635 = ORIENTED_EDGE('',*,*,#16636,.T.);
#16636 = EDGE_CURVE('',#14993,#15705,#16637,.T.);
#16637 = LINE('',#16638,#16639);
#16638 = CARTESIAN_POINT('',(109.728,-58.42,0.));
#16639 = VECTOR('',#16640,1.);
#16640 = DIRECTION('',(0.,0.,1.));
#16641 = ORIENTED_EDGE('',*,*,#15704,.T.);
#16642 = ORIENTED_EDGE('',*,*,#16636,.F.);
#16643 = ORIENTED_EDGE('',*,*,#14992,.F.);
#16644 = CYLINDRICAL_SURFACE('',#16645,0.508);
#16645 = AXIS2_PLACEMENT_3D('',#16646,#16647,#16648);
#16646 = CARTESIAN_POINT('',(109.22,-58.42,0.));
#16647 = DIRECTION('',(-0.,-0.,-1.));
#16648 = DIRECTION('',(1.,0.,-0.));
#16649 = ADVANCED_FACE('',(#16650),#16661,.F.);
#16650 = FACE_BOUND('',#16651,.T.);
#16651 = EDGE_LOOP('',(#16652,#16658,#16659,#16660));
#16652 = ORIENTED_EDGE('',*,*,#16653,.T.);
#16653 = EDGE_CURVE('',#15004,#15716,#16654,.T.);
#16654 = LINE('',#16655,#16656);
#16655 = CARTESIAN_POINT('',(109.728,-57.15,0.));
#16656 = VECTOR('',#16657,1.);
#16657 = DIRECTION('',(0.,0.,1.));
#16658 = ORIENTED_EDGE('',*,*,#15715,.T.);
#16659 = ORIENTED_EDGE('',*,*,#16653,.F.);
#16660 = ORIENTED_EDGE('',*,*,#15003,.F.);
#16661 = CYLINDRICAL_SURFACE('',#16662,0.508);
#16662 = AXIS2_PLACEMENT_3D('',#16663,#16664,#16665);
#16663 = CARTESIAN_POINT('',(109.22,-57.15,0.));
#16664 = DIRECTION('',(-0.,-0.,-1.));
#16665 = DIRECTION('',(1.,0.,-0.));
#16666 = ADVANCED_FACE('',(#16667),#16678,.F.);
#16667 = FACE_BOUND('',#16668,.T.);
#16668 = EDGE_LOOP('',(#16669,#16675,#16676,#16677));
#16669 = ORIENTED_EDGE('',*,*,#16670,.T.);
#16670 = EDGE_CURVE('',#15015,#15727,#16671,.T.);
#16671 = LINE('',#16672,#16673);
#16672 = CARTESIAN_POINT('',(112.268,-58.42,0.));
#16673 = VECTOR('',#16674,1.);
#16674 = DIRECTION('',(0.,0.,1.));
#16675 = ORIENTED_EDGE('',*,*,#15726,.T.);
#16676 = ORIENTED_EDGE('',*,*,#16670,.F.);
#16677 = ORIENTED_EDGE('',*,*,#15014,.F.);
#16678 = CYLINDRICAL_SURFACE('',#16679,0.508);
#16679 = AXIS2_PLACEMENT_3D('',#16680,#16681,#16682);
#16680 = CARTESIAN_POINT('',(111.76,-58.42,0.));
#16681 = DIRECTION('',(-0.,-0.,-1.));
#16682 = DIRECTION('',(1.,0.,-0.));
#16683 = ADVANCED_FACE('',(#16684),#16695,.F.);
#16684 = FACE_BOUND('',#16685,.T.);
#16685 = EDGE_LOOP('',(#16686,#16692,#16693,#16694));
#16686 = ORIENTED_EDGE('',*,*,#16687,.T.);
#16687 = EDGE_CURVE('',#15026,#15738,#16688,.T.);
#16688 = LINE('',#16689,#16690);
#16689 = CARTESIAN_POINT('',(112.268,-57.15,0.));
#16690 = VECTOR('',#16691,1.);
#16691 = DIRECTION('',(0.,0.,1.));
#16692 = ORIENTED_EDGE('',*,*,#15737,.T.);
#16693 = ORIENTED_EDGE('',*,*,#16687,.F.);
#16694 = ORIENTED_EDGE('',*,*,#15025,.F.);
#16695 = CYLINDRICAL_SURFACE('',#16696,0.508);
#16696 = AXIS2_PLACEMENT_3D('',#16697,#16698,#16699);
#16697 = CARTESIAN_POINT('',(111.76,-57.15,0.));
#16698 = DIRECTION('',(-0.,-0.,-1.));
#16699 = DIRECTION('',(1.,0.,-0.));
#16700 = ADVANCED_FACE('',(#16701),#16712,.F.);
#16701 = FACE_BOUND('',#16702,.T.);
#16702 = EDGE_LOOP('',(#16703,#16709,#16710,#16711));
#16703 = ORIENTED_EDGE('',*,*,#16704,.T.);
#16704 = EDGE_CURVE('',#15037,#15749,#16705,.T.);
#16705 = LINE('',#16706,#16707);
#16706 = CARTESIAN_POINT('',(114.808,-59.69,0.));
#16707 = VECTOR('',#16708,1.);
#16708 = DIRECTION('',(0.,0.,1.));
#16709 = ORIENTED_EDGE('',*,*,#15748,.T.);
#16710 = ORIENTED_EDGE('',*,*,#16704,.F.);
#16711 = ORIENTED_EDGE('',*,*,#15036,.F.);
#16712 = CYLINDRICAL_SURFACE('',#16713,0.508);
#16713 = AXIS2_PLACEMENT_3D('',#16714,#16715,#16716);
#16714 = CARTESIAN_POINT('',(114.3,-59.69,0.));
#16715 = DIRECTION('',(-0.,-0.,-1.));
#16716 = DIRECTION('',(1.,0.,-0.));
#16717 = ADVANCED_FACE('',(#16718),#16729,.F.);
#16718 = FACE_BOUND('',#16719,.T.);
#16719 = EDGE_LOOP('',(#16720,#16726,#16727,#16728));
#16720 = ORIENTED_EDGE('',*,*,#16721,.T.);
#16721 = EDGE_CURVE('',#15048,#15760,#16722,.T.);
#16722 = LINE('',#16723,#16724);
#16723 = CARTESIAN_POINT('',(117.348,-59.69,0.));
#16724 = VECTOR('',#16725,1.);
#16725 = DIRECTION('',(0.,0.,1.));
#16726 = ORIENTED_EDGE('',*,*,#15759,.T.);
#16727 = ORIENTED_EDGE('',*,*,#16721,.F.);
#16728 = ORIENTED_EDGE('',*,*,#15047,.F.);
#16729 = CYLINDRICAL_SURFACE('',#16730,0.508);
#16730 = AXIS2_PLACEMENT_3D('',#16731,#16732,#16733);
#16731 = CARTESIAN_POINT('',(116.84,-59.69,0.));
#16732 = DIRECTION('',(-0.,-0.,-1.));
#16733 = DIRECTION('',(1.,0.,-0.));
#16734 = ADVANCED_FACE('',(#16735),#16746,.F.);
#16735 = FACE_BOUND('',#16736,.T.);
#16736 = EDGE_LOOP('',(#16737,#16743,#16744,#16745));
#16737 = ORIENTED_EDGE('',*,*,#16738,.T.);
#16738 = EDGE_CURVE('',#15059,#15771,#16739,.T.);
#16739 = LINE('',#16740,#16741);
#16740 = CARTESIAN_POINT('',(114.808,-58.42,0.));
#16741 = VECTOR('',#16742,1.);
#16742 = DIRECTION('',(0.,0.,1.));
#16743 = ORIENTED_EDGE('',*,*,#15770,.T.);
#16744 = ORIENTED_EDGE('',*,*,#16738,.F.);
#16745 = ORIENTED_EDGE('',*,*,#15058,.F.);
#16746 = CYLINDRICAL_SURFACE('',#16747,0.508);
#16747 = AXIS2_PLACEMENT_3D('',#16748,#16749,#16750);
#16748 = CARTESIAN_POINT('',(114.3,-58.42,0.));
#16749 = DIRECTION('',(-0.,-0.,-1.));
#16750 = DIRECTION('',(1.,0.,-0.));
#16751 = ADVANCED_FACE('',(#16752),#16763,.F.);
#16752 = FACE_BOUND('',#16753,.T.);
#16753 = EDGE_LOOP('',(#16754,#16760,#16761,#16762));
#16754 = ORIENTED_EDGE('',*,*,#16755,.T.);
#16755 = EDGE_CURVE('',#15070,#15782,#16756,.T.);
#16756 = LINE('',#16757,#16758);
#16757 = CARTESIAN_POINT('',(114.808,-57.15,0.));
#16758 = VECTOR('',#16759,1.);
#16759 = DIRECTION('',(0.,0.,1.));
#16760 = ORIENTED_EDGE('',*,*,#15781,.T.);
#16761 = ORIENTED_EDGE('',*,*,#16755,.F.);
#16762 = ORIENTED_EDGE('',*,*,#15069,.F.);
#16763 = CYLINDRICAL_SURFACE('',#16764,0.508);
#16764 = AXIS2_PLACEMENT_3D('',#16765,#16766,#16767);
#16765 = CARTESIAN_POINT('',(114.3,-57.15,0.));
#16766 = DIRECTION('',(-0.,-0.,-1.));
#16767 = DIRECTION('',(1.,0.,-0.));
#16768 = ADVANCED_FACE('',(#16769),#16780,.F.);
#16769 = FACE_BOUND('',#16770,.T.);
#16770 = EDGE_LOOP('',(#16771,#16777,#16778,#16779));
#16771 = ORIENTED_EDGE('',*,*,#16772,.T.);
#16772 = EDGE_CURVE('',#15081,#15793,#16773,.T.);
#16773 = LINE('',#16774,#16775);
#16774 = CARTESIAN_POINT('',(117.348,-58.42,0.));
#16775 = VECTOR('',#16776,1.);
#16776 = DIRECTION('',(0.,0.,1.));
#16777 = ORIENTED_EDGE('',*,*,#15792,.T.);
#16778 = ORIENTED_EDGE('',*,*,#16772,.F.);
#16779 = ORIENTED_EDGE('',*,*,#15080,.F.);
#16780 = CYLINDRICAL_SURFACE('',#16781,0.508);
#16781 = AXIS2_PLACEMENT_3D('',#16782,#16783,#16784);
#16782 = CARTESIAN_POINT('',(116.84,-58.42,0.));
#16783 = DIRECTION('',(-0.,-0.,-1.));
#16784 = DIRECTION('',(1.,0.,-0.));
#16785 = ADVANCED_FACE('',(#16786),#16797,.F.);
#16786 = FACE_BOUND('',#16787,.T.);
#16787 = EDGE_LOOP('',(#16788,#16794,#16795,#16796));
#16788 = ORIENTED_EDGE('',*,*,#16789,.T.);
#16789 = EDGE_CURVE('',#15092,#15804,#16790,.T.);
#16790 = LINE('',#16791,#16792);
#16791 = CARTESIAN_POINT('',(117.348,-57.15,0.));
#16792 = VECTOR('',#16793,1.);
#16793 = DIRECTION('',(0.,0.,1.));
#16794 = ORIENTED_EDGE('',*,*,#15803,.T.);
#16795 = ORIENTED_EDGE('',*,*,#16789,.F.);
#16796 = ORIENTED_EDGE('',*,*,#15091,.F.);
#16797 = CYLINDRICAL_SURFACE('',#16798,0.508);
#16798 = AXIS2_PLACEMENT_3D('',#16799,#16800,#16801);
#16799 = CARTESIAN_POINT('',(116.84,-57.15,0.));
#16800 = DIRECTION('',(-0.,-0.,-1.));
#16801 = DIRECTION('',(1.,0.,-0.));
#16802 = ADVANCED_FACE('',(#16803),#16814,.F.);
#16803 = FACE_BOUND('',#16804,.T.);
#16804 = EDGE_LOOP('',(#16805,#16806,#16812,#16813));
#16805 = ORIENTED_EDGE('',*,*,#15102,.T.);
#16806 = ORIENTED_EDGE('',*,*,#16807,.T.);
#16807 = EDGE_CURVE('',#15103,#15815,#16808,.T.);
#16808 = LINE('',#16809,#16810);
#16809 = CARTESIAN_POINT('',(106.68,-55.745,-4.6E-02));
#16810 = VECTOR('',#16811,1.);
#16811 = DIRECTION('',(0.,0.,1.));
#16812 = ORIENTED_EDGE('',*,*,#15814,.F.);
#16813 = ORIENTED_EDGE('',*,*,#16807,.F.);
#16814 = CYLINDRICAL_SURFACE('',#16815,0.5);
#16815 = AXIS2_PLACEMENT_3D('',#16816,#16817,#16818);
#16816 = CARTESIAN_POINT('',(106.68,-55.245,-4.6E-02));
#16817 = DIRECTION('',(-0.,-0.,-1.));
#16818 = DIRECTION('',(-0.,-1.,0.));
#16819 = ADVANCED_FACE('',(#16820),#16831,.F.);
#16820 = FACE_BOUND('',#16821,.T.);
#16821 = EDGE_LOOP('',(#16822,#16823,#16829,#16830));
#16822 = ORIENTED_EDGE('',*,*,#15113,.T.);
#16823 = ORIENTED_EDGE('',*,*,#16824,.T.);
#16824 = EDGE_CURVE('',#15114,#15826,#16825,.T.);
#16825 = LINE('',#16826,#16827);
#16826 = CARTESIAN_POINT('',(109.22,-55.745,-4.6E-02));
#16827 = VECTOR('',#16828,1.);
#16828 = DIRECTION('',(0.,0.,1.));
#16829 = ORIENTED_EDGE('',*,*,#15825,.F.);
#16830 = ORIENTED_EDGE('',*,*,#16824,.F.);
#16831 = CYLINDRICAL_SURFACE('',#16832,0.5);
#16832 = AXIS2_PLACEMENT_3D('',#16833,#16834,#16835);
#16833 = CARTESIAN_POINT('',(109.22,-55.245,-4.6E-02));
#16834 = DIRECTION('',(-0.,-0.,-1.));
#16835 = DIRECTION('',(-0.,-1.,0.));
#16836 = ADVANCED_FACE('',(#16837),#16848,.F.);
#16837 = FACE_BOUND('',#16838,.T.);
#16838 = EDGE_LOOP('',(#16839,#16840,#16846,#16847));
#16839 = ORIENTED_EDGE('',*,*,#15124,.T.);
#16840 = ORIENTED_EDGE('',*,*,#16841,.T.);
#16841 = EDGE_CURVE('',#15125,#15837,#16842,.T.);
#16842 = LINE('',#16843,#16844);
#16843 = CARTESIAN_POINT('',(111.76,-55.745,-4.6E-02));
#16844 = VECTOR('',#16845,1.);
#16845 = DIRECTION('',(0.,0.,1.));
#16846 = ORIENTED_EDGE('',*,*,#15836,.F.);
#16847 = ORIENTED_EDGE('',*,*,#16841,.F.);
#16848 = CYLINDRICAL_SURFACE('',#16849,0.5);
#16849 = AXIS2_PLACEMENT_3D('',#16850,#16851,#16852);
#16850 = CARTESIAN_POINT('',(111.76,-55.245,-4.6E-02));
#16851 = DIRECTION('',(-0.,-0.,-1.));
#16852 = DIRECTION('',(-0.,-1.,0.));
#16853 = ADVANCED_FACE('',(#16854),#16865,.F.);
#16854 = FACE_BOUND('',#16855,.T.);
#16855 = EDGE_LOOP('',(#16856,#16857,#16863,#16864));
#16856 = ORIENTED_EDGE('',*,*,#15135,.T.);
#16857 = ORIENTED_EDGE('',*,*,#16858,.T.);
#16858 = EDGE_CURVE('',#15136,#15848,#16859,.T.);
#16859 = LINE('',#16860,#16861);
#16860 = CARTESIAN_POINT('',(114.3,-55.745,-4.6E-02));
#16861 = VECTOR('',#16862,1.);
#16862 = DIRECTION('',(0.,0.,1.));
#16863 = ORIENTED_EDGE('',*,*,#15847,.F.);
#16864 = ORIENTED_EDGE('',*,*,#16858,.F.);
#16865 = CYLINDRICAL_SURFACE('',#16866,0.5);
#16866 = AXIS2_PLACEMENT_3D('',#16867,#16868,#16869);
#16867 = CARTESIAN_POINT('',(114.3,-55.245,-4.6E-02));
#16868 = DIRECTION('',(-0.,-0.,-1.));
#16869 = DIRECTION('',(-0.,-1.,0.));
#16870 = ADVANCED_FACE('',(#16871),#16882,.F.);
#16871 = FACE_BOUND('',#16872,.T.);
#16872 = EDGE_LOOP('',(#16873,#16874,#16880,#16881));
#16873 = ORIENTED_EDGE('',*,*,#15146,.T.);
#16874 = ORIENTED_EDGE('',*,*,#16875,.T.);
#16875 = EDGE_CURVE('',#15147,#15859,#16876,.T.);
#16876 = LINE('',#16877,#16878);
#16877 = CARTESIAN_POINT('',(116.84,-55.745,-4.6E-02));
#16878 = VECTOR('',#16879,1.);
#16879 = DIRECTION('',(0.,0.,1.));
#16880 = ORIENTED_EDGE('',*,*,#15858,.F.);
#16881 = ORIENTED_EDGE('',*,*,#16875,.F.);
#16882 = CYLINDRICAL_SURFACE('',#16883,0.5);
#16883 = AXIS2_PLACEMENT_3D('',#16884,#16885,#16886);
#16884 = CARTESIAN_POINT('',(116.84,-55.245,-4.6E-02));
#16885 = DIRECTION('',(-0.,-0.,-1.));
#16886 = DIRECTION('',(-0.,-1.,0.));
#16887 = ADVANCED_FACE('',(#16888),#16899,.F.);
#16888 = FACE_BOUND('',#16889,.T.);
#16889 = EDGE_LOOP('',(#16890,#16891,#16897,#16898));
#16890 = ORIENTED_EDGE('',*,*,#15157,.T.);
#16891 = ORIENTED_EDGE('',*,*,#16892,.T.);
#16892 = EDGE_CURVE('',#15158,#15870,#16893,.T.);
#16893 = LINE('',#16894,#16895);
#16894 = CARTESIAN_POINT('',(119.253,-49.849,-4.6E-02));
#16895 = VECTOR('',#16896,1.);
#16896 = DIRECTION('',(0.,0.,1.));
#16897 = ORIENTED_EDGE('',*,*,#15869,.F.);
#16898 = ORIENTED_EDGE('',*,*,#16892,.F.);
#16899 = CYLINDRICAL_SURFACE('',#16900,0.7);
#16900 = AXIS2_PLACEMENT_3D('',#16901,#16902,#16903);
#16901 = CARTESIAN_POINT('',(119.253,-49.149,-4.6E-02));
#16902 = DIRECTION('',(-0.,-0.,-1.));
#16903 = DIRECTION('',(-0.,-1.,0.));
#16904 = ADVANCED_FACE('',(#16905),#16916,.F.);
#16905 = FACE_BOUND('',#16906,.T.);
#16906 = EDGE_LOOP('',(#16907,#16913,#16914,#16915));
#16907 = ORIENTED_EDGE('',*,*,#16908,.T.);
#16908 = EDGE_CURVE('',#15169,#15881,#16909,.T.);
#16909 = LINE('',#16910,#16911);
#16910 = CARTESIAN_POINT('',(119.888,-59.69,0.));
#16911 = VECTOR('',#16912,1.);
#16912 = DIRECTION('',(0.,0.,1.));
#16913 = ORIENTED_EDGE('',*,*,#15880,.T.);
#16914 = ORIENTED_EDGE('',*,*,#16908,.F.);
#16915 = ORIENTED_EDGE('',*,*,#15168,.F.);
#16916 = CYLINDRICAL_SURFACE('',#16917,0.508);
#16917 = AXIS2_PLACEMENT_3D('',#16918,#16919,#16920);
#16918 = CARTESIAN_POINT('',(119.38,-59.69,0.));
#16919 = DIRECTION('',(-0.,-0.,-1.));
#16920 = DIRECTION('',(1.,0.,-0.));
#16921 = ADVANCED_FACE('',(#16922),#16933,.F.);
#16922 = FACE_BOUND('',#16923,.T.);
#16923 = EDGE_LOOP('',(#16924,#16930,#16931,#16932));
#16924 = ORIENTED_EDGE('',*,*,#16925,.T.);
#16925 = EDGE_CURVE('',#15180,#15892,#16926,.T.);
#16926 = LINE('',#16927,#16928);
#16927 = CARTESIAN_POINT('',(122.428,-59.69,0.));
#16928 = VECTOR('',#16929,1.);
#16929 = DIRECTION('',(0.,0.,1.));
#16930 = ORIENTED_EDGE('',*,*,#15891,.T.);
#16931 = ORIENTED_EDGE('',*,*,#16925,.F.);
#16932 = ORIENTED_EDGE('',*,*,#15179,.F.);
#16933 = CYLINDRICAL_SURFACE('',#16934,0.508);
#16934 = AXIS2_PLACEMENT_3D('',#16935,#16936,#16937);
#16935 = CARTESIAN_POINT('',(121.92,-59.69,0.));
#16936 = DIRECTION('',(-0.,-0.,-1.));
#16937 = DIRECTION('',(1.,0.,-0.));
#16938 = ADVANCED_FACE('',(#16939),#16950,.F.);
#16939 = FACE_BOUND('',#16940,.T.);
#16940 = EDGE_LOOP('',(#16941,#16947,#16948,#16949));
#16941 = ORIENTED_EDGE('',*,*,#16942,.T.);
#16942 = EDGE_CURVE('',#15191,#15903,#16943,.T.);
#16943 = LINE('',#16944,#16945);
#16944 = CARTESIAN_POINT('',(124.968,-59.69,0.));
#16945 = VECTOR('',#16946,1.);
#16946 = DIRECTION('',(0.,0.,1.));
#16947 = ORIENTED_EDGE('',*,*,#15902,.T.);
#16948 = ORIENTED_EDGE('',*,*,#16942,.F.);
#16949 = ORIENTED_EDGE('',*,*,#15190,.F.);
#16950 = CYLINDRICAL_SURFACE('',#16951,0.508);
#16951 = AXIS2_PLACEMENT_3D('',#16952,#16953,#16954);
#16952 = CARTESIAN_POINT('',(124.46,-59.69,0.));
#16953 = DIRECTION('',(-0.,-0.,-1.));
#16954 = DIRECTION('',(1.,0.,-0.));
#16955 = ADVANCED_FACE('',(#16956),#16967,.F.);
#16956 = FACE_BOUND('',#16957,.T.);
#16957 = EDGE_LOOP('',(#16958,#16964,#16965,#16966));
#16958 = ORIENTED_EDGE('',*,*,#16959,.T.);
#16959 = EDGE_CURVE('',#15202,#15914,#16960,.T.);
#16960 = LINE('',#16961,#16962);
#16961 = CARTESIAN_POINT('',(119.888,-58.42,0.));
#16962 = VECTOR('',#16963,1.);
#16963 = DIRECTION('',(0.,0.,1.));
#16964 = ORIENTED_EDGE('',*,*,#15913,.T.);
#16965 = ORIENTED_EDGE('',*,*,#16959,.F.);
#16966 = ORIENTED_EDGE('',*,*,#15201,.F.);
#16967 = CYLINDRICAL_SURFACE('',#16968,0.508);
#16968 = AXIS2_PLACEMENT_3D('',#16969,#16970,#16971);
#16969 = CARTESIAN_POINT('',(119.38,-58.42,0.));
#16970 = DIRECTION('',(-0.,-0.,-1.));
#16971 = DIRECTION('',(1.,0.,-0.));
#16972 = ADVANCED_FACE('',(#16973),#16984,.F.);
#16973 = FACE_BOUND('',#16974,.T.);
#16974 = EDGE_LOOP('',(#16975,#16981,#16982,#16983));
#16975 = ORIENTED_EDGE('',*,*,#16976,.T.);
#16976 = EDGE_CURVE('',#15213,#15925,#16977,.T.);
#16977 = LINE('',#16978,#16979);
#16978 = CARTESIAN_POINT('',(119.888,-57.15,0.));
#16979 = VECTOR('',#16980,1.);
#16980 = DIRECTION('',(0.,0.,1.));
#16981 = ORIENTED_EDGE('',*,*,#15924,.T.);
#16982 = ORIENTED_EDGE('',*,*,#16976,.F.);
#16983 = ORIENTED_EDGE('',*,*,#15212,.F.);
#16984 = CYLINDRICAL_SURFACE('',#16985,0.508);
#16985 = AXIS2_PLACEMENT_3D('',#16986,#16987,#16988);
#16986 = CARTESIAN_POINT('',(119.38,-57.15,0.));
#16987 = DIRECTION('',(-0.,-0.,-1.));
#16988 = DIRECTION('',(1.,0.,-0.));
#16989 = ADVANCED_FACE('',(#16990),#17001,.F.);
#16990 = FACE_BOUND('',#16991,.T.);
#16991 = EDGE_LOOP('',(#16992,#16998,#16999,#17000));
#16992 = ORIENTED_EDGE('',*,*,#16993,.T.);
#16993 = EDGE_CURVE('',#15224,#15936,#16994,.T.);
#16994 = LINE('',#16995,#16996);
#16995 = CARTESIAN_POINT('',(122.428,-58.42,0.));
#16996 = VECTOR('',#16997,1.);
#16997 = DIRECTION('',(0.,0.,1.));
#16998 = ORIENTED_EDGE('',*,*,#15935,.T.);
#16999 = ORIENTED_EDGE('',*,*,#16993,.F.);
#17000 = ORIENTED_EDGE('',*,*,#15223,.F.);
#17001 = CYLINDRICAL_SURFACE('',#17002,0.508);
#17002 = AXIS2_PLACEMENT_3D('',#17003,#17004,#17005);
#17003 = CARTESIAN_POINT('',(121.92,-58.42,0.));
#17004 = DIRECTION('',(-0.,-0.,-1.));
#17005 = DIRECTION('',(1.,0.,-0.));
#17006 = ADVANCED_FACE('',(#17007),#17018,.F.);
#17007 = FACE_BOUND('',#17008,.T.);
#17008 = EDGE_LOOP('',(#17009,#17015,#17016,#17017));
#17009 = ORIENTED_EDGE('',*,*,#17010,.T.);
#17010 = EDGE_CURVE('',#15235,#15947,#17011,.T.);
#17011 = LINE('',#17012,#17013);
#17012 = CARTESIAN_POINT('',(122.428,-57.15,0.));
#17013 = VECTOR('',#17014,1.);
#17014 = DIRECTION('',(0.,0.,1.));
#17015 = ORIENTED_EDGE('',*,*,#15946,.T.);
#17016 = ORIENTED_EDGE('',*,*,#17010,.F.);
#17017 = ORIENTED_EDGE('',*,*,#15234,.F.);
#17018 = CYLINDRICAL_SURFACE('',#17019,0.508);
#17019 = AXIS2_PLACEMENT_3D('',#17020,#17021,#17022);
#17020 = CARTESIAN_POINT('',(121.92,-57.15,0.));
#17021 = DIRECTION('',(-0.,-0.,-1.));
#17022 = DIRECTION('',(1.,0.,-0.));
#17023 = ADVANCED_FACE('',(#17024),#17035,.F.);
#17024 = FACE_BOUND('',#17025,.T.);
#17025 = EDGE_LOOP('',(#17026,#17032,#17033,#17034));
#17026 = ORIENTED_EDGE('',*,*,#17027,.T.);
#17027 = EDGE_CURVE('',#15246,#15958,#17028,.T.);
#17028 = LINE('',#17029,#17030);
#17029 = CARTESIAN_POINT('',(124.968,-58.42,0.));
#17030 = VECTOR('',#17031,1.);
#17031 = DIRECTION('',(0.,0.,1.));
#17032 = ORIENTED_EDGE('',*,*,#15957,.T.);
#17033 = ORIENTED_EDGE('',*,*,#17027,.F.);
#17034 = ORIENTED_EDGE('',*,*,#15245,.F.);
#17035 = CYLINDRICAL_SURFACE('',#17036,0.508);
#17036 = AXIS2_PLACEMENT_3D('',#17037,#17038,#17039);
#17037 = CARTESIAN_POINT('',(124.46,-58.42,0.));
#17038 = DIRECTION('',(-0.,-0.,-1.));
#17039 = DIRECTION('',(1.,0.,-0.));
#17040 = ADVANCED_FACE('',(#17041),#17052,.F.);
#17041 = FACE_BOUND('',#17042,.T.);
#17042 = EDGE_LOOP('',(#17043,#17049,#17050,#17051));
#17043 = ORIENTED_EDGE('',*,*,#17044,.T.);
#17044 = EDGE_CURVE('',#15257,#15969,#17045,.T.);
#17045 = LINE('',#17046,#17047);
#17046 = CARTESIAN_POINT('',(124.968,-57.15,0.));
#17047 = VECTOR('',#17048,1.);
#17048 = DIRECTION('',(0.,0.,1.));
#17049 = ORIENTED_EDGE('',*,*,#15968,.T.);
#17050 = ORIENTED_EDGE('',*,*,#17044,.F.);
#17051 = ORIENTED_EDGE('',*,*,#15256,.F.);
#17052 = CYLINDRICAL_SURFACE('',#17053,0.508);
#17053 = AXIS2_PLACEMENT_3D('',#17054,#17055,#17056);
#17054 = CARTESIAN_POINT('',(124.46,-57.15,0.));
#17055 = DIRECTION('',(-0.,-0.,-1.));
#17056 = DIRECTION('',(1.,0.,-0.));
#17057 = ADVANCED_FACE('',(#17058),#17069,.F.);
#17058 = FACE_BOUND('',#17059,.T.);
#17059 = EDGE_LOOP('',(#17060,#17061,#17067,#17068));
#17060 = ORIENTED_EDGE('',*,*,#15267,.T.);
#17061 = ORIENTED_EDGE('',*,*,#17062,.T.);
#17062 = EDGE_CURVE('',#15268,#15980,#17063,.T.);
#17063 = LINE('',#17064,#17065);
#17064 = CARTESIAN_POINT('',(119.38,-55.745,-4.6E-02));
#17065 = VECTOR('',#17066,1.);
#17066 = DIRECTION('',(0.,0.,1.));
#17067 = ORIENTED_EDGE('',*,*,#15979,.F.);
#17068 = ORIENTED_EDGE('',*,*,#17062,.F.);
#17069 = CYLINDRICAL_SURFACE('',#17070,0.5);
#17070 = AXIS2_PLACEMENT_3D('',#17071,#17072,#17073);
#17071 = CARTESIAN_POINT('',(119.38,-55.245,-4.6E-02));
#17072 = DIRECTION('',(-0.,-0.,-1.));
#17073 = DIRECTION('',(-0.,-1.,0.));
#17074 = ADVANCED_FACE('',(#17075),#17086,.F.);
#17075 = FACE_BOUND('',#17076,.T.);
#17076 = EDGE_LOOP('',(#17077,#17078,#17084,#17085));
#17077 = ORIENTED_EDGE('',*,*,#15278,.T.);
#17078 = ORIENTED_EDGE('',*,*,#17079,.T.);
#17079 = EDGE_CURVE('',#15279,#15991,#17080,.T.);
#17080 = LINE('',#17081,#17082);
#17081 = CARTESIAN_POINT('',(121.92,-55.745,-4.6E-02));
#17082 = VECTOR('',#17083,1.);
#17083 = DIRECTION('',(0.,0.,1.));
#17084 = ORIENTED_EDGE('',*,*,#15990,.F.);
#17085 = ORIENTED_EDGE('',*,*,#17079,.F.);
#17086 = CYLINDRICAL_SURFACE('',#17087,0.5);
#17087 = AXIS2_PLACEMENT_3D('',#17088,#17089,#17090);
#17088 = CARTESIAN_POINT('',(121.92,-55.245,-4.6E-02));
#17089 = DIRECTION('',(-0.,-0.,-1.));
#17090 = DIRECTION('',(-0.,-1.,0.));
#17091 = ADVANCED_FACE('',(#17092),#17103,.F.);
#17092 = FACE_BOUND('',#17093,.T.);
#17093 = EDGE_LOOP('',(#17094,#17095,#17101,#17102));
#17094 = ORIENTED_EDGE('',*,*,#15289,.T.);
#17095 = ORIENTED_EDGE('',*,*,#17096,.T.);
#17096 = EDGE_CURVE('',#15290,#16002,#17097,.T.);
#17097 = LINE('',#17098,#17099);
#17098 = CARTESIAN_POINT('',(124.46,-55.745,-4.6E-02));
#17099 = VECTOR('',#17100,1.);
#17100 = DIRECTION('',(0.,0.,1.));
#17101 = ORIENTED_EDGE('',*,*,#16001,.F.);
#17102 = ORIENTED_EDGE('',*,*,#17096,.F.);
#17103 = CYLINDRICAL_SURFACE('',#17104,0.5);
#17104 = AXIS2_PLACEMENT_3D('',#17105,#17106,#17107);
#17105 = CARTESIAN_POINT('',(124.46,-55.245,-4.6E-02));
#17106 = DIRECTION('',(-0.,-0.,-1.));
#17107 = DIRECTION('',(-0.,-1.,0.));
#17108 = ADVANCED_FACE('',(#17109),#17120,.F.);
#17109 = FACE_BOUND('',#17110,.T.);
#17110 = EDGE_LOOP('',(#17111,#17112,#17118,#17119));
#17111 = ORIENTED_EDGE('',*,*,#15300,.T.);
#17112 = ORIENTED_EDGE('',*,*,#17113,.T.);
#17113 = EDGE_CURVE('',#15301,#16013,#17114,.T.);
#17114 = LINE('',#17115,#17116);
#17115 = CARTESIAN_POINT('',(124.333,-49.849,-4.6E-02));
#17116 = VECTOR('',#17117,1.);
#17117 = DIRECTION('',(0.,0.,1.));
#17118 = ORIENTED_EDGE('',*,*,#16012,.F.);
#17119 = ORIENTED_EDGE('',*,*,#17113,.F.);
#17120 = CYLINDRICAL_SURFACE('',#17121,0.7);
#17121 = AXIS2_PLACEMENT_3D('',#17122,#17123,#17124);
#17122 = CARTESIAN_POINT('',(124.333,-49.149,-4.6E-02));
#17123 = DIRECTION('',(-0.,-0.,-1.));
#17124 = DIRECTION('',(-0.,-1.,0.));
#17125 = ( GEOMETRIC_REPRESENTATION_CONTEXT(3) 
GLOBAL_UNCERTAINTY_ASSIGNED_CONTEXT((#17129)) 
GLOBAL_UNIT_ASSIGNED_CONTEXT((#17126,#17127,#17128)) 
REPRESENTATION_CONTEXT('Context #1',
  '3D Context with UNIT and UNCERTAINTY') );
#17126 = ( LENGTH_UNIT() NAMED_UNIT(*) SI_UNIT(.MILLI.,.METRE.) );
#17127 = ( NAMED_UNIT(*) PLANE_ANGLE_UNIT() SI_UNIT($,.RADIAN.) );
#17128 = ( NAMED_UNIT(*) SI_UNIT($,.STERADIAN.) SOLID_ANGLE_UNIT() );
#17129 = UNCERTAINTY_MEASURE_WITH_UNIT(LENGTH_MEASURE(1.E-07),#17126,
  'distance_accuracy_value','confusion accuracy');
#17130 = CONTEXT_DEPENDENT_SHAPE_REPRESENTATION(#17131,#17133);
#17131 = ( REPRESENTATION_RELATIONSHIP('','',#14494,#10) 
REPRESENTATION_RELATIONSHIP_WITH_TRANSFORMATION(#17132) 
SHAPE_REPRESENTATION_RELATIONSHIP() );
#17132 = ITEM_DEFINED_TRANSFORMATION('','',#11,#35);
#17133 = PRODUCT_DEFINITION_SHAPE('Placement','Placement of an item',
  #17134);
#17134 = NEXT_ASSEMBLY_USAGE_OCCURRENCE('6','=>[0:1:1:6]','',#5,#14489,$
  );
#17135 = PRODUCT_RELATED_PRODUCT_CATEGORY('part',$,(#14491));
#17136 = MECHANICAL_DESIGN_GEOMETRIC_PRESENTATION_REPRESENTATION('',(
    #17137,#17145,#17152,#17159,#17166,#17173,#17180,#17187,#17194,
    #17201,#17208,#17215,#17222,#17229,#17236,#17243,#17250,#17258,
    #17265,#17272,#17279,#17286,#17293,#17300,#17307,#17314,#17321,
    #17328,#17335,#17342,#17349,#17356,#17363,#17370,#17377,#17384,
    #17391,#17398,#17405,#17412,#17419,#17426,#17433,#17440,#17447,
    #17454,#17461,#17468,#17475,#17482,#17489,#17496,#17503,#17510,
    #17517,#17524,#17531,#17538,#17545,#17552,#17559,#17566,#17573,
    #17580,#17587,#17594,#17601,#17608,#17615,#17622,#17629,#17636,
    #17643,#17650,#17657,#17664,#17671,#17678,#17685,#17692,#17699,
    #17706,#17713,#17720,#17727,#17734,#17741,#17748,#17755,#17762,
    #17769,#17776,#17783,#17790,#17797,#17804,#17811,#17818,#17825,
    #17832,#17839,#17846,#17853,#17860,#17867,#17874,#17881,#17888,
    #17895,#17902,#17909,#17916,#17923,#17930,#17937,#17944,#17951,
    #17958,#17965,#17972,#17979,#17986,#17993,#18000,#18007,#18014,
    #18021,#18028,#18035,#18042,#18049,#18056,#18063,#18070,#18077,
    #18084,#18091,#18098,#18105,#18112,#18119,#18126,#18133,#18140,
    #18147,#18154,#18161,#18168,#18175,#18182,#18189,#18196,#18203,
    #18210,#18217,#18224,#18231,#18238,#18245,#18252,#18259,#18266,
    #18273,#18280,#18287,#18294,#18301,#18308,#18315,#18322,#18329,
    #18336,#18343,#18350,#18357,#18364,#18371,#18378,#18385,#18392,
    #18399,#18406,#18413,#18420,#18427,#18434,#18441,#18448,#18455,
    #18462,#18469,#18476,#18483,#18490,#18497,#18504,#18511,#18518,
    #18525,#18532,#18539,#18546,#18553,#18560,#18567,#18574,#18581,
    #18588,#18595,#18602,#18609,#18616,#18623,#18630,#18637,#18644,
    #18651,#18658,#18665,#18672,#18679,#18686,#18693,#18700,#18707,
    #18714,#18721,#18728,#18735,#18742,#18749),#5743);
#17137 = STYLED_ITEM('color',(#17138),#55);
#17138 = PRESENTATION_STYLE_ASSIGNMENT((#17139));
#17139 = SURFACE_STYLE_USAGE(.BOTH.,#17140);
#17140 = SURFACE_SIDE_STYLE('',(#17141));
#17141 = SURFACE_STYLE_FILL_AREA(#17142);
#17142 = FILL_AREA_STYLE('',(#17143));
#17143 = FILL_AREA_STYLE_COLOUR('',#17144);
#17144 = COLOUR_RGB('',0.147999998088,0.144999993226,0.144999993226);
#17145 = STYLED_ITEM('color',(#17146),#95);
#17146 = PRESENTATION_STYLE_ASSIGNMENT((#17147));
#17147 = SURFACE_STYLE_USAGE(.BOTH.,#17148);
#17148 = SURFACE_SIDE_STYLE('',(#17149));
#17149 = SURFACE_STYLE_FILL_AREA(#17150);
#17150 = FILL_AREA_STYLE('',(#17151));
#17151 = FILL_AREA_STYLE_COLOUR('',#17144);
#17152 = STYLED_ITEM('color',(#17153),#126);
#17153 = PRESENTATION_STYLE_ASSIGNMENT((#17154));
#17154 = SURFACE_STYLE_USAGE(.BOTH.,#17155);
#17155 = SURFACE_SIDE_STYLE('',(#17156));
#17156 = SURFACE_STYLE_FILL_AREA(#17157);
#17157 = FILL_AREA_STYLE('',(#17158));
#17158 = FILL_AREA_STYLE_COLOUR('',#17144);
#17159 = STYLED_ITEM('color',(#17160),#189);
#17160 = PRESENTATION_STYLE_ASSIGNMENT((#17161));
#17161 = SURFACE_STYLE_USAGE(.BOTH.,#17162);
#17162 = SURFACE_SIDE_STYLE('',(#17163));
#17163 = SURFACE_STYLE_FILL_AREA(#17164);
#17164 = FILL_AREA_STYLE('',(#17165));
#17165 = FILL_AREA_STYLE_COLOUR('',#17144);
#17166 = STYLED_ITEM('color',(#17167),#572);
#17167 = PRESENTATION_STYLE_ASSIGNMENT((#17168));
#17168 = SURFACE_STYLE_USAGE(.BOTH.,#17169);
#17169 = SURFACE_SIDE_STYLE('',(#17170));
#17170 = SURFACE_STYLE_FILL_AREA(#17171);
#17171 = FILL_AREA_STYLE('',(#17172));
#17172 = FILL_AREA_STYLE_COLOUR('',#17144);
#17173 = STYLED_ITEM('color',(#17174),#745);
#17174 = PRESENTATION_STYLE_ASSIGNMENT((#17175));
#17175 = SURFACE_STYLE_USAGE(.BOTH.,#17176);
#17176 = SURFACE_SIDE_STYLE('',(#17177));
#17177 = SURFACE_STYLE_FILL_AREA(#17178);
#17178 = FILL_AREA_STYLE('',(#17179));
#17179 = FILL_AREA_STYLE_COLOUR('',#17144);
#17180 = STYLED_ITEM('color',(#17181),#762);
#17181 = PRESENTATION_STYLE_ASSIGNMENT((#17182));
#17182 = SURFACE_STYLE_USAGE(.BOTH.,#17183);
#17183 = SURFACE_SIDE_STYLE('',(#17184));
#17184 = SURFACE_STYLE_FILL_AREA(#17185);
#17185 = FILL_AREA_STYLE('',(#17186));
#17186 = FILL_AREA_STYLE_COLOUR('',#17144);
#17187 = STYLED_ITEM('color',(#17188),#786);
#17188 = PRESENTATION_STYLE_ASSIGNMENT((#17189));
#17189 = SURFACE_STYLE_USAGE(.BOTH.,#17190);
#17190 = SURFACE_SIDE_STYLE('',(#17191));
#17191 = SURFACE_STYLE_FILL_AREA(#17192);
#17192 = FILL_AREA_STYLE('',(#17193));
#17193 = FILL_AREA_STYLE_COLOUR('',#17144);
#17194 = STYLED_ITEM('color',(#17195),#998);
#17195 = PRESENTATION_STYLE_ASSIGNMENT((#17196));
#17196 = SURFACE_STYLE_USAGE(.BOTH.,#17197);
#17197 = SURFACE_SIDE_STYLE('',(#17198));
#17198 = SURFACE_STYLE_FILL_AREA(#17199);
#17199 = FILL_AREA_STYLE('',(#17200));
#17200 = FILL_AREA_STYLE_COLOUR('',#17144);
#17201 = STYLED_ITEM('color',(#17202),#1022);
#17202 = PRESENTATION_STYLE_ASSIGNMENT((#17203));
#17203 = SURFACE_STYLE_USAGE(.BOTH.,#17204);
#17204 = SURFACE_SIDE_STYLE('',(#17205));
#17205 = SURFACE_STYLE_FILL_AREA(#17206);
#17206 = FILL_AREA_STYLE('',(#17207));
#17207 = FILL_AREA_STYLE_COLOUR('',#17144);
#17208 = STYLED_ITEM('color',(#17209),#1046);
#17209 = PRESENTATION_STYLE_ASSIGNMENT((#17210));
#17210 = SURFACE_STYLE_USAGE(.BOTH.,#17211);
#17211 = SURFACE_SIDE_STYLE('',(#17212));
#17212 = SURFACE_STYLE_FILL_AREA(#17213);
#17213 = FILL_AREA_STYLE('',(#17214));
#17214 = FILL_AREA_STYLE_COLOUR('',#17144);
#17215 = STYLED_ITEM('color',(#17216),#1105);
#17216 = PRESENTATION_STYLE_ASSIGNMENT((#17217));
#17217 = SURFACE_STYLE_USAGE(.BOTH.,#17218);
#17218 = SURFACE_SIDE_STYLE('',(#17219));
#17219 = SURFACE_STYLE_FILL_AREA(#17220);
#17220 = FILL_AREA_STYLE('',(#17221));
#17221 = FILL_AREA_STYLE_COLOUR('',#17144);
#17222 = STYLED_ITEM('color',(#17223),#1130);
#17223 = PRESENTATION_STYLE_ASSIGNMENT((#17224));
#17224 = SURFACE_STYLE_USAGE(.BOTH.,#17225);
#17225 = SURFACE_SIDE_STYLE('',(#17226));
#17226 = SURFACE_STYLE_FILL_AREA(#17227);
#17227 = FILL_AREA_STYLE('',(#17228));
#17228 = FILL_AREA_STYLE_COLOUR('',#17144);
#17229 = STYLED_ITEM('color',(#17230),#1147);
#17230 = PRESENTATION_STYLE_ASSIGNMENT((#17231));
#17231 = SURFACE_STYLE_USAGE(.BOTH.,#17232);
#17232 = SURFACE_SIDE_STYLE('',(#17233));
#17233 = SURFACE_STYLE_FILL_AREA(#17234);
#17234 = FILL_AREA_STYLE('',(#17235));
#17235 = FILL_AREA_STYLE_COLOUR('',#17144);
#17236 = STYLED_ITEM('color',(#17237),#1178);
#17237 = PRESENTATION_STYLE_ASSIGNMENT((#17238));
#17238 = SURFACE_STYLE_USAGE(.BOTH.,#17239);
#17239 = SURFACE_SIDE_STYLE('',(#17240));
#17240 = SURFACE_STYLE_FILL_AREA(#17241);
#17241 = FILL_AREA_STYLE('',(#17242));
#17242 = FILL_AREA_STYLE_COLOUR('',#17144);
#17243 = STYLED_ITEM('color',(#17244),#1195);
#17244 = PRESENTATION_STYLE_ASSIGNMENT((#17245));
#17245 = SURFACE_STYLE_USAGE(.BOTH.,#17246);
#17246 = SURFACE_SIDE_STYLE('',(#17247));
#17247 = SURFACE_STYLE_FILL_AREA(#17248);
#17248 = FILL_AREA_STYLE('',(#17249));
#17249 = FILL_AREA_STYLE_COLOUR('',#17144);
#17250 = STYLED_ITEM('color',(#17251),#1207);
#17251 = PRESENTATION_STYLE_ASSIGNMENT((#17252));
#17252 = SURFACE_STYLE_USAGE(.BOTH.,#17253);
#17253 = SURFACE_SIDE_STYLE('',(#17254));
#17254 = SURFACE_STYLE_FILL_AREA(#17255);
#17255 = FILL_AREA_STYLE('',(#17256));
#17256 = FILL_AREA_STYLE_COLOUR('',#17257);
#17257 = COLOUR_RGB('',0.823999987314,0.819999987296,0.781000009244);
#17258 = STYLED_ITEM('color',(#17259),#1227);
#17259 = PRESENTATION_STYLE_ASSIGNMENT((#17260));
#17260 = SURFACE_STYLE_USAGE(.BOTH.,#17261);
#17261 = SURFACE_SIDE_STYLE('',(#17262));
#17262 = SURFACE_STYLE_FILL_AREA(#17263);
#17263 = FILL_AREA_STYLE('',(#17264));
#17264 = FILL_AREA_STYLE_COLOUR('',#17257);
#17265 = STYLED_ITEM('color',(#17266),#1247);
#17266 = PRESENTATION_STYLE_ASSIGNMENT((#17267));
#17267 = SURFACE_STYLE_USAGE(.BOTH.,#17268);
#17268 = SURFACE_SIDE_STYLE('',(#17269));
#17269 = SURFACE_STYLE_FILL_AREA(#17270);
#17270 = FILL_AREA_STYLE('',(#17271));
#17271 = FILL_AREA_STYLE_COLOUR('',#17257);
#17272 = STYLED_ITEM('color',(#17273),#1267);
#17273 = PRESENTATION_STYLE_ASSIGNMENT((#17274));
#17274 = SURFACE_STYLE_USAGE(.BOTH.,#17275);
#17275 = SURFACE_SIDE_STYLE('',(#17276));
#17276 = SURFACE_STYLE_FILL_AREA(#17277);
#17277 = FILL_AREA_STYLE('',(#17278));
#17278 = FILL_AREA_STYLE_COLOUR('',#17257);
#17279 = STYLED_ITEM('color',(#17280),#1287);
#17280 = PRESENTATION_STYLE_ASSIGNMENT((#17281));
#17281 = SURFACE_STYLE_USAGE(.BOTH.,#17282);
#17282 = SURFACE_SIDE_STYLE('',(#17283));
#17283 = SURFACE_STYLE_FILL_AREA(#17284);
#17284 = FILL_AREA_STYLE('',(#17285));
#17285 = FILL_AREA_STYLE_COLOUR('',#17144);
#17286 = STYLED_ITEM('color',(#17287),#1332);
#17287 = PRESENTATION_STYLE_ASSIGNMENT((#17288));
#17288 = SURFACE_STYLE_USAGE(.BOTH.,#17289);
#17289 = SURFACE_SIDE_STYLE('',(#17290));
#17290 = SURFACE_STYLE_FILL_AREA(#17291);
#17291 = FILL_AREA_STYLE('',(#17292));
#17292 = FILL_AREA_STYLE_COLOUR('',#17144);
#17293 = STYLED_ITEM('color',(#17294),#1357);
#17294 = PRESENTATION_STYLE_ASSIGNMENT((#17295));
#17295 = SURFACE_STYLE_USAGE(.BOTH.,#17296);
#17296 = SURFACE_SIDE_STYLE('',(#17297));
#17297 = SURFACE_STYLE_FILL_AREA(#17298);
#17298 = FILL_AREA_STYLE('',(#17299));
#17299 = FILL_AREA_STYLE_COLOUR('',#17144);
#17300 = STYLED_ITEM('color',(#17301),#1374);
#17301 = PRESENTATION_STYLE_ASSIGNMENT((#17302));
#17302 = SURFACE_STYLE_USAGE(.BOTH.,#17303);
#17303 = SURFACE_SIDE_STYLE('',(#17304));
#17304 = SURFACE_STYLE_FILL_AREA(#17305);
#17305 = FILL_AREA_STYLE('',(#17306));
#17306 = FILL_AREA_STYLE_COLOUR('',#17144);
#17307 = STYLED_ITEM('color',(#17308),#1398);
#17308 = PRESENTATION_STYLE_ASSIGNMENT((#17309));
#17309 = SURFACE_STYLE_USAGE(.BOTH.,#17310);
#17310 = SURFACE_SIDE_STYLE('',(#17311));
#17311 = SURFACE_STYLE_FILL_AREA(#17312);
#17312 = FILL_AREA_STYLE('',(#17313));
#17313 = FILL_AREA_STYLE_COLOUR('',#17144);
#17314 = STYLED_ITEM('color',(#17315),#1422);
#17315 = PRESENTATION_STYLE_ASSIGNMENT((#17316));
#17316 = SURFACE_STYLE_USAGE(.BOTH.,#17317);
#17317 = SURFACE_SIDE_STYLE('',(#17318));
#17318 = SURFACE_STYLE_FILL_AREA(#17319);
#17319 = FILL_AREA_STYLE('',(#17320));
#17320 = FILL_AREA_STYLE_COLOUR('',#17144);
#17321 = STYLED_ITEM('color',(#17322),#1447);
#17322 = PRESENTATION_STYLE_ASSIGNMENT((#17323));
#17323 = SURFACE_STYLE_USAGE(.BOTH.,#17324);
#17324 = SURFACE_SIDE_STYLE('',(#17325));
#17325 = SURFACE_STYLE_FILL_AREA(#17326);
#17326 = FILL_AREA_STYLE('',(#17327));
#17327 = FILL_AREA_STYLE_COLOUR('',#17144);
#17328 = STYLED_ITEM('color',(#17329),#1470);
#17329 = PRESENTATION_STYLE_ASSIGNMENT((#17330));
#17330 = SURFACE_STYLE_USAGE(.BOTH.,#17331);
#17331 = SURFACE_SIDE_STYLE('',(#17332));
#17332 = SURFACE_STYLE_FILL_AREA(#17333);
#17333 = FILL_AREA_STYLE('',(#17334));
#17334 = FILL_AREA_STYLE_COLOUR('',#17144);
#17335 = STYLED_ITEM('color',(#17336),#1503);
#17336 = PRESENTATION_STYLE_ASSIGNMENT((#17337));
#17337 = SURFACE_STYLE_USAGE(.BOTH.,#17338);
#17338 = SURFACE_SIDE_STYLE('',(#17339));
#17339 = SURFACE_STYLE_FILL_AREA(#17340);
#17340 = FILL_AREA_STYLE('',(#17341));
#17341 = FILL_AREA_STYLE_COLOUR('',#17257);
#17342 = STYLED_ITEM('color',(#17343),#1523);
#17343 = PRESENTATION_STYLE_ASSIGNMENT((#17344));
#17344 = SURFACE_STYLE_USAGE(.BOTH.,#17345);
#17345 = SURFACE_SIDE_STYLE('',(#17346));
#17346 = SURFACE_STYLE_FILL_AREA(#17347);
#17347 = FILL_AREA_STYLE('',(#17348));
#17348 = FILL_AREA_STYLE_COLOUR('',#17257);
#17349 = STYLED_ITEM('color',(#17350),#1543);
#17350 = PRESENTATION_STYLE_ASSIGNMENT((#17351));
#17351 = SURFACE_STYLE_USAGE(.BOTH.,#17352);
#17352 = SURFACE_SIDE_STYLE('',(#17353));
#17353 = SURFACE_STYLE_FILL_AREA(#17354);
#17354 = FILL_AREA_STYLE('',(#17355));
#17355 = FILL_AREA_STYLE_COLOUR('',#17257);
#17356 = STYLED_ITEM('color',(#17357),#1563);
#17357 = PRESENTATION_STYLE_ASSIGNMENT((#17358));
#17358 = SURFACE_STYLE_USAGE(.BOTH.,#17359);
#17359 = SURFACE_SIDE_STYLE('',(#17360));
#17360 = SURFACE_STYLE_FILL_AREA(#17361);
#17361 = FILL_AREA_STYLE('',(#17362));
#17362 = FILL_AREA_STYLE_COLOUR('',#17257);
#17363 = STYLED_ITEM('color',(#17364),#1583);
#17364 = PRESENTATION_STYLE_ASSIGNMENT((#17365));
#17365 = SURFACE_STYLE_USAGE(.BOTH.,#17366);
#17366 = SURFACE_SIDE_STYLE('',(#17367));
#17367 = SURFACE_STYLE_FILL_AREA(#17368);
#17368 = FILL_AREA_STYLE('',(#17369));
#17369 = FILL_AREA_STYLE_COLOUR('',#17257);
#17370 = STYLED_ITEM('color',(#17371),#1603);
#17371 = PRESENTATION_STYLE_ASSIGNMENT((#17372));
#17372 = SURFACE_STYLE_USAGE(.BOTH.,#17373);
#17373 = SURFACE_SIDE_STYLE('',(#17374));
#17374 = SURFACE_STYLE_FILL_AREA(#17375);
#17375 = FILL_AREA_STYLE('',(#17376));
#17376 = FILL_AREA_STYLE_COLOUR('',#17257);
#17377 = STYLED_ITEM('color',(#17378),#1623);
#17378 = PRESENTATION_STYLE_ASSIGNMENT((#17379));
#17379 = SURFACE_STYLE_USAGE(.BOTH.,#17380);
#17380 = SURFACE_SIDE_STYLE('',(#17381));
#17381 = SURFACE_STYLE_FILL_AREA(#17382);
#17382 = FILL_AREA_STYLE('',(#17383));
#17383 = FILL_AREA_STYLE_COLOUR('',#17257);
#17384 = STYLED_ITEM('color',(#17385),#1643);
#17385 = PRESENTATION_STYLE_ASSIGNMENT((#17386));
#17386 = SURFACE_STYLE_USAGE(.BOTH.,#17387);
#17387 = SURFACE_SIDE_STYLE('',(#17388));
#17388 = SURFACE_STYLE_FILL_AREA(#17389);
#17389 = FILL_AREA_STYLE('',(#17390));
#17390 = FILL_AREA_STYLE_COLOUR('',#17257);
#17391 = STYLED_ITEM('color',(#17392),#1663);
#17392 = PRESENTATION_STYLE_ASSIGNMENT((#17393));
#17393 = SURFACE_STYLE_USAGE(.BOTH.,#17394);
#17394 = SURFACE_SIDE_STYLE('',(#17395));
#17395 = SURFACE_STYLE_FILL_AREA(#17396);
#17396 = FILL_AREA_STYLE('',(#17397));
#17397 = FILL_AREA_STYLE_COLOUR('',#17257);
#17398 = STYLED_ITEM('color',(#17399),#1683);
#17399 = PRESENTATION_STYLE_ASSIGNMENT((#17400));
#17400 = SURFACE_STYLE_USAGE(.BOTH.,#17401);
#17401 = SURFACE_SIDE_STYLE('',(#17402));
#17402 = SURFACE_STYLE_FILL_AREA(#17403);
#17403 = FILL_AREA_STYLE('',(#17404));
#17404 = FILL_AREA_STYLE_COLOUR('',#17257);
#17405 = STYLED_ITEM('color',(#17406),#1703);
#17406 = PRESENTATION_STYLE_ASSIGNMENT((#17407));
#17407 = SURFACE_STYLE_USAGE(.BOTH.,#17408);
#17408 = SURFACE_SIDE_STYLE('',(#17409));
#17409 = SURFACE_STYLE_FILL_AREA(#17410);
#17410 = FILL_AREA_STYLE('',(#17411));
#17411 = FILL_AREA_STYLE_COLOUR('',#17257);
#17412 = STYLED_ITEM('color',(#17413),#1723);
#17413 = PRESENTATION_STYLE_ASSIGNMENT((#17414));
#17414 = SURFACE_STYLE_USAGE(.BOTH.,#17415);
#17415 = SURFACE_SIDE_STYLE('',(#17416));
#17416 = SURFACE_STYLE_FILL_AREA(#17417);
#17417 = FILL_AREA_STYLE('',(#17418));
#17418 = FILL_AREA_STYLE_COLOUR('',#17257);
#17419 = STYLED_ITEM('color',(#17420),#1743);
#17420 = PRESENTATION_STYLE_ASSIGNMENT((#17421));
#17421 = SURFACE_STYLE_USAGE(.BOTH.,#17422);
#17422 = SURFACE_SIDE_STYLE('',(#17423));
#17423 = SURFACE_STYLE_FILL_AREA(#17424);
#17424 = FILL_AREA_STYLE('',(#17425));
#17425 = FILL_AREA_STYLE_COLOUR('',#17144);
#17426 = STYLED_ITEM('color',(#17427),#1760);
#17427 = PRESENTATION_STYLE_ASSIGNMENT((#17428));
#17428 = SURFACE_STYLE_USAGE(.BOTH.,#17429);
#17429 = SURFACE_SIDE_STYLE('',(#17430));
#17430 = SURFACE_STYLE_FILL_AREA(#17431);
#17431 = FILL_AREA_STYLE('',(#17432));
#17432 = FILL_AREA_STYLE_COLOUR('',#17144);
#17433 = STYLED_ITEM('color',(#17434),#1785);
#17434 = PRESENTATION_STYLE_ASSIGNMENT((#17435));
#17435 = SURFACE_STYLE_USAGE(.BOTH.,#17436);
#17436 = SURFACE_SIDE_STYLE('',(#17437));
#17437 = SURFACE_STYLE_FILL_AREA(#17438);
#17438 = FILL_AREA_STYLE('',(#17439));
#17439 = FILL_AREA_STYLE_COLOUR('',#17144);
#17440 = STYLED_ITEM('color',(#17441),#1818);
#17441 = PRESENTATION_STYLE_ASSIGNMENT((#17442));
#17442 = SURFACE_STYLE_USAGE(.BOTH.,#17443);
#17443 = SURFACE_SIDE_STYLE('',(#17444));
#17444 = SURFACE_STYLE_FILL_AREA(#17445);
#17445 = FILL_AREA_STYLE('',(#17446));
#17446 = FILL_AREA_STYLE_COLOUR('',#17144);
#17447 = STYLED_ITEM('color',(#17448),#1842);
#17448 = PRESENTATION_STYLE_ASSIGNMENT((#17449));
#17449 = SURFACE_STYLE_USAGE(.BOTH.,#17450);
#17450 = SURFACE_SIDE_STYLE('',(#17451));
#17451 = SURFACE_STYLE_FILL_AREA(#17452);
#17452 = FILL_AREA_STYLE('',(#17453));
#17453 = FILL_AREA_STYLE_COLOUR('',#17144);
#17454 = STYLED_ITEM('color',(#17455),#1860);
#17455 = PRESENTATION_STYLE_ASSIGNMENT((#17456));
#17456 = SURFACE_STYLE_USAGE(.BOTH.,#17457);
#17457 = SURFACE_SIDE_STYLE('',(#17458));
#17458 = SURFACE_STYLE_FILL_AREA(#17459);
#17459 = FILL_AREA_STYLE('',(#17460));
#17460 = FILL_AREA_STYLE_COLOUR('',#17144);
#17461 = STYLED_ITEM('color',(#17462),#1878);
#17462 = PRESENTATION_STYLE_ASSIGNMENT((#17463));
#17463 = SURFACE_STYLE_USAGE(.BOTH.,#17464);
#17464 = SURFACE_SIDE_STYLE('',(#17465));
#17465 = SURFACE_STYLE_FILL_AREA(#17466);
#17466 = FILL_AREA_STYLE('',(#17467));
#17467 = FILL_AREA_STYLE_COLOUR('',#17144);
#17468 = STYLED_ITEM('color',(#17469),#1895);
#17469 = PRESENTATION_STYLE_ASSIGNMENT((#17470));
#17470 = SURFACE_STYLE_USAGE(.BOTH.,#17471);
#17471 = SURFACE_SIDE_STYLE('',(#17472));
#17472 = SURFACE_STYLE_FILL_AREA(#17473);
#17473 = FILL_AREA_STYLE('',(#17474));
#17474 = FILL_AREA_STYLE_COLOUR('',#17144);
#17475 = STYLED_ITEM('color',(#17476),#1912);
#17476 = PRESENTATION_STYLE_ASSIGNMENT((#17477));
#17477 = SURFACE_STYLE_USAGE(.BOTH.,#17478);
#17478 = SURFACE_SIDE_STYLE('',(#17479));
#17479 = SURFACE_STYLE_FILL_AREA(#17480);
#17480 = FILL_AREA_STYLE('',(#17481));
#17481 = FILL_AREA_STYLE_COLOUR('',#17144);
#17482 = STYLED_ITEM('color',(#17483),#1924);
#17483 = PRESENTATION_STYLE_ASSIGNMENT((#17484));
#17484 = SURFACE_STYLE_USAGE(.BOTH.,#17485);
#17485 = SURFACE_SIDE_STYLE('',(#17486));
#17486 = SURFACE_STYLE_FILL_AREA(#17487);
#17487 = FILL_AREA_STYLE('',(#17488));
#17488 = FILL_AREA_STYLE_COLOUR('',#17257);
#17489 = STYLED_ITEM('color',(#17490),#1949);
#17490 = PRESENTATION_STYLE_ASSIGNMENT((#17491));
#17491 = SURFACE_STYLE_USAGE(.BOTH.,#17492);
#17492 = SURFACE_SIDE_STYLE('',(#17493));
#17493 = SURFACE_STYLE_FILL_AREA(#17494);
#17494 = FILL_AREA_STYLE('',(#17495));
#17495 = FILL_AREA_STYLE_COLOUR('',#17257);
#17496 = STYLED_ITEM('color',(#17497),#1974);
#17497 = PRESENTATION_STYLE_ASSIGNMENT((#17498));
#17498 = SURFACE_STYLE_USAGE(.BOTH.,#17499);
#17499 = SURFACE_SIDE_STYLE('',(#17500));
#17500 = SURFACE_STYLE_FILL_AREA(#17501);
#17501 = FILL_AREA_STYLE('',(#17502));
#17502 = FILL_AREA_STYLE_COLOUR('',#17257);
#17503 = STYLED_ITEM('color',(#17504),#1999);
#17504 = PRESENTATION_STYLE_ASSIGNMENT((#17505));
#17505 = SURFACE_STYLE_USAGE(.BOTH.,#17506);
#17506 = SURFACE_SIDE_STYLE('',(#17507));
#17507 = SURFACE_STYLE_FILL_AREA(#17508);
#17508 = FILL_AREA_STYLE('',(#17509));
#17509 = FILL_AREA_STYLE_COLOUR('',#17257);
#17510 = STYLED_ITEM('color',(#17511),#2024);
#17511 = PRESENTATION_STYLE_ASSIGNMENT((#17512));
#17512 = SURFACE_STYLE_USAGE(.BOTH.,#17513);
#17513 = SURFACE_SIDE_STYLE('',(#17514));
#17514 = SURFACE_STYLE_FILL_AREA(#17515);
#17515 = FILL_AREA_STYLE('',(#17516));
#17516 = FILL_AREA_STYLE_COLOUR('',#17257);
#17517 = STYLED_ITEM('color',(#17518),#2049);
#17518 = PRESENTATION_STYLE_ASSIGNMENT((#17519));
#17519 = SURFACE_STYLE_USAGE(.BOTH.,#17520);
#17520 = SURFACE_SIDE_STYLE('',(#17521));
#17521 = SURFACE_STYLE_FILL_AREA(#17522);
#17522 = FILL_AREA_STYLE('',(#17523));
#17523 = FILL_AREA_STYLE_COLOUR('',#17257);
#17524 = STYLED_ITEM('color',(#17525),#2074);
#17525 = PRESENTATION_STYLE_ASSIGNMENT((#17526));
#17526 = SURFACE_STYLE_USAGE(.BOTH.,#17527);
#17527 = SURFACE_SIDE_STYLE('',(#17528));
#17528 = SURFACE_STYLE_FILL_AREA(#17529);
#17529 = FILL_AREA_STYLE('',(#17530));
#17530 = FILL_AREA_STYLE_COLOUR('',#17257);
#17531 = STYLED_ITEM('color',(#17532),#2099);
#17532 = PRESENTATION_STYLE_ASSIGNMENT((#17533));
#17533 = SURFACE_STYLE_USAGE(.BOTH.,#17534);
#17534 = SURFACE_SIDE_STYLE('',(#17535));
#17535 = SURFACE_STYLE_FILL_AREA(#17536);
#17536 = FILL_AREA_STYLE('',(#17537));
#17537 = FILL_AREA_STYLE_COLOUR('',#17257);
#17538 = STYLED_ITEM('color',(#17539),#2124);
#17539 = PRESENTATION_STYLE_ASSIGNMENT((#17540));
#17540 = SURFACE_STYLE_USAGE(.BOTH.,#17541);
#17541 = SURFACE_SIDE_STYLE('',(#17542));
#17542 = SURFACE_STYLE_FILL_AREA(#17543);
#17543 = FILL_AREA_STYLE('',(#17544));
#17544 = FILL_AREA_STYLE_COLOUR('',#17144);
#17545 = STYLED_ITEM('color',(#17546),#2141);
#17546 = PRESENTATION_STYLE_ASSIGNMENT((#17547));
#17547 = SURFACE_STYLE_USAGE(.BOTH.,#17548);
#17548 = SURFACE_SIDE_STYLE('',(#17549));
#17549 = SURFACE_STYLE_FILL_AREA(#17550);
#17550 = FILL_AREA_STYLE('',(#17551));
#17551 = FILL_AREA_STYLE_COLOUR('',#17144);
#17552 = STYLED_ITEM('color',(#17553),#2158);
#17553 = PRESENTATION_STYLE_ASSIGNMENT((#17554));
#17554 = SURFACE_STYLE_USAGE(.BOTH.,#17555);
#17555 = SURFACE_SIDE_STYLE('',(#17556));
#17556 = SURFACE_STYLE_FILL_AREA(#17557);
#17557 = FILL_AREA_STYLE('',(#17558));
#17558 = FILL_AREA_STYLE_COLOUR('',#17144);
#17559 = STYLED_ITEM('color',(#17560),#2175);
#17560 = PRESENTATION_STYLE_ASSIGNMENT((#17561));
#17561 = SURFACE_STYLE_USAGE(.BOTH.,#17562);
#17562 = SURFACE_SIDE_STYLE('',(#17563));
#17563 = SURFACE_STYLE_FILL_AREA(#17564);
#17564 = FILL_AREA_STYLE('',(#17565));
#17565 = FILL_AREA_STYLE_COLOUR('',#17144);
#17566 = STYLED_ITEM('color',(#17567),#2187);
#17567 = PRESENTATION_STYLE_ASSIGNMENT((#17568));
#17568 = SURFACE_STYLE_USAGE(.BOTH.,#17569);
#17569 = SURFACE_SIDE_STYLE('',(#17570));
#17570 = SURFACE_STYLE_FILL_AREA(#17571);
#17571 = FILL_AREA_STYLE('',(#17572));
#17572 = FILL_AREA_STYLE_COLOUR('',#17257);
#17573 = STYLED_ITEM('color',(#17574),#2212);
#17574 = PRESENTATION_STYLE_ASSIGNMENT((#17575));
#17575 = SURFACE_STYLE_USAGE(.BOTH.,#17576);
#17576 = SURFACE_SIDE_STYLE('',(#17577));
#17577 = SURFACE_STYLE_FILL_AREA(#17578);
#17578 = FILL_AREA_STYLE('',(#17579));
#17579 = FILL_AREA_STYLE_COLOUR('',#17257);
#17580 = STYLED_ITEM('color',(#17581),#2237);
#17581 = PRESENTATION_STYLE_ASSIGNMENT((#17582));
#17582 = SURFACE_STYLE_USAGE(.BOTH.,#17583);
#17583 = SURFACE_SIDE_STYLE('',(#17584));
#17584 = SURFACE_STYLE_FILL_AREA(#17585);
#17585 = FILL_AREA_STYLE('',(#17586));
#17586 = FILL_AREA_STYLE_COLOUR('',#17257);
#17587 = STYLED_ITEM('color',(#17588),#2262);
#17588 = PRESENTATION_STYLE_ASSIGNMENT((#17589));
#17589 = SURFACE_STYLE_USAGE(.BOTH.,#17590);
#17590 = SURFACE_SIDE_STYLE('',(#17591));
#17591 = SURFACE_STYLE_FILL_AREA(#17592);
#17592 = FILL_AREA_STYLE('',(#17593));
#17593 = FILL_AREA_STYLE_COLOUR('',#17257);
#17594 = STYLED_ITEM('color',(#17595),#2287);
#17595 = PRESENTATION_STYLE_ASSIGNMENT((#17596));
#17596 = SURFACE_STYLE_USAGE(.BOTH.,#17597);
#17597 = SURFACE_SIDE_STYLE('',(#17598));
#17598 = SURFACE_STYLE_FILL_AREA(#17599);
#17599 = FILL_AREA_STYLE('',(#17600));
#17600 = FILL_AREA_STYLE_COLOUR('',#17257);
#17601 = STYLED_ITEM('color',(#17602),#2312);
#17602 = PRESENTATION_STYLE_ASSIGNMENT((#17603));
#17603 = SURFACE_STYLE_USAGE(.BOTH.,#17604);
#17604 = SURFACE_SIDE_STYLE('',(#17605));
#17605 = SURFACE_STYLE_FILL_AREA(#17606);
#17606 = FILL_AREA_STYLE('',(#17607));
#17607 = FILL_AREA_STYLE_COLOUR('',#17257);
#17608 = STYLED_ITEM('color',(#17609),#2337);
#17609 = PRESENTATION_STYLE_ASSIGNMENT((#17610));
#17610 = SURFACE_STYLE_USAGE(.BOTH.,#17611);
#17611 = SURFACE_SIDE_STYLE('',(#17612));
#17612 = SURFACE_STYLE_FILL_AREA(#17613);
#17613 = FILL_AREA_STYLE('',(#17614));
#17614 = FILL_AREA_STYLE_COLOUR('',#17257);
#17615 = STYLED_ITEM('color',(#17616),#2362);
#17616 = PRESENTATION_STYLE_ASSIGNMENT((#17617));
#17617 = SURFACE_STYLE_USAGE(.BOTH.,#17618);
#17618 = SURFACE_SIDE_STYLE('',(#17619));
#17619 = SURFACE_STYLE_FILL_AREA(#17620);
#17620 = FILL_AREA_STYLE('',(#17621));
#17621 = FILL_AREA_STYLE_COLOUR('',#17257);
#17622 = STYLED_ITEM('color',(#17623),#2387);
#17623 = PRESENTATION_STYLE_ASSIGNMENT((#17624));
#17624 = SURFACE_STYLE_USAGE(.BOTH.,#17625);
#17625 = SURFACE_SIDE_STYLE('',(#17626));
#17626 = SURFACE_STYLE_FILL_AREA(#17627);
#17627 = FILL_AREA_STYLE('',(#17628));
#17628 = FILL_AREA_STYLE_COLOUR('',#17144);
#17629 = STYLED_ITEM('color',(#17630),#2399);
#17630 = PRESENTATION_STYLE_ASSIGNMENT((#17631));
#17631 = SURFACE_STYLE_USAGE(.BOTH.,#17632);
#17632 = SURFACE_SIDE_STYLE('',(#17633));
#17633 = SURFACE_STYLE_FILL_AREA(#17634);
#17634 = FILL_AREA_STYLE('',(#17635));
#17635 = FILL_AREA_STYLE_COLOUR('',#17257);
#17636 = STYLED_ITEM('color',(#17637),#2424);
#17637 = PRESENTATION_STYLE_ASSIGNMENT((#17638));
#17638 = SURFACE_STYLE_USAGE(.BOTH.,#17639);
#17639 = SURFACE_SIDE_STYLE('',(#17640));
#17640 = SURFACE_STYLE_FILL_AREA(#17641);
#17641 = FILL_AREA_STYLE('',(#17642));
#17642 = FILL_AREA_STYLE_COLOUR('',#17257);
#17643 = STYLED_ITEM('color',(#17644),#2449);
#17644 = PRESENTATION_STYLE_ASSIGNMENT((#17645));
#17645 = SURFACE_STYLE_USAGE(.BOTH.,#17646);
#17646 = SURFACE_SIDE_STYLE('',(#17647));
#17647 = SURFACE_STYLE_FILL_AREA(#17648);
#17648 = FILL_AREA_STYLE('',(#17649));
#17649 = FILL_AREA_STYLE_COLOUR('',#17257);
#17650 = STYLED_ITEM('color',(#17651),#2474);
#17651 = PRESENTATION_STYLE_ASSIGNMENT((#17652));
#17652 = SURFACE_STYLE_USAGE(.BOTH.,#17653);
#17653 = SURFACE_SIDE_STYLE('',(#17654));
#17654 = SURFACE_STYLE_FILL_AREA(#17655);
#17655 = FILL_AREA_STYLE('',(#17656));
#17656 = FILL_AREA_STYLE_COLOUR('',#17257);
#17657 = STYLED_ITEM('color',(#17658),#2499);
#17658 = PRESENTATION_STYLE_ASSIGNMENT((#17659));
#17659 = SURFACE_STYLE_USAGE(.BOTH.,#17660);
#17660 = SURFACE_SIDE_STYLE('',(#17661));
#17661 = SURFACE_STYLE_FILL_AREA(#17662);
#17662 = FILL_AREA_STYLE('',(#17663));
#17663 = FILL_AREA_STYLE_COLOUR('',#17144);
#17664 = STYLED_ITEM('color',(#17665),#2515);
#17665 = PRESENTATION_STYLE_ASSIGNMENT((#17666));
#17666 = SURFACE_STYLE_USAGE(.BOTH.,#17667);
#17667 = SURFACE_SIDE_STYLE('',(#17668));
#17668 = SURFACE_STYLE_FILL_AREA(#17669);
#17669 = FILL_AREA_STYLE('',(#17670));
#17670 = FILL_AREA_STYLE_COLOUR('',#17257);
#17671 = STYLED_ITEM('color',(#17672),#2540);
#17672 = PRESENTATION_STYLE_ASSIGNMENT((#17673));
#17673 = SURFACE_STYLE_USAGE(.BOTH.,#17674);
#17674 = SURFACE_SIDE_STYLE('',(#17675));
#17675 = SURFACE_STYLE_FILL_AREA(#17676);
#17676 = FILL_AREA_STYLE('',(#17677));
#17677 = FILL_AREA_STYLE_COLOUR('',#17257);
#17678 = STYLED_ITEM('color',(#17679),#2565);
#17679 = PRESENTATION_STYLE_ASSIGNMENT((#17680));
#17680 = SURFACE_STYLE_USAGE(.BOTH.,#17681);
#17681 = SURFACE_SIDE_STYLE('',(#17682));
#17682 = SURFACE_STYLE_FILL_AREA(#17683);
#17683 = FILL_AREA_STYLE('',(#17684));
#17684 = FILL_AREA_STYLE_COLOUR('',#17257);
#17685 = STYLED_ITEM('color',(#17686),#2590);
#17686 = PRESENTATION_STYLE_ASSIGNMENT((#17687));
#17687 = SURFACE_STYLE_USAGE(.BOTH.,#17688);
#17688 = SURFACE_SIDE_STYLE('',(#17689));
#17689 = SURFACE_STYLE_FILL_AREA(#17690);
#17690 = FILL_AREA_STYLE('',(#17691));
#17691 = FILL_AREA_STYLE_COLOUR('',#17257);
#17692 = STYLED_ITEM('color',(#17693),#2615);
#17693 = PRESENTATION_STYLE_ASSIGNMENT((#17694));
#17694 = SURFACE_STYLE_USAGE(.BOTH.,#17695);
#17695 = SURFACE_SIDE_STYLE('',(#17696));
#17696 = SURFACE_STYLE_FILL_AREA(#17697);
#17697 = FILL_AREA_STYLE('',(#17698));
#17698 = FILL_AREA_STYLE_COLOUR('',#17257);
#17699 = STYLED_ITEM('color',(#17700),#2640);
#17700 = PRESENTATION_STYLE_ASSIGNMENT((#17701));
#17701 = SURFACE_STYLE_USAGE(.BOTH.,#17702);
#17702 = SURFACE_SIDE_STYLE('',(#17703));
#17703 = SURFACE_STYLE_FILL_AREA(#17704);
#17704 = FILL_AREA_STYLE('',(#17705));
#17705 = FILL_AREA_STYLE_COLOUR('',#17257);
#17706 = STYLED_ITEM('color',(#17707),#2665);
#17707 = PRESENTATION_STYLE_ASSIGNMENT((#17708));
#17708 = SURFACE_STYLE_USAGE(.BOTH.,#17709);
#17709 = SURFACE_SIDE_STYLE('',(#17710));
#17710 = SURFACE_STYLE_FILL_AREA(#17711);
#17711 = FILL_AREA_STYLE('',(#17712));
#17712 = FILL_AREA_STYLE_COLOUR('',#17257);
#17713 = STYLED_ITEM('color',(#17714),#2690);
#17714 = PRESENTATION_STYLE_ASSIGNMENT((#17715));
#17715 = SURFACE_STYLE_USAGE(.BOTH.,#17716);
#17716 = SURFACE_SIDE_STYLE('',(#17717));
#17717 = SURFACE_STYLE_FILL_AREA(#17718);
#17718 = FILL_AREA_STYLE('',(#17719));
#17719 = FILL_AREA_STYLE_COLOUR('',#17257);
#17720 = STYLED_ITEM('color',(#17721),#2715);
#17721 = PRESENTATION_STYLE_ASSIGNMENT((#17722));
#17722 = SURFACE_STYLE_USAGE(.BOTH.,#17723);
#17723 = SURFACE_SIDE_STYLE('',(#17724));
#17724 = SURFACE_STYLE_FILL_AREA(#17725);
#17725 = FILL_AREA_STYLE('',(#17726));
#17726 = FILL_AREA_STYLE_COLOUR('',#17257);
#17727 = STYLED_ITEM('color',(#17728),#2740);
#17728 = PRESENTATION_STYLE_ASSIGNMENT((#17729));
#17729 = SURFACE_STYLE_USAGE(.BOTH.,#17730);
#17730 = SURFACE_SIDE_STYLE('',(#17731));
#17731 = SURFACE_STYLE_FILL_AREA(#17732);
#17732 = FILL_AREA_STYLE('',(#17733));
#17733 = FILL_AREA_STYLE_COLOUR('',#17257);
#17734 = STYLED_ITEM('color',(#17735),#2765);
#17735 = PRESENTATION_STYLE_ASSIGNMENT((#17736));
#17736 = SURFACE_STYLE_USAGE(.BOTH.,#17737);
#17737 = SURFACE_SIDE_STYLE('',(#17738));
#17738 = SURFACE_STYLE_FILL_AREA(#17739);
#17739 = FILL_AREA_STYLE('',(#17740));
#17740 = FILL_AREA_STYLE_COLOUR('',#17257);
#17741 = STYLED_ITEM('color',(#17742),#2790);
#17742 = PRESENTATION_STYLE_ASSIGNMENT((#17743));
#17743 = SURFACE_STYLE_USAGE(.BOTH.,#17744);
#17744 = SURFACE_SIDE_STYLE('',(#17745));
#17745 = SURFACE_STYLE_FILL_AREA(#17746);
#17746 = FILL_AREA_STYLE('',(#17747));
#17747 = FILL_AREA_STYLE_COLOUR('',#17257);
#17748 = STYLED_ITEM('color',(#17749),#2815);
#17749 = PRESENTATION_STYLE_ASSIGNMENT((#17750));
#17750 = SURFACE_STYLE_USAGE(.BOTH.,#17751);
#17751 = SURFACE_SIDE_STYLE('',(#17752));
#17752 = SURFACE_STYLE_FILL_AREA(#17753);
#17753 = FILL_AREA_STYLE('',(#17754));
#17754 = FILL_AREA_STYLE_COLOUR('',#17257);
#17755 = STYLED_ITEM('color',(#17756),#2835);
#17756 = PRESENTATION_STYLE_ASSIGNMENT((#17757));
#17757 = SURFACE_STYLE_USAGE(.BOTH.,#17758);
#17758 = SURFACE_SIDE_STYLE('',(#17759));
#17759 = SURFACE_STYLE_FILL_AREA(#17760);
#17760 = FILL_AREA_STYLE('',(#17761));
#17761 = FILL_AREA_STYLE_COLOUR('',#17257);
#17762 = STYLED_ITEM('color',(#17763),#2855);
#17763 = PRESENTATION_STYLE_ASSIGNMENT((#17764));
#17764 = SURFACE_STYLE_USAGE(.BOTH.,#17765);
#17765 = SURFACE_SIDE_STYLE('',(#17766));
#17766 = SURFACE_STYLE_FILL_AREA(#17767);
#17767 = FILL_AREA_STYLE('',(#17768));
#17768 = FILL_AREA_STYLE_COLOUR('',#17257);
#17769 = STYLED_ITEM('color',(#17770),#2875);
#17770 = PRESENTATION_STYLE_ASSIGNMENT((#17771));
#17771 = SURFACE_STYLE_USAGE(.BOTH.,#17772);
#17772 = SURFACE_SIDE_STYLE('',(#17773));
#17773 = SURFACE_STYLE_FILL_AREA(#17774);
#17774 = FILL_AREA_STYLE('',(#17775));
#17775 = FILL_AREA_STYLE_COLOUR('',#17257);
#17776 = STYLED_ITEM('color',(#17777),#2895);
#17777 = PRESENTATION_STYLE_ASSIGNMENT((#17778));
#17778 = SURFACE_STYLE_USAGE(.BOTH.,#17779);
#17779 = SURFACE_SIDE_STYLE('',(#17780));
#17780 = SURFACE_STYLE_FILL_AREA(#17781);
#17781 = FILL_AREA_STYLE('',(#17782));
#17782 = FILL_AREA_STYLE_COLOUR('',#17257);
#17783 = STYLED_ITEM('color',(#17784),#2915);
#17784 = PRESENTATION_STYLE_ASSIGNMENT((#17785));
#17785 = SURFACE_STYLE_USAGE(.BOTH.,#17786);
#17786 = SURFACE_SIDE_STYLE('',(#17787));
#17787 = SURFACE_STYLE_FILL_AREA(#17788);
#17788 = FILL_AREA_STYLE('',(#17789));
#17789 = FILL_AREA_STYLE_COLOUR('',#17257);
#17790 = STYLED_ITEM('color',(#17791),#2935);
#17791 = PRESENTATION_STYLE_ASSIGNMENT((#17792));
#17792 = SURFACE_STYLE_USAGE(.BOTH.,#17793);
#17793 = SURFACE_SIDE_STYLE('',(#17794));
#17794 = SURFACE_STYLE_FILL_AREA(#17795);
#17795 = FILL_AREA_STYLE('',(#17796));
#17796 = FILL_AREA_STYLE_COLOUR('',#17257);
#17797 = STYLED_ITEM('color',(#17798),#2955);
#17798 = PRESENTATION_STYLE_ASSIGNMENT((#17799));
#17799 = SURFACE_STYLE_USAGE(.BOTH.,#17800);
#17800 = SURFACE_SIDE_STYLE('',(#17801));
#17801 = SURFACE_STYLE_FILL_AREA(#17802);
#17802 = FILL_AREA_STYLE('',(#17803));
#17803 = FILL_AREA_STYLE_COLOUR('',#17257);
#17804 = STYLED_ITEM('color',(#17805),#2975);
#17805 = PRESENTATION_STYLE_ASSIGNMENT((#17806));
#17806 = SURFACE_STYLE_USAGE(.BOTH.,#17807);
#17807 = SURFACE_SIDE_STYLE('',(#17808));
#17808 = SURFACE_STYLE_FILL_AREA(#17809);
#17809 = FILL_AREA_STYLE('',(#17810));
#17810 = FILL_AREA_STYLE_COLOUR('',#17257);
#17811 = STYLED_ITEM('color',(#17812),#2995);
#17812 = PRESENTATION_STYLE_ASSIGNMENT((#17813));
#17813 = SURFACE_STYLE_USAGE(.BOTH.,#17814);
#17814 = SURFACE_SIDE_STYLE('',(#17815));
#17815 = SURFACE_STYLE_FILL_AREA(#17816);
#17816 = FILL_AREA_STYLE('',(#17817));
#17817 = FILL_AREA_STYLE_COLOUR('',#17257);
#17818 = STYLED_ITEM('color',(#17819),#3015);
#17819 = PRESENTATION_STYLE_ASSIGNMENT((#17820));
#17820 = SURFACE_STYLE_USAGE(.BOTH.,#17821);
#17821 = SURFACE_SIDE_STYLE('',(#17822));
#17822 = SURFACE_STYLE_FILL_AREA(#17823);
#17823 = FILL_AREA_STYLE('',(#17824));
#17824 = FILL_AREA_STYLE_COLOUR('',#17257);
#17825 = STYLED_ITEM('color',(#17826),#3035);
#17826 = PRESENTATION_STYLE_ASSIGNMENT((#17827));
#17827 = SURFACE_STYLE_USAGE(.BOTH.,#17828);
#17828 = SURFACE_SIDE_STYLE('',(#17829));
#17829 = SURFACE_STYLE_FILL_AREA(#17830);
#17830 = FILL_AREA_STYLE('',(#17831));
#17831 = FILL_AREA_STYLE_COLOUR('',#17257);
#17832 = STYLED_ITEM('color',(#17833),#3055);
#17833 = PRESENTATION_STYLE_ASSIGNMENT((#17834));
#17834 = SURFACE_STYLE_USAGE(.BOTH.,#17835);
#17835 = SURFACE_SIDE_STYLE('',(#17836));
#17836 = SURFACE_STYLE_FILL_AREA(#17837);
#17837 = FILL_AREA_STYLE('',(#17838));
#17838 = FILL_AREA_STYLE_COLOUR('',#17257);
#17839 = STYLED_ITEM('color',(#17840),#3075);
#17840 = PRESENTATION_STYLE_ASSIGNMENT((#17841));
#17841 = SURFACE_STYLE_USAGE(.BOTH.,#17842);
#17842 = SURFACE_SIDE_STYLE('',(#17843));
#17843 = SURFACE_STYLE_FILL_AREA(#17844);
#17844 = FILL_AREA_STYLE('',(#17845));
#17845 = FILL_AREA_STYLE_COLOUR('',#17257);
#17846 = STYLED_ITEM('color',(#17847),#3095);
#17847 = PRESENTATION_STYLE_ASSIGNMENT((#17848));
#17848 = SURFACE_STYLE_USAGE(.BOTH.,#17849);
#17849 = SURFACE_SIDE_STYLE('',(#17850));
#17850 = SURFACE_STYLE_FILL_AREA(#17851);
#17851 = FILL_AREA_STYLE('',(#17852));
#17852 = FILL_AREA_STYLE_COLOUR('',#17257);
#17853 = STYLED_ITEM('color',(#17854),#3115);
#17854 = PRESENTATION_STYLE_ASSIGNMENT((#17855));
#17855 = SURFACE_STYLE_USAGE(.BOTH.,#17856);
#17856 = SURFACE_SIDE_STYLE('',(#17857));
#17857 = SURFACE_STYLE_FILL_AREA(#17858);
#17858 = FILL_AREA_STYLE('',(#17859));
#17859 = FILL_AREA_STYLE_COLOUR('',#17257);
#17860 = STYLED_ITEM('color',(#17861),#3135);
#17861 = PRESENTATION_STYLE_ASSIGNMENT((#17862));
#17862 = SURFACE_STYLE_USAGE(.BOTH.,#17863);
#17863 = SURFACE_SIDE_STYLE('',(#17864));
#17864 = SURFACE_STYLE_FILL_AREA(#17865);
#17865 = FILL_AREA_STYLE('',(#17866));
#17866 = FILL_AREA_STYLE_COLOUR('',#17257);
#17867 = STYLED_ITEM('color',(#17868),#3160);
#17868 = PRESENTATION_STYLE_ASSIGNMENT((#17869));
#17869 = SURFACE_STYLE_USAGE(.BOTH.,#17870);
#17870 = SURFACE_SIDE_STYLE('',(#17871));
#17871 = SURFACE_STYLE_FILL_AREA(#17872);
#17872 = FILL_AREA_STYLE('',(#17873));
#17873 = FILL_AREA_STYLE_COLOUR('',#17257);
#17874 = STYLED_ITEM('color',(#17875),#3185);
#17875 = PRESENTATION_STYLE_ASSIGNMENT((#17876));
#17876 = SURFACE_STYLE_USAGE(.BOTH.,#17877);
#17877 = SURFACE_SIDE_STYLE('',(#17878));
#17878 = SURFACE_STYLE_FILL_AREA(#17879);
#17879 = FILL_AREA_STYLE('',(#17880));
#17880 = FILL_AREA_STYLE_COLOUR('',#17257);
#17881 = STYLED_ITEM('color',(#17882),#3210);
#17882 = PRESENTATION_STYLE_ASSIGNMENT((#17883));
#17883 = SURFACE_STYLE_USAGE(.BOTH.,#17884);
#17884 = SURFACE_SIDE_STYLE('',(#17885));
#17885 = SURFACE_STYLE_FILL_AREA(#17886);
#17886 = FILL_AREA_STYLE('',(#17887));
#17887 = FILL_AREA_STYLE_COLOUR('',#17257);
#17888 = STYLED_ITEM('color',(#17889),#3235);
#17889 = PRESENTATION_STYLE_ASSIGNMENT((#17890));
#17890 = SURFACE_STYLE_USAGE(.BOTH.,#17891);
#17891 = SURFACE_SIDE_STYLE('',(#17892));
#17892 = SURFACE_STYLE_FILL_AREA(#17893);
#17893 = FILL_AREA_STYLE('',(#17894));
#17894 = FILL_AREA_STYLE_COLOUR('',#17257);
#17895 = STYLED_ITEM('color',(#17896),#3260);
#17896 = PRESENTATION_STYLE_ASSIGNMENT((#17897));
#17897 = SURFACE_STYLE_USAGE(.BOTH.,#17898);
#17898 = SURFACE_SIDE_STYLE('',(#17899));
#17899 = SURFACE_STYLE_FILL_AREA(#17900);
#17900 = FILL_AREA_STYLE('',(#17901));
#17901 = FILL_AREA_STYLE_COLOUR('',#17257);
#17902 = STYLED_ITEM('color',(#17903),#3285);
#17903 = PRESENTATION_STYLE_ASSIGNMENT((#17904));
#17904 = SURFACE_STYLE_USAGE(.BOTH.,#17905);
#17905 = SURFACE_SIDE_STYLE('',(#17906));
#17906 = SURFACE_STYLE_FILL_AREA(#17907);
#17907 = FILL_AREA_STYLE('',(#17908));
#17908 = FILL_AREA_STYLE_COLOUR('',#17257);
#17909 = STYLED_ITEM('color',(#17910),#3310);
#17910 = PRESENTATION_STYLE_ASSIGNMENT((#17911));
#17911 = SURFACE_STYLE_USAGE(.BOTH.,#17912);
#17912 = SURFACE_SIDE_STYLE('',(#17913));
#17913 = SURFACE_STYLE_FILL_AREA(#17914);
#17914 = FILL_AREA_STYLE('',(#17915));
#17915 = FILL_AREA_STYLE_COLOUR('',#17257);
#17916 = STYLED_ITEM('color',(#17917),#3335);
#17917 = PRESENTATION_STYLE_ASSIGNMENT((#17918));
#17918 = SURFACE_STYLE_USAGE(.BOTH.,#17919);
#17919 = SURFACE_SIDE_STYLE('',(#17920));
#17920 = SURFACE_STYLE_FILL_AREA(#17921);
#17921 = FILL_AREA_STYLE('',(#17922));
#17922 = FILL_AREA_STYLE_COLOUR('',#17257);
#17923 = STYLED_ITEM('color',(#17924),#3360);
#17924 = PRESENTATION_STYLE_ASSIGNMENT((#17925));
#17925 = SURFACE_STYLE_USAGE(.BOTH.,#17926);
#17926 = SURFACE_SIDE_STYLE('',(#17927));
#17927 = SURFACE_STYLE_FILL_AREA(#17928);
#17928 = FILL_AREA_STYLE('',(#17929));
#17929 = FILL_AREA_STYLE_COLOUR('',#17257);
#17930 = STYLED_ITEM('color',(#17931),#3385);
#17931 = PRESENTATION_STYLE_ASSIGNMENT((#17932));
#17932 = SURFACE_STYLE_USAGE(.BOTH.,#17933);
#17933 = SURFACE_SIDE_STYLE('',(#17934));
#17934 = SURFACE_STYLE_FILL_AREA(#17935);
#17935 = FILL_AREA_STYLE('',(#17936));
#17936 = FILL_AREA_STYLE_COLOUR('',#17257);
#17937 = STYLED_ITEM('color',(#17938),#3410);
#17938 = PRESENTATION_STYLE_ASSIGNMENT((#17939));
#17939 = SURFACE_STYLE_USAGE(.BOTH.,#17940);
#17940 = SURFACE_SIDE_STYLE('',(#17941));
#17941 = SURFACE_STYLE_FILL_AREA(#17942);
#17942 = FILL_AREA_STYLE('',(#17943));
#17943 = FILL_AREA_STYLE_COLOUR('',#17257);
#17944 = STYLED_ITEM('color',(#17945),#3435);
#17945 = PRESENTATION_STYLE_ASSIGNMENT((#17946));
#17946 = SURFACE_STYLE_USAGE(.BOTH.,#17947);
#17947 = SURFACE_SIDE_STYLE('',(#17948));
#17948 = SURFACE_STYLE_FILL_AREA(#17949);
#17949 = FILL_AREA_STYLE('',(#17950));
#17950 = FILL_AREA_STYLE_COLOUR('',#17257);
#17951 = STYLED_ITEM('color',(#17952),#3460);
#17952 = PRESENTATION_STYLE_ASSIGNMENT((#17953));
#17953 = SURFACE_STYLE_USAGE(.BOTH.,#17954);
#17954 = SURFACE_SIDE_STYLE('',(#17955));
#17955 = SURFACE_STYLE_FILL_AREA(#17956);
#17956 = FILL_AREA_STYLE('',(#17957));
#17957 = FILL_AREA_STYLE_COLOUR('',#17257);
#17958 = STYLED_ITEM('color',(#17959),#3485);
#17959 = PRESENTATION_STYLE_ASSIGNMENT((#17960));
#17960 = SURFACE_STYLE_USAGE(.BOTH.,#17961);
#17961 = SURFACE_SIDE_STYLE('',(#17962));
#17962 = SURFACE_STYLE_FILL_AREA(#17963);
#17963 = FILL_AREA_STYLE('',(#17964));
#17964 = FILL_AREA_STYLE_COLOUR('',#17257);
#17965 = STYLED_ITEM('color',(#17966),#3510);
#17966 = PRESENTATION_STYLE_ASSIGNMENT((#17967));
#17967 = SURFACE_STYLE_USAGE(.BOTH.,#17968);
#17968 = SURFACE_SIDE_STYLE('',(#17969));
#17969 = SURFACE_STYLE_FILL_AREA(#17970);
#17970 = FILL_AREA_STYLE('',(#17971));
#17971 = FILL_AREA_STYLE_COLOUR('',#17257);
#17972 = STYLED_ITEM('color',(#17973),#3535);
#17973 = PRESENTATION_STYLE_ASSIGNMENT((#17974));
#17974 = SURFACE_STYLE_USAGE(.BOTH.,#17975);
#17975 = SURFACE_SIDE_STYLE('',(#17976));
#17976 = SURFACE_STYLE_FILL_AREA(#17977);
#17977 = FILL_AREA_STYLE('',(#17978));
#17978 = FILL_AREA_STYLE_COLOUR('',#17257);
#17979 = STYLED_ITEM('color',(#17980),#3560);
#17980 = PRESENTATION_STYLE_ASSIGNMENT((#17981));
#17981 = SURFACE_STYLE_USAGE(.BOTH.,#17982);
#17982 = SURFACE_SIDE_STYLE('',(#17983));
#17983 = SURFACE_STYLE_FILL_AREA(#17984);
#17984 = FILL_AREA_STYLE('',(#17985));
#17985 = FILL_AREA_STYLE_COLOUR('',#17257);
#17986 = STYLED_ITEM('color',(#17987),#3585);
#17987 = PRESENTATION_STYLE_ASSIGNMENT((#17988));
#17988 = SURFACE_STYLE_USAGE(.BOTH.,#17989);
#17989 = SURFACE_SIDE_STYLE('',(#17990));
#17990 = SURFACE_STYLE_FILL_AREA(#17991);
#17991 = FILL_AREA_STYLE('',(#17992));
#17992 = FILL_AREA_STYLE_COLOUR('',#17257);
#17993 = STYLED_ITEM('color',(#17994),#3610);
#17994 = PRESENTATION_STYLE_ASSIGNMENT((#17995));
#17995 = SURFACE_STYLE_USAGE(.BOTH.,#17996);
#17996 = SURFACE_SIDE_STYLE('',(#17997));
#17997 = SURFACE_STYLE_FILL_AREA(#17998);
#17998 = FILL_AREA_STYLE('',(#17999));
#17999 = FILL_AREA_STYLE_COLOUR('',#17257);
#18000 = STYLED_ITEM('color',(#18001),#3635);
#18001 = PRESENTATION_STYLE_ASSIGNMENT((#18002));
#18002 = SURFACE_STYLE_USAGE(.BOTH.,#18003);
#18003 = SURFACE_SIDE_STYLE('',(#18004));
#18004 = SURFACE_STYLE_FILL_AREA(#18005);
#18005 = FILL_AREA_STYLE('',(#18006));
#18006 = FILL_AREA_STYLE_COLOUR('',#17257);
#18007 = STYLED_ITEM('color',(#18008),#3660);
#18008 = PRESENTATION_STYLE_ASSIGNMENT((#18009));
#18009 = SURFACE_STYLE_USAGE(.BOTH.,#18010);
#18010 = SURFACE_SIDE_STYLE('',(#18011));
#18011 = SURFACE_STYLE_FILL_AREA(#18012);
#18012 = FILL_AREA_STYLE('',(#18013));
#18013 = FILL_AREA_STYLE_COLOUR('',#17257);
#18014 = STYLED_ITEM('color',(#18015),#3685);
#18015 = PRESENTATION_STYLE_ASSIGNMENT((#18016));
#18016 = SURFACE_STYLE_USAGE(.BOTH.,#18017);
#18017 = SURFACE_SIDE_STYLE('',(#18018));
#18018 = SURFACE_STYLE_FILL_AREA(#18019);
#18019 = FILL_AREA_STYLE('',(#18020));
#18020 = FILL_AREA_STYLE_COLOUR('',#17257);
#18021 = STYLED_ITEM('color',(#18022),#3710);
#18022 = PRESENTATION_STYLE_ASSIGNMENT((#18023));
#18023 = SURFACE_STYLE_USAGE(.BOTH.,#18024);
#18024 = SURFACE_SIDE_STYLE('',(#18025));
#18025 = SURFACE_STYLE_FILL_AREA(#18026);
#18026 = FILL_AREA_STYLE('',(#18027));
#18027 = FILL_AREA_STYLE_COLOUR('',#17257);
#18028 = STYLED_ITEM('color',(#18029),#3735);
#18029 = PRESENTATION_STYLE_ASSIGNMENT((#18030));
#18030 = SURFACE_STYLE_USAGE(.BOTH.,#18031);
#18031 = SURFACE_SIDE_STYLE('',(#18032));
#18032 = SURFACE_STYLE_FILL_AREA(#18033);
#18033 = FILL_AREA_STYLE('',(#18034));
#18034 = FILL_AREA_STYLE_COLOUR('',#17257);
#18035 = STYLED_ITEM('color',(#18036),#3760);
#18036 = PRESENTATION_STYLE_ASSIGNMENT((#18037));
#18037 = SURFACE_STYLE_USAGE(.BOTH.,#18038);
#18038 = SURFACE_SIDE_STYLE('',(#18039));
#18039 = SURFACE_STYLE_FILL_AREA(#18040);
#18040 = FILL_AREA_STYLE('',(#18041));
#18041 = FILL_AREA_STYLE_COLOUR('',#17257);
#18042 = STYLED_ITEM('color',(#18043),#3785);
#18043 = PRESENTATION_STYLE_ASSIGNMENT((#18044));
#18044 = SURFACE_STYLE_USAGE(.BOTH.,#18045);
#18045 = SURFACE_SIDE_STYLE('',(#18046));
#18046 = SURFACE_STYLE_FILL_AREA(#18047);
#18047 = FILL_AREA_STYLE('',(#18048));
#18048 = FILL_AREA_STYLE_COLOUR('',#17257);
#18049 = STYLED_ITEM('color',(#18050),#3810);
#18050 = PRESENTATION_STYLE_ASSIGNMENT((#18051));
#18051 = SURFACE_STYLE_USAGE(.BOTH.,#18052);
#18052 = SURFACE_SIDE_STYLE('',(#18053));
#18053 = SURFACE_STYLE_FILL_AREA(#18054);
#18054 = FILL_AREA_STYLE('',(#18055));
#18055 = FILL_AREA_STYLE_COLOUR('',#17257);
#18056 = STYLED_ITEM('color',(#18057),#3835);
#18057 = PRESENTATION_STYLE_ASSIGNMENT((#18058));
#18058 = SURFACE_STYLE_USAGE(.BOTH.,#18059);
#18059 = SURFACE_SIDE_STYLE('',(#18060));
#18060 = SURFACE_STYLE_FILL_AREA(#18061);
#18061 = FILL_AREA_STYLE('',(#18062));
#18062 = FILL_AREA_STYLE_COLOUR('',#17257);
#18063 = STYLED_ITEM('color',(#18064),#3860);
#18064 = PRESENTATION_STYLE_ASSIGNMENT((#18065));
#18065 = SURFACE_STYLE_USAGE(.BOTH.,#18066);
#18066 = SURFACE_SIDE_STYLE('',(#18067));
#18067 = SURFACE_STYLE_FILL_AREA(#18068);
#18068 = FILL_AREA_STYLE('',(#18069));
#18069 = FILL_AREA_STYLE_COLOUR('',#17257);
#18070 = STYLED_ITEM('color',(#18071),#3885);
#18071 = PRESENTATION_STYLE_ASSIGNMENT((#18072));
#18072 = SURFACE_STYLE_USAGE(.BOTH.,#18073);
#18073 = SURFACE_SIDE_STYLE('',(#18074));
#18074 = SURFACE_STYLE_FILL_AREA(#18075);
#18075 = FILL_AREA_STYLE('',(#18076));
#18076 = FILL_AREA_STYLE_COLOUR('',#17257);
#18077 = STYLED_ITEM('color',(#18078),#3910);
#18078 = PRESENTATION_STYLE_ASSIGNMENT((#18079));
#18079 = SURFACE_STYLE_USAGE(.BOTH.,#18080);
#18080 = SURFACE_SIDE_STYLE('',(#18081));
#18081 = SURFACE_STYLE_FILL_AREA(#18082);
#18082 = FILL_AREA_STYLE('',(#18083));
#18083 = FILL_AREA_STYLE_COLOUR('',#17257);
#18084 = STYLED_ITEM('color',(#18085),#3935);
#18085 = PRESENTATION_STYLE_ASSIGNMENT((#18086));
#18086 = SURFACE_STYLE_USAGE(.BOTH.,#18087);
#18087 = SURFACE_SIDE_STYLE('',(#18088));
#18088 = SURFACE_STYLE_FILL_AREA(#18089);
#18089 = FILL_AREA_STYLE('',(#18090));
#18090 = FILL_AREA_STYLE_COLOUR('',#17257);
#18091 = STYLED_ITEM('color',(#18092),#3955);
#18092 = PRESENTATION_STYLE_ASSIGNMENT((#18093));
#18093 = SURFACE_STYLE_USAGE(.BOTH.,#18094);
#18094 = SURFACE_SIDE_STYLE('',(#18095));
#18095 = SURFACE_STYLE_FILL_AREA(#18096);
#18096 = FILL_AREA_STYLE('',(#18097));
#18097 = FILL_AREA_STYLE_COLOUR('',#17257);
#18098 = STYLED_ITEM('color',(#18099),#3975);
#18099 = PRESENTATION_STYLE_ASSIGNMENT((#18100));
#18100 = SURFACE_STYLE_USAGE(.BOTH.,#18101);
#18101 = SURFACE_SIDE_STYLE('',(#18102));
#18102 = SURFACE_STYLE_FILL_AREA(#18103);
#18103 = FILL_AREA_STYLE('',(#18104));
#18104 = FILL_AREA_STYLE_COLOUR('',#17257);
#18105 = STYLED_ITEM('color',(#18106),#3995);
#18106 = PRESENTATION_STYLE_ASSIGNMENT((#18107));
#18107 = SURFACE_STYLE_USAGE(.BOTH.,#18108);
#18108 = SURFACE_SIDE_STYLE('',(#18109));
#18109 = SURFACE_STYLE_FILL_AREA(#18110);
#18110 = FILL_AREA_STYLE('',(#18111));
#18111 = FILL_AREA_STYLE_COLOUR('',#17257);
#18112 = STYLED_ITEM('color',(#18113),#4015);
#18113 = PRESENTATION_STYLE_ASSIGNMENT((#18114));
#18114 = SURFACE_STYLE_USAGE(.BOTH.,#18115);
#18115 = SURFACE_SIDE_STYLE('',(#18116));
#18116 = SURFACE_STYLE_FILL_AREA(#18117);
#18117 = FILL_AREA_STYLE('',(#18118));
#18118 = FILL_AREA_STYLE_COLOUR('',#17257);
#18119 = STYLED_ITEM('color',(#18120),#4035);
#18120 = PRESENTATION_STYLE_ASSIGNMENT((#18121));
#18121 = SURFACE_STYLE_USAGE(.BOTH.,#18122);
#18122 = SURFACE_SIDE_STYLE('',(#18123));
#18123 = SURFACE_STYLE_FILL_AREA(#18124);
#18124 = FILL_AREA_STYLE('',(#18125));
#18125 = FILL_AREA_STYLE_COLOUR('',#17257);
#18126 = STYLED_ITEM('color',(#18127),#4055);
#18127 = PRESENTATION_STYLE_ASSIGNMENT((#18128));
#18128 = SURFACE_STYLE_USAGE(.BOTH.,#18129);
#18129 = SURFACE_SIDE_STYLE('',(#18130));
#18130 = SURFACE_STYLE_FILL_AREA(#18131);
#18131 = FILL_AREA_STYLE('',(#18132));
#18132 = FILL_AREA_STYLE_COLOUR('',#17257);
#18133 = STYLED_ITEM('color',(#18134),#4075);
#18134 = PRESENTATION_STYLE_ASSIGNMENT((#18135));
#18135 = SURFACE_STYLE_USAGE(.BOTH.,#18136);
#18136 = SURFACE_SIDE_STYLE('',(#18137));
#18137 = SURFACE_STYLE_FILL_AREA(#18138);
#18138 = FILL_AREA_STYLE('',(#18139));
#18139 = FILL_AREA_STYLE_COLOUR('',#17257);
#18140 = STYLED_ITEM('color',(#18141),#4095);
#18141 = PRESENTATION_STYLE_ASSIGNMENT((#18142));
#18142 = SURFACE_STYLE_USAGE(.BOTH.,#18143);
#18143 = SURFACE_SIDE_STYLE('',(#18144));
#18144 = SURFACE_STYLE_FILL_AREA(#18145);
#18145 = FILL_AREA_STYLE('',(#18146));
#18146 = FILL_AREA_STYLE_COLOUR('',#17257);
#18147 = STYLED_ITEM('color',(#18148),#4115);
#18148 = PRESENTATION_STYLE_ASSIGNMENT((#18149));
#18149 = SURFACE_STYLE_USAGE(.BOTH.,#18150);
#18150 = SURFACE_SIDE_STYLE('',(#18151));
#18151 = SURFACE_STYLE_FILL_AREA(#18152);
#18152 = FILL_AREA_STYLE('',(#18153));
#18153 = FILL_AREA_STYLE_COLOUR('',#17257);
#18154 = STYLED_ITEM('color',(#18155),#4135);
#18155 = PRESENTATION_STYLE_ASSIGNMENT((#18156));
#18156 = SURFACE_STYLE_USAGE(.BOTH.,#18157);
#18157 = SURFACE_SIDE_STYLE('',(#18158));
#18158 = SURFACE_STYLE_FILL_AREA(#18159);
#18159 = FILL_AREA_STYLE('',(#18160));
#18160 = FILL_AREA_STYLE_COLOUR('',#17257);
#18161 = STYLED_ITEM('color',(#18162),#4155);
#18162 = PRESENTATION_STYLE_ASSIGNMENT((#18163));
#18163 = SURFACE_STYLE_USAGE(.BOTH.,#18164);
#18164 = SURFACE_SIDE_STYLE('',(#18165));
#18165 = SURFACE_STYLE_FILL_AREA(#18166);
#18166 = FILL_AREA_STYLE('',(#18167));
#18167 = FILL_AREA_STYLE_COLOUR('',#17257);
#18168 = STYLED_ITEM('color',(#18169),#4175);
#18169 = PRESENTATION_STYLE_ASSIGNMENT((#18170));
#18170 = SURFACE_STYLE_USAGE(.BOTH.,#18171);
#18171 = SURFACE_SIDE_STYLE('',(#18172));
#18172 = SURFACE_STYLE_FILL_AREA(#18173);
#18173 = FILL_AREA_STYLE('',(#18174));
#18174 = FILL_AREA_STYLE_COLOUR('',#17257);
#18175 = STYLED_ITEM('color',(#18176),#4195);
#18176 = PRESENTATION_STYLE_ASSIGNMENT((#18177));
#18177 = SURFACE_STYLE_USAGE(.BOTH.,#18178);
#18178 = SURFACE_SIDE_STYLE('',(#18179));
#18179 = SURFACE_STYLE_FILL_AREA(#18180);
#18180 = FILL_AREA_STYLE('',(#18181));
#18181 = FILL_AREA_STYLE_COLOUR('',#17257);
#18182 = STYLED_ITEM('color',(#18183),#4215);
#18183 = PRESENTATION_STYLE_ASSIGNMENT((#18184));
#18184 = SURFACE_STYLE_USAGE(.BOTH.,#18185);
#18185 = SURFACE_SIDE_STYLE('',(#18186));
#18186 = SURFACE_STYLE_FILL_AREA(#18187);
#18187 = FILL_AREA_STYLE('',(#18188));
#18188 = FILL_AREA_STYLE_COLOUR('',#17257);
#18189 = STYLED_ITEM('color',(#18190),#4235);
#18190 = PRESENTATION_STYLE_ASSIGNMENT((#18191));
#18191 = SURFACE_STYLE_USAGE(.BOTH.,#18192);
#18192 = SURFACE_SIDE_STYLE('',(#18193));
#18193 = SURFACE_STYLE_FILL_AREA(#18194);
#18194 = FILL_AREA_STYLE('',(#18195));
#18195 = FILL_AREA_STYLE_COLOUR('',#17257);
#18196 = STYLED_ITEM('color',(#18197),#4255);
#18197 = PRESENTATION_STYLE_ASSIGNMENT((#18198));
#18198 = SURFACE_STYLE_USAGE(.BOTH.,#18199);
#18199 = SURFACE_SIDE_STYLE('',(#18200));
#18200 = SURFACE_STYLE_FILL_AREA(#18201);
#18201 = FILL_AREA_STYLE('',(#18202));
#18202 = FILL_AREA_STYLE_COLOUR('',#17257);
#18203 = STYLED_ITEM('color',(#18204),#4280);
#18204 = PRESENTATION_STYLE_ASSIGNMENT((#18205));
#18205 = SURFACE_STYLE_USAGE(.BOTH.,#18206);
#18206 = SURFACE_SIDE_STYLE('',(#18207));
#18207 = SURFACE_STYLE_FILL_AREA(#18208);
#18208 = FILL_AREA_STYLE('',(#18209));
#18209 = FILL_AREA_STYLE_COLOUR('',#17257);
#18210 = STYLED_ITEM('color',(#18211),#4305);
#18211 = PRESENTATION_STYLE_ASSIGNMENT((#18212));
#18212 = SURFACE_STYLE_USAGE(.BOTH.,#18213);
#18213 = SURFACE_SIDE_STYLE('',(#18214));
#18214 = SURFACE_STYLE_FILL_AREA(#18215);
#18215 = FILL_AREA_STYLE('',(#18216));
#18216 = FILL_AREA_STYLE_COLOUR('',#17257);
#18217 = STYLED_ITEM('color',(#18218),#4330);
#18218 = PRESENTATION_STYLE_ASSIGNMENT((#18219));
#18219 = SURFACE_STYLE_USAGE(.BOTH.,#18220);
#18220 = SURFACE_SIDE_STYLE('',(#18221));
#18221 = SURFACE_STYLE_FILL_AREA(#18222);
#18222 = FILL_AREA_STYLE('',(#18223));
#18223 = FILL_AREA_STYLE_COLOUR('',#17257);
#18224 = STYLED_ITEM('color',(#18225),#4355);
#18225 = PRESENTATION_STYLE_ASSIGNMENT((#18226));
#18226 = SURFACE_STYLE_USAGE(.BOTH.,#18227);
#18227 = SURFACE_SIDE_STYLE('',(#18228));
#18228 = SURFACE_STYLE_FILL_AREA(#18229);
#18229 = FILL_AREA_STYLE('',(#18230));
#18230 = FILL_AREA_STYLE_COLOUR('',#17257);
#18231 = STYLED_ITEM('color',(#18232),#4380);
#18232 = PRESENTATION_STYLE_ASSIGNMENT((#18233));
#18233 = SURFACE_STYLE_USAGE(.BOTH.,#18234);
#18234 = SURFACE_SIDE_STYLE('',(#18235));
#18235 = SURFACE_STYLE_FILL_AREA(#18236);
#18236 = FILL_AREA_STYLE('',(#18237));
#18237 = FILL_AREA_STYLE_COLOUR('',#17257);
#18238 = STYLED_ITEM('color',(#18239),#4405);
#18239 = PRESENTATION_STYLE_ASSIGNMENT((#18240));
#18240 = SURFACE_STYLE_USAGE(.BOTH.,#18241);
#18241 = SURFACE_SIDE_STYLE('',(#18242));
#18242 = SURFACE_STYLE_FILL_AREA(#18243);
#18243 = FILL_AREA_STYLE('',(#18244));
#18244 = FILL_AREA_STYLE_COLOUR('',#17257);
#18245 = STYLED_ITEM('color',(#18246),#4430);
#18246 = PRESENTATION_STYLE_ASSIGNMENT((#18247));
#18247 = SURFACE_STYLE_USAGE(.BOTH.,#18248);
#18248 = SURFACE_SIDE_STYLE('',(#18249));
#18249 = SURFACE_STYLE_FILL_AREA(#18250);
#18250 = FILL_AREA_STYLE('',(#18251));
#18251 = FILL_AREA_STYLE_COLOUR('',#17257);
#18252 = STYLED_ITEM('color',(#18253),#4455);
#18253 = PRESENTATION_STYLE_ASSIGNMENT((#18254));
#18254 = SURFACE_STYLE_USAGE(.BOTH.,#18255);
#18255 = SURFACE_SIDE_STYLE('',(#18256));
#18256 = SURFACE_STYLE_FILL_AREA(#18257);
#18257 = FILL_AREA_STYLE('',(#18258));
#18258 = FILL_AREA_STYLE_COLOUR('',#17257);
#18259 = STYLED_ITEM('color',(#18260),#4480);
#18260 = PRESENTATION_STYLE_ASSIGNMENT((#18261));
#18261 = SURFACE_STYLE_USAGE(.BOTH.,#18262);
#18262 = SURFACE_SIDE_STYLE('',(#18263));
#18263 = SURFACE_STYLE_FILL_AREA(#18264);
#18264 = FILL_AREA_STYLE('',(#18265));
#18265 = FILL_AREA_STYLE_COLOUR('',#17257);
#18266 = STYLED_ITEM('color',(#18267),#4505);
#18267 = PRESENTATION_STYLE_ASSIGNMENT((#18268));
#18268 = SURFACE_STYLE_USAGE(.BOTH.,#18269);
#18269 = SURFACE_SIDE_STYLE('',(#18270));
#18270 = SURFACE_STYLE_FILL_AREA(#18271);
#18271 = FILL_AREA_STYLE('',(#18272));
#18272 = FILL_AREA_STYLE_COLOUR('',#17257);
#18273 = STYLED_ITEM('color',(#18274),#4530);
#18274 = PRESENTATION_STYLE_ASSIGNMENT((#18275));
#18275 = SURFACE_STYLE_USAGE(.BOTH.,#18276);
#18276 = SURFACE_SIDE_STYLE('',(#18277));
#18277 = SURFACE_STYLE_FILL_AREA(#18278);
#18278 = FILL_AREA_STYLE('',(#18279));
#18279 = FILL_AREA_STYLE_COLOUR('',#17257);
#18280 = STYLED_ITEM('color',(#18281),#4555);
#18281 = PRESENTATION_STYLE_ASSIGNMENT((#18282));
#18282 = SURFACE_STYLE_USAGE(.BOTH.,#18283);
#18283 = SURFACE_SIDE_STYLE('',(#18284));
#18284 = SURFACE_STYLE_FILL_AREA(#18285);
#18285 = FILL_AREA_STYLE('',(#18286));
#18286 = FILL_AREA_STYLE_COLOUR('',#17257);
#18287 = STYLED_ITEM('color',(#18288),#4580);
#18288 = PRESENTATION_STYLE_ASSIGNMENT((#18289));
#18289 = SURFACE_STYLE_USAGE(.BOTH.,#18290);
#18290 = SURFACE_SIDE_STYLE('',(#18291));
#18291 = SURFACE_STYLE_FILL_AREA(#18292);
#18292 = FILL_AREA_STYLE('',(#18293));
#18293 = FILL_AREA_STYLE_COLOUR('',#17257);
#18294 = STYLED_ITEM('color',(#18295),#4605);
#18295 = PRESENTATION_STYLE_ASSIGNMENT((#18296));
#18296 = SURFACE_STYLE_USAGE(.BOTH.,#18297);
#18297 = SURFACE_SIDE_STYLE('',(#18298));
#18298 = SURFACE_STYLE_FILL_AREA(#18299);
#18299 = FILL_AREA_STYLE('',(#18300));
#18300 = FILL_AREA_STYLE_COLOUR('',#17257);
#18301 = STYLED_ITEM('color',(#18302),#4630);
#18302 = PRESENTATION_STYLE_ASSIGNMENT((#18303));
#18303 = SURFACE_STYLE_USAGE(.BOTH.,#18304);
#18304 = SURFACE_SIDE_STYLE('',(#18305));
#18305 = SURFACE_STYLE_FILL_AREA(#18306);
#18306 = FILL_AREA_STYLE('',(#18307));
#18307 = FILL_AREA_STYLE_COLOUR('',#17257);
#18308 = STYLED_ITEM('color',(#18309),#4655);
#18309 = PRESENTATION_STYLE_ASSIGNMENT((#18310));
#18310 = SURFACE_STYLE_USAGE(.BOTH.,#18311);
#18311 = SURFACE_SIDE_STYLE('',(#18312));
#18312 = SURFACE_STYLE_FILL_AREA(#18313);
#18313 = FILL_AREA_STYLE('',(#18314));
#18314 = FILL_AREA_STYLE_COLOUR('',#17257);
#18315 = STYLED_ITEM('color',(#18316),#4680);
#18316 = PRESENTATION_STYLE_ASSIGNMENT((#18317));
#18317 = SURFACE_STYLE_USAGE(.BOTH.,#18318);
#18318 = SURFACE_SIDE_STYLE('',(#18319));
#18319 = SURFACE_STYLE_FILL_AREA(#18320);
#18320 = FILL_AREA_STYLE('',(#18321));
#18321 = FILL_AREA_STYLE_COLOUR('',#17257);
#18322 = STYLED_ITEM('color',(#18323),#4705);
#18323 = PRESENTATION_STYLE_ASSIGNMENT((#18324));
#18324 = SURFACE_STYLE_USAGE(.BOTH.,#18325);
#18325 = SURFACE_SIDE_STYLE('',(#18326));
#18326 = SURFACE_STYLE_FILL_AREA(#18327);
#18327 = FILL_AREA_STYLE('',(#18328));
#18328 = FILL_AREA_STYLE_COLOUR('',#17257);
#18329 = STYLED_ITEM('color',(#18330),#4730);
#18330 = PRESENTATION_STYLE_ASSIGNMENT((#18331));
#18331 = SURFACE_STYLE_USAGE(.BOTH.,#18332);
#18332 = SURFACE_SIDE_STYLE('',(#18333));
#18333 = SURFACE_STYLE_FILL_AREA(#18334);
#18334 = FILL_AREA_STYLE('',(#18335));
#18335 = FILL_AREA_STYLE_COLOUR('',#17257);
#18336 = STYLED_ITEM('color',(#18337),#4755);
#18337 = PRESENTATION_STYLE_ASSIGNMENT((#18338));
#18338 = SURFACE_STYLE_USAGE(.BOTH.,#18339);
#18339 = SURFACE_SIDE_STYLE('',(#18340));
#18340 = SURFACE_STYLE_FILL_AREA(#18341);
#18341 = FILL_AREA_STYLE('',(#18342));
#18342 = FILL_AREA_STYLE_COLOUR('',#17257);
#18343 = STYLED_ITEM('color',(#18344),#4780);
#18344 = PRESENTATION_STYLE_ASSIGNMENT((#18345));
#18345 = SURFACE_STYLE_USAGE(.BOTH.,#18346);
#18346 = SURFACE_SIDE_STYLE('',(#18347));
#18347 = SURFACE_STYLE_FILL_AREA(#18348);
#18348 = FILL_AREA_STYLE('',(#18349));
#18349 = FILL_AREA_STYLE_COLOUR('',#17257);
#18350 = STYLED_ITEM('color',(#18351),#4805);
#18351 = PRESENTATION_STYLE_ASSIGNMENT((#18352));
#18352 = SURFACE_STYLE_USAGE(.BOTH.,#18353);
#18353 = SURFACE_SIDE_STYLE('',(#18354));
#18354 = SURFACE_STYLE_FILL_AREA(#18355);
#18355 = FILL_AREA_STYLE('',(#18356));
#18356 = FILL_AREA_STYLE_COLOUR('',#17257);
#18357 = STYLED_ITEM('color',(#18358),#4830);
#18358 = PRESENTATION_STYLE_ASSIGNMENT((#18359));
#18359 = SURFACE_STYLE_USAGE(.BOTH.,#18360);
#18360 = SURFACE_SIDE_STYLE('',(#18361));
#18361 = SURFACE_STYLE_FILL_AREA(#18362);
#18362 = FILL_AREA_STYLE('',(#18363));
#18363 = FILL_AREA_STYLE_COLOUR('',#17257);
#18364 = STYLED_ITEM('color',(#18365),#4855);
#18365 = PRESENTATION_STYLE_ASSIGNMENT((#18366));
#18366 = SURFACE_STYLE_USAGE(.BOTH.,#18367);
#18367 = SURFACE_SIDE_STYLE('',(#18368));
#18368 = SURFACE_STYLE_FILL_AREA(#18369);
#18369 = FILL_AREA_STYLE('',(#18370));
#18370 = FILL_AREA_STYLE_COLOUR('',#17257);
#18371 = STYLED_ITEM('color',(#18372),#4880);
#18372 = PRESENTATION_STYLE_ASSIGNMENT((#18373));
#18373 = SURFACE_STYLE_USAGE(.BOTH.,#18374);
#18374 = SURFACE_SIDE_STYLE('',(#18375));
#18375 = SURFACE_STYLE_FILL_AREA(#18376);
#18376 = FILL_AREA_STYLE('',(#18377));
#18377 = FILL_AREA_STYLE_COLOUR('',#17257);
#18378 = STYLED_ITEM('color',(#18379),#4905);
#18379 = PRESENTATION_STYLE_ASSIGNMENT((#18380));
#18380 = SURFACE_STYLE_USAGE(.BOTH.,#18381);
#18381 = SURFACE_SIDE_STYLE('',(#18382));
#18382 = SURFACE_STYLE_FILL_AREA(#18383);
#18383 = FILL_AREA_STYLE('',(#18384));
#18384 = FILL_AREA_STYLE_COLOUR('',#17257);
#18385 = STYLED_ITEM('color',(#18386),#4930);
#18386 = PRESENTATION_STYLE_ASSIGNMENT((#18387));
#18387 = SURFACE_STYLE_USAGE(.BOTH.,#18388);
#18388 = SURFACE_SIDE_STYLE('',(#18389));
#18389 = SURFACE_STYLE_FILL_AREA(#18390);
#18390 = FILL_AREA_STYLE('',(#18391));
#18391 = FILL_AREA_STYLE_COLOUR('',#17257);
#18392 = STYLED_ITEM('color',(#18393),#4955);
#18393 = PRESENTATION_STYLE_ASSIGNMENT((#18394));
#18394 = SURFACE_STYLE_USAGE(.BOTH.,#18395);
#18395 = SURFACE_SIDE_STYLE('',(#18396));
#18396 = SURFACE_STYLE_FILL_AREA(#18397);
#18397 = FILL_AREA_STYLE('',(#18398));
#18398 = FILL_AREA_STYLE_COLOUR('',#17257);
#18399 = STYLED_ITEM('color',(#18400),#4980);
#18400 = PRESENTATION_STYLE_ASSIGNMENT((#18401));
#18401 = SURFACE_STYLE_USAGE(.BOTH.,#18402);
#18402 = SURFACE_SIDE_STYLE('',(#18403));
#18403 = SURFACE_STYLE_FILL_AREA(#18404);
#18404 = FILL_AREA_STYLE('',(#18405));
#18405 = FILL_AREA_STYLE_COLOUR('',#17257);
#18406 = STYLED_ITEM('color',(#18407),#5005);
#18407 = PRESENTATION_STYLE_ASSIGNMENT((#18408));
#18408 = SURFACE_STYLE_USAGE(.BOTH.,#18409);
#18409 = SURFACE_SIDE_STYLE('',(#18410));
#18410 = SURFACE_STYLE_FILL_AREA(#18411);
#18411 = FILL_AREA_STYLE('',(#18412));
#18412 = FILL_AREA_STYLE_COLOUR('',#17257);
#18413 = STYLED_ITEM('color',(#18414),#5030);
#18414 = PRESENTATION_STYLE_ASSIGNMENT((#18415));
#18415 = SURFACE_STYLE_USAGE(.BOTH.,#18416);
#18416 = SURFACE_SIDE_STYLE('',(#18417));
#18417 = SURFACE_STYLE_FILL_AREA(#18418);
#18418 = FILL_AREA_STYLE('',(#18419));
#18419 = FILL_AREA_STYLE_COLOUR('',#17257);
#18420 = STYLED_ITEM('color',(#18421),#5055);
#18421 = PRESENTATION_STYLE_ASSIGNMENT((#18422));
#18422 = SURFACE_STYLE_USAGE(.BOTH.,#18423);
#18423 = SURFACE_SIDE_STYLE('',(#18424));
#18424 = SURFACE_STYLE_FILL_AREA(#18425);
#18425 = FILL_AREA_STYLE('',(#18426));
#18426 = FILL_AREA_STYLE_COLOUR('',#17257);
#18427 = STYLED_ITEM('color',(#18428),#5064);
#18428 = PRESENTATION_STYLE_ASSIGNMENT((#18429));
#18429 = SURFACE_STYLE_USAGE(.BOTH.,#18430);
#18430 = SURFACE_SIDE_STYLE('',(#18431));
#18431 = SURFACE_STYLE_FILL_AREA(#18432);
#18432 = FILL_AREA_STYLE('',(#18433));
#18433 = FILL_AREA_STYLE_COLOUR('',#17257);
#18434 = STYLED_ITEM('color',(#18435),#5073);
#18435 = PRESENTATION_STYLE_ASSIGNMENT((#18436));
#18436 = SURFACE_STYLE_USAGE(.BOTH.,#18437);
#18437 = SURFACE_SIDE_STYLE('',(#18438));
#18438 = SURFACE_STYLE_FILL_AREA(#18439);
#18439 = FILL_AREA_STYLE('',(#18440));
#18440 = FILL_AREA_STYLE_COLOUR('',#17257);
#18441 = STYLED_ITEM('color',(#18442),#5082);
#18442 = PRESENTATION_STYLE_ASSIGNMENT((#18443));
#18443 = SURFACE_STYLE_USAGE(.BOTH.,#18444);
#18444 = SURFACE_SIDE_STYLE('',(#18445));
#18445 = SURFACE_STYLE_FILL_AREA(#18446);
#18446 = FILL_AREA_STYLE('',(#18447));
#18447 = FILL_AREA_STYLE_COLOUR('',#17257);
#18448 = STYLED_ITEM('color',(#18449),#5091);
#18449 = PRESENTATION_STYLE_ASSIGNMENT((#18450));
#18450 = SURFACE_STYLE_USAGE(.BOTH.,#18451);
#18451 = SURFACE_SIDE_STYLE('',(#18452));
#18452 = SURFACE_STYLE_FILL_AREA(#18453);
#18453 = FILL_AREA_STYLE('',(#18454));
#18454 = FILL_AREA_STYLE_COLOUR('',#17257);
#18455 = STYLED_ITEM('color',(#18456),#5100);
#18456 = PRESENTATION_STYLE_ASSIGNMENT((#18457));
#18457 = SURFACE_STYLE_USAGE(.BOTH.,#18458);
#18458 = SURFACE_SIDE_STYLE('',(#18459));
#18459 = SURFACE_STYLE_FILL_AREA(#18460);
#18460 = FILL_AREA_STYLE('',(#18461));
#18461 = FILL_AREA_STYLE_COLOUR('',#17257);
#18462 = STYLED_ITEM('color',(#18463),#5109);
#18463 = PRESENTATION_STYLE_ASSIGNMENT((#18464));
#18464 = SURFACE_STYLE_USAGE(.BOTH.,#18465);
#18465 = SURFACE_SIDE_STYLE('',(#18466));
#18466 = SURFACE_STYLE_FILL_AREA(#18467);
#18467 = FILL_AREA_STYLE('',(#18468));
#18468 = FILL_AREA_STYLE_COLOUR('',#17257);
#18469 = STYLED_ITEM('color',(#18470),#5118);
#18470 = PRESENTATION_STYLE_ASSIGNMENT((#18471));
#18471 = SURFACE_STYLE_USAGE(.BOTH.,#18472);
#18472 = SURFACE_SIDE_STYLE('',(#18473));
#18473 = SURFACE_STYLE_FILL_AREA(#18474);
#18474 = FILL_AREA_STYLE('',(#18475));
#18475 = FILL_AREA_STYLE_COLOUR('',#17257);
#18476 = STYLED_ITEM('color',(#18477),#5127);
#18477 = PRESENTATION_STYLE_ASSIGNMENT((#18478));
#18478 = SURFACE_STYLE_USAGE(.BOTH.,#18479);
#18479 = SURFACE_SIDE_STYLE('',(#18480));
#18480 = SURFACE_STYLE_FILL_AREA(#18481);
#18481 = FILL_AREA_STYLE('',(#18482));
#18482 = FILL_AREA_STYLE_COLOUR('',#17257);
#18483 = STYLED_ITEM('color',(#18484),#5136);
#18484 = PRESENTATION_STYLE_ASSIGNMENT((#18485));
#18485 = SURFACE_STYLE_USAGE(.BOTH.,#18486);
#18486 = SURFACE_SIDE_STYLE('',(#18487));
#18487 = SURFACE_STYLE_FILL_AREA(#18488);
#18488 = FILL_AREA_STYLE('',(#18489));
#18489 = FILL_AREA_STYLE_COLOUR('',#17257);
#18490 = STYLED_ITEM('color',(#18491),#5145);
#18491 = PRESENTATION_STYLE_ASSIGNMENT((#18492));
#18492 = SURFACE_STYLE_USAGE(.BOTH.,#18493);
#18493 = SURFACE_SIDE_STYLE('',(#18494));
#18494 = SURFACE_STYLE_FILL_AREA(#18495);
#18495 = FILL_AREA_STYLE('',(#18496));
#18496 = FILL_AREA_STYLE_COLOUR('',#17257);
#18497 = STYLED_ITEM('color',(#18498),#5154);
#18498 = PRESENTATION_STYLE_ASSIGNMENT((#18499));
#18499 = SURFACE_STYLE_USAGE(.BOTH.,#18500);
#18500 = SURFACE_SIDE_STYLE('',(#18501));
#18501 = SURFACE_STYLE_FILL_AREA(#18502);
#18502 = FILL_AREA_STYLE('',(#18503));
#18503 = FILL_AREA_STYLE_COLOUR('',#17257);
#18504 = STYLED_ITEM('color',(#18505),#5163);
#18505 = PRESENTATION_STYLE_ASSIGNMENT((#18506));
#18506 = SURFACE_STYLE_USAGE(.BOTH.,#18507);
#18507 = SURFACE_SIDE_STYLE('',(#18508));
#18508 = SURFACE_STYLE_FILL_AREA(#18509);
#18509 = FILL_AREA_STYLE('',(#18510));
#18510 = FILL_AREA_STYLE_COLOUR('',#17257);
#18511 = STYLED_ITEM('color',(#18512),#5172);
#18512 = PRESENTATION_STYLE_ASSIGNMENT((#18513));
#18513 = SURFACE_STYLE_USAGE(.BOTH.,#18514);
#18514 = SURFACE_SIDE_STYLE('',(#18515));
#18515 = SURFACE_STYLE_FILL_AREA(#18516);
#18516 = FILL_AREA_STYLE('',(#18517));
#18517 = FILL_AREA_STYLE_COLOUR('',#17257);
#18518 = STYLED_ITEM('color',(#18519),#5181);
#18519 = PRESENTATION_STYLE_ASSIGNMENT((#18520));
#18520 = SURFACE_STYLE_USAGE(.BOTH.,#18521);
#18521 = SURFACE_SIDE_STYLE('',(#18522));
#18522 = SURFACE_STYLE_FILL_AREA(#18523);
#18523 = FILL_AREA_STYLE('',(#18524));
#18524 = FILL_AREA_STYLE_COLOUR('',#17257);
#18525 = STYLED_ITEM('color',(#18526),#5190);
#18526 = PRESENTATION_STYLE_ASSIGNMENT((#18527));
#18527 = SURFACE_STYLE_USAGE(.BOTH.,#18528);
#18528 = SURFACE_SIDE_STYLE('',(#18529));
#18529 = SURFACE_STYLE_FILL_AREA(#18530);
#18530 = FILL_AREA_STYLE('',(#18531));
#18531 = FILL_AREA_STYLE_COLOUR('',#17257);
#18532 = STYLED_ITEM('color',(#18533),#5199);
#18533 = PRESENTATION_STYLE_ASSIGNMENT((#18534));
#18534 = SURFACE_STYLE_USAGE(.BOTH.,#18535);
#18535 = SURFACE_SIDE_STYLE('',(#18536));
#18536 = SURFACE_STYLE_FILL_AREA(#18537);
#18537 = FILL_AREA_STYLE('',(#18538));
#18538 = FILL_AREA_STYLE_COLOUR('',#17257);
#18539 = STYLED_ITEM('color',(#18540),#5224);
#18540 = PRESENTATION_STYLE_ASSIGNMENT((#18541));
#18541 = SURFACE_STYLE_USAGE(.BOTH.,#18542);
#18542 = SURFACE_SIDE_STYLE('',(#18543));
#18543 = SURFACE_STYLE_FILL_AREA(#18544);
#18544 = FILL_AREA_STYLE('',(#18545));
#18545 = FILL_AREA_STYLE_COLOUR('',#17257);
#18546 = STYLED_ITEM('color',(#18547),#5249);
#18547 = PRESENTATION_STYLE_ASSIGNMENT((#18548));
#18548 = SURFACE_STYLE_USAGE(.BOTH.,#18549);
#18549 = SURFACE_SIDE_STYLE('',(#18550));
#18550 = SURFACE_STYLE_FILL_AREA(#18551);
#18551 = FILL_AREA_STYLE('',(#18552));
#18552 = FILL_AREA_STYLE_COLOUR('',#17257);
#18553 = STYLED_ITEM('color',(#18554),#5274);
#18554 = PRESENTATION_STYLE_ASSIGNMENT((#18555));
#18555 = SURFACE_STYLE_USAGE(.BOTH.,#18556);
#18556 = SURFACE_SIDE_STYLE('',(#18557));
#18557 = SURFACE_STYLE_FILL_AREA(#18558);
#18558 = FILL_AREA_STYLE('',(#18559));
#18559 = FILL_AREA_STYLE_COLOUR('',#17257);
#18560 = STYLED_ITEM('color',(#18561),#5299);
#18561 = PRESENTATION_STYLE_ASSIGNMENT((#18562));
#18562 = SURFACE_STYLE_USAGE(.BOTH.,#18563);
#18563 = SURFACE_SIDE_STYLE('',(#18564));
#18564 = SURFACE_STYLE_FILL_AREA(#18565);
#18565 = FILL_AREA_STYLE('',(#18566));
#18566 = FILL_AREA_STYLE_COLOUR('',#17257);
#18567 = STYLED_ITEM('color',(#18568),#5324);
#18568 = PRESENTATION_STYLE_ASSIGNMENT((#18569));
#18569 = SURFACE_STYLE_USAGE(.BOTH.,#18570);
#18570 = SURFACE_SIDE_STYLE('',(#18571));
#18571 = SURFACE_STYLE_FILL_AREA(#18572);
#18572 = FILL_AREA_STYLE('',(#18573));
#18573 = FILL_AREA_STYLE_COLOUR('',#17257);
#18574 = STYLED_ITEM('color',(#18575),#5349);
#18575 = PRESENTATION_STYLE_ASSIGNMENT((#18576));
#18576 = SURFACE_STYLE_USAGE(.BOTH.,#18577);
#18577 = SURFACE_SIDE_STYLE('',(#18578));
#18578 = SURFACE_STYLE_FILL_AREA(#18579);
#18579 = FILL_AREA_STYLE('',(#18580));
#18580 = FILL_AREA_STYLE_COLOUR('',#17257);
#18581 = STYLED_ITEM('color',(#18582),#5374);
#18582 = PRESENTATION_STYLE_ASSIGNMENT((#18583));
#18583 = SURFACE_STYLE_USAGE(.BOTH.,#18584);
#18584 = SURFACE_SIDE_STYLE('',(#18585));
#18585 = SURFACE_STYLE_FILL_AREA(#18586);
#18586 = FILL_AREA_STYLE('',(#18587));
#18587 = FILL_AREA_STYLE_COLOUR('',#17257);
#18588 = STYLED_ITEM('color',(#18589),#5399);
#18589 = PRESENTATION_STYLE_ASSIGNMENT((#18590));
#18590 = SURFACE_STYLE_USAGE(.BOTH.,#18591);
#18591 = SURFACE_SIDE_STYLE('',(#18592));
#18592 = SURFACE_STYLE_FILL_AREA(#18593);
#18593 = FILL_AREA_STYLE('',(#18594));
#18594 = FILL_AREA_STYLE_COLOUR('',#17257);
#18595 = STYLED_ITEM('color',(#18596),#5424);
#18596 = PRESENTATION_STYLE_ASSIGNMENT((#18597));
#18597 = SURFACE_STYLE_USAGE(.BOTH.,#18598);
#18598 = SURFACE_SIDE_STYLE('',(#18599));
#18599 = SURFACE_STYLE_FILL_AREA(#18600);
#18600 = FILL_AREA_STYLE('',(#18601));
#18601 = FILL_AREA_STYLE_COLOUR('',#17257);
#18602 = STYLED_ITEM('color',(#18603),#5449);
#18603 = PRESENTATION_STYLE_ASSIGNMENT((#18604));
#18604 = SURFACE_STYLE_USAGE(.BOTH.,#18605);
#18605 = SURFACE_SIDE_STYLE('',(#18606));
#18606 = SURFACE_STYLE_FILL_AREA(#18607);
#18607 = FILL_AREA_STYLE('',(#18608));
#18608 = FILL_AREA_STYLE_COLOUR('',#17257);
#18609 = STYLED_ITEM('color',(#18610),#5474);
#18610 = PRESENTATION_STYLE_ASSIGNMENT((#18611));
#18611 = SURFACE_STYLE_USAGE(.BOTH.,#18612);
#18612 = SURFACE_SIDE_STYLE('',(#18613));
#18613 = SURFACE_STYLE_FILL_AREA(#18614);
#18614 = FILL_AREA_STYLE('',(#18615));
#18615 = FILL_AREA_STYLE_COLOUR('',#17257);
#18616 = STYLED_ITEM('color',(#18617),#5499);
#18617 = PRESENTATION_STYLE_ASSIGNMENT((#18618));
#18618 = SURFACE_STYLE_USAGE(.BOTH.,#18619);
#18619 = SURFACE_SIDE_STYLE('',(#18620));
#18620 = SURFACE_STYLE_FILL_AREA(#18621);
#18621 = FILL_AREA_STYLE('',(#18622));
#18622 = FILL_AREA_STYLE_COLOUR('',#17257);
#18623 = STYLED_ITEM('color',(#18624),#5524);
#18624 = PRESENTATION_STYLE_ASSIGNMENT((#18625));
#18625 = SURFACE_STYLE_USAGE(.BOTH.,#18626);
#18626 = SURFACE_SIDE_STYLE('',(#18627));
#18627 = SURFACE_STYLE_FILL_AREA(#18628);
#18628 = FILL_AREA_STYLE('',(#18629));
#18629 = FILL_AREA_STYLE_COLOUR('',#17257);
#18630 = STYLED_ITEM('color',(#18631),#5549);
#18631 = PRESENTATION_STYLE_ASSIGNMENT((#18632));
#18632 = SURFACE_STYLE_USAGE(.BOTH.,#18633);
#18633 = SURFACE_SIDE_STYLE('',(#18634));
#18634 = SURFACE_STYLE_FILL_AREA(#18635);
#18635 = FILL_AREA_STYLE('',(#18636));
#18636 = FILL_AREA_STYLE_COLOUR('',#17257);
#18637 = STYLED_ITEM('color',(#18638),#5574);
#18638 = PRESENTATION_STYLE_ASSIGNMENT((#18639));
#18639 = SURFACE_STYLE_USAGE(.BOTH.,#18640);
#18640 = SURFACE_SIDE_STYLE('',(#18641));
#18641 = SURFACE_STYLE_FILL_AREA(#18642);
#18642 = FILL_AREA_STYLE('',(#18643));
#18643 = FILL_AREA_STYLE_COLOUR('',#17257);
#18644 = STYLED_ITEM('color',(#18645),#5599);
#18645 = PRESENTATION_STYLE_ASSIGNMENT((#18646));
#18646 = SURFACE_STYLE_USAGE(.BOTH.,#18647);
#18647 = SURFACE_SIDE_STYLE('',(#18648));
#18648 = SURFACE_STYLE_FILL_AREA(#18649);
#18649 = FILL_AREA_STYLE('',(#18650));
#18650 = FILL_AREA_STYLE_COLOUR('',#17257);
#18651 = STYLED_ITEM('color',(#18652),#5608);
#18652 = PRESENTATION_STYLE_ASSIGNMENT((#18653));
#18653 = SURFACE_STYLE_USAGE(.BOTH.,#18654);
#18654 = SURFACE_SIDE_STYLE('',(#18655));
#18655 = SURFACE_STYLE_FILL_AREA(#18656);
#18656 = FILL_AREA_STYLE('',(#18657));
#18657 = FILL_AREA_STYLE_COLOUR('',#17257);
#18658 = STYLED_ITEM('color',(#18659),#5617);
#18659 = PRESENTATION_STYLE_ASSIGNMENT((#18660));
#18660 = SURFACE_STYLE_USAGE(.BOTH.,#18661);
#18661 = SURFACE_SIDE_STYLE('',(#18662));
#18662 = SURFACE_STYLE_FILL_AREA(#18663);
#18663 = FILL_AREA_STYLE('',(#18664));
#18664 = FILL_AREA_STYLE_COLOUR('',#17257);
#18665 = STYLED_ITEM('color',(#18666),#5626);
#18666 = PRESENTATION_STYLE_ASSIGNMENT((#18667));
#18667 = SURFACE_STYLE_USAGE(.BOTH.,#18668);
#18668 = SURFACE_SIDE_STYLE('',(#18669));
#18669 = SURFACE_STYLE_FILL_AREA(#18670);
#18670 = FILL_AREA_STYLE('',(#18671));
#18671 = FILL_AREA_STYLE_COLOUR('',#17257);
#18672 = STYLED_ITEM('color',(#18673),#5635);
#18673 = PRESENTATION_STYLE_ASSIGNMENT((#18674));
#18674 = SURFACE_STYLE_USAGE(.BOTH.,#18675);
#18675 = SURFACE_SIDE_STYLE('',(#18676));
#18676 = SURFACE_STYLE_FILL_AREA(#18677);
#18677 = FILL_AREA_STYLE('',(#18678));
#18678 = FILL_AREA_STYLE_COLOUR('',#17257);
#18679 = STYLED_ITEM('color',(#18680),#5644);
#18680 = PRESENTATION_STYLE_ASSIGNMENT((#18681));
#18681 = SURFACE_STYLE_USAGE(.BOTH.,#18682);
#18682 = SURFACE_SIDE_STYLE('',(#18683));
#18683 = SURFACE_STYLE_FILL_AREA(#18684);
#18684 = FILL_AREA_STYLE('',(#18685));
#18685 = FILL_AREA_STYLE_COLOUR('',#17257);
#18686 = STYLED_ITEM('color',(#18687),#5653);
#18687 = PRESENTATION_STYLE_ASSIGNMENT((#18688));
#18688 = SURFACE_STYLE_USAGE(.BOTH.,#18689);
#18689 = SURFACE_SIDE_STYLE('',(#18690));
#18690 = SURFACE_STYLE_FILL_AREA(#18691);
#18691 = FILL_AREA_STYLE('',(#18692));
#18692 = FILL_AREA_STYLE_COLOUR('',#17257);
#18693 = STYLED_ITEM('color',(#18694),#5662);
#18694 = PRESENTATION_STYLE_ASSIGNMENT((#18695));
#18695 = SURFACE_STYLE_USAGE(.BOTH.,#18696);
#18696 = SURFACE_SIDE_STYLE('',(#18697));
#18697 = SURFACE_STYLE_FILL_AREA(#18698);
#18698 = FILL_AREA_STYLE('',(#18699));
#18699 = FILL_AREA_STYLE_COLOUR('',#17257);
#18700 = STYLED_ITEM('color',(#18701),#5671);
#18701 = PRESENTATION_STYLE_ASSIGNMENT((#18702));
#18702 = SURFACE_STYLE_USAGE(.BOTH.,#18703);
#18703 = SURFACE_SIDE_STYLE('',(#18704));
#18704 = SURFACE_STYLE_FILL_AREA(#18705);
#18705 = FILL_AREA_STYLE('',(#18706));
#18706 = FILL_AREA_STYLE_COLOUR('',#17257);
#18707 = STYLED_ITEM('color',(#18708),#5680);
#18708 = PRESENTATION_STYLE_ASSIGNMENT((#18709));
#18709 = SURFACE_STYLE_USAGE(.BOTH.,#18710);
#18710 = SURFACE_SIDE_STYLE('',(#18711));
#18711 = SURFACE_STYLE_FILL_AREA(#18712);
#18712 = FILL_AREA_STYLE('',(#18713));
#18713 = FILL_AREA_STYLE_COLOUR('',#17257);
#18714 = STYLED_ITEM('color',(#18715),#5689);
#18715 = PRESENTATION_STYLE_ASSIGNMENT((#18716));
#18716 = SURFACE_STYLE_USAGE(.BOTH.,#18717);
#18717 = SURFACE_SIDE_STYLE('',(#18718));
#18718 = SURFACE_STYLE_FILL_AREA(#18719);
#18719 = FILL_AREA_STYLE('',(#18720));
#18720 = FILL_AREA_STYLE_COLOUR('',#17257);
#18721 = STYLED_ITEM('color',(#18722),#5698);
#18722 = PRESENTATION_STYLE_ASSIGNMENT((#18723));
#18723 = SURFACE_STYLE_USAGE(.BOTH.,#18724);
#18724 = SURFACE_SIDE_STYLE('',(#18725));
#18725 = SURFACE_STYLE_FILL_AREA(#18726);
#18726 = FILL_AREA_STYLE('',(#18727));
#18727 = FILL_AREA_STYLE_COLOUR('',#17257);
#18728 = STYLED_ITEM('color',(#18729),#5707);
#18729 = PRESENTATION_STYLE_ASSIGNMENT((#18730));
#18730 = SURFACE_STYLE_USAGE(.BOTH.,#18731);
#18731 = SURFACE_SIDE_STYLE('',(#18732));
#18732 = SURFACE_STYLE_FILL_AREA(#18733);
#18733 = FILL_AREA_STYLE('',(#18734));
#18734 = FILL_AREA_STYLE_COLOUR('',#17257);
#18735 = STYLED_ITEM('color',(#18736),#5716);
#18736 = PRESENTATION_STYLE_ASSIGNMENT((#18737));
#18737 = SURFACE_STYLE_USAGE(.BOTH.,#18738);
#18738 = SURFACE_SIDE_STYLE('',(#18739));
#18739 = SURFACE_STYLE_FILL_AREA(#18740);
#18740 = FILL_AREA_STYLE('',(#18741));
#18741 = FILL_AREA_STYLE_COLOUR('',#17257);
#18742 = STYLED_ITEM('color',(#18743),#5725);
#18743 = PRESENTATION_STYLE_ASSIGNMENT((#18744));
#18744 = SURFACE_STYLE_USAGE(.BOTH.,#18745);
#18745 = SURFACE_SIDE_STYLE('',(#18746));
#18746 = SURFACE_STYLE_FILL_AREA(#18747);
#18747 = FILL_AREA_STYLE('',(#18748));
#18748 = FILL_AREA_STYLE_COLOUR('',#17257);
#18749 = STYLED_ITEM('color',(#18750),#5734);
#18750 = PRESENTATION_STYLE_ASSIGNMENT((#18751));
#18751 = SURFACE_STYLE_USAGE(.BOTH.,#18752);
#18752 = SURFACE_SIDE_STYLE('',(#18753));
#18753 = SURFACE_STYLE_FILL_AREA(#18754);
#18754 = FILL_AREA_STYLE('',(#18755));
#18755 = FILL_AREA_STYLE_COLOUR('',#17257);
#18756 = MECHANICAL_DESIGN_GEOMETRIC_PRESENTATION_REPRESENTATION('',(
    #18757,#18765,#18772,#18779,#18786,#18793,#18800,#18807,#18815,
    #18822,#18829,#18836,#18843,#18850,#18857,#18864,#18871,#18878,
    #18885,#18892,#18899,#18906,#18913,#18920,#18927,#18934,#18941,
    #18948,#18955,#18962,#18969,#18976,#18983,#18990,#18997,#19004,
    #19011,#19018,#19025,#19032,#19039,#19046,#19053,#19060,#19067,
    #19074,#19081,#19088,#19095,#19102,#19109,#19116,#19123,#19130,
    #19137,#19144,#19151,#19158,#19165,#19172,#19179,#19186,#19193),
  #7525);
#18757 = STYLED_ITEM('color',(#18758),#5764);
#18758 = PRESENTATION_STYLE_ASSIGNMENT((#18759));
#18759 = SURFACE_STYLE_USAGE(.BOTH.,#18760);
#18760 = SURFACE_SIDE_STYLE('',(#18761));
#18761 = SURFACE_STYLE_FILL_AREA(#18762);
#18762 = FILL_AREA_STYLE('',(#18763));
#18763 = FILL_AREA_STYLE_COLOUR('',#18764);
#18764 = COLOUR_RGB('',0.337254907675,0.678431390124,0.443137255223);
#18765 = STYLED_ITEM('color',(#18766),#5804);
#18766 = PRESENTATION_STYLE_ASSIGNMENT((#18767));
#18767 = SURFACE_STYLE_USAGE(.BOTH.,#18768);
#18768 = SURFACE_SIDE_STYLE('',(#18769));
#18769 = SURFACE_STYLE_FILL_AREA(#18770);
#18770 = FILL_AREA_STYLE('',(#18771));
#18771 = FILL_AREA_STYLE_COLOUR('',#18764);
#18772 = STYLED_ITEM('color',(#18773),#5835);
#18773 = PRESENTATION_STYLE_ASSIGNMENT((#18774));
#18774 = SURFACE_STYLE_USAGE(.BOTH.,#18775);
#18775 = SURFACE_SIDE_STYLE('',(#18776));
#18776 = SURFACE_STYLE_FILL_AREA(#18777);
#18777 = FILL_AREA_STYLE('',(#18778));
#18778 = FILL_AREA_STYLE_COLOUR('',#18764);
#18779 = STYLED_ITEM('color',(#18780),#5934);
#18780 = PRESENTATION_STYLE_ASSIGNMENT((#18781));
#18781 = SURFACE_STYLE_USAGE(.BOTH.,#18782);
#18782 = SURFACE_SIDE_STYLE('',(#18783));
#18783 = SURFACE_STYLE_FILL_AREA(#18784);
#18784 = FILL_AREA_STYLE('',(#18785));
#18785 = FILL_AREA_STYLE_COLOUR('',#18764);
#18786 = STYLED_ITEM('color',(#18787),#5975);
#18787 = PRESENTATION_STYLE_ASSIGNMENT((#18788));
#18788 = SURFACE_STYLE_USAGE(.BOTH.,#18789);
#18789 = SURFACE_SIDE_STYLE('',(#18790));
#18790 = SURFACE_STYLE_FILL_AREA(#18791);
#18791 = FILL_AREA_STYLE('',(#18792));
#18792 = FILL_AREA_STYLE_COLOUR('',#18764);
#18793 = STYLED_ITEM('color',(#18794),#6016);
#18794 = PRESENTATION_STYLE_ASSIGNMENT((#18795));
#18795 = SURFACE_STYLE_USAGE(.BOTH.,#18796);
#18796 = SURFACE_SIDE_STYLE('',(#18797));
#18797 = SURFACE_STYLE_FILL_AREA(#18798);
#18798 = FILL_AREA_STYLE('',(#18799));
#18799 = FILL_AREA_STYLE_COLOUR('',#18764);
#18800 = STYLED_ITEM('color',(#18801),#6033);
#18801 = PRESENTATION_STYLE_ASSIGNMENT((#18802));
#18802 = SURFACE_STYLE_USAGE(.BOTH.,#18803);
#18803 = SURFACE_SIDE_STYLE('',(#18804));
#18804 = SURFACE_STYLE_FILL_AREA(#18805);
#18805 = FILL_AREA_STYLE('',(#18806));
#18806 = FILL_AREA_STYLE_COLOUR('',#18764);
#18807 = STYLED_ITEM('color',(#18808),#6148);
#18808 = PRESENTATION_STYLE_ASSIGNMENT((#18809));
#18809 = SURFACE_STYLE_USAGE(.BOTH.,#18810);
#18810 = SURFACE_SIDE_STYLE('',(#18811));
#18811 = SURFACE_STYLE_FILL_AREA(#18812);
#18812 = FILL_AREA_STYLE('',(#18813));
#18813 = FILL_AREA_STYLE_COLOUR('',#18814);
#18814 = COLOUR_RGB('',0.823529417451,0.819607860991,0.780392170416);
#18815 = STYLED_ITEM('color',(#18816),#6179);
#18816 = PRESENTATION_STYLE_ASSIGNMENT((#18817));
#18817 = SURFACE_STYLE_USAGE(.BOTH.,#18818);
#18818 = SURFACE_SIDE_STYLE('',(#18819));
#18819 = SURFACE_STYLE_FILL_AREA(#18820);
#18820 = FILL_AREA_STYLE('',(#18821));
#18821 = FILL_AREA_STYLE_COLOUR('',#18814);
#18822 = STYLED_ITEM('color',(#18823),#6203);
#18823 = PRESENTATION_STYLE_ASSIGNMENT((#18824));
#18824 = SURFACE_STYLE_USAGE(.BOTH.,#18825);
#18825 = SURFACE_SIDE_STYLE('',(#18826));
#18826 = SURFACE_STYLE_FILL_AREA(#18827);
#18827 = FILL_AREA_STYLE('',(#18828));
#18828 = FILL_AREA_STYLE_COLOUR('',#18814);
#18829 = STYLED_ITEM('color',(#18830),#6227);
#18830 = PRESENTATION_STYLE_ASSIGNMENT((#18831));
#18831 = SURFACE_STYLE_USAGE(.BOTH.,#18832);
#18832 = SURFACE_SIDE_STYLE('',(#18833));
#18833 = SURFACE_STYLE_FILL_AREA(#18834);
#18834 = FILL_AREA_STYLE('',(#18835));
#18835 = FILL_AREA_STYLE_COLOUR('',#18814);
#18836 = STYLED_ITEM('color',(#18837),#6244);
#18837 = PRESENTATION_STYLE_ASSIGNMENT((#18838));
#18838 = SURFACE_STYLE_USAGE(.BOTH.,#18839);
#18839 = SURFACE_SIDE_STYLE('',(#18840));
#18840 = SURFACE_STYLE_FILL_AREA(#18841);
#18841 = FILL_AREA_STYLE('',(#18842));
#18842 = FILL_AREA_STYLE_COLOUR('',#18814);
#18843 = STYLED_ITEM('color',(#18844),#6275);
#18844 = PRESENTATION_STYLE_ASSIGNMENT((#18845));
#18845 = SURFACE_STYLE_USAGE(.BOTH.,#18846);
#18846 = SURFACE_SIDE_STYLE('',(#18847));
#18847 = SURFACE_STYLE_FILL_AREA(#18848);
#18848 = FILL_AREA_STYLE('',(#18849));
#18849 = FILL_AREA_STYLE_COLOUR('',#18814);
#18850 = STYLED_ITEM('color',(#18851),#6299);
#18851 = PRESENTATION_STYLE_ASSIGNMENT((#18852));
#18852 = SURFACE_STYLE_USAGE(.BOTH.,#18853);
#18853 = SURFACE_SIDE_STYLE('',(#18854));
#18854 = SURFACE_STYLE_FILL_AREA(#18855);
#18855 = FILL_AREA_STYLE('',(#18856));
#18856 = FILL_AREA_STYLE_COLOUR('',#18814);
#18857 = STYLED_ITEM('color',(#18858),#6323);
#18858 = PRESENTATION_STYLE_ASSIGNMENT((#18859));
#18859 = SURFACE_STYLE_USAGE(.BOTH.,#18860);
#18860 = SURFACE_SIDE_STYLE('',(#18861));
#18861 = SURFACE_STYLE_FILL_AREA(#18862);
#18862 = FILL_AREA_STYLE('',(#18863));
#18863 = FILL_AREA_STYLE_COLOUR('',#18814);
#18864 = STYLED_ITEM('color',(#18865),#6340);
#18865 = PRESENTATION_STYLE_ASSIGNMENT((#18866));
#18866 = SURFACE_STYLE_USAGE(.BOTH.,#18867);
#18867 = SURFACE_SIDE_STYLE('',(#18868));
#18868 = SURFACE_STYLE_FILL_AREA(#18869);
#18869 = FILL_AREA_STYLE('',(#18870));
#18870 = FILL_AREA_STYLE_COLOUR('',#18764);
#18871 = STYLED_ITEM('color',(#18872),#6364);
#18872 = PRESENTATION_STYLE_ASSIGNMENT((#18873));
#18873 = SURFACE_STYLE_USAGE(.BOTH.,#18874);
#18874 = SURFACE_SIDE_STYLE('',(#18875));
#18875 = SURFACE_STYLE_FILL_AREA(#18876);
#18876 = FILL_AREA_STYLE('',(#18877));
#18877 = FILL_AREA_STYLE_COLOUR('',#18764);
#18878 = STYLED_ITEM('color',(#18879),#6406);
#18879 = PRESENTATION_STYLE_ASSIGNMENT((#18880));
#18880 = SURFACE_STYLE_USAGE(.BOTH.,#18881);
#18881 = SURFACE_SIDE_STYLE('',(#18882));
#18882 = SURFACE_STYLE_FILL_AREA(#18883);
#18883 = FILL_AREA_STYLE('',(#18884));
#18884 = FILL_AREA_STYLE_COLOUR('',#18764);
#18885 = STYLED_ITEM('color',(#18886),#6423);
#18886 = PRESENTATION_STYLE_ASSIGNMENT((#18887));
#18887 = SURFACE_STYLE_USAGE(.BOTH.,#18888);
#18888 = SURFACE_SIDE_STYLE('',(#18889));
#18889 = SURFACE_STYLE_FILL_AREA(#18890);
#18890 = FILL_AREA_STYLE('',(#18891));
#18891 = FILL_AREA_STYLE_COLOUR('',#18764);
#18892 = STYLED_ITEM('color',(#18893),#6447);
#18893 = PRESENTATION_STYLE_ASSIGNMENT((#18894));
#18894 = SURFACE_STYLE_USAGE(.BOTH.,#18895);
#18895 = SURFACE_SIDE_STYLE('',(#18896));
#18896 = SURFACE_STYLE_FILL_AREA(#18897);
#18897 = FILL_AREA_STYLE('',(#18898));
#18898 = FILL_AREA_STYLE_COLOUR('',#18764);
#18899 = STYLED_ITEM('color',(#18900),#6526);
#18900 = PRESENTATION_STYLE_ASSIGNMENT((#18901));
#18901 = SURFACE_STYLE_USAGE(.BOTH.,#18902);
#18902 = SURFACE_SIDE_STYLE('',(#18903));
#18903 = SURFACE_STYLE_FILL_AREA(#18904);
#18904 = FILL_AREA_STYLE('',(#18905));
#18905 = FILL_AREA_STYLE_COLOUR('',#18764);
#18906 = STYLED_ITEM('color',(#18907),#6550);
#18907 = PRESENTATION_STYLE_ASSIGNMENT((#18908));
#18908 = SURFACE_STYLE_USAGE(.BOTH.,#18909);
#18909 = SURFACE_SIDE_STYLE('',(#18910));
#18910 = SURFACE_STYLE_FILL_AREA(#18911);
#18911 = FILL_AREA_STYLE('',(#18912));
#18912 = FILL_AREA_STYLE_COLOUR('',#18764);
#18913 = STYLED_ITEM('color',(#18914),#6574);
#18914 = PRESENTATION_STYLE_ASSIGNMENT((#18915));
#18915 = SURFACE_STYLE_USAGE(.BOTH.,#18916);
#18916 = SURFACE_SIDE_STYLE('',(#18917));
#18917 = SURFACE_STYLE_FILL_AREA(#18918);
#18918 = FILL_AREA_STYLE('',(#18919));
#18919 = FILL_AREA_STYLE_COLOUR('',#18764);
#18920 = STYLED_ITEM('color',(#18921),#6599);
#18921 = PRESENTATION_STYLE_ASSIGNMENT((#18922));
#18922 = SURFACE_STYLE_USAGE(.BOTH.,#18923);
#18923 = SURFACE_SIDE_STYLE('',(#18924));
#18924 = SURFACE_STYLE_FILL_AREA(#18925);
#18925 = FILL_AREA_STYLE('',(#18926));
#18926 = FILL_AREA_STYLE_COLOUR('',#18764);
#18927 = STYLED_ITEM('color',(#18928),#6623);
#18928 = PRESENTATION_STYLE_ASSIGNMENT((#18929));
#18929 = SURFACE_STYLE_USAGE(.BOTH.,#18930);
#18930 = SURFACE_SIDE_STYLE('',(#18931));
#18931 = SURFACE_STYLE_FILL_AREA(#18932);
#18932 = FILL_AREA_STYLE('',(#18933));
#18933 = FILL_AREA_STYLE_COLOUR('',#18764);
#18934 = STYLED_ITEM('color',(#18935),#6648);
#18935 = PRESENTATION_STYLE_ASSIGNMENT((#18936));
#18936 = SURFACE_STYLE_USAGE(.BOTH.,#18937);
#18937 = SURFACE_SIDE_STYLE('',(#18938));
#18938 = SURFACE_STYLE_FILL_AREA(#18939);
#18939 = FILL_AREA_STYLE('',(#18940));
#18940 = FILL_AREA_STYLE_COLOUR('',#18764);
#18941 = STYLED_ITEM('color',(#18942),#6672);
#18942 = PRESENTATION_STYLE_ASSIGNMENT((#18943));
#18943 = SURFACE_STYLE_USAGE(.BOTH.,#18944);
#18944 = SURFACE_SIDE_STYLE('',(#18945));
#18945 = SURFACE_STYLE_FILL_AREA(#18946);
#18946 = FILL_AREA_STYLE('',(#18947));
#18947 = FILL_AREA_STYLE_COLOUR('',#18764);
#18948 = STYLED_ITEM('color',(#18949),#6689);
#18949 = PRESENTATION_STYLE_ASSIGNMENT((#18950));
#18950 = SURFACE_STYLE_USAGE(.BOTH.,#18951);
#18951 = SURFACE_SIDE_STYLE('',(#18952));
#18952 = SURFACE_STYLE_FILL_AREA(#18953);
#18953 = FILL_AREA_STYLE('',(#18954));
#18954 = FILL_AREA_STYLE_COLOUR('',#18764);
#18955 = STYLED_ITEM('color',(#18956),#6706);
#18956 = PRESENTATION_STYLE_ASSIGNMENT((#18957));
#18957 = SURFACE_STYLE_USAGE(.BOTH.,#18958);
#18958 = SURFACE_SIDE_STYLE('',(#18959));
#18959 = SURFACE_STYLE_FILL_AREA(#18960);
#18960 = FILL_AREA_STYLE('',(#18961));
#18961 = FILL_AREA_STYLE_COLOUR('',#18814);
#18962 = STYLED_ITEM('color',(#18963),#6737);
#18963 = PRESENTATION_STYLE_ASSIGNMENT((#18964));
#18964 = SURFACE_STYLE_USAGE(.BOTH.,#18965);
#18965 = SURFACE_SIDE_STYLE('',(#18966));
#18966 = SURFACE_STYLE_FILL_AREA(#18967);
#18967 = FILL_AREA_STYLE('',(#18968));
#18968 = FILL_AREA_STYLE_COLOUR('',#18814);
#18969 = STYLED_ITEM('color',(#18970),#6761);
#18970 = PRESENTATION_STYLE_ASSIGNMENT((#18971));
#18971 = SURFACE_STYLE_USAGE(.BOTH.,#18972);
#18972 = SURFACE_SIDE_STYLE('',(#18973));
#18973 = SURFACE_STYLE_FILL_AREA(#18974);
#18974 = FILL_AREA_STYLE('',(#18975));
#18975 = FILL_AREA_STYLE_COLOUR('',#18814);
#18976 = STYLED_ITEM('color',(#18977),#6785);
#18977 = PRESENTATION_STYLE_ASSIGNMENT((#18978));
#18978 = SURFACE_STYLE_USAGE(.BOTH.,#18979);
#18979 = SURFACE_SIDE_STYLE('',(#18980));
#18980 = SURFACE_STYLE_FILL_AREA(#18981);
#18981 = FILL_AREA_STYLE('',(#18982));
#18982 = FILL_AREA_STYLE_COLOUR('',#18814);
#18983 = STYLED_ITEM('color',(#18984),#6802);
#18984 = PRESENTATION_STYLE_ASSIGNMENT((#18985));
#18985 = SURFACE_STYLE_USAGE(.BOTH.,#18986);
#18986 = SURFACE_SIDE_STYLE('',(#18987));
#18987 = SURFACE_STYLE_FILL_AREA(#18988);
#18988 = FILL_AREA_STYLE('',(#18989));
#18989 = FILL_AREA_STYLE_COLOUR('',#18814);
#18990 = STYLED_ITEM('color',(#18991),#6833);
#18991 = PRESENTATION_STYLE_ASSIGNMENT((#18992));
#18992 = SURFACE_STYLE_USAGE(.BOTH.,#18993);
#18993 = SURFACE_SIDE_STYLE('',(#18994));
#18994 = SURFACE_STYLE_FILL_AREA(#18995);
#18995 = FILL_AREA_STYLE('',(#18996));
#18996 = FILL_AREA_STYLE_COLOUR('',#18814);
#18997 = STYLED_ITEM('color',(#18998),#6857);
#18998 = PRESENTATION_STYLE_ASSIGNMENT((#18999));
#18999 = SURFACE_STYLE_USAGE(.BOTH.,#19000);
#19000 = SURFACE_SIDE_STYLE('',(#19001));
#19001 = SURFACE_STYLE_FILL_AREA(#19002);
#19002 = FILL_AREA_STYLE('',(#19003));
#19003 = FILL_AREA_STYLE_COLOUR('',#18814);
#19004 = STYLED_ITEM('color',(#19005),#6881);
#19005 = PRESENTATION_STYLE_ASSIGNMENT((#19006));
#19006 = SURFACE_STYLE_USAGE(.BOTH.,#19007);
#19007 = SURFACE_SIDE_STYLE('',(#19008));
#19008 = SURFACE_STYLE_FILL_AREA(#19009);
#19009 = FILL_AREA_STYLE('',(#19010));
#19010 = FILL_AREA_STYLE_COLOUR('',#18814);
#19011 = STYLED_ITEM('color',(#19012),#6898);
#19012 = PRESENTATION_STYLE_ASSIGNMENT((#19013));
#19013 = SURFACE_STYLE_USAGE(.BOTH.,#19014);
#19014 = SURFACE_SIDE_STYLE('',(#19015));
#19015 = SURFACE_STYLE_FILL_AREA(#19016);
#19016 = FILL_AREA_STYLE('',(#19017));
#19017 = FILL_AREA_STYLE_COLOUR('',#18764);
#19018 = STYLED_ITEM('color',(#19019),#6915);
#19019 = PRESENTATION_STYLE_ASSIGNMENT((#19020));
#19020 = SURFACE_STYLE_USAGE(.BOTH.,#19021);
#19021 = SURFACE_SIDE_STYLE('',(#19022));
#19022 = SURFACE_STYLE_FILL_AREA(#19023);
#19023 = FILL_AREA_STYLE('',(#19024));
#19024 = FILL_AREA_STYLE_COLOUR('',#18764);
#19025 = STYLED_ITEM('color',(#19026),#6946);
#19026 = PRESENTATION_STYLE_ASSIGNMENT((#19027));
#19027 = SURFACE_STYLE_USAGE(.BOTH.,#19028);
#19028 = SURFACE_SIDE_STYLE('',(#19029));
#19029 = SURFACE_STYLE_FILL_AREA(#19030);
#19030 = FILL_AREA_STYLE('',(#19031));
#19031 = FILL_AREA_STYLE_COLOUR('',#18764);
#19032 = STYLED_ITEM('color',(#19033),#6963);
#19033 = PRESENTATION_STYLE_ASSIGNMENT((#19034));
#19034 = SURFACE_STYLE_USAGE(.BOTH.,#19035);
#19035 = SURFACE_SIDE_STYLE('',(#19036));
#19036 = SURFACE_STYLE_FILL_AREA(#19037);
#19037 = FILL_AREA_STYLE('',(#19038));
#19038 = FILL_AREA_STYLE_COLOUR('',#18764);
#19039 = STYLED_ITEM('color',(#19040),#6980);
#19040 = PRESENTATION_STYLE_ASSIGNMENT((#19041));
#19041 = SURFACE_STYLE_USAGE(.BOTH.,#19042);
#19042 = SURFACE_SIDE_STYLE('',(#19043));
#19043 = SURFACE_STYLE_FILL_AREA(#19044);
#19044 = FILL_AREA_STYLE('',(#19045));
#19045 = FILL_AREA_STYLE_COLOUR('',#18764);
#19046 = STYLED_ITEM('color',(#19047),#6997);
#19047 = PRESENTATION_STYLE_ASSIGNMENT((#19048));
#19048 = SURFACE_STYLE_USAGE(.BOTH.,#19049);
#19049 = SURFACE_SIDE_STYLE('',(#19050));
#19050 = SURFACE_STYLE_FILL_AREA(#19051);
#19051 = FILL_AREA_STYLE('',(#19052));
#19052 = FILL_AREA_STYLE_COLOUR('',#18764);
#19053 = STYLED_ITEM('color',(#19054),#7009);
#19054 = PRESENTATION_STYLE_ASSIGNMENT((#19055));
#19055 = SURFACE_STYLE_USAGE(.BOTH.,#19056);
#19056 = SURFACE_SIDE_STYLE('',(#19057));
#19057 = SURFACE_STYLE_FILL_AREA(#19058);
#19058 = FILL_AREA_STYLE('',(#19059));
#19059 = FILL_AREA_STYLE_COLOUR('',#18764);
#19060 = STYLED_ITEM('color',(#19061),#7093);
#19061 = PRESENTATION_STYLE_ASSIGNMENT((#19062));
#19062 = SURFACE_STYLE_USAGE(.BOTH.,#19063);
#19063 = SURFACE_SIDE_STYLE('',(#19064));
#19064 = SURFACE_STYLE_FILL_AREA(#19065);
#19065 = FILL_AREA_STYLE('',(#19066));
#19066 = FILL_AREA_STYLE_COLOUR('',#18814);
#19067 = STYLED_ITEM('color',(#19068),#7105);
#19068 = PRESENTATION_STYLE_ASSIGNMENT((#19069));
#19069 = SURFACE_STYLE_USAGE(.BOTH.,#19070);
#19070 = SURFACE_SIDE_STYLE('',(#19071));
#19071 = SURFACE_STYLE_FILL_AREA(#19072);
#19072 = FILL_AREA_STYLE('',(#19073));
#19073 = FILL_AREA_STYLE_COLOUR('',#18814);
#19074 = STYLED_ITEM('color',(#19075),#7117);
#19075 = PRESENTATION_STYLE_ASSIGNMENT((#19076));
#19076 = SURFACE_STYLE_USAGE(.BOTH.,#19077);
#19077 = SURFACE_SIDE_STYLE('',(#19078));
#19078 = SURFACE_STYLE_FILL_AREA(#19079);
#19079 = FILL_AREA_STYLE('',(#19080));
#19080 = FILL_AREA_STYLE_COLOUR('',#18814);
#19081 = STYLED_ITEM('color',(#19082),#7148);
#19082 = PRESENTATION_STYLE_ASSIGNMENT((#19083));
#19083 = SURFACE_STYLE_USAGE(.BOTH.,#19084);
#19084 = SURFACE_SIDE_STYLE('',(#19085));
#19085 = SURFACE_STYLE_FILL_AREA(#19086);
#19086 = FILL_AREA_STYLE('',(#19087));
#19087 = FILL_AREA_STYLE_COLOUR('',#18814);
#19088 = STYLED_ITEM('color',(#19089),#7172);
#19089 = PRESENTATION_STYLE_ASSIGNMENT((#19090));
#19090 = SURFACE_STYLE_USAGE(.BOTH.,#19091);
#19091 = SURFACE_SIDE_STYLE('',(#19092));
#19092 = SURFACE_STYLE_FILL_AREA(#19093);
#19093 = FILL_AREA_STYLE('',(#19094));
#19094 = FILL_AREA_STYLE_COLOUR('',#18814);
#19095 = STYLED_ITEM('color',(#19096),#7196);
#19096 = PRESENTATION_STYLE_ASSIGNMENT((#19097));
#19097 = SURFACE_STYLE_USAGE(.BOTH.,#19098);
#19098 = SURFACE_SIDE_STYLE('',(#19099));
#19099 = SURFACE_STYLE_FILL_AREA(#19100);
#19100 = FILL_AREA_STYLE('',(#19101));
#19101 = FILL_AREA_STYLE_COLOUR('',#18814);
#19102 = STYLED_ITEM('color',(#19103),#7213);
#19103 = PRESENTATION_STYLE_ASSIGNMENT((#19104));
#19104 = SURFACE_STYLE_USAGE(.BOTH.,#19105);
#19105 = SURFACE_SIDE_STYLE('',(#19106));
#19106 = SURFACE_STYLE_FILL_AREA(#19107);
#19107 = FILL_AREA_STYLE('',(#19108));
#19108 = FILL_AREA_STYLE_COLOUR('',#18814);
#19109 = STYLED_ITEM('color',(#19110),#7244);
#19110 = PRESENTATION_STYLE_ASSIGNMENT((#19111));
#19111 = SURFACE_STYLE_USAGE(.BOTH.,#19112);
#19112 = SURFACE_SIDE_STYLE('',(#19113));
#19113 = SURFACE_STYLE_FILL_AREA(#19114);
#19114 = FILL_AREA_STYLE('',(#19115));
#19115 = FILL_AREA_STYLE_COLOUR('',#18814);
#19116 = STYLED_ITEM('color',(#19117),#7268);
#19117 = PRESENTATION_STYLE_ASSIGNMENT((#19118));
#19118 = SURFACE_STYLE_USAGE(.BOTH.,#19119);
#19119 = SURFACE_SIDE_STYLE('',(#19120));
#19120 = SURFACE_STYLE_FILL_AREA(#19121);
#19121 = FILL_AREA_STYLE('',(#19122));
#19122 = FILL_AREA_STYLE_COLOUR('',#18814);
#19123 = STYLED_ITEM('color',(#19124),#7292);
#19124 = PRESENTATION_STYLE_ASSIGNMENT((#19125));
#19125 = SURFACE_STYLE_USAGE(.BOTH.,#19126);
#19126 = SURFACE_SIDE_STYLE('',(#19127));
#19127 = SURFACE_STYLE_FILL_AREA(#19128);
#19128 = FILL_AREA_STYLE('',(#19129));
#19129 = FILL_AREA_STYLE_COLOUR('',#18814);
#19130 = STYLED_ITEM('color',(#19131),#7309);
#19131 = PRESENTATION_STYLE_ASSIGNMENT((#19132));
#19132 = SURFACE_STYLE_USAGE(.BOTH.,#19133);
#19133 = SURFACE_SIDE_STYLE('',(#19134));
#19134 = SURFACE_STYLE_FILL_AREA(#19135);
#19135 = FILL_AREA_STYLE('',(#19136));
#19136 = FILL_AREA_STYLE_COLOUR('',#18814);
#19137 = STYLED_ITEM('color',(#19138),#7340);
#19138 = PRESENTATION_STYLE_ASSIGNMENT((#19139));
#19139 = SURFACE_STYLE_USAGE(.BOTH.,#19140);
#19140 = SURFACE_SIDE_STYLE('',(#19141));
#19141 = SURFACE_STYLE_FILL_AREA(#19142);
#19142 = FILL_AREA_STYLE('',(#19143));
#19143 = FILL_AREA_STYLE_COLOUR('',#18814);
#19144 = STYLED_ITEM('color',(#19145),#7364);
#19145 = PRESENTATION_STYLE_ASSIGNMENT((#19146));
#19146 = SURFACE_STYLE_USAGE(.BOTH.,#19147);
#19147 = SURFACE_SIDE_STYLE('',(#19148));
#19148 = SURFACE_STYLE_FILL_AREA(#19149);
#19149 = FILL_AREA_STYLE('',(#19150));
#19150 = FILL_AREA_STYLE_COLOUR('',#18814);
#19151 = STYLED_ITEM('color',(#19152),#7388);
#19152 = PRESENTATION_STYLE_ASSIGNMENT((#19153));
#19153 = SURFACE_STYLE_USAGE(.BOTH.,#19154);
#19154 = SURFACE_SIDE_STYLE('',(#19155));
#19155 = SURFACE_STYLE_FILL_AREA(#19156);
#19156 = FILL_AREA_STYLE('',(#19157));
#19157 = FILL_AREA_STYLE_COLOUR('',#18814);
#19158 = STYLED_ITEM('color',(#19159),#7405);
#19159 = PRESENTATION_STYLE_ASSIGNMENT((#19160));
#19160 = SURFACE_STYLE_USAGE(.BOTH.,#19161);
#19161 = SURFACE_SIDE_STYLE('',(#19162));
#19162 = SURFACE_STYLE_FILL_AREA(#19163);
#19163 = FILL_AREA_STYLE('',(#19164));
#19164 = FILL_AREA_STYLE_COLOUR('',#18814);
#19165 = STYLED_ITEM('color',(#19166),#7436);
#19166 = PRESENTATION_STYLE_ASSIGNMENT((#19167));
#19167 = SURFACE_STYLE_USAGE(.BOTH.,#19168);
#19168 = SURFACE_SIDE_STYLE('',(#19169));
#19169 = SURFACE_STYLE_FILL_AREA(#19170);
#19170 = FILL_AREA_STYLE('',(#19171));
#19171 = FILL_AREA_STYLE_COLOUR('',#18814);
#19172 = STYLED_ITEM('color',(#19173),#7460);
#19173 = PRESENTATION_STYLE_ASSIGNMENT((#19174));
#19174 = SURFACE_STYLE_USAGE(.BOTH.,#19175);
#19175 = SURFACE_SIDE_STYLE('',(#19176));
#19176 = SURFACE_STYLE_FILL_AREA(#19177);
#19177 = FILL_AREA_STYLE('',(#19178));
#19178 = FILL_AREA_STYLE_COLOUR('',#18814);
#19179 = STYLED_ITEM('color',(#19180),#7484);
#19180 = PRESENTATION_STYLE_ASSIGNMENT((#19181));
#19181 = SURFACE_STYLE_USAGE(.BOTH.,#19182);
#19182 = SURFACE_SIDE_STYLE('',(#19183));
#19183 = SURFACE_STYLE_FILL_AREA(#19184);
#19184 = FILL_AREA_STYLE('',(#19185));
#19185 = FILL_AREA_STYLE_COLOUR('',#18814);
#19186 = STYLED_ITEM('color',(#19187),#7501);
#19187 = PRESENTATION_STYLE_ASSIGNMENT((#19188));
#19188 = SURFACE_STYLE_USAGE(.BOTH.,#19189);
#19189 = SURFACE_SIDE_STYLE('',(#19190));
#19190 = SURFACE_STYLE_FILL_AREA(#19191);
#19191 = FILL_AREA_STYLE('',(#19192));
#19192 = FILL_AREA_STYLE_COLOUR('',#18814);
#19193 = STYLED_ITEM('color',(#19194),#7513);
#19194 = PRESENTATION_STYLE_ASSIGNMENT((#19195));
#19195 = SURFACE_STYLE_USAGE(.BOTH.,#19196);
#19196 = SURFACE_SIDE_STYLE('',(#19197));
#19197 = SURFACE_STYLE_FILL_AREA(#19198);
#19198 = FILL_AREA_STYLE('',(#19199));
#19199 = FILL_AREA_STYLE_COLOUR('',#18814);
#19200 = MECHANICAL_DESIGN_GEOMETRIC_PRESENTATION_REPRESENTATION('',(
    #19201),#17125);
#19201 = STYLED_ITEM('color',(#19202),#14495);
#19202 = PRESENTATION_STYLE_ASSIGNMENT((#19203));
#19203 = SURFACE_STYLE_USAGE(.BOTH.,#19204);
#19204 = SURFACE_SIDE_STYLE('',(#19205));
#19205 = SURFACE_STYLE_FILL_AREA(#19206);
#19206 = FILL_AREA_STYLE('',(#19207));
#19207 = FILL_AREA_STYLE_COLOUR('',#19208);
#19208 = COLOUR_RGB('',0.313304153717,0.484529207832,0.410020903123);
#19209 = MECHANICAL_DESIGN_GEOMETRIC_PRESENTATION_REPRESENTATION('',(
    #19210,#19217,#19224,#19231,#19238,#19245,#19252,#19259,#19266,
    #19273,#19280,#19287,#19294,#19301,#19308,#19315,#19322,#19329,
    #19336,#19343,#19350,#19357,#19364,#19371,#19378,#19385,#19392,
    #19399,#19406,#19413,#19420,#19427,#19434,#19441,#19448,#19455,
    #19462,#19469,#19476,#19483,#19490,#19497,#19504,#19511,#19518,
    #19525,#19532,#19539,#19546,#19553,#19560,#19567,#19574,#19582,
    #19589,#19596,#19603,#19610,#19617,#19624,#19631,#19638,#19645,
    #19652,#19659,#19666,#19673,#19680,#19687,#19694,#19701,#19708,
    #19715,#19722,#19729,#19736,#19743,#19750,#19757,#19764,#19771,
    #19778,#19785,#19792,#19799,#19806,#19813,#19820,#19827,#19834,
    #19841,#19848,#19855,#19862,#19869,#19876,#19883,#19890,#19897,
    #19904,#19911,#19918,#19925,#19932,#19939,#19946,#19953,#19960,
    #19967,#19974,#19981,#19988,#19995,#20002,#20009,#20016,#20023,
    #20030,#20037,#20044,#20051,#20058,#20065,#20072,#20079,#20086,
    #20093,#20100,#20107,#20114,#20121,#20128,#20135,#20142,#20149,
    #20156,#20163,#20170,#20177,#20184,#20191,#20198,#20205,#20212,
    #20219,#20226,#20233,#20240,#20247,#20254,#20261,#20268,#20275,
    #20282,#20289,#20296,#20303,#20310,#20317,#20324,#20331,#20338,
    #20345,#20352,#20359,#20366,#20373,#20380,#20387,#20394,#20401,
    #20408,#20415,#20422,#20429,#20436,#20443,#20450,#20457,#20464,
    #20471,#20478,#20485,#20492,#20499,#20506,#20513,#20520,#20527,
    #20534,#20541,#20548,#20555,#20562,#20569,#20576),#14471);
#19210 = STYLED_ITEM('color',(#19211),#8997);
#19211 = PRESENTATION_STYLE_ASSIGNMENT((#19212));
#19212 = SURFACE_STYLE_USAGE(.BOTH.,#19213);
#19213 = SURFACE_SIDE_STYLE('',(#19214));
#19214 = SURFACE_STYLE_FILL_AREA(#19215);
#19215 = FILL_AREA_STYLE('',(#19216));
#19216 = FILL_AREA_STYLE_COLOUR('',#17144);
#19217 = STYLED_ITEM('color',(#19218),#9037);
#19218 = PRESENTATION_STYLE_ASSIGNMENT((#19219));
#19219 = SURFACE_STYLE_USAGE(.BOTH.,#19220);
#19220 = SURFACE_SIDE_STYLE('',(#19221));
#19221 = SURFACE_STYLE_FILL_AREA(#19222);
#19222 = FILL_AREA_STYLE('',(#19223));
#19223 = FILL_AREA_STYLE_COLOUR('',#17144);
#19224 = STYLED_ITEM('color',(#19225),#9068);
#19225 = PRESENTATION_STYLE_ASSIGNMENT((#19226));
#19226 = SURFACE_STYLE_USAGE(.BOTH.,#19227);
#19227 = SURFACE_SIDE_STYLE('',(#19228));
#19228 = SURFACE_STYLE_FILL_AREA(#19229);
#19229 = FILL_AREA_STYLE('',(#19230));
#19230 = FILL_AREA_STYLE_COLOUR('',#17144);
#19231 = STYLED_ITEM('color',(#19232),#9099);
#19232 = PRESENTATION_STYLE_ASSIGNMENT((#19233));
#19233 = SURFACE_STYLE_USAGE(.BOTH.,#19234);
#19234 = SURFACE_SIDE_STYLE('',(#19235));
#19235 = SURFACE_STYLE_FILL_AREA(#19236);
#19236 = FILL_AREA_STYLE('',(#19237));
#19237 = FILL_AREA_STYLE_COLOUR('',#17144);
#19238 = STYLED_ITEM('color',(#19239),#9756);
#19239 = PRESENTATION_STYLE_ASSIGNMENT((#19240));
#19240 = SURFACE_STYLE_USAGE(.BOTH.,#19241);
#19241 = SURFACE_SIDE_STYLE('',(#19242));
#19242 = SURFACE_STYLE_FILL_AREA(#19243);
#19243 = FILL_AREA_STYLE('',(#19244));
#19244 = FILL_AREA_STYLE_COLOUR('',#17144);
#19245 = STYLED_ITEM('color',(#19246),#10413);
#19246 = PRESENTATION_STYLE_ASSIGNMENT((#19247));
#19247 = SURFACE_STYLE_USAGE(.BOTH.,#19248);
#19248 = SURFACE_SIDE_STYLE('',(#19249));
#19249 = SURFACE_STYLE_FILL_AREA(#19250);
#19250 = FILL_AREA_STYLE('',(#19251));
#19251 = FILL_AREA_STYLE_COLOUR('',#17144);
#19252 = STYLED_ITEM('color',(#19253),#10430);
#19253 = PRESENTATION_STYLE_ASSIGNMENT((#19254));
#19254 = SURFACE_STYLE_USAGE(.BOTH.,#19255);
#19255 = SURFACE_SIDE_STYLE('',(#19256));
#19256 = SURFACE_STYLE_FILL_AREA(#19257);
#19257 = FILL_AREA_STYLE('',(#19258));
#19258 = FILL_AREA_STYLE_COLOUR('',#17144);
#19259 = STYLED_ITEM('color',(#19260),#10447);
#19260 = PRESENTATION_STYLE_ASSIGNMENT((#19261));
#19261 = SURFACE_STYLE_USAGE(.BOTH.,#19262);
#19262 = SURFACE_SIDE_STYLE('',(#19263));
#19263 = SURFACE_STYLE_FILL_AREA(#19264);
#19264 = FILL_AREA_STYLE('',(#19265));
#19265 = FILL_AREA_STYLE_COLOUR('',#17144);
#19266 = STYLED_ITEM('color',(#19267),#10464);
#19267 = PRESENTATION_STYLE_ASSIGNMENT((#19268));
#19268 = SURFACE_STYLE_USAGE(.BOTH.,#19269);
#19269 = SURFACE_SIDE_STYLE('',(#19270));
#19270 = SURFACE_STYLE_FILL_AREA(#19271);
#19271 = FILL_AREA_STYLE('',(#19272));
#19272 = FILL_AREA_STYLE_COLOUR('',#17144);
#19273 = STYLED_ITEM('color',(#19274),#10481);
#19274 = PRESENTATION_STYLE_ASSIGNMENT((#19275));
#19275 = SURFACE_STYLE_USAGE(.BOTH.,#19276);
#19276 = SURFACE_SIDE_STYLE('',(#19277));
#19277 = SURFACE_STYLE_FILL_AREA(#19278);
#19278 = FILL_AREA_STYLE('',(#19279));
#19279 = FILL_AREA_STYLE_COLOUR('',#17144);
#19280 = STYLED_ITEM('color',(#19281),#10498);
#19281 = PRESENTATION_STYLE_ASSIGNMENT((#19282));
#19282 = SURFACE_STYLE_USAGE(.BOTH.,#19283);
#19283 = SURFACE_SIDE_STYLE('',(#19284));
#19284 = SURFACE_STYLE_FILL_AREA(#19285);
#19285 = FILL_AREA_STYLE('',(#19286));
#19286 = FILL_AREA_STYLE_COLOUR('',#17144);
#19287 = STYLED_ITEM('color',(#19288),#10515);
#19288 = PRESENTATION_STYLE_ASSIGNMENT((#19289));
#19289 = SURFACE_STYLE_USAGE(.BOTH.,#19290);
#19290 = SURFACE_SIDE_STYLE('',(#19291));
#19291 = SURFACE_STYLE_FILL_AREA(#19292);
#19292 = FILL_AREA_STYLE('',(#19293));
#19293 = FILL_AREA_STYLE_COLOUR('',#17144);
#19294 = STYLED_ITEM('color',(#19295),#10532);
#19295 = PRESENTATION_STYLE_ASSIGNMENT((#19296));
#19296 = SURFACE_STYLE_USAGE(.BOTH.,#19297);
#19297 = SURFACE_SIDE_STYLE('',(#19298));
#19298 = SURFACE_STYLE_FILL_AREA(#19299);
#19299 = FILL_AREA_STYLE('',(#19300));
#19300 = FILL_AREA_STYLE_COLOUR('',#17144);
#19301 = STYLED_ITEM('color',(#19302),#10549);
#19302 = PRESENTATION_STYLE_ASSIGNMENT((#19303));
#19303 = SURFACE_STYLE_USAGE(.BOTH.,#19304);
#19304 = SURFACE_SIDE_STYLE('',(#19305));
#19305 = SURFACE_STYLE_FILL_AREA(#19306);
#19306 = FILL_AREA_STYLE('',(#19307));
#19307 = FILL_AREA_STYLE_COLOUR('',#17144);
#19308 = STYLED_ITEM('color',(#19309),#10566);
#19309 = PRESENTATION_STYLE_ASSIGNMENT((#19310));
#19310 = SURFACE_STYLE_USAGE(.BOTH.,#19311);
#19311 = SURFACE_SIDE_STYLE('',(#19312));
#19312 = SURFACE_STYLE_FILL_AREA(#19313);
#19313 = FILL_AREA_STYLE('',(#19314));
#19314 = FILL_AREA_STYLE_COLOUR('',#17144);
#19315 = STYLED_ITEM('color',(#19316),#10583);
#19316 = PRESENTATION_STYLE_ASSIGNMENT((#19317));
#19317 = SURFACE_STYLE_USAGE(.BOTH.,#19318);
#19318 = SURFACE_SIDE_STYLE('',(#19319));
#19319 = SURFACE_STYLE_FILL_AREA(#19320);
#19320 = FILL_AREA_STYLE('',(#19321));
#19321 = FILL_AREA_STYLE_COLOUR('',#17144);
#19322 = STYLED_ITEM('color',(#19323),#10600);
#19323 = PRESENTATION_STYLE_ASSIGNMENT((#19324));
#19324 = SURFACE_STYLE_USAGE(.BOTH.,#19325);
#19325 = SURFACE_SIDE_STYLE('',(#19326));
#19326 = SURFACE_STYLE_FILL_AREA(#19327);
#19327 = FILL_AREA_STYLE('',(#19328));
#19328 = FILL_AREA_STYLE_COLOUR('',#17144);
#19329 = STYLED_ITEM('color',(#19330),#10617);
#19330 = PRESENTATION_STYLE_ASSIGNMENT((#19331));
#19331 = SURFACE_STYLE_USAGE(.BOTH.,#19332);
#19332 = SURFACE_SIDE_STYLE('',(#19333));
#19333 = SURFACE_STYLE_FILL_AREA(#19334);
#19334 = FILL_AREA_STYLE('',(#19335));
#19335 = FILL_AREA_STYLE_COLOUR('',#17144);
#19336 = STYLED_ITEM('color',(#19337),#10634);
#19337 = PRESENTATION_STYLE_ASSIGNMENT((#19338));
#19338 = SURFACE_STYLE_USAGE(.BOTH.,#19339);
#19339 = SURFACE_SIDE_STYLE('',(#19340));
#19340 = SURFACE_STYLE_FILL_AREA(#19341);
#19341 = FILL_AREA_STYLE('',(#19342));
#19342 = FILL_AREA_STYLE_COLOUR('',#17144);
#19343 = STYLED_ITEM('color',(#19344),#10651);
#19344 = PRESENTATION_STYLE_ASSIGNMENT((#19345));
#19345 = SURFACE_STYLE_USAGE(.BOTH.,#19346);
#19346 = SURFACE_SIDE_STYLE('',(#19347));
#19347 = SURFACE_STYLE_FILL_AREA(#19348);
#19348 = FILL_AREA_STYLE('',(#19349));
#19349 = FILL_AREA_STYLE_COLOUR('',#17144);
#19350 = STYLED_ITEM('color',(#19351),#10668);
#19351 = PRESENTATION_STYLE_ASSIGNMENT((#19352));
#19352 = SURFACE_STYLE_USAGE(.BOTH.,#19353);
#19353 = SURFACE_SIDE_STYLE('',(#19354));
#19354 = SURFACE_STYLE_FILL_AREA(#19355);
#19355 = FILL_AREA_STYLE('',(#19356));
#19356 = FILL_AREA_STYLE_COLOUR('',#17144);
#19357 = STYLED_ITEM('color',(#19358),#10685);
#19358 = PRESENTATION_STYLE_ASSIGNMENT((#19359));
#19359 = SURFACE_STYLE_USAGE(.BOTH.,#19360);
#19360 = SURFACE_SIDE_STYLE('',(#19361));
#19361 = SURFACE_STYLE_FILL_AREA(#19362);
#19362 = FILL_AREA_STYLE('',(#19363));
#19363 = FILL_AREA_STYLE_COLOUR('',#17144);
#19364 = STYLED_ITEM('color',(#19365),#10702);
#19365 = PRESENTATION_STYLE_ASSIGNMENT((#19366));
#19366 = SURFACE_STYLE_USAGE(.BOTH.,#19367);
#19367 = SURFACE_SIDE_STYLE('',(#19368));
#19368 = SURFACE_STYLE_FILL_AREA(#19369);
#19369 = FILL_AREA_STYLE('',(#19370));
#19370 = FILL_AREA_STYLE_COLOUR('',#17144);
#19371 = STYLED_ITEM('color',(#19372),#10719);
#19372 = PRESENTATION_STYLE_ASSIGNMENT((#19373));
#19373 = SURFACE_STYLE_USAGE(.BOTH.,#19374);
#19374 = SURFACE_SIDE_STYLE('',(#19375));
#19375 = SURFACE_STYLE_FILL_AREA(#19376);
#19376 = FILL_AREA_STYLE('',(#19377));
#19377 = FILL_AREA_STYLE_COLOUR('',#17144);
#19378 = STYLED_ITEM('color',(#19379),#10736);
#19379 = PRESENTATION_STYLE_ASSIGNMENT((#19380));
#19380 = SURFACE_STYLE_USAGE(.BOTH.,#19381);
#19381 = SURFACE_SIDE_STYLE('',(#19382));
#19382 = SURFACE_STYLE_FILL_AREA(#19383);
#19383 = FILL_AREA_STYLE('',(#19384));
#19384 = FILL_AREA_STYLE_COLOUR('',#17144);
#19385 = STYLED_ITEM('color',(#19386),#10753);
#19386 = PRESENTATION_STYLE_ASSIGNMENT((#19387));
#19387 = SURFACE_STYLE_USAGE(.BOTH.,#19388);
#19388 = SURFACE_SIDE_STYLE('',(#19389));
#19389 = SURFACE_STYLE_FILL_AREA(#19390);
#19390 = FILL_AREA_STYLE('',(#19391));
#19391 = FILL_AREA_STYLE_COLOUR('',#17144);
#19392 = STYLED_ITEM('color',(#19393),#10770);
#19393 = PRESENTATION_STYLE_ASSIGNMENT((#19394));
#19394 = SURFACE_STYLE_USAGE(.BOTH.,#19395);
#19395 = SURFACE_SIDE_STYLE('',(#19396));
#19396 = SURFACE_STYLE_FILL_AREA(#19397);
#19397 = FILL_AREA_STYLE('',(#19398));
#19398 = FILL_AREA_STYLE_COLOUR('',#17144);
#19399 = STYLED_ITEM('color',(#19400),#10787);
#19400 = PRESENTATION_STYLE_ASSIGNMENT((#19401));
#19401 = SURFACE_STYLE_USAGE(.BOTH.,#19402);
#19402 = SURFACE_SIDE_STYLE('',(#19403));
#19403 = SURFACE_STYLE_FILL_AREA(#19404);
#19404 = FILL_AREA_STYLE('',(#19405));
#19405 = FILL_AREA_STYLE_COLOUR('',#17144);
#19406 = STYLED_ITEM('color',(#19407),#10804);
#19407 = PRESENTATION_STYLE_ASSIGNMENT((#19408));
#19408 = SURFACE_STYLE_USAGE(.BOTH.,#19409);
#19409 = SURFACE_SIDE_STYLE('',(#19410));
#19410 = SURFACE_STYLE_FILL_AREA(#19411);
#19411 = FILL_AREA_STYLE('',(#19412));
#19412 = FILL_AREA_STYLE_COLOUR('',#17144);
#19413 = STYLED_ITEM('color',(#19414),#10821);
#19414 = PRESENTATION_STYLE_ASSIGNMENT((#19415));
#19415 = SURFACE_STYLE_USAGE(.BOTH.,#19416);
#19416 = SURFACE_SIDE_STYLE('',(#19417));
#19417 = SURFACE_STYLE_FILL_AREA(#19418);
#19418 = FILL_AREA_STYLE('',(#19419));
#19419 = FILL_AREA_STYLE_COLOUR('',#17144);
#19420 = STYLED_ITEM('color',(#19421),#10838);
#19421 = PRESENTATION_STYLE_ASSIGNMENT((#19422));
#19422 = SURFACE_STYLE_USAGE(.BOTH.,#19423);
#19423 = SURFACE_SIDE_STYLE('',(#19424));
#19424 = SURFACE_STYLE_FILL_AREA(#19425);
#19425 = FILL_AREA_STYLE('',(#19426));
#19426 = FILL_AREA_STYLE_COLOUR('',#17144);
#19427 = STYLED_ITEM('color',(#19428),#10855);
#19428 = PRESENTATION_STYLE_ASSIGNMENT((#19429));
#19429 = SURFACE_STYLE_USAGE(.BOTH.,#19430);
#19430 = SURFACE_SIDE_STYLE('',(#19431));
#19431 = SURFACE_STYLE_FILL_AREA(#19432);
#19432 = FILL_AREA_STYLE('',(#19433));
#19433 = FILL_AREA_STYLE_COLOUR('',#17144);
#19434 = STYLED_ITEM('color',(#19435),#10872);
#19435 = PRESENTATION_STYLE_ASSIGNMENT((#19436));
#19436 = SURFACE_STYLE_USAGE(.BOTH.,#19437);
#19437 = SURFACE_SIDE_STYLE('',(#19438));
#19438 = SURFACE_STYLE_FILL_AREA(#19439);
#19439 = FILL_AREA_STYLE('',(#19440));
#19440 = FILL_AREA_STYLE_COLOUR('',#17144);
#19441 = STYLED_ITEM('color',(#19442),#10889);
#19442 = PRESENTATION_STYLE_ASSIGNMENT((#19443));
#19443 = SURFACE_STYLE_USAGE(.BOTH.,#19444);
#19444 = SURFACE_SIDE_STYLE('',(#19445));
#19445 = SURFACE_STYLE_FILL_AREA(#19446);
#19446 = FILL_AREA_STYLE('',(#19447));
#19447 = FILL_AREA_STYLE_COLOUR('',#17144);
#19448 = STYLED_ITEM('color',(#19449),#10906);
#19449 = PRESENTATION_STYLE_ASSIGNMENT((#19450));
#19450 = SURFACE_STYLE_USAGE(.BOTH.,#19451);
#19451 = SURFACE_SIDE_STYLE('',(#19452));
#19452 = SURFACE_STYLE_FILL_AREA(#19453);
#19453 = FILL_AREA_STYLE('',(#19454));
#19454 = FILL_AREA_STYLE_COLOUR('',#17144);
#19455 = STYLED_ITEM('color',(#19456),#10923);
#19456 = PRESENTATION_STYLE_ASSIGNMENT((#19457));
#19457 = SURFACE_STYLE_USAGE(.BOTH.,#19458);
#19458 = SURFACE_SIDE_STYLE('',(#19459));
#19459 = SURFACE_STYLE_FILL_AREA(#19460);
#19460 = FILL_AREA_STYLE('',(#19461));
#19461 = FILL_AREA_STYLE_COLOUR('',#17144);
#19462 = STYLED_ITEM('color',(#19463),#10940);
#19463 = PRESENTATION_STYLE_ASSIGNMENT((#19464));
#19464 = SURFACE_STYLE_USAGE(.BOTH.,#19465);
#19465 = SURFACE_SIDE_STYLE('',(#19466));
#19466 = SURFACE_STYLE_FILL_AREA(#19467);
#19467 = FILL_AREA_STYLE('',(#19468));
#19468 = FILL_AREA_STYLE_COLOUR('',#17144);
#19469 = STYLED_ITEM('color',(#19470),#10957);
#19470 = PRESENTATION_STYLE_ASSIGNMENT((#19471));
#19471 = SURFACE_STYLE_USAGE(.BOTH.,#19472);
#19472 = SURFACE_SIDE_STYLE('',(#19473));
#19473 = SURFACE_STYLE_FILL_AREA(#19474);
#19474 = FILL_AREA_STYLE('',(#19475));
#19475 = FILL_AREA_STYLE_COLOUR('',#17144);
#19476 = STYLED_ITEM('color',(#19477),#10974);
#19477 = PRESENTATION_STYLE_ASSIGNMENT((#19478));
#19478 = SURFACE_STYLE_USAGE(.BOTH.,#19479);
#19479 = SURFACE_SIDE_STYLE('',(#19480));
#19480 = SURFACE_STYLE_FILL_AREA(#19481);
#19481 = FILL_AREA_STYLE('',(#19482));
#19482 = FILL_AREA_STYLE_COLOUR('',#17144);
#19483 = STYLED_ITEM('color',(#19484),#10991);
#19484 = PRESENTATION_STYLE_ASSIGNMENT((#19485));
#19485 = SURFACE_STYLE_USAGE(.BOTH.,#19486);
#19486 = SURFACE_SIDE_STYLE('',(#19487));
#19487 = SURFACE_STYLE_FILL_AREA(#19488);
#19488 = FILL_AREA_STYLE('',(#19489));
#19489 = FILL_AREA_STYLE_COLOUR('',#17144);
#19490 = STYLED_ITEM('color',(#19491),#11008);
#19491 = PRESENTATION_STYLE_ASSIGNMENT((#19492));
#19492 = SURFACE_STYLE_USAGE(.BOTH.,#19493);
#19493 = SURFACE_SIDE_STYLE('',(#19494));
#19494 = SURFACE_STYLE_FILL_AREA(#19495);
#19495 = FILL_AREA_STYLE('',(#19496));
#19496 = FILL_AREA_STYLE_COLOUR('',#17144);
#19497 = STYLED_ITEM('color',(#19498),#11025);
#19498 = PRESENTATION_STYLE_ASSIGNMENT((#19499));
#19499 = SURFACE_STYLE_USAGE(.BOTH.,#19500);
#19500 = SURFACE_SIDE_STYLE('',(#19501));
#19501 = SURFACE_STYLE_FILL_AREA(#19502);
#19502 = FILL_AREA_STYLE('',(#19503));
#19503 = FILL_AREA_STYLE_COLOUR('',#17144);
#19504 = STYLED_ITEM('color',(#19505),#11042);
#19505 = PRESENTATION_STYLE_ASSIGNMENT((#19506));
#19506 = SURFACE_STYLE_USAGE(.BOTH.,#19507);
#19507 = SURFACE_SIDE_STYLE('',(#19508));
#19508 = SURFACE_STYLE_FILL_AREA(#19509);
#19509 = FILL_AREA_STYLE('',(#19510));
#19510 = FILL_AREA_STYLE_COLOUR('',#17144);
#19511 = STYLED_ITEM('color',(#19512),#11059);
#19512 = PRESENTATION_STYLE_ASSIGNMENT((#19513));
#19513 = SURFACE_STYLE_USAGE(.BOTH.,#19514);
#19514 = SURFACE_SIDE_STYLE('',(#19515));
#19515 = SURFACE_STYLE_FILL_AREA(#19516);
#19516 = FILL_AREA_STYLE('',(#19517));
#19517 = FILL_AREA_STYLE_COLOUR('',#17144);
#19518 = STYLED_ITEM('color',(#19519),#11076);
#19519 = PRESENTATION_STYLE_ASSIGNMENT((#19520));
#19520 = SURFACE_STYLE_USAGE(.BOTH.,#19521);
#19521 = SURFACE_SIDE_STYLE('',(#19522));
#19522 = SURFACE_STYLE_FILL_AREA(#19523);
#19523 = FILL_AREA_STYLE('',(#19524));
#19524 = FILL_AREA_STYLE_COLOUR('',#17144);
#19525 = STYLED_ITEM('color',(#19526),#11093);
#19526 = PRESENTATION_STYLE_ASSIGNMENT((#19527));
#19527 = SURFACE_STYLE_USAGE(.BOTH.,#19528);
#19528 = SURFACE_SIDE_STYLE('',(#19529));
#19529 = SURFACE_STYLE_FILL_AREA(#19530);
#19530 = FILL_AREA_STYLE('',(#19531));
#19531 = FILL_AREA_STYLE_COLOUR('',#17144);
#19532 = STYLED_ITEM('color',(#19533),#11110);
#19533 = PRESENTATION_STYLE_ASSIGNMENT((#19534));
#19534 = SURFACE_STYLE_USAGE(.BOTH.,#19535);
#19535 = SURFACE_SIDE_STYLE('',(#19536));
#19536 = SURFACE_STYLE_FILL_AREA(#19537);
#19537 = FILL_AREA_STYLE('',(#19538));
#19538 = FILL_AREA_STYLE_COLOUR('',#17144);
#19539 = STYLED_ITEM('color',(#19540),#11127);
#19540 = PRESENTATION_STYLE_ASSIGNMENT((#19541));
#19541 = SURFACE_STYLE_USAGE(.BOTH.,#19542);
#19542 = SURFACE_SIDE_STYLE('',(#19543));
#19543 = SURFACE_STYLE_FILL_AREA(#19544);
#19544 = FILL_AREA_STYLE('',(#19545));
#19545 = FILL_AREA_STYLE_COLOUR('',#17144);
#19546 = STYLED_ITEM('color',(#19547),#11144);
#19547 = PRESENTATION_STYLE_ASSIGNMENT((#19548));
#19548 = SURFACE_STYLE_USAGE(.BOTH.,#19549);
#19549 = SURFACE_SIDE_STYLE('',(#19550));
#19550 = SURFACE_STYLE_FILL_AREA(#19551);
#19551 = FILL_AREA_STYLE('',(#19552));
#19552 = FILL_AREA_STYLE_COLOUR('',#17144);
#19553 = STYLED_ITEM('color',(#19554),#11161);
#19554 = PRESENTATION_STYLE_ASSIGNMENT((#19555));
#19555 = SURFACE_STYLE_USAGE(.BOTH.,#19556);
#19556 = SURFACE_SIDE_STYLE('',(#19557));
#19557 = SURFACE_STYLE_FILL_AREA(#19558);
#19558 = FILL_AREA_STYLE('',(#19559));
#19559 = FILL_AREA_STYLE_COLOUR('',#17144);
#19560 = STYLED_ITEM('color',(#19561),#11178);
#19561 = PRESENTATION_STYLE_ASSIGNMENT((#19562));
#19562 = SURFACE_STYLE_USAGE(.BOTH.,#19563);
#19563 = SURFACE_SIDE_STYLE('',(#19564));
#19564 = SURFACE_STYLE_FILL_AREA(#19565);
#19565 = FILL_AREA_STYLE('',(#19566));
#19566 = FILL_AREA_STYLE_COLOUR('',#17144);
#19567 = STYLED_ITEM('color',(#19568),#11195);
#19568 = PRESENTATION_STYLE_ASSIGNMENT((#19569));
#19569 = SURFACE_STYLE_USAGE(.BOTH.,#19570);
#19570 = SURFACE_SIDE_STYLE('',(#19571));
#19571 = SURFACE_STYLE_FILL_AREA(#19572);
#19572 = FILL_AREA_STYLE('',(#19573));
#19573 = FILL_AREA_STYLE_COLOUR('',#17144);
#19574 = STYLED_ITEM('color',(#19575),#11207);
#19575 = PRESENTATION_STYLE_ASSIGNMENT((#19576));
#19576 = SURFACE_STYLE_USAGE(.BOTH.,#19577);
#19577 = SURFACE_SIDE_STYLE('',(#19578));
#19578 = SURFACE_STYLE_FILL_AREA(#19579);
#19579 = FILL_AREA_STYLE('',(#19580));
#19580 = FILL_AREA_STYLE_COLOUR('',#19581);
#19581 = COLOUR_RGB('',0.859000020776,0.737999965183,0.495999988746);
#19582 = STYLED_ITEM('color',(#19583),#11238);
#19583 = PRESENTATION_STYLE_ASSIGNMENT((#19584));
#19584 = SURFACE_STYLE_USAGE(.BOTH.,#19585);
#19585 = SURFACE_SIDE_STYLE('',(#19586));
#19586 = SURFACE_STYLE_FILL_AREA(#19587);
#19587 = FILL_AREA_STYLE('',(#19588));
#19588 = FILL_AREA_STYLE_COLOUR('',#19581);
#19589 = STYLED_ITEM('color',(#19590),#11262);
#19590 = PRESENTATION_STYLE_ASSIGNMENT((#19591));
#19591 = SURFACE_STYLE_USAGE(.BOTH.,#19592);
#19592 = SURFACE_SIDE_STYLE('',(#19593));
#19593 = SURFACE_STYLE_FILL_AREA(#19594);
#19594 = FILL_AREA_STYLE('',(#19595));
#19595 = FILL_AREA_STYLE_COLOUR('',#19581);
#19596 = STYLED_ITEM('color',(#19597),#11286);
#19597 = PRESENTATION_STYLE_ASSIGNMENT((#19598));
#19598 = SURFACE_STYLE_USAGE(.BOTH.,#19599);
#19599 = SURFACE_SIDE_STYLE('',(#19600));
#19600 = SURFACE_STYLE_FILL_AREA(#19601);
#19601 = FILL_AREA_STYLE('',(#19602));
#19602 = FILL_AREA_STYLE_COLOUR('',#19581);
#19603 = STYLED_ITEM('color',(#19604),#11303);
#19604 = PRESENTATION_STYLE_ASSIGNMENT((#19605));
#19605 = SURFACE_STYLE_USAGE(.BOTH.,#19606);
#19606 = SURFACE_SIDE_STYLE('',(#19607));
#19607 = SURFACE_STYLE_FILL_AREA(#19608);
#19608 = FILL_AREA_STYLE('',(#19609));
#19609 = FILL_AREA_STYLE_COLOUR('',#19581);
#19610 = STYLED_ITEM('color',(#19611),#11334);
#19611 = PRESENTATION_STYLE_ASSIGNMENT((#19612));
#19612 = SURFACE_STYLE_USAGE(.BOTH.,#19613);
#19613 = SURFACE_SIDE_STYLE('',(#19614));
#19614 = SURFACE_STYLE_FILL_AREA(#19615);
#19615 = FILL_AREA_STYLE('',(#19616));
#19616 = FILL_AREA_STYLE_COLOUR('',#19581);
#19617 = STYLED_ITEM('color',(#19618),#11358);
#19618 = PRESENTATION_STYLE_ASSIGNMENT((#19619));
#19619 = SURFACE_STYLE_USAGE(.BOTH.,#19620);
#19620 = SURFACE_SIDE_STYLE('',(#19621));
#19621 = SURFACE_STYLE_FILL_AREA(#19622);
#19622 = FILL_AREA_STYLE('',(#19623));
#19623 = FILL_AREA_STYLE_COLOUR('',#19581);
#19624 = STYLED_ITEM('color',(#19625),#11382);
#19625 = PRESENTATION_STYLE_ASSIGNMENT((#19626));
#19626 = SURFACE_STYLE_USAGE(.BOTH.,#19627);
#19627 = SURFACE_SIDE_STYLE('',(#19628));
#19628 = SURFACE_STYLE_FILL_AREA(#19629);
#19629 = FILL_AREA_STYLE('',(#19630));
#19630 = FILL_AREA_STYLE_COLOUR('',#19581);
#19631 = STYLED_ITEM('color',(#19632),#11399);
#19632 = PRESENTATION_STYLE_ASSIGNMENT((#19633));
#19633 = SURFACE_STYLE_USAGE(.BOTH.,#19634);
#19634 = SURFACE_SIDE_STYLE('',(#19635));
#19635 = SURFACE_STYLE_FILL_AREA(#19636);
#19636 = FILL_AREA_STYLE('',(#19637));
#19637 = FILL_AREA_STYLE_COLOUR('',#19581);
#19638 = STYLED_ITEM('color',(#19639),#11430);
#19639 = PRESENTATION_STYLE_ASSIGNMENT((#19640));
#19640 = SURFACE_STYLE_USAGE(.BOTH.,#19641);
#19641 = SURFACE_SIDE_STYLE('',(#19642));
#19642 = SURFACE_STYLE_FILL_AREA(#19643);
#19643 = FILL_AREA_STYLE('',(#19644));
#19644 = FILL_AREA_STYLE_COLOUR('',#19581);
#19645 = STYLED_ITEM('color',(#19646),#11454);
#19646 = PRESENTATION_STYLE_ASSIGNMENT((#19647));
#19647 = SURFACE_STYLE_USAGE(.BOTH.,#19648);
#19648 = SURFACE_SIDE_STYLE('',(#19649));
#19649 = SURFACE_STYLE_FILL_AREA(#19650);
#19650 = FILL_AREA_STYLE('',(#19651));
#19651 = FILL_AREA_STYLE_COLOUR('',#19581);
#19652 = STYLED_ITEM('color',(#19653),#11478);
#19653 = PRESENTATION_STYLE_ASSIGNMENT((#19654));
#19654 = SURFACE_STYLE_USAGE(.BOTH.,#19655);
#19655 = SURFACE_SIDE_STYLE('',(#19656));
#19656 = SURFACE_STYLE_FILL_AREA(#19657);
#19657 = FILL_AREA_STYLE('',(#19658));
#19658 = FILL_AREA_STYLE_COLOUR('',#19581);
#19659 = STYLED_ITEM('color',(#19660),#11495);
#19660 = PRESENTATION_STYLE_ASSIGNMENT((#19661));
#19661 = SURFACE_STYLE_USAGE(.BOTH.,#19662);
#19662 = SURFACE_SIDE_STYLE('',(#19663));
#19663 = SURFACE_STYLE_FILL_AREA(#19664);
#19664 = FILL_AREA_STYLE('',(#19665));
#19665 = FILL_AREA_STYLE_COLOUR('',#19581);
#19666 = STYLED_ITEM('color',(#19667),#11526);
#19667 = PRESENTATION_STYLE_ASSIGNMENT((#19668));
#19668 = SURFACE_STYLE_USAGE(.BOTH.,#19669);
#19669 = SURFACE_SIDE_STYLE('',(#19670));
#19670 = SURFACE_STYLE_FILL_AREA(#19671);
#19671 = FILL_AREA_STYLE('',(#19672));
#19672 = FILL_AREA_STYLE_COLOUR('',#19581);
#19673 = STYLED_ITEM('color',(#19674),#11550);
#19674 = PRESENTATION_STYLE_ASSIGNMENT((#19675));
#19675 = SURFACE_STYLE_USAGE(.BOTH.,#19676);
#19676 = SURFACE_SIDE_STYLE('',(#19677));
#19677 = SURFACE_STYLE_FILL_AREA(#19678);
#19678 = FILL_AREA_STYLE('',(#19679));
#19679 = FILL_AREA_STYLE_COLOUR('',#19581);
#19680 = STYLED_ITEM('color',(#19681),#11574);
#19681 = PRESENTATION_STYLE_ASSIGNMENT((#19682));
#19682 = SURFACE_STYLE_USAGE(.BOTH.,#19683);
#19683 = SURFACE_SIDE_STYLE('',(#19684));
#19684 = SURFACE_STYLE_FILL_AREA(#19685);
#19685 = FILL_AREA_STYLE('',(#19686));
#19686 = FILL_AREA_STYLE_COLOUR('',#19581);
#19687 = STYLED_ITEM('color',(#19688),#11591);
#19688 = PRESENTATION_STYLE_ASSIGNMENT((#19689));
#19689 = SURFACE_STYLE_USAGE(.BOTH.,#19690);
#19690 = SURFACE_SIDE_STYLE('',(#19691));
#19691 = SURFACE_STYLE_FILL_AREA(#19692);
#19692 = FILL_AREA_STYLE('',(#19693));
#19693 = FILL_AREA_STYLE_COLOUR('',#19581);
#19694 = STYLED_ITEM('color',(#19695),#11622);
#19695 = PRESENTATION_STYLE_ASSIGNMENT((#19696));
#19696 = SURFACE_STYLE_USAGE(.BOTH.,#19697);
#19697 = SURFACE_SIDE_STYLE('',(#19698));
#19698 = SURFACE_STYLE_FILL_AREA(#19699);
#19699 = FILL_AREA_STYLE('',(#19700));
#19700 = FILL_AREA_STYLE_COLOUR('',#19581);
#19701 = STYLED_ITEM('color',(#19702),#11646);
#19702 = PRESENTATION_STYLE_ASSIGNMENT((#19703));
#19703 = SURFACE_STYLE_USAGE(.BOTH.,#19704);
#19704 = SURFACE_SIDE_STYLE('',(#19705));
#19705 = SURFACE_STYLE_FILL_AREA(#19706);
#19706 = FILL_AREA_STYLE('',(#19707));
#19707 = FILL_AREA_STYLE_COLOUR('',#19581);
#19708 = STYLED_ITEM('color',(#19709),#11670);
#19709 = PRESENTATION_STYLE_ASSIGNMENT((#19710));
#19710 = SURFACE_STYLE_USAGE(.BOTH.,#19711);
#19711 = SURFACE_SIDE_STYLE('',(#19712));
#19712 = SURFACE_STYLE_FILL_AREA(#19713);
#19713 = FILL_AREA_STYLE('',(#19714));
#19714 = FILL_AREA_STYLE_COLOUR('',#19581);
#19715 = STYLED_ITEM('color',(#19716),#11687);
#19716 = PRESENTATION_STYLE_ASSIGNMENT((#19717));
#19717 = SURFACE_STYLE_USAGE(.BOTH.,#19718);
#19718 = SURFACE_SIDE_STYLE('',(#19719));
#19719 = SURFACE_STYLE_FILL_AREA(#19720);
#19720 = FILL_AREA_STYLE('',(#19721));
#19721 = FILL_AREA_STYLE_COLOUR('',#19581);
#19722 = STYLED_ITEM('color',(#19723),#11718);
#19723 = PRESENTATION_STYLE_ASSIGNMENT((#19724));
#19724 = SURFACE_STYLE_USAGE(.BOTH.,#19725);
#19725 = SURFACE_SIDE_STYLE('',(#19726));
#19726 = SURFACE_STYLE_FILL_AREA(#19727);
#19727 = FILL_AREA_STYLE('',(#19728));
#19728 = FILL_AREA_STYLE_COLOUR('',#19581);
#19729 = STYLED_ITEM('color',(#19730),#11742);
#19730 = PRESENTATION_STYLE_ASSIGNMENT((#19731));
#19731 = SURFACE_STYLE_USAGE(.BOTH.,#19732);
#19732 = SURFACE_SIDE_STYLE('',(#19733));
#19733 = SURFACE_STYLE_FILL_AREA(#19734);
#19734 = FILL_AREA_STYLE('',(#19735));
#19735 = FILL_AREA_STYLE_COLOUR('',#19581);
#19736 = STYLED_ITEM('color',(#19737),#11766);
#19737 = PRESENTATION_STYLE_ASSIGNMENT((#19738));
#19738 = SURFACE_STYLE_USAGE(.BOTH.,#19739);
#19739 = SURFACE_SIDE_STYLE('',(#19740));
#19740 = SURFACE_STYLE_FILL_AREA(#19741);
#19741 = FILL_AREA_STYLE('',(#19742));
#19742 = FILL_AREA_STYLE_COLOUR('',#19581);
#19743 = STYLED_ITEM('color',(#19744),#11783);
#19744 = PRESENTATION_STYLE_ASSIGNMENT((#19745));
#19745 = SURFACE_STYLE_USAGE(.BOTH.,#19746);
#19746 = SURFACE_SIDE_STYLE('',(#19747));
#19747 = SURFACE_STYLE_FILL_AREA(#19748);
#19748 = FILL_AREA_STYLE('',(#19749));
#19749 = FILL_AREA_STYLE_COLOUR('',#19581);
#19750 = STYLED_ITEM('color',(#19751),#11814);
#19751 = PRESENTATION_STYLE_ASSIGNMENT((#19752));
#19752 = SURFACE_STYLE_USAGE(.BOTH.,#19753);
#19753 = SURFACE_SIDE_STYLE('',(#19754));
#19754 = SURFACE_STYLE_FILL_AREA(#19755);
#19755 = FILL_AREA_STYLE('',(#19756));
#19756 = FILL_AREA_STYLE_COLOUR('',#19581);
#19757 = STYLED_ITEM('color',(#19758),#11838);
#19758 = PRESENTATION_STYLE_ASSIGNMENT((#19759));
#19759 = SURFACE_STYLE_USAGE(.BOTH.,#19760);
#19760 = SURFACE_SIDE_STYLE('',(#19761));
#19761 = SURFACE_STYLE_FILL_AREA(#19762);
#19762 = FILL_AREA_STYLE('',(#19763));
#19763 = FILL_AREA_STYLE_COLOUR('',#19581);
#19764 = STYLED_ITEM('color',(#19765),#11862);
#19765 = PRESENTATION_STYLE_ASSIGNMENT((#19766));
#19766 = SURFACE_STYLE_USAGE(.BOTH.,#19767);
#19767 = SURFACE_SIDE_STYLE('',(#19768));
#19768 = SURFACE_STYLE_FILL_AREA(#19769);
#19769 = FILL_AREA_STYLE('',(#19770));
#19770 = FILL_AREA_STYLE_COLOUR('',#19581);
#19771 = STYLED_ITEM('color',(#19772),#11879);
#19772 = PRESENTATION_STYLE_ASSIGNMENT((#19773));
#19773 = SURFACE_STYLE_USAGE(.BOTH.,#19774);
#19774 = SURFACE_SIDE_STYLE('',(#19775));
#19775 = SURFACE_STYLE_FILL_AREA(#19776);
#19776 = FILL_AREA_STYLE('',(#19777));
#19777 = FILL_AREA_STYLE_COLOUR('',#19581);
#19778 = STYLED_ITEM('color',(#19779),#11910);
#19779 = PRESENTATION_STYLE_ASSIGNMENT((#19780));
#19780 = SURFACE_STYLE_USAGE(.BOTH.,#19781);
#19781 = SURFACE_SIDE_STYLE('',(#19782));
#19782 = SURFACE_STYLE_FILL_AREA(#19783);
#19783 = FILL_AREA_STYLE('',(#19784));
#19784 = FILL_AREA_STYLE_COLOUR('',#19581);
#19785 = STYLED_ITEM('color',(#19786),#11934);
#19786 = PRESENTATION_STYLE_ASSIGNMENT((#19787));
#19787 = SURFACE_STYLE_USAGE(.BOTH.,#19788);
#19788 = SURFACE_SIDE_STYLE('',(#19789));
#19789 = SURFACE_STYLE_FILL_AREA(#19790);
#19790 = FILL_AREA_STYLE('',(#19791));
#19791 = FILL_AREA_STYLE_COLOUR('',#19581);
#19792 = STYLED_ITEM('color',(#19793),#11958);
#19793 = PRESENTATION_STYLE_ASSIGNMENT((#19794));
#19794 = SURFACE_STYLE_USAGE(.BOTH.,#19795);
#19795 = SURFACE_SIDE_STYLE('',(#19796));
#19796 = SURFACE_STYLE_FILL_AREA(#19797);
#19797 = FILL_AREA_STYLE('',(#19798));
#19798 = FILL_AREA_STYLE_COLOUR('',#19581);
#19799 = STYLED_ITEM('color',(#19800),#11975);
#19800 = PRESENTATION_STYLE_ASSIGNMENT((#19801));
#19801 = SURFACE_STYLE_USAGE(.BOTH.,#19802);
#19802 = SURFACE_SIDE_STYLE('',(#19803));
#19803 = SURFACE_STYLE_FILL_AREA(#19804);
#19804 = FILL_AREA_STYLE('',(#19805));
#19805 = FILL_AREA_STYLE_COLOUR('',#19581);
#19806 = STYLED_ITEM('color',(#19807),#12006);
#19807 = PRESENTATION_STYLE_ASSIGNMENT((#19808));
#19808 = SURFACE_STYLE_USAGE(.BOTH.,#19809);
#19809 = SURFACE_SIDE_STYLE('',(#19810));
#19810 = SURFACE_STYLE_FILL_AREA(#19811);
#19811 = FILL_AREA_STYLE('',(#19812));
#19812 = FILL_AREA_STYLE_COLOUR('',#19581);
#19813 = STYLED_ITEM('color',(#19814),#12030);
#19814 = PRESENTATION_STYLE_ASSIGNMENT((#19815));
#19815 = SURFACE_STYLE_USAGE(.BOTH.,#19816);
#19816 = SURFACE_SIDE_STYLE('',(#19817));
#19817 = SURFACE_STYLE_FILL_AREA(#19818);
#19818 = FILL_AREA_STYLE('',(#19819));
#19819 = FILL_AREA_STYLE_COLOUR('',#19581);
#19820 = STYLED_ITEM('color',(#19821),#12054);
#19821 = PRESENTATION_STYLE_ASSIGNMENT((#19822));
#19822 = SURFACE_STYLE_USAGE(.BOTH.,#19823);
#19823 = SURFACE_SIDE_STYLE('',(#19824));
#19824 = SURFACE_STYLE_FILL_AREA(#19825);
#19825 = FILL_AREA_STYLE('',(#19826));
#19826 = FILL_AREA_STYLE_COLOUR('',#19581);
#19827 = STYLED_ITEM('color',(#19828),#12071);
#19828 = PRESENTATION_STYLE_ASSIGNMENT((#19829));
#19829 = SURFACE_STYLE_USAGE(.BOTH.,#19830);
#19830 = SURFACE_SIDE_STYLE('',(#19831));
#19831 = SURFACE_STYLE_FILL_AREA(#19832);
#19832 = FILL_AREA_STYLE('',(#19833));
#19833 = FILL_AREA_STYLE_COLOUR('',#19581);
#19834 = STYLED_ITEM('color',(#19835),#12102);
#19835 = PRESENTATION_STYLE_ASSIGNMENT((#19836));
#19836 = SURFACE_STYLE_USAGE(.BOTH.,#19837);
#19837 = SURFACE_SIDE_STYLE('',(#19838));
#19838 = SURFACE_STYLE_FILL_AREA(#19839);
#19839 = FILL_AREA_STYLE('',(#19840));
#19840 = FILL_AREA_STYLE_COLOUR('',#19581);
#19841 = STYLED_ITEM('color',(#19842),#12126);
#19842 = PRESENTATION_STYLE_ASSIGNMENT((#19843));
#19843 = SURFACE_STYLE_USAGE(.BOTH.,#19844);
#19844 = SURFACE_SIDE_STYLE('',(#19845));
#19845 = SURFACE_STYLE_FILL_AREA(#19846);
#19846 = FILL_AREA_STYLE('',(#19847));
#19847 = FILL_AREA_STYLE_COLOUR('',#19581);
#19848 = STYLED_ITEM('color',(#19849),#12150);
#19849 = PRESENTATION_STYLE_ASSIGNMENT((#19850));
#19850 = SURFACE_STYLE_USAGE(.BOTH.,#19851);
#19851 = SURFACE_SIDE_STYLE('',(#19852));
#19852 = SURFACE_STYLE_FILL_AREA(#19853);
#19853 = FILL_AREA_STYLE('',(#19854));
#19854 = FILL_AREA_STYLE_COLOUR('',#19581);
#19855 = STYLED_ITEM('color',(#19856),#12167);
#19856 = PRESENTATION_STYLE_ASSIGNMENT((#19857));
#19857 = SURFACE_STYLE_USAGE(.BOTH.,#19858);
#19858 = SURFACE_SIDE_STYLE('',(#19859));
#19859 = SURFACE_STYLE_FILL_AREA(#19860);
#19860 = FILL_AREA_STYLE('',(#19861));
#19861 = FILL_AREA_STYLE_COLOUR('',#19581);
#19862 = STYLED_ITEM('color',(#19863),#12198);
#19863 = PRESENTATION_STYLE_ASSIGNMENT((#19864));
#19864 = SURFACE_STYLE_USAGE(.BOTH.,#19865);
#19865 = SURFACE_SIDE_STYLE('',(#19866));
#19866 = SURFACE_STYLE_FILL_AREA(#19867);
#19867 = FILL_AREA_STYLE('',(#19868));
#19868 = FILL_AREA_STYLE_COLOUR('',#19581);
#19869 = STYLED_ITEM('color',(#19870),#12222);
#19870 = PRESENTATION_STYLE_ASSIGNMENT((#19871));
#19871 = SURFACE_STYLE_USAGE(.BOTH.,#19872);
#19872 = SURFACE_SIDE_STYLE('',(#19873));
#19873 = SURFACE_STYLE_FILL_AREA(#19874);
#19874 = FILL_AREA_STYLE('',(#19875));
#19875 = FILL_AREA_STYLE_COLOUR('',#19581);
#19876 = STYLED_ITEM('color',(#19877),#12246);
#19877 = PRESENTATION_STYLE_ASSIGNMENT((#19878));
#19878 = SURFACE_STYLE_USAGE(.BOTH.,#19879);
#19879 = SURFACE_SIDE_STYLE('',(#19880));
#19880 = SURFACE_STYLE_FILL_AREA(#19881);
#19881 = FILL_AREA_STYLE('',(#19882));
#19882 = FILL_AREA_STYLE_COLOUR('',#19581);
#19883 = STYLED_ITEM('color',(#19884),#12263);
#19884 = PRESENTATION_STYLE_ASSIGNMENT((#19885));
#19885 = SURFACE_STYLE_USAGE(.BOTH.,#19886);
#19886 = SURFACE_SIDE_STYLE('',(#19887));
#19887 = SURFACE_STYLE_FILL_AREA(#19888);
#19888 = FILL_AREA_STYLE('',(#19889));
#19889 = FILL_AREA_STYLE_COLOUR('',#19581);
#19890 = STYLED_ITEM('color',(#19891),#12294);
#19891 = PRESENTATION_STYLE_ASSIGNMENT((#19892));
#19892 = SURFACE_STYLE_USAGE(.BOTH.,#19893);
#19893 = SURFACE_SIDE_STYLE('',(#19894));
#19894 = SURFACE_STYLE_FILL_AREA(#19895);
#19895 = FILL_AREA_STYLE('',(#19896));
#19896 = FILL_AREA_STYLE_COLOUR('',#19581);
#19897 = STYLED_ITEM('color',(#19898),#12318);
#19898 = PRESENTATION_STYLE_ASSIGNMENT((#19899));
#19899 = SURFACE_STYLE_USAGE(.BOTH.,#19900);
#19900 = SURFACE_SIDE_STYLE('',(#19901));
#19901 = SURFACE_STYLE_FILL_AREA(#19902);
#19902 = FILL_AREA_STYLE('',(#19903));
#19903 = FILL_AREA_STYLE_COLOUR('',#19581);
#19904 = STYLED_ITEM('color',(#19905),#12342);
#19905 = PRESENTATION_STYLE_ASSIGNMENT((#19906));
#19906 = SURFACE_STYLE_USAGE(.BOTH.,#19907);
#19907 = SURFACE_SIDE_STYLE('',(#19908));
#19908 = SURFACE_STYLE_FILL_AREA(#19909);
#19909 = FILL_AREA_STYLE('',(#19910));
#19910 = FILL_AREA_STYLE_COLOUR('',#19581);
#19911 = STYLED_ITEM('color',(#19912),#12359);
#19912 = PRESENTATION_STYLE_ASSIGNMENT((#19913));
#19913 = SURFACE_STYLE_USAGE(.BOTH.,#19914);
#19914 = SURFACE_SIDE_STYLE('',(#19915));
#19915 = SURFACE_STYLE_FILL_AREA(#19916);
#19916 = FILL_AREA_STYLE('',(#19917));
#19917 = FILL_AREA_STYLE_COLOUR('',#19581);
#19918 = STYLED_ITEM('color',(#19919),#12390);
#19919 = PRESENTATION_STYLE_ASSIGNMENT((#19920));
#19920 = SURFACE_STYLE_USAGE(.BOTH.,#19921);
#19921 = SURFACE_SIDE_STYLE('',(#19922));
#19922 = SURFACE_STYLE_FILL_AREA(#19923);
#19923 = FILL_AREA_STYLE('',(#19924));
#19924 = FILL_AREA_STYLE_COLOUR('',#19581);
#19925 = STYLED_ITEM('color',(#19926),#12414);
#19926 = PRESENTATION_STYLE_ASSIGNMENT((#19927));
#19927 = SURFACE_STYLE_USAGE(.BOTH.,#19928);
#19928 = SURFACE_SIDE_STYLE('',(#19929));
#19929 = SURFACE_STYLE_FILL_AREA(#19930);
#19930 = FILL_AREA_STYLE('',(#19931));
#19931 = FILL_AREA_STYLE_COLOUR('',#19581);
#19932 = STYLED_ITEM('color',(#19933),#12438);
#19933 = PRESENTATION_STYLE_ASSIGNMENT((#19934));
#19934 = SURFACE_STYLE_USAGE(.BOTH.,#19935);
#19935 = SURFACE_SIDE_STYLE('',(#19936));
#19936 = SURFACE_STYLE_FILL_AREA(#19937);
#19937 = FILL_AREA_STYLE('',(#19938));
#19938 = FILL_AREA_STYLE_COLOUR('',#19581);
#19939 = STYLED_ITEM('color',(#19940),#12455);
#19940 = PRESENTATION_STYLE_ASSIGNMENT((#19941));
#19941 = SURFACE_STYLE_USAGE(.BOTH.,#19942);
#19942 = SURFACE_SIDE_STYLE('',(#19943));
#19943 = SURFACE_STYLE_FILL_AREA(#19944);
#19944 = FILL_AREA_STYLE('',(#19945));
#19945 = FILL_AREA_STYLE_COLOUR('',#19581);
#19946 = STYLED_ITEM('color',(#19947),#12486);
#19947 = PRESENTATION_STYLE_ASSIGNMENT((#19948));
#19948 = SURFACE_STYLE_USAGE(.BOTH.,#19949);
#19949 = SURFACE_SIDE_STYLE('',(#19950));
#19950 = SURFACE_STYLE_FILL_AREA(#19951);
#19951 = FILL_AREA_STYLE('',(#19952));
#19952 = FILL_AREA_STYLE_COLOUR('',#19581);
#19953 = STYLED_ITEM('color',(#19954),#12510);
#19954 = PRESENTATION_STYLE_ASSIGNMENT((#19955));
#19955 = SURFACE_STYLE_USAGE(.BOTH.,#19956);
#19956 = SURFACE_SIDE_STYLE('',(#19957));
#19957 = SURFACE_STYLE_FILL_AREA(#19958);
#19958 = FILL_AREA_STYLE('',(#19959));
#19959 = FILL_AREA_STYLE_COLOUR('',#19581);
#19960 = STYLED_ITEM('color',(#19961),#12534);
#19961 = PRESENTATION_STYLE_ASSIGNMENT((#19962));
#19962 = SURFACE_STYLE_USAGE(.BOTH.,#19963);
#19963 = SURFACE_SIDE_STYLE('',(#19964));
#19964 = SURFACE_STYLE_FILL_AREA(#19965);
#19965 = FILL_AREA_STYLE('',(#19966));
#19966 = FILL_AREA_STYLE_COLOUR('',#19581);
#19967 = STYLED_ITEM('color',(#19968),#12551);
#19968 = PRESENTATION_STYLE_ASSIGNMENT((#19969));
#19969 = SURFACE_STYLE_USAGE(.BOTH.,#19970);
#19970 = SURFACE_SIDE_STYLE('',(#19971));
#19971 = SURFACE_STYLE_FILL_AREA(#19972);
#19972 = FILL_AREA_STYLE('',(#19973));
#19973 = FILL_AREA_STYLE_COLOUR('',#19581);
#19974 = STYLED_ITEM('color',(#19975),#12582);
#19975 = PRESENTATION_STYLE_ASSIGNMENT((#19976));
#19976 = SURFACE_STYLE_USAGE(.BOTH.,#19977);
#19977 = SURFACE_SIDE_STYLE('',(#19978));
#19978 = SURFACE_STYLE_FILL_AREA(#19979);
#19979 = FILL_AREA_STYLE('',(#19980));
#19980 = FILL_AREA_STYLE_COLOUR('',#19581);
#19981 = STYLED_ITEM('color',(#19982),#12606);
#19982 = PRESENTATION_STYLE_ASSIGNMENT((#19983));
#19983 = SURFACE_STYLE_USAGE(.BOTH.,#19984);
#19984 = SURFACE_SIDE_STYLE('',(#19985));
#19985 = SURFACE_STYLE_FILL_AREA(#19986);
#19986 = FILL_AREA_STYLE('',(#19987));
#19987 = FILL_AREA_STYLE_COLOUR('',#19581);
#19988 = STYLED_ITEM('color',(#19989),#12630);
#19989 = PRESENTATION_STYLE_ASSIGNMENT((#19990));
#19990 = SURFACE_STYLE_USAGE(.BOTH.,#19991);
#19991 = SURFACE_SIDE_STYLE('',(#19992));
#19992 = SURFACE_STYLE_FILL_AREA(#19993);
#19993 = FILL_AREA_STYLE('',(#19994));
#19994 = FILL_AREA_STYLE_COLOUR('',#19581);
#19995 = STYLED_ITEM('color',(#19996),#12647);
#19996 = PRESENTATION_STYLE_ASSIGNMENT((#19997));
#19997 = SURFACE_STYLE_USAGE(.BOTH.,#19998);
#19998 = SURFACE_SIDE_STYLE('',(#19999));
#19999 = SURFACE_STYLE_FILL_AREA(#20000);
#20000 = FILL_AREA_STYLE('',(#20001));
#20001 = FILL_AREA_STYLE_COLOUR('',#19581);
#20002 = STYLED_ITEM('color',(#20003),#12678);
#20003 = PRESENTATION_STYLE_ASSIGNMENT((#20004));
#20004 = SURFACE_STYLE_USAGE(.BOTH.,#20005);
#20005 = SURFACE_SIDE_STYLE('',(#20006));
#20006 = SURFACE_STYLE_FILL_AREA(#20007);
#20007 = FILL_AREA_STYLE('',(#20008));
#20008 = FILL_AREA_STYLE_COLOUR('',#19581);
#20009 = STYLED_ITEM('color',(#20010),#12702);
#20010 = PRESENTATION_STYLE_ASSIGNMENT((#20011));
#20011 = SURFACE_STYLE_USAGE(.BOTH.,#20012);
#20012 = SURFACE_SIDE_STYLE('',(#20013));
#20013 = SURFACE_STYLE_FILL_AREA(#20014);
#20014 = FILL_AREA_STYLE('',(#20015));
#20015 = FILL_AREA_STYLE_COLOUR('',#19581);
#20016 = STYLED_ITEM('color',(#20017),#12726);
#20017 = PRESENTATION_STYLE_ASSIGNMENT((#20018));
#20018 = SURFACE_STYLE_USAGE(.BOTH.,#20019);
#20019 = SURFACE_SIDE_STYLE('',(#20020));
#20020 = SURFACE_STYLE_FILL_AREA(#20021);
#20021 = FILL_AREA_STYLE('',(#20022));
#20022 = FILL_AREA_STYLE_COLOUR('',#19581);
#20023 = STYLED_ITEM('color',(#20024),#12743);
#20024 = PRESENTATION_STYLE_ASSIGNMENT((#20025));
#20025 = SURFACE_STYLE_USAGE(.BOTH.,#20026);
#20026 = SURFACE_SIDE_STYLE('',(#20027));
#20027 = SURFACE_STYLE_FILL_AREA(#20028);
#20028 = FILL_AREA_STYLE('',(#20029));
#20029 = FILL_AREA_STYLE_COLOUR('',#19581);
#20030 = STYLED_ITEM('color',(#20031),#12774);
#20031 = PRESENTATION_STYLE_ASSIGNMENT((#20032));
#20032 = SURFACE_STYLE_USAGE(.BOTH.,#20033);
#20033 = SURFACE_SIDE_STYLE('',(#20034));
#20034 = SURFACE_STYLE_FILL_AREA(#20035);
#20035 = FILL_AREA_STYLE('',(#20036));
#20036 = FILL_AREA_STYLE_COLOUR('',#19581);
#20037 = STYLED_ITEM('color',(#20038),#12798);
#20038 = PRESENTATION_STYLE_ASSIGNMENT((#20039));
#20039 = SURFACE_STYLE_USAGE(.BOTH.,#20040);
#20040 = SURFACE_SIDE_STYLE('',(#20041));
#20041 = SURFACE_STYLE_FILL_AREA(#20042);
#20042 = FILL_AREA_STYLE('',(#20043));
#20043 = FILL_AREA_STYLE_COLOUR('',#19581);
#20044 = STYLED_ITEM('color',(#20045),#12822);
#20045 = PRESENTATION_STYLE_ASSIGNMENT((#20046));
#20046 = SURFACE_STYLE_USAGE(.BOTH.,#20047);
#20047 = SURFACE_SIDE_STYLE('',(#20048));
#20048 = SURFACE_STYLE_FILL_AREA(#20049);
#20049 = FILL_AREA_STYLE('',(#20050));
#20050 = FILL_AREA_STYLE_COLOUR('',#19581);
#20051 = STYLED_ITEM('color',(#20052),#12839);
#20052 = PRESENTATION_STYLE_ASSIGNMENT((#20053));
#20053 = SURFACE_STYLE_USAGE(.BOTH.,#20054);
#20054 = SURFACE_SIDE_STYLE('',(#20055));
#20055 = SURFACE_STYLE_FILL_AREA(#20056);
#20056 = FILL_AREA_STYLE('',(#20057));
#20057 = FILL_AREA_STYLE_COLOUR('',#19581);
#20058 = STYLED_ITEM('color',(#20059),#12870);
#20059 = PRESENTATION_STYLE_ASSIGNMENT((#20060));
#20060 = SURFACE_STYLE_USAGE(.BOTH.,#20061);
#20061 = SURFACE_SIDE_STYLE('',(#20062));
#20062 = SURFACE_STYLE_FILL_AREA(#20063);
#20063 = FILL_AREA_STYLE('',(#20064));
#20064 = FILL_AREA_STYLE_COLOUR('',#19581);
#20065 = STYLED_ITEM('color',(#20066),#12894);
#20066 = PRESENTATION_STYLE_ASSIGNMENT((#20067));
#20067 = SURFACE_STYLE_USAGE(.BOTH.,#20068);
#20068 = SURFACE_SIDE_STYLE('',(#20069));
#20069 = SURFACE_STYLE_FILL_AREA(#20070);
#20070 = FILL_AREA_STYLE('',(#20071));
#20071 = FILL_AREA_STYLE_COLOUR('',#19581);
#20072 = STYLED_ITEM('color',(#20073),#12918);
#20073 = PRESENTATION_STYLE_ASSIGNMENT((#20074));
#20074 = SURFACE_STYLE_USAGE(.BOTH.,#20075);
#20075 = SURFACE_SIDE_STYLE('',(#20076));
#20076 = SURFACE_STYLE_FILL_AREA(#20077);
#20077 = FILL_AREA_STYLE('',(#20078));
#20078 = FILL_AREA_STYLE_COLOUR('',#19581);
#20079 = STYLED_ITEM('color',(#20080),#12935);
#20080 = PRESENTATION_STYLE_ASSIGNMENT((#20081));
#20081 = SURFACE_STYLE_USAGE(.BOTH.,#20082);
#20082 = SURFACE_SIDE_STYLE('',(#20083));
#20083 = SURFACE_STYLE_FILL_AREA(#20084);
#20084 = FILL_AREA_STYLE('',(#20085));
#20085 = FILL_AREA_STYLE_COLOUR('',#19581);
#20086 = STYLED_ITEM('color',(#20087),#12966);
#20087 = PRESENTATION_STYLE_ASSIGNMENT((#20088));
#20088 = SURFACE_STYLE_USAGE(.BOTH.,#20089);
#20089 = SURFACE_SIDE_STYLE('',(#20090));
#20090 = SURFACE_STYLE_FILL_AREA(#20091);
#20091 = FILL_AREA_STYLE('',(#20092));
#20092 = FILL_AREA_STYLE_COLOUR('',#19581);
#20093 = STYLED_ITEM('color',(#20094),#12990);
#20094 = PRESENTATION_STYLE_ASSIGNMENT((#20095));
#20095 = SURFACE_STYLE_USAGE(.BOTH.,#20096);
#20096 = SURFACE_SIDE_STYLE('',(#20097));
#20097 = SURFACE_STYLE_FILL_AREA(#20098);
#20098 = FILL_AREA_STYLE('',(#20099));
#20099 = FILL_AREA_STYLE_COLOUR('',#19581);
#20100 = STYLED_ITEM('color',(#20101),#13014);
#20101 = PRESENTATION_STYLE_ASSIGNMENT((#20102));
#20102 = SURFACE_STYLE_USAGE(.BOTH.,#20103);
#20103 = SURFACE_SIDE_STYLE('',(#20104));
#20104 = SURFACE_STYLE_FILL_AREA(#20105);
#20105 = FILL_AREA_STYLE('',(#20106));
#20106 = FILL_AREA_STYLE_COLOUR('',#19581);
#20107 = STYLED_ITEM('color',(#20108),#13031);
#20108 = PRESENTATION_STYLE_ASSIGNMENT((#20109));
#20109 = SURFACE_STYLE_USAGE(.BOTH.,#20110);
#20110 = SURFACE_SIDE_STYLE('',(#20111));
#20111 = SURFACE_STYLE_FILL_AREA(#20112);
#20112 = FILL_AREA_STYLE('',(#20113));
#20113 = FILL_AREA_STYLE_COLOUR('',#19581);
#20114 = STYLED_ITEM('color',(#20115),#13062);
#20115 = PRESENTATION_STYLE_ASSIGNMENT((#20116));
#20116 = SURFACE_STYLE_USAGE(.BOTH.,#20117);
#20117 = SURFACE_SIDE_STYLE('',(#20118));
#20118 = SURFACE_STYLE_FILL_AREA(#20119);
#20119 = FILL_AREA_STYLE('',(#20120));
#20120 = FILL_AREA_STYLE_COLOUR('',#19581);
#20121 = STYLED_ITEM('color',(#20122),#13086);
#20122 = PRESENTATION_STYLE_ASSIGNMENT((#20123));
#20123 = SURFACE_STYLE_USAGE(.BOTH.,#20124);
#20124 = SURFACE_SIDE_STYLE('',(#20125));
#20125 = SURFACE_STYLE_FILL_AREA(#20126);
#20126 = FILL_AREA_STYLE('',(#20127));
#20127 = FILL_AREA_STYLE_COLOUR('',#19581);
#20128 = STYLED_ITEM('color',(#20129),#13110);
#20129 = PRESENTATION_STYLE_ASSIGNMENT((#20130));
#20130 = SURFACE_STYLE_USAGE(.BOTH.,#20131);
#20131 = SURFACE_SIDE_STYLE('',(#20132));
#20132 = SURFACE_STYLE_FILL_AREA(#20133);
#20133 = FILL_AREA_STYLE('',(#20134));
#20134 = FILL_AREA_STYLE_COLOUR('',#19581);
#20135 = STYLED_ITEM('color',(#20136),#13127);
#20136 = PRESENTATION_STYLE_ASSIGNMENT((#20137));
#20137 = SURFACE_STYLE_USAGE(.BOTH.,#20138);
#20138 = SURFACE_SIDE_STYLE('',(#20139));
#20139 = SURFACE_STYLE_FILL_AREA(#20140);
#20140 = FILL_AREA_STYLE('',(#20141));
#20141 = FILL_AREA_STYLE_COLOUR('',#19581);
#20142 = STYLED_ITEM('color',(#20143),#13158);
#20143 = PRESENTATION_STYLE_ASSIGNMENT((#20144));
#20144 = SURFACE_STYLE_USAGE(.BOTH.,#20145);
#20145 = SURFACE_SIDE_STYLE('',(#20146));
#20146 = SURFACE_STYLE_FILL_AREA(#20147);
#20147 = FILL_AREA_STYLE('',(#20148));
#20148 = FILL_AREA_STYLE_COLOUR('',#19581);
#20149 = STYLED_ITEM('color',(#20150),#13182);
#20150 = PRESENTATION_STYLE_ASSIGNMENT((#20151));
#20151 = SURFACE_STYLE_USAGE(.BOTH.,#20152);
#20152 = SURFACE_SIDE_STYLE('',(#20153));
#20153 = SURFACE_STYLE_FILL_AREA(#20154);
#20154 = FILL_AREA_STYLE('',(#20155));
#20155 = FILL_AREA_STYLE_COLOUR('',#19581);
#20156 = STYLED_ITEM('color',(#20157),#13206);
#20157 = PRESENTATION_STYLE_ASSIGNMENT((#20158));
#20158 = SURFACE_STYLE_USAGE(.BOTH.,#20159);
#20159 = SURFACE_SIDE_STYLE('',(#20160));
#20160 = SURFACE_STYLE_FILL_AREA(#20161);
#20161 = FILL_AREA_STYLE('',(#20162));
#20162 = FILL_AREA_STYLE_COLOUR('',#19581);
#20163 = STYLED_ITEM('color',(#20164),#13223);
#20164 = PRESENTATION_STYLE_ASSIGNMENT((#20165));
#20165 = SURFACE_STYLE_USAGE(.BOTH.,#20166);
#20166 = SURFACE_SIDE_STYLE('',(#20167));
#20167 = SURFACE_STYLE_FILL_AREA(#20168);
#20168 = FILL_AREA_STYLE('',(#20169));
#20169 = FILL_AREA_STYLE_COLOUR('',#19581);
#20170 = STYLED_ITEM('color',(#20171),#13254);
#20171 = PRESENTATION_STYLE_ASSIGNMENT((#20172));
#20172 = SURFACE_STYLE_USAGE(.BOTH.,#20173);
#20173 = SURFACE_SIDE_STYLE('',(#20174));
#20174 = SURFACE_STYLE_FILL_AREA(#20175);
#20175 = FILL_AREA_STYLE('',(#20176));
#20176 = FILL_AREA_STYLE_COLOUR('',#19581);
#20177 = STYLED_ITEM('color',(#20178),#13278);
#20178 = PRESENTATION_STYLE_ASSIGNMENT((#20179));
#20179 = SURFACE_STYLE_USAGE(.BOTH.,#20180);
#20180 = SURFACE_SIDE_STYLE('',(#20181));
#20181 = SURFACE_STYLE_FILL_AREA(#20182);
#20182 = FILL_AREA_STYLE('',(#20183));
#20183 = FILL_AREA_STYLE_COLOUR('',#19581);
#20184 = STYLED_ITEM('color',(#20185),#13302);
#20185 = PRESENTATION_STYLE_ASSIGNMENT((#20186));
#20186 = SURFACE_STYLE_USAGE(.BOTH.,#20187);
#20187 = SURFACE_SIDE_STYLE('',(#20188));
#20188 = SURFACE_STYLE_FILL_AREA(#20189);
#20189 = FILL_AREA_STYLE('',(#20190));
#20190 = FILL_AREA_STYLE_COLOUR('',#19581);
#20191 = STYLED_ITEM('color',(#20192),#13319);
#20192 = PRESENTATION_STYLE_ASSIGNMENT((#20193));
#20193 = SURFACE_STYLE_USAGE(.BOTH.,#20194);
#20194 = SURFACE_SIDE_STYLE('',(#20195));
#20195 = SURFACE_STYLE_FILL_AREA(#20196);
#20196 = FILL_AREA_STYLE('',(#20197));
#20197 = FILL_AREA_STYLE_COLOUR('',#19581);
#20198 = STYLED_ITEM('color',(#20199),#13350);
#20199 = PRESENTATION_STYLE_ASSIGNMENT((#20200));
#20200 = SURFACE_STYLE_USAGE(.BOTH.,#20201);
#20201 = SURFACE_SIDE_STYLE('',(#20202));
#20202 = SURFACE_STYLE_FILL_AREA(#20203);
#20203 = FILL_AREA_STYLE('',(#20204));
#20204 = FILL_AREA_STYLE_COLOUR('',#19581);
#20205 = STYLED_ITEM('color',(#20206),#13374);
#20206 = PRESENTATION_STYLE_ASSIGNMENT((#20207));
#20207 = SURFACE_STYLE_USAGE(.BOTH.,#20208);
#20208 = SURFACE_SIDE_STYLE('',(#20209));
#20209 = SURFACE_STYLE_FILL_AREA(#20210);
#20210 = FILL_AREA_STYLE('',(#20211));
#20211 = FILL_AREA_STYLE_COLOUR('',#19581);
#20212 = STYLED_ITEM('color',(#20213),#13398);
#20213 = PRESENTATION_STYLE_ASSIGNMENT((#20214));
#20214 = SURFACE_STYLE_USAGE(.BOTH.,#20215);
#20215 = SURFACE_SIDE_STYLE('',(#20216));
#20216 = SURFACE_STYLE_FILL_AREA(#20217);
#20217 = FILL_AREA_STYLE('',(#20218));
#20218 = FILL_AREA_STYLE_COLOUR('',#19581);
#20219 = STYLED_ITEM('color',(#20220),#13415);
#20220 = PRESENTATION_STYLE_ASSIGNMENT((#20221));
#20221 = SURFACE_STYLE_USAGE(.BOTH.,#20222);
#20222 = SURFACE_SIDE_STYLE('',(#20223));
#20223 = SURFACE_STYLE_FILL_AREA(#20224);
#20224 = FILL_AREA_STYLE('',(#20225));
#20225 = FILL_AREA_STYLE_COLOUR('',#19581);
#20226 = STYLED_ITEM('color',(#20227),#13446);
#20227 = PRESENTATION_STYLE_ASSIGNMENT((#20228));
#20228 = SURFACE_STYLE_USAGE(.BOTH.,#20229);
#20229 = SURFACE_SIDE_STYLE('',(#20230));
#20230 = SURFACE_STYLE_FILL_AREA(#20231);
#20231 = FILL_AREA_STYLE('',(#20232));
#20232 = FILL_AREA_STYLE_COLOUR('',#19581);
#20233 = STYLED_ITEM('color',(#20234),#13470);
#20234 = PRESENTATION_STYLE_ASSIGNMENT((#20235));
#20235 = SURFACE_STYLE_USAGE(.BOTH.,#20236);
#20236 = SURFACE_SIDE_STYLE('',(#20237));
#20237 = SURFACE_STYLE_FILL_AREA(#20238);
#20238 = FILL_AREA_STYLE('',(#20239));
#20239 = FILL_AREA_STYLE_COLOUR('',#19581);
#20240 = STYLED_ITEM('color',(#20241),#13494);
#20241 = PRESENTATION_STYLE_ASSIGNMENT((#20242));
#20242 = SURFACE_STYLE_USAGE(.BOTH.,#20243);
#20243 = SURFACE_SIDE_STYLE('',(#20244));
#20244 = SURFACE_STYLE_FILL_AREA(#20245);
#20245 = FILL_AREA_STYLE('',(#20246));
#20246 = FILL_AREA_STYLE_COLOUR('',#19581);
#20247 = STYLED_ITEM('color',(#20248),#13511);
#20248 = PRESENTATION_STYLE_ASSIGNMENT((#20249));
#20249 = SURFACE_STYLE_USAGE(.BOTH.,#20250);
#20250 = SURFACE_SIDE_STYLE('',(#20251));
#20251 = SURFACE_STYLE_FILL_AREA(#20252);
#20252 = FILL_AREA_STYLE('',(#20253));
#20253 = FILL_AREA_STYLE_COLOUR('',#19581);
#20254 = STYLED_ITEM('color',(#20255),#13542);
#20255 = PRESENTATION_STYLE_ASSIGNMENT((#20256));
#20256 = SURFACE_STYLE_USAGE(.BOTH.,#20257);
#20257 = SURFACE_SIDE_STYLE('',(#20258));
#20258 = SURFACE_STYLE_FILL_AREA(#20259);
#20259 = FILL_AREA_STYLE('',(#20260));
#20260 = FILL_AREA_STYLE_COLOUR('',#19581);
#20261 = STYLED_ITEM('color',(#20262),#13566);
#20262 = PRESENTATION_STYLE_ASSIGNMENT((#20263));
#20263 = SURFACE_STYLE_USAGE(.BOTH.,#20264);
#20264 = SURFACE_SIDE_STYLE('',(#20265));
#20265 = SURFACE_STYLE_FILL_AREA(#20266);
#20266 = FILL_AREA_STYLE('',(#20267));
#20267 = FILL_AREA_STYLE_COLOUR('',#19581);
#20268 = STYLED_ITEM('color',(#20269),#13590);
#20269 = PRESENTATION_STYLE_ASSIGNMENT((#20270));
#20270 = SURFACE_STYLE_USAGE(.BOTH.,#20271);
#20271 = SURFACE_SIDE_STYLE('',(#20272));
#20272 = SURFACE_STYLE_FILL_AREA(#20273);
#20273 = FILL_AREA_STYLE('',(#20274));
#20274 = FILL_AREA_STYLE_COLOUR('',#19581);
#20275 = STYLED_ITEM('color',(#20276),#13607);
#20276 = PRESENTATION_STYLE_ASSIGNMENT((#20277));
#20277 = SURFACE_STYLE_USAGE(.BOTH.,#20278);
#20278 = SURFACE_SIDE_STYLE('',(#20279));
#20279 = SURFACE_STYLE_FILL_AREA(#20280);
#20280 = FILL_AREA_STYLE('',(#20281));
#20281 = FILL_AREA_STYLE_COLOUR('',#19581);
#20282 = STYLED_ITEM('color',(#20283),#13638);
#20283 = PRESENTATION_STYLE_ASSIGNMENT((#20284));
#20284 = SURFACE_STYLE_USAGE(.BOTH.,#20285);
#20285 = SURFACE_SIDE_STYLE('',(#20286));
#20286 = SURFACE_STYLE_FILL_AREA(#20287);
#20287 = FILL_AREA_STYLE('',(#20288));
#20288 = FILL_AREA_STYLE_COLOUR('',#19581);
#20289 = STYLED_ITEM('color',(#20290),#13662);
#20290 = PRESENTATION_STYLE_ASSIGNMENT((#20291));
#20291 = SURFACE_STYLE_USAGE(.BOTH.,#20292);
#20292 = SURFACE_SIDE_STYLE('',(#20293));
#20293 = SURFACE_STYLE_FILL_AREA(#20294);
#20294 = FILL_AREA_STYLE('',(#20295));
#20295 = FILL_AREA_STYLE_COLOUR('',#19581);
#20296 = STYLED_ITEM('color',(#20297),#13686);
#20297 = PRESENTATION_STYLE_ASSIGNMENT((#20298));
#20298 = SURFACE_STYLE_USAGE(.BOTH.,#20299);
#20299 = SURFACE_SIDE_STYLE('',(#20300));
#20300 = SURFACE_STYLE_FILL_AREA(#20301);
#20301 = FILL_AREA_STYLE('',(#20302));
#20302 = FILL_AREA_STYLE_COLOUR('',#19581);
#20303 = STYLED_ITEM('color',(#20304),#13703);
#20304 = PRESENTATION_STYLE_ASSIGNMENT((#20305));
#20305 = SURFACE_STYLE_USAGE(.BOTH.,#20306);
#20306 = SURFACE_SIDE_STYLE('',(#20307));
#20307 = SURFACE_STYLE_FILL_AREA(#20308);
#20308 = FILL_AREA_STYLE('',(#20309));
#20309 = FILL_AREA_STYLE_COLOUR('',#19581);
#20310 = STYLED_ITEM('color',(#20311),#13734);
#20311 = PRESENTATION_STYLE_ASSIGNMENT((#20312));
#20312 = SURFACE_STYLE_USAGE(.BOTH.,#20313);
#20313 = SURFACE_SIDE_STYLE('',(#20314));
#20314 = SURFACE_STYLE_FILL_AREA(#20315);
#20315 = FILL_AREA_STYLE('',(#20316));
#20316 = FILL_AREA_STYLE_COLOUR('',#19581);
#20317 = STYLED_ITEM('color',(#20318),#13758);
#20318 = PRESENTATION_STYLE_ASSIGNMENT((#20319));
#20319 = SURFACE_STYLE_USAGE(.BOTH.,#20320);
#20320 = SURFACE_SIDE_STYLE('',(#20321));
#20321 = SURFACE_STYLE_FILL_AREA(#20322);
#20322 = FILL_AREA_STYLE('',(#20323));
#20323 = FILL_AREA_STYLE_COLOUR('',#19581);
#20324 = STYLED_ITEM('color',(#20325),#13782);
#20325 = PRESENTATION_STYLE_ASSIGNMENT((#20326));
#20326 = SURFACE_STYLE_USAGE(.BOTH.,#20327);
#20327 = SURFACE_SIDE_STYLE('',(#20328));
#20328 = SURFACE_STYLE_FILL_AREA(#20329);
#20329 = FILL_AREA_STYLE('',(#20330));
#20330 = FILL_AREA_STYLE_COLOUR('',#19581);
#20331 = STYLED_ITEM('color',(#20332),#13799);
#20332 = PRESENTATION_STYLE_ASSIGNMENT((#20333));
#20333 = SURFACE_STYLE_USAGE(.BOTH.,#20334);
#20334 = SURFACE_SIDE_STYLE('',(#20335));
#20335 = SURFACE_STYLE_FILL_AREA(#20336);
#20336 = FILL_AREA_STYLE('',(#20337));
#20337 = FILL_AREA_STYLE_COLOUR('',#19581);
#20338 = STYLED_ITEM('color',(#20339),#13830);
#20339 = PRESENTATION_STYLE_ASSIGNMENT((#20340));
#20340 = SURFACE_STYLE_USAGE(.BOTH.,#20341);
#20341 = SURFACE_SIDE_STYLE('',(#20342));
#20342 = SURFACE_STYLE_FILL_AREA(#20343);
#20343 = FILL_AREA_STYLE('',(#20344));
#20344 = FILL_AREA_STYLE_COLOUR('',#19581);
#20345 = STYLED_ITEM('color',(#20346),#13854);
#20346 = PRESENTATION_STYLE_ASSIGNMENT((#20347));
#20347 = SURFACE_STYLE_USAGE(.BOTH.,#20348);
#20348 = SURFACE_SIDE_STYLE('',(#20349));
#20349 = SURFACE_STYLE_FILL_AREA(#20350);
#20350 = FILL_AREA_STYLE('',(#20351));
#20351 = FILL_AREA_STYLE_COLOUR('',#19581);
#20352 = STYLED_ITEM('color',(#20353),#13878);
#20353 = PRESENTATION_STYLE_ASSIGNMENT((#20354));
#20354 = SURFACE_STYLE_USAGE(.BOTH.,#20355);
#20355 = SURFACE_SIDE_STYLE('',(#20356));
#20356 = SURFACE_STYLE_FILL_AREA(#20357);
#20357 = FILL_AREA_STYLE('',(#20358));
#20358 = FILL_AREA_STYLE_COLOUR('',#19581);
#20359 = STYLED_ITEM('color',(#20360),#13895);
#20360 = PRESENTATION_STYLE_ASSIGNMENT((#20361));
#20361 = SURFACE_STYLE_USAGE(.BOTH.,#20362);
#20362 = SURFACE_SIDE_STYLE('',(#20363));
#20363 = SURFACE_STYLE_FILL_AREA(#20364);
#20364 = FILL_AREA_STYLE('',(#20365));
#20365 = FILL_AREA_STYLE_COLOUR('',#19581);
#20366 = STYLED_ITEM('color',(#20367),#13926);
#20367 = PRESENTATION_STYLE_ASSIGNMENT((#20368));
#20368 = SURFACE_STYLE_USAGE(.BOTH.,#20369);
#20369 = SURFACE_SIDE_STYLE('',(#20370));
#20370 = SURFACE_STYLE_FILL_AREA(#20371);
#20371 = FILL_AREA_STYLE('',(#20372));
#20372 = FILL_AREA_STYLE_COLOUR('',#19581);
#20373 = STYLED_ITEM('color',(#20374),#13950);
#20374 = PRESENTATION_STYLE_ASSIGNMENT((#20375));
#20375 = SURFACE_STYLE_USAGE(.BOTH.,#20376);
#20376 = SURFACE_SIDE_STYLE('',(#20377));
#20377 = SURFACE_STYLE_FILL_AREA(#20378);
#20378 = FILL_AREA_STYLE('',(#20379));
#20379 = FILL_AREA_STYLE_COLOUR('',#19581);
#20380 = STYLED_ITEM('color',(#20381),#13974);
#20381 = PRESENTATION_STYLE_ASSIGNMENT((#20382));
#20382 = SURFACE_STYLE_USAGE(.BOTH.,#20383);
#20383 = SURFACE_SIDE_STYLE('',(#20384));
#20384 = SURFACE_STYLE_FILL_AREA(#20385);
#20385 = FILL_AREA_STYLE('',(#20386));
#20386 = FILL_AREA_STYLE_COLOUR('',#19581);
#20387 = STYLED_ITEM('color',(#20388),#13991);
#20388 = PRESENTATION_STYLE_ASSIGNMENT((#20389));
#20389 = SURFACE_STYLE_USAGE(.BOTH.,#20390);
#20390 = SURFACE_SIDE_STYLE('',(#20391));
#20391 = SURFACE_STYLE_FILL_AREA(#20392);
#20392 = FILL_AREA_STYLE('',(#20393));
#20393 = FILL_AREA_STYLE_COLOUR('',#19581);
#20394 = STYLED_ITEM('color',(#20395),#14022);
#20395 = PRESENTATION_STYLE_ASSIGNMENT((#20396));
#20396 = SURFACE_STYLE_USAGE(.BOTH.,#20397);
#20397 = SURFACE_SIDE_STYLE('',(#20398));
#20398 = SURFACE_STYLE_FILL_AREA(#20399);
#20399 = FILL_AREA_STYLE('',(#20400));
#20400 = FILL_AREA_STYLE_COLOUR('',#19581);
#20401 = STYLED_ITEM('color',(#20402),#14046);
#20402 = PRESENTATION_STYLE_ASSIGNMENT((#20403));
#20403 = SURFACE_STYLE_USAGE(.BOTH.,#20404);
#20404 = SURFACE_SIDE_STYLE('',(#20405));
#20405 = SURFACE_STYLE_FILL_AREA(#20406);
#20406 = FILL_AREA_STYLE('',(#20407));
#20407 = FILL_AREA_STYLE_COLOUR('',#19581);
#20408 = STYLED_ITEM('color',(#20409),#14070);
#20409 = PRESENTATION_STYLE_ASSIGNMENT((#20410));
#20410 = SURFACE_STYLE_USAGE(.BOTH.,#20411);
#20411 = SURFACE_SIDE_STYLE('',(#20412));
#20412 = SURFACE_STYLE_FILL_AREA(#20413);
#20413 = FILL_AREA_STYLE('',(#20414));
#20414 = FILL_AREA_STYLE_COLOUR('',#19581);
#20415 = STYLED_ITEM('color',(#20416),#14087);
#20416 = PRESENTATION_STYLE_ASSIGNMENT((#20417));
#20417 = SURFACE_STYLE_USAGE(.BOTH.,#20418);
#20418 = SURFACE_SIDE_STYLE('',(#20419));
#20419 = SURFACE_STYLE_FILL_AREA(#20420);
#20420 = FILL_AREA_STYLE('',(#20421));
#20421 = FILL_AREA_STYLE_COLOUR('',#19581);
#20422 = STYLED_ITEM('color',(#20423),#14118);
#20423 = PRESENTATION_STYLE_ASSIGNMENT((#20424));
#20424 = SURFACE_STYLE_USAGE(.BOTH.,#20425);
#20425 = SURFACE_SIDE_STYLE('',(#20426));
#20426 = SURFACE_STYLE_FILL_AREA(#20427);
#20427 = FILL_AREA_STYLE('',(#20428));
#20428 = FILL_AREA_STYLE_COLOUR('',#19581);
#20429 = STYLED_ITEM('color',(#20430),#14142);
#20430 = PRESENTATION_STYLE_ASSIGNMENT((#20431));
#20431 = SURFACE_STYLE_USAGE(.BOTH.,#20432);
#20432 = SURFACE_SIDE_STYLE('',(#20433));
#20433 = SURFACE_STYLE_FILL_AREA(#20434);
#20434 = FILL_AREA_STYLE('',(#20435));
#20435 = FILL_AREA_STYLE_COLOUR('',#19581);
#20436 = STYLED_ITEM('color',(#20437),#14166);
#20437 = PRESENTATION_STYLE_ASSIGNMENT((#20438));
#20438 = SURFACE_STYLE_USAGE(.BOTH.,#20439);
#20439 = SURFACE_SIDE_STYLE('',(#20440));
#20440 = SURFACE_STYLE_FILL_AREA(#20441);
#20441 = FILL_AREA_STYLE('',(#20442));
#20442 = FILL_AREA_STYLE_COLOUR('',#19581);
#20443 = STYLED_ITEM('color',(#20444),#14183);
#20444 = PRESENTATION_STYLE_ASSIGNMENT((#20445));
#20445 = SURFACE_STYLE_USAGE(.BOTH.,#20446);
#20446 = SURFACE_SIDE_STYLE('',(#20447));
#20447 = SURFACE_STYLE_FILL_AREA(#20448);
#20448 = FILL_AREA_STYLE('',(#20449));
#20449 = FILL_AREA_STYLE_COLOUR('',#19581);
#20450 = STYLED_ITEM('color',(#20451),#14214);
#20451 = PRESENTATION_STYLE_ASSIGNMENT((#20452));
#20452 = SURFACE_STYLE_USAGE(.BOTH.,#20453);
#20453 = SURFACE_SIDE_STYLE('',(#20454));
#20454 = SURFACE_STYLE_FILL_AREA(#20455);
#20455 = FILL_AREA_STYLE('',(#20456));
#20456 = FILL_AREA_STYLE_COLOUR('',#19581);
#20457 = STYLED_ITEM('color',(#20458),#14238);
#20458 = PRESENTATION_STYLE_ASSIGNMENT((#20459));
#20459 = SURFACE_STYLE_USAGE(.BOTH.,#20460);
#20460 = SURFACE_SIDE_STYLE('',(#20461));
#20461 = SURFACE_STYLE_FILL_AREA(#20462);
#20462 = FILL_AREA_STYLE('',(#20463));
#20463 = FILL_AREA_STYLE_COLOUR('',#19581);
#20464 = STYLED_ITEM('color',(#20465),#14262);
#20465 = PRESENTATION_STYLE_ASSIGNMENT((#20466));
#20466 = SURFACE_STYLE_USAGE(.BOTH.,#20467);
#20467 = SURFACE_SIDE_STYLE('',(#20468));
#20468 = SURFACE_STYLE_FILL_AREA(#20469);
#20469 = FILL_AREA_STYLE('',(#20470));
#20470 = FILL_AREA_STYLE_COLOUR('',#19581);
#20471 = STYLED_ITEM('color',(#20472),#14279);
#20472 = PRESENTATION_STYLE_ASSIGNMENT((#20473));
#20473 = SURFACE_STYLE_USAGE(.BOTH.,#20474);
#20474 = SURFACE_SIDE_STYLE('',(#20475));
#20475 = SURFACE_STYLE_FILL_AREA(#20476);
#20476 = FILL_AREA_STYLE('',(#20477));
#20477 = FILL_AREA_STYLE_COLOUR('',#19581);
#20478 = STYLED_ITEM('color',(#20479),#14291);
#20479 = PRESENTATION_STYLE_ASSIGNMENT((#20480));
#20480 = SURFACE_STYLE_USAGE(.BOTH.,#20481);
#20481 = SURFACE_SIDE_STYLE('',(#20482));
#20482 = SURFACE_STYLE_FILL_AREA(#20483);
#20483 = FILL_AREA_STYLE('',(#20484));
#20484 = FILL_AREA_STYLE_COLOUR('',#19581);
#20485 = STYLED_ITEM('color',(#20486),#14303);
#20486 = PRESENTATION_STYLE_ASSIGNMENT((#20487));
#20487 = SURFACE_STYLE_USAGE(.BOTH.,#20488);
#20488 = SURFACE_SIDE_STYLE('',(#20489));
#20489 = SURFACE_STYLE_FILL_AREA(#20490);
#20490 = FILL_AREA_STYLE('',(#20491));
#20491 = FILL_AREA_STYLE_COLOUR('',#19581);
#20492 = STYLED_ITEM('color',(#20493),#14315);
#20493 = PRESENTATION_STYLE_ASSIGNMENT((#20494));
#20494 = SURFACE_STYLE_USAGE(.BOTH.,#20495);
#20495 = SURFACE_SIDE_STYLE('',(#20496));
#20496 = SURFACE_STYLE_FILL_AREA(#20497);
#20497 = FILL_AREA_STYLE('',(#20498));
#20498 = FILL_AREA_STYLE_COLOUR('',#19581);
#20499 = STYLED_ITEM('color',(#20500),#14327);
#20500 = PRESENTATION_STYLE_ASSIGNMENT((#20501));
#20501 = SURFACE_STYLE_USAGE(.BOTH.,#20502);
#20502 = SURFACE_SIDE_STYLE('',(#20503));
#20503 = SURFACE_STYLE_FILL_AREA(#20504);
#20504 = FILL_AREA_STYLE('',(#20505));
#20505 = FILL_AREA_STYLE_COLOUR('',#19581);
#20506 = STYLED_ITEM('color',(#20507),#14339);
#20507 = PRESENTATION_STYLE_ASSIGNMENT((#20508));
#20508 = SURFACE_STYLE_USAGE(.BOTH.,#20509);
#20509 = SURFACE_SIDE_STYLE('',(#20510));
#20510 = SURFACE_STYLE_FILL_AREA(#20511);
#20511 = FILL_AREA_STYLE('',(#20512));
#20512 = FILL_AREA_STYLE_COLOUR('',#19581);
#20513 = STYLED_ITEM('color',(#20514),#14351);
#20514 = PRESENTATION_STYLE_ASSIGNMENT((#20515));
#20515 = SURFACE_STYLE_USAGE(.BOTH.,#20516);
#20516 = SURFACE_SIDE_STYLE('',(#20517));
#20517 = SURFACE_STYLE_FILL_AREA(#20518);
#20518 = FILL_AREA_STYLE('',(#20519));
#20519 = FILL_AREA_STYLE_COLOUR('',#19581);
#20520 = STYLED_ITEM('color',(#20521),#14363);
#20521 = PRESENTATION_STYLE_ASSIGNMENT((#20522));
#20522 = SURFACE_STYLE_USAGE(.BOTH.,#20523);
#20523 = SURFACE_SIDE_STYLE('',(#20524));
#20524 = SURFACE_STYLE_FILL_AREA(#20525);
#20525 = FILL_AREA_STYLE('',(#20526));
#20526 = FILL_AREA_STYLE_COLOUR('',#19581);
#20527 = STYLED_ITEM('color',(#20528),#14375);
#20528 = PRESENTATION_STYLE_ASSIGNMENT((#20529));
#20529 = SURFACE_STYLE_USAGE(.BOTH.,#20530);
#20530 = SURFACE_SIDE_STYLE('',(#20531));
#20531 = SURFACE_STYLE_FILL_AREA(#20532);
#20532 = FILL_AREA_STYLE('',(#20533));
#20533 = FILL_AREA_STYLE_COLOUR('',#19581);
#20534 = STYLED_ITEM('color',(#20535),#14387);
#20535 = PRESENTATION_STYLE_ASSIGNMENT((#20536));
#20536 = SURFACE_STYLE_USAGE(.BOTH.,#20537);
#20537 = SURFACE_SIDE_STYLE('',(#20538));
#20538 = SURFACE_STYLE_FILL_AREA(#20539);
#20539 = FILL_AREA_STYLE('',(#20540));
#20540 = FILL_AREA_STYLE_COLOUR('',#19581);
#20541 = STYLED_ITEM('color',(#20542),#14399);
#20542 = PRESENTATION_STYLE_ASSIGNMENT((#20543));
#20543 = SURFACE_STYLE_USAGE(.BOTH.,#20544);
#20544 = SURFACE_SIDE_STYLE('',(#20545));
#20545 = SURFACE_STYLE_FILL_AREA(#20546);
#20546 = FILL_AREA_STYLE('',(#20547));
#20547 = FILL_AREA_STYLE_COLOUR('',#19581);
#20548 = STYLED_ITEM('color',(#20549),#14411);
#20549 = PRESENTATION_STYLE_ASSIGNMENT((#20550));
#20550 = SURFACE_STYLE_USAGE(.BOTH.,#20551);
#20551 = SURFACE_SIDE_STYLE('',(#20552));
#20552 = SURFACE_STYLE_FILL_AREA(#20553);
#20553 = FILL_AREA_STYLE('',(#20554));
#20554 = FILL_AREA_STYLE_COLOUR('',#19581);
#20555 = STYLED_ITEM('color',(#20556),#14423);
#20556 = PRESENTATION_STYLE_ASSIGNMENT((#20557));
#20557 = SURFACE_STYLE_USAGE(.BOTH.,#20558);
#20558 = SURFACE_SIDE_STYLE('',(#20559));
#20559 = SURFACE_STYLE_FILL_AREA(#20560);
#20560 = FILL_AREA_STYLE('',(#20561));
#20561 = FILL_AREA_STYLE_COLOUR('',#19581);
#20562 = STYLED_ITEM('color',(#20563),#14435);
#20563 = PRESENTATION_STYLE_ASSIGNMENT((#20564));
#20564 = SURFACE_STYLE_USAGE(.BOTH.,#20565);
#20565 = SURFACE_SIDE_STYLE('',(#20566));
#20566 = SURFACE_STYLE_FILL_AREA(#20567);
#20567 = FILL_AREA_STYLE('',(#20568));
#20568 = FILL_AREA_STYLE_COLOUR('',#19581);
#20569 = STYLED_ITEM('color',(#20570),#14447);
#20570 = PRESENTATION_STYLE_ASSIGNMENT((#20571));
#20571 = SURFACE_STYLE_USAGE(.BOTH.,#20572);
#20572 = SURFACE_SIDE_STYLE('',(#20573));
#20573 = SURFACE_STYLE_FILL_AREA(#20574);
#20574 = FILL_AREA_STYLE('',(#20575));
#20575 = FILL_AREA_STYLE_COLOUR('',#19581);
#20576 = STYLED_ITEM('color',(#20577),#14459);
#20577 = PRESENTATION_STYLE_ASSIGNMENT((#20578));
#20578 = SURFACE_STYLE_USAGE(.BOTH.,#20579);
#20579 = SURFACE_SIDE_STYLE('',(#20580));
#20580 = SURFACE_STYLE_FILL_AREA(#20581);
#20581 = FILL_AREA_STYLE('',(#20582));
#20582 = FILL_AREA_STYLE_COLOUR('',#19581);
#20583 = MECHANICAL_DESIGN_GEOMETRIC_PRESENTATION_REPRESENTATION('',(
    #20584,#20591,#20598,#20605,#20612,#20619,#20626,#20633,#20640,
    #20647,#20654,#20661,#20668,#20675,#20682,#20689,#20696,#20703,
    #20710,#20717,#20724,#20731,#20738,#20745,#20752,#20759,#20766,
    #20773,#20780,#20787,#20794,#20801,#20808,#20815,#20822,#20829,
    #20836,#20843,#20850,#20857,#20864,#20871,#20878,#20885,#20892,
    #20899,#20906,#20913,#20920,#20927,#20934,#20941),#8976);
#20584 = STYLED_ITEM('color',(#20585),#7546);
#20585 = PRESENTATION_STYLE_ASSIGNMENT((#20586));
#20586 = SURFACE_STYLE_USAGE(.BOTH.,#20587);
#20587 = SURFACE_SIDE_STYLE('',(#20588));
#20588 = SURFACE_STYLE_FILL_AREA(#20589);
#20589 = FILL_AREA_STYLE('',(#20590));
#20590 = FILL_AREA_STYLE_COLOUR('',#17144);
#20591 = STYLED_ITEM('color',(#20592),#7586);
#20592 = PRESENTATION_STYLE_ASSIGNMENT((#20593));
#20593 = SURFACE_STYLE_USAGE(.BOTH.,#20594);
#20594 = SURFACE_SIDE_STYLE('',(#20595));
#20595 = SURFACE_STYLE_FILL_AREA(#20596);
#20596 = FILL_AREA_STYLE('',(#20597));
#20597 = FILL_AREA_STYLE_COLOUR('',#17144);
#20598 = STYLED_ITEM('color',(#20599),#7617);
#20599 = PRESENTATION_STYLE_ASSIGNMENT((#20600));
#20600 = SURFACE_STYLE_USAGE(.BOTH.,#20601);
#20601 = SURFACE_SIDE_STYLE('',(#20602));
#20602 = SURFACE_STYLE_FILL_AREA(#20603);
#20603 = FILL_AREA_STYLE('',(#20604));
#20604 = FILL_AREA_STYLE_COLOUR('',#17144);
#20605 = STYLED_ITEM('color',(#20606),#7648);
#20606 = PRESENTATION_STYLE_ASSIGNMENT((#20607));
#20607 = SURFACE_STYLE_USAGE(.BOTH.,#20608);
#20608 = SURFACE_SIDE_STYLE('',(#20609));
#20609 = SURFACE_STYLE_FILL_AREA(#20610);
#20610 = FILL_AREA_STYLE('',(#20611));
#20611 = FILL_AREA_STYLE_COLOUR('',#17144);
#20612 = STYLED_ITEM('color',(#20613),#7813);
#20613 = PRESENTATION_STYLE_ASSIGNMENT((#20614));
#20614 = SURFACE_STYLE_USAGE(.BOTH.,#20615);
#20615 = SURFACE_SIDE_STYLE('',(#20616));
#20616 = SURFACE_STYLE_FILL_AREA(#20617);
#20617 = FILL_AREA_STYLE('',(#20618));
#20618 = FILL_AREA_STYLE_COLOUR('',#17144);
#20619 = STYLED_ITEM('color',(#20620),#7978);
#20620 = PRESENTATION_STYLE_ASSIGNMENT((#20621));
#20621 = SURFACE_STYLE_USAGE(.BOTH.,#20622);
#20622 = SURFACE_SIDE_STYLE('',(#20623));
#20623 = SURFACE_STYLE_FILL_AREA(#20624);
#20624 = FILL_AREA_STYLE('',(#20625));
#20625 = FILL_AREA_STYLE_COLOUR('',#17144);
#20626 = STYLED_ITEM('color',(#20627),#7995);
#20627 = PRESENTATION_STYLE_ASSIGNMENT((#20628));
#20628 = SURFACE_STYLE_USAGE(.BOTH.,#20629);
#20629 = SURFACE_SIDE_STYLE('',(#20630));
#20630 = SURFACE_STYLE_FILL_AREA(#20631);
#20631 = FILL_AREA_STYLE('',(#20632));
#20632 = FILL_AREA_STYLE_COLOUR('',#17144);
#20633 = STYLED_ITEM('color',(#20634),#8012);
#20634 = PRESENTATION_STYLE_ASSIGNMENT((#20635));
#20635 = SURFACE_STYLE_USAGE(.BOTH.,#20636);
#20636 = SURFACE_SIDE_STYLE('',(#20637));
#20637 = SURFACE_STYLE_FILL_AREA(#20638);
#20638 = FILL_AREA_STYLE('',(#20639));
#20639 = FILL_AREA_STYLE_COLOUR('',#17144);
#20640 = STYLED_ITEM('color',(#20641),#8029);
#20641 = PRESENTATION_STYLE_ASSIGNMENT((#20642));
#20642 = SURFACE_STYLE_USAGE(.BOTH.,#20643);
#20643 = SURFACE_SIDE_STYLE('',(#20644));
#20644 = SURFACE_STYLE_FILL_AREA(#20645);
#20645 = FILL_AREA_STYLE('',(#20646));
#20646 = FILL_AREA_STYLE_COLOUR('',#17144);
#20647 = STYLED_ITEM('color',(#20648),#8046);
#20648 = PRESENTATION_STYLE_ASSIGNMENT((#20649));
#20649 = SURFACE_STYLE_USAGE(.BOTH.,#20650);
#20650 = SURFACE_SIDE_STYLE('',(#20651));
#20651 = SURFACE_STYLE_FILL_AREA(#20652);
#20652 = FILL_AREA_STYLE('',(#20653));
#20653 = FILL_AREA_STYLE_COLOUR('',#17144);
#20654 = STYLED_ITEM('color',(#20655),#8063);
#20655 = PRESENTATION_STYLE_ASSIGNMENT((#20656));
#20656 = SURFACE_STYLE_USAGE(.BOTH.,#20657);
#20657 = SURFACE_SIDE_STYLE('',(#20658));
#20658 = SURFACE_STYLE_FILL_AREA(#20659);
#20659 = FILL_AREA_STYLE('',(#20660));
#20660 = FILL_AREA_STYLE_COLOUR('',#17144);
#20661 = STYLED_ITEM('color',(#20662),#8080);
#20662 = PRESENTATION_STYLE_ASSIGNMENT((#20663));
#20663 = SURFACE_STYLE_USAGE(.BOTH.,#20664);
#20664 = SURFACE_SIDE_STYLE('',(#20665));
#20665 = SURFACE_STYLE_FILL_AREA(#20666);
#20666 = FILL_AREA_STYLE('',(#20667));
#20667 = FILL_AREA_STYLE_COLOUR('',#17144);
#20668 = STYLED_ITEM('color',(#20669),#8097);
#20669 = PRESENTATION_STYLE_ASSIGNMENT((#20670));
#20670 = SURFACE_STYLE_USAGE(.BOTH.,#20671);
#20671 = SURFACE_SIDE_STYLE('',(#20672));
#20672 = SURFACE_STYLE_FILL_AREA(#20673);
#20673 = FILL_AREA_STYLE('',(#20674));
#20674 = FILL_AREA_STYLE_COLOUR('',#17144);
#20675 = STYLED_ITEM('color',(#20676),#8114);
#20676 = PRESENTATION_STYLE_ASSIGNMENT((#20677));
#20677 = SURFACE_STYLE_USAGE(.BOTH.,#20678);
#20678 = SURFACE_SIDE_STYLE('',(#20679));
#20679 = SURFACE_STYLE_FILL_AREA(#20680);
#20680 = FILL_AREA_STYLE('',(#20681));
#20681 = FILL_AREA_STYLE_COLOUR('',#17144);
#20682 = STYLED_ITEM('color',(#20683),#8131);
#20683 = PRESENTATION_STYLE_ASSIGNMENT((#20684));
#20684 = SURFACE_STYLE_USAGE(.BOTH.,#20685);
#20685 = SURFACE_SIDE_STYLE('',(#20686));
#20686 = SURFACE_STYLE_FILL_AREA(#20687);
#20687 = FILL_AREA_STYLE('',(#20688));
#20688 = FILL_AREA_STYLE_COLOUR('',#17144);
#20689 = STYLED_ITEM('color',(#20690),#8148);
#20690 = PRESENTATION_STYLE_ASSIGNMENT((#20691));
#20691 = SURFACE_STYLE_USAGE(.BOTH.,#20692);
#20692 = SURFACE_SIDE_STYLE('',(#20693));
#20693 = SURFACE_STYLE_FILL_AREA(#20694);
#20694 = FILL_AREA_STYLE('',(#20695));
#20695 = FILL_AREA_STYLE_COLOUR('',#17144);
#20696 = STYLED_ITEM('color',(#20697),#8160);
#20697 = PRESENTATION_STYLE_ASSIGNMENT((#20698));
#20698 = SURFACE_STYLE_USAGE(.BOTH.,#20699);
#20699 = SURFACE_SIDE_STYLE('',(#20700));
#20700 = SURFACE_STYLE_FILL_AREA(#20701);
#20701 = FILL_AREA_STYLE('',(#20702));
#20702 = FILL_AREA_STYLE_COLOUR('',#19581);
#20703 = STYLED_ITEM('color',(#20704),#8191);
#20704 = PRESENTATION_STYLE_ASSIGNMENT((#20705));
#20705 = SURFACE_STYLE_USAGE(.BOTH.,#20706);
#20706 = SURFACE_SIDE_STYLE('',(#20707));
#20707 = SURFACE_STYLE_FILL_AREA(#20708);
#20708 = FILL_AREA_STYLE('',(#20709));
#20709 = FILL_AREA_STYLE_COLOUR('',#19581);
#20710 = STYLED_ITEM('color',(#20711),#8215);
#20711 = PRESENTATION_STYLE_ASSIGNMENT((#20712));
#20712 = SURFACE_STYLE_USAGE(.BOTH.,#20713);
#20713 = SURFACE_SIDE_STYLE('',(#20714));
#20714 = SURFACE_STYLE_FILL_AREA(#20715);
#20715 = FILL_AREA_STYLE('',(#20716));
#20716 = FILL_AREA_STYLE_COLOUR('',#19581);
#20717 = STYLED_ITEM('color',(#20718),#8239);
#20718 = PRESENTATION_STYLE_ASSIGNMENT((#20719));
#20719 = SURFACE_STYLE_USAGE(.BOTH.,#20720);
#20720 = SURFACE_SIDE_STYLE('',(#20721));
#20721 = SURFACE_STYLE_FILL_AREA(#20722);
#20722 = FILL_AREA_STYLE('',(#20723));
#20723 = FILL_AREA_STYLE_COLOUR('',#19581);
#20724 = STYLED_ITEM('color',(#20725),#8256);
#20725 = PRESENTATION_STYLE_ASSIGNMENT((#20726));
#20726 = SURFACE_STYLE_USAGE(.BOTH.,#20727);
#20727 = SURFACE_SIDE_STYLE('',(#20728));
#20728 = SURFACE_STYLE_FILL_AREA(#20729);
#20729 = FILL_AREA_STYLE('',(#20730));
#20730 = FILL_AREA_STYLE_COLOUR('',#19581);
#20731 = STYLED_ITEM('color',(#20732),#8287);
#20732 = PRESENTATION_STYLE_ASSIGNMENT((#20733));
#20733 = SURFACE_STYLE_USAGE(.BOTH.,#20734);
#20734 = SURFACE_SIDE_STYLE('',(#20735));
#20735 = SURFACE_STYLE_FILL_AREA(#20736);
#20736 = FILL_AREA_STYLE('',(#20737));
#20737 = FILL_AREA_STYLE_COLOUR('',#19581);
#20738 = STYLED_ITEM('color',(#20739),#8311);
#20739 = PRESENTATION_STYLE_ASSIGNMENT((#20740));
#20740 = SURFACE_STYLE_USAGE(.BOTH.,#20741);
#20741 = SURFACE_SIDE_STYLE('',(#20742));
#20742 = SURFACE_STYLE_FILL_AREA(#20743);
#20743 = FILL_AREA_STYLE('',(#20744));
#20744 = FILL_AREA_STYLE_COLOUR('',#19581);
#20745 = STYLED_ITEM('color',(#20746),#8335);
#20746 = PRESENTATION_STYLE_ASSIGNMENT((#20747));
#20747 = SURFACE_STYLE_USAGE(.BOTH.,#20748);
#20748 = SURFACE_SIDE_STYLE('',(#20749));
#20749 = SURFACE_STYLE_FILL_AREA(#20750);
#20750 = FILL_AREA_STYLE('',(#20751));
#20751 = FILL_AREA_STYLE_COLOUR('',#19581);
#20752 = STYLED_ITEM('color',(#20753),#8352);
#20753 = PRESENTATION_STYLE_ASSIGNMENT((#20754));
#20754 = SURFACE_STYLE_USAGE(.BOTH.,#20755);
#20755 = SURFACE_SIDE_STYLE('',(#20756));
#20756 = SURFACE_STYLE_FILL_AREA(#20757);
#20757 = FILL_AREA_STYLE('',(#20758));
#20758 = FILL_AREA_STYLE_COLOUR('',#19581);
#20759 = STYLED_ITEM('color',(#20760),#8383);
#20760 = PRESENTATION_STYLE_ASSIGNMENT((#20761));
#20761 = SURFACE_STYLE_USAGE(.BOTH.,#20762);
#20762 = SURFACE_SIDE_STYLE('',(#20763));
#20763 = SURFACE_STYLE_FILL_AREA(#20764);
#20764 = FILL_AREA_STYLE('',(#20765));
#20765 = FILL_AREA_STYLE_COLOUR('',#19581);
#20766 = STYLED_ITEM('color',(#20767),#8407);
#20767 = PRESENTATION_STYLE_ASSIGNMENT((#20768));
#20768 = SURFACE_STYLE_USAGE(.BOTH.,#20769);
#20769 = SURFACE_SIDE_STYLE('',(#20770));
#20770 = SURFACE_STYLE_FILL_AREA(#20771);
#20771 = FILL_AREA_STYLE('',(#20772));
#20772 = FILL_AREA_STYLE_COLOUR('',#19581);
#20773 = STYLED_ITEM('color',(#20774),#8431);
#20774 = PRESENTATION_STYLE_ASSIGNMENT((#20775));
#20775 = SURFACE_STYLE_USAGE(.BOTH.,#20776);
#20776 = SURFACE_SIDE_STYLE('',(#20777));
#20777 = SURFACE_STYLE_FILL_AREA(#20778);
#20778 = FILL_AREA_STYLE('',(#20779));
#20779 = FILL_AREA_STYLE_COLOUR('',#19581);
#20780 = STYLED_ITEM('color',(#20781),#8448);
#20781 = PRESENTATION_STYLE_ASSIGNMENT((#20782));
#20782 = SURFACE_STYLE_USAGE(.BOTH.,#20783);
#20783 = SURFACE_SIDE_STYLE('',(#20784));
#20784 = SURFACE_STYLE_FILL_AREA(#20785);
#20785 = FILL_AREA_STYLE('',(#20786));
#20786 = FILL_AREA_STYLE_COLOUR('',#19581);
#20787 = STYLED_ITEM('color',(#20788),#8479);
#20788 = PRESENTATION_STYLE_ASSIGNMENT((#20789));
#20789 = SURFACE_STYLE_USAGE(.BOTH.,#20790);
#20790 = SURFACE_SIDE_STYLE('',(#20791));
#20791 = SURFACE_STYLE_FILL_AREA(#20792);
#20792 = FILL_AREA_STYLE('',(#20793));
#20793 = FILL_AREA_STYLE_COLOUR('',#19581);
#20794 = STYLED_ITEM('color',(#20795),#8503);
#20795 = PRESENTATION_STYLE_ASSIGNMENT((#20796));
#20796 = SURFACE_STYLE_USAGE(.BOTH.,#20797);
#20797 = SURFACE_SIDE_STYLE('',(#20798));
#20798 = SURFACE_STYLE_FILL_AREA(#20799);
#20799 = FILL_AREA_STYLE('',(#20800));
#20800 = FILL_AREA_STYLE_COLOUR('',#19581);
#20801 = STYLED_ITEM('color',(#20802),#8527);
#20802 = PRESENTATION_STYLE_ASSIGNMENT((#20803));
#20803 = SURFACE_STYLE_USAGE(.BOTH.,#20804);
#20804 = SURFACE_SIDE_STYLE('',(#20805));
#20805 = SURFACE_STYLE_FILL_AREA(#20806);
#20806 = FILL_AREA_STYLE('',(#20807));
#20807 = FILL_AREA_STYLE_COLOUR('',#19581);
#20808 = STYLED_ITEM('color',(#20809),#8544);
#20809 = PRESENTATION_STYLE_ASSIGNMENT((#20810));
#20810 = SURFACE_STYLE_USAGE(.BOTH.,#20811);
#20811 = SURFACE_SIDE_STYLE('',(#20812));
#20812 = SURFACE_STYLE_FILL_AREA(#20813);
#20813 = FILL_AREA_STYLE('',(#20814));
#20814 = FILL_AREA_STYLE_COLOUR('',#19581);
#20815 = STYLED_ITEM('color',(#20816),#8575);
#20816 = PRESENTATION_STYLE_ASSIGNMENT((#20817));
#20817 = SURFACE_STYLE_USAGE(.BOTH.,#20818);
#20818 = SURFACE_SIDE_STYLE('',(#20819));
#20819 = SURFACE_STYLE_FILL_AREA(#20820);
#20820 = FILL_AREA_STYLE('',(#20821));
#20821 = FILL_AREA_STYLE_COLOUR('',#19581);
#20822 = STYLED_ITEM('color',(#20823),#8599);
#20823 = PRESENTATION_STYLE_ASSIGNMENT((#20824));
#20824 = SURFACE_STYLE_USAGE(.BOTH.,#20825);
#20825 = SURFACE_SIDE_STYLE('',(#20826));
#20826 = SURFACE_STYLE_FILL_AREA(#20827);
#20827 = FILL_AREA_STYLE('',(#20828));
#20828 = FILL_AREA_STYLE_COLOUR('',#19581);
#20829 = STYLED_ITEM('color',(#20830),#8623);
#20830 = PRESENTATION_STYLE_ASSIGNMENT((#20831));
#20831 = SURFACE_STYLE_USAGE(.BOTH.,#20832);
#20832 = SURFACE_SIDE_STYLE('',(#20833));
#20833 = SURFACE_STYLE_FILL_AREA(#20834);
#20834 = FILL_AREA_STYLE('',(#20835));
#20835 = FILL_AREA_STYLE_COLOUR('',#19581);
#20836 = STYLED_ITEM('color',(#20837),#8640);
#20837 = PRESENTATION_STYLE_ASSIGNMENT((#20838));
#20838 = SURFACE_STYLE_USAGE(.BOTH.,#20839);
#20839 = SURFACE_SIDE_STYLE('',(#20840));
#20840 = SURFACE_STYLE_FILL_AREA(#20841);
#20841 = FILL_AREA_STYLE('',(#20842));
#20842 = FILL_AREA_STYLE_COLOUR('',#19581);
#20843 = STYLED_ITEM('color',(#20844),#8671);
#20844 = PRESENTATION_STYLE_ASSIGNMENT((#20845));
#20845 = SURFACE_STYLE_USAGE(.BOTH.,#20846);
#20846 = SURFACE_SIDE_STYLE('',(#20847));
#20847 = SURFACE_STYLE_FILL_AREA(#20848);
#20848 = FILL_AREA_STYLE('',(#20849));
#20849 = FILL_AREA_STYLE_COLOUR('',#19581);
#20850 = STYLED_ITEM('color',(#20851),#8695);
#20851 = PRESENTATION_STYLE_ASSIGNMENT((#20852));
#20852 = SURFACE_STYLE_USAGE(.BOTH.,#20853);
#20853 = SURFACE_SIDE_STYLE('',(#20854));
#20854 = SURFACE_STYLE_FILL_AREA(#20855);
#20855 = FILL_AREA_STYLE('',(#20856));
#20856 = FILL_AREA_STYLE_COLOUR('',#19581);
#20857 = STYLED_ITEM('color',(#20858),#8719);
#20858 = PRESENTATION_STYLE_ASSIGNMENT((#20859));
#20859 = SURFACE_STYLE_USAGE(.BOTH.,#20860);
#20860 = SURFACE_SIDE_STYLE('',(#20861));
#20861 = SURFACE_STYLE_FILL_AREA(#20862);
#20862 = FILL_AREA_STYLE('',(#20863));
#20863 = FILL_AREA_STYLE_COLOUR('',#19581);
#20864 = STYLED_ITEM('color',(#20865),#8736);
#20865 = PRESENTATION_STYLE_ASSIGNMENT((#20866));
#20866 = SURFACE_STYLE_USAGE(.BOTH.,#20867);
#20867 = SURFACE_SIDE_STYLE('',(#20868));
#20868 = SURFACE_STYLE_FILL_AREA(#20869);
#20869 = FILL_AREA_STYLE('',(#20870));
#20870 = FILL_AREA_STYLE_COLOUR('',#19581);
#20871 = STYLED_ITEM('color',(#20872),#8767);
#20872 = PRESENTATION_STYLE_ASSIGNMENT((#20873));
#20873 = SURFACE_STYLE_USAGE(.BOTH.,#20874);
#20874 = SURFACE_SIDE_STYLE('',(#20875));
#20875 = SURFACE_STYLE_FILL_AREA(#20876);
#20876 = FILL_AREA_STYLE('',(#20877));
#20877 = FILL_AREA_STYLE_COLOUR('',#19581);
#20878 = STYLED_ITEM('color',(#20879),#8791);
#20879 = PRESENTATION_STYLE_ASSIGNMENT((#20880));
#20880 = SURFACE_STYLE_USAGE(.BOTH.,#20881);
#20881 = SURFACE_SIDE_STYLE('',(#20882));
#20882 = SURFACE_STYLE_FILL_AREA(#20883);
#20883 = FILL_AREA_STYLE('',(#20884));
#20884 = FILL_AREA_STYLE_COLOUR('',#19581);
#20885 = STYLED_ITEM('color',(#20886),#8815);
#20886 = PRESENTATION_STYLE_ASSIGNMENT((#20887));
#20887 = SURFACE_STYLE_USAGE(.BOTH.,#20888);
#20888 = SURFACE_SIDE_STYLE('',(#20889));
#20889 = SURFACE_STYLE_FILL_AREA(#20890);
#20890 = FILL_AREA_STYLE('',(#20891));
#20891 = FILL_AREA_STYLE_COLOUR('',#19581);
#20892 = STYLED_ITEM('color',(#20893),#8832);
#20893 = PRESENTATION_STYLE_ASSIGNMENT((#20894));
#20894 = SURFACE_STYLE_USAGE(.BOTH.,#20895);
#20895 = SURFACE_SIDE_STYLE('',(#20896));
#20896 = SURFACE_STYLE_FILL_AREA(#20897);
#20897 = FILL_AREA_STYLE('',(#20898));
#20898 = FILL_AREA_STYLE_COLOUR('',#19581);
#20899 = STYLED_ITEM('color',(#20900),#8863);
#20900 = PRESENTATION_STYLE_ASSIGNMENT((#20901));
#20901 = SURFACE_STYLE_USAGE(.BOTH.,#20902);
#20902 = SURFACE_SIDE_STYLE('',(#20903));
#20903 = SURFACE_STYLE_FILL_AREA(#20904);
#20904 = FILL_AREA_STYLE('',(#20905));
#20905 = FILL_AREA_STYLE_COLOUR('',#19581);
#20906 = STYLED_ITEM('color',(#20907),#8887);
#20907 = PRESENTATION_STYLE_ASSIGNMENT((#20908));
#20908 = SURFACE_STYLE_USAGE(.BOTH.,#20909);
#20909 = SURFACE_SIDE_STYLE('',(#20910));
#20910 = SURFACE_STYLE_FILL_AREA(#20911);
#20911 = FILL_AREA_STYLE('',(#20912));
#20912 = FILL_AREA_STYLE_COLOUR('',#19581);
#20913 = STYLED_ITEM('color',(#20914),#8911);
#20914 = PRESENTATION_STYLE_ASSIGNMENT((#20915));
#20915 = SURFACE_STYLE_USAGE(.BOTH.,#20916);
#20916 = SURFACE_SIDE_STYLE('',(#20917));
#20917 = SURFACE_STYLE_FILL_AREA(#20918);
#20918 = FILL_AREA_STYLE('',(#20919));
#20919 = FILL_AREA_STYLE_COLOUR('',#19581);
#20920 = STYLED_ITEM('color',(#20921),#8928);
#20921 = PRESENTATION_STYLE_ASSIGNMENT((#20922));
#20922 = SURFACE_STYLE_USAGE(.BOTH.,#20923);
#20923 = SURFACE_SIDE_STYLE('',(#20924));
#20924 = SURFACE_STYLE_FILL_AREA(#20925);
#20925 = FILL_AREA_STYLE('',(#20926));
#20926 = FILL_AREA_STYLE_COLOUR('',#19581);
#20927 = STYLED_ITEM('color',(#20928),#8940);
#20928 = PRESENTATION_STYLE_ASSIGNMENT((#20929));
#20929 = SURFACE_STYLE_USAGE(.BOTH.,#20930);
#20930 = SURFACE_SIDE_STYLE('',(#20931));
#20931 = SURFACE_STYLE_FILL_AREA(#20932);
#20932 = FILL_AREA_STYLE('',(#20933));
#20933 = FILL_AREA_STYLE_COLOUR('',#19581);
#20934 = STYLED_ITEM('color',(#20935),#8952);
#20935 = PRESENTATION_STYLE_ASSIGNMENT((#20936));
#20936 = SURFACE_STYLE_USAGE(.BOTH.,#20937);
#20937 = SURFACE_SIDE_STYLE('',(#20938));
#20938 = SURFACE_STYLE_FILL_AREA(#20939);
#20939 = FILL_AREA_STYLE('',(#20940));
#20940 = FILL_AREA_STYLE_COLOUR('',#19581);
#20941 = STYLED_ITEM('color',(#20942),#8964);
#20942 = PRESENTATION_STYLE_ASSIGNMENT((#20943));
#20943 = SURFACE_STYLE_USAGE(.BOTH.,#20944);
#20944 = SURFACE_SIDE_STYLE('',(#20945));
#20945 = SURFACE_STYLE_FILL_AREA(#20946);
#20946 = FILL_AREA_STYLE('',(#20947));
#20947 = FILL_AREA_STYLE_COLOUR('',#19581);
ENDSEC;
END-ISO-10303-21;
