ISO-10303-21;
HEADER;
FILE_DESCRIPTION(('KiCad electronic assembly'),'2;1');
FILE_NAME('.Brakeman-3.0B.041c6fe2.part.step','2026-08-02T15:12:38',(
    'Pcbnew'),('Kicad'),'Open CASCADE STEP processor 7.9',
  'KiCad to STEP converter','Unknown');
FILE_SCHEMA(('AUTOMOTIVE_DESIGN { 1 0 10303 214 1 1 1 1 }'));
ENDSEC;
DATA;
#1 = APPLICATION_PROTOCOL_DEFINITION('international standard',
  'automotive_design',2000,#2);
#2 = APPLICATION_CONTEXT(
  'core data for automotive mechanical design processes');
#3 = SHAPE_DEFINITION_REPRESENTATION(#4,#10);
#4 = PRODUCT_DEFINITION_SHAPE('','',#5);
#5 = PRODUCT_DEFINITION('design','',#6,#9);
#6 = PRODUCT_DEFINITION_FORMATION('','',#7);
#7 = PRODUCT('.Brakeman-3.0B.041c6fe2.part 1',
  '.Brakeman-3.0B.041c6fe2.part 1','',(#8));
#8 = PRODUCT_CONTEXT('',#2,'mechanical');
#9 = PRODUCT_DEFINITION_CONTEXT('part definition',#2,'design');
#10 = SHAPE_REPRESENTATION('',(#11,#15,#19,#23,#27),#31);
#11 = AXIS2_PLACEMENT_3D('',#12,#13,#14);
#12 = CARTESIAN_POINT('',(0.,0.,0.));
#13 = DIRECTION('',(0.,0.,1.));
#14 = DIRECTION('',(1.,0.,-0.));
#15 = AXIS2_PLACEMENT_3D('',#16,#17,#18);
#16 = CARTESIAN_POINT('',(147.955,-94.615,1.595));
#17 = DIRECTION('',(0.,0.,1.));
#18 = DIRECTION('',(-1.,1.224646799147E-16,0.));
#19 = AXIS2_PLACEMENT_3D('',#20,#21,#22);
#20 = CARTESIAN_POINT('',(155.067,-91.44,1.595));
#21 = DIRECTION('',(0.,-0.,1.));
#22 = DIRECTION('',(1.110223024625E-16,1.,0.));
#23 = AXIS2_PLACEMENT_3D('',#24,#25,#26);
#24 = CARTESIAN_POINT('',(142.367,-97.79,1.595));
#25 = DIRECTION('',(-0.,0.,1.));
#26 = DIRECTION('',(1.110223024625E-16,-1.,0.));
#27 = AXIS2_PLACEMENT_3D('',#28,#29,#30);
#28 = CARTESIAN_POINT('',(0.,0.,0.));
#29 = DIRECTION('',(0.,0.,1.));
#30 = DIRECTION('',(1.,0.,-0.));
#31 = ( GEOMETRIC_REPRESENTATION_CONTEXT(3) 
GLOBAL_UNCERTAINTY_ASSIGNED_CONTEXT((#35)) GLOBAL_UNIT_ASSIGNED_CONTEXT(
(#32,#33,#34)) REPRESENTATION_CONTEXT('Context #1',
  '3D Context with UNIT and UNCERTAINTY') );
#32 = ( LENGTH_UNIT() NAMED_UNIT(*) SI_UNIT(.MILLI.,.METRE.) );
#33 = ( NAMED_UNIT(*) PLANE_ANGLE_UNIT() SI_UNIT($,.RADIAN.) );
#34 = ( NAMED_UNIT(*) SI_UNIT($,.STERADIAN.) SOLID_ANGLE_UNIT() );
#35 = UNCERTAINTY_MEASURE_WITH_UNIT(LENGTH_MEASURE(1.E-07),#32,
  'distance_accuracy_value','confusion accuracy');
#36 = PRODUCT_RELATED_PRODUCT_CATEGORY('part',$,(#7));
#37 = SHAPE_DEFINITION_REPRESENTATION(#38,#44);
#38 = PRODUCT_DEFINITION_SHAPE('','',#39);
#39 = PRODUCT_DEFINITION('design','',#40,#43);
#40 = PRODUCT_DEFINITION_FORMATION('','',#41);
#41 = PRODUCT('R_0603_1608Metric','R_0603_1608Metric','',(#42));
#42 = PRODUCT_CONTEXT('',#2,'mechanical');
#43 = PRODUCT_DEFINITION_CONTEXT('part definition',#2,'design');
#44 = ADVANCED_BREP_SHAPE_REPRESENTATION('',(#11,#45),#835);
#45 = MANIFOLD_SOLID_BREP('',#46);
#46 = CLOSED_SHELL('',(#47,#87,#170,#195,#220,#287,#304,#321,#370,#387,
    #404,#453,#470,#539,#570,#594,#663,#687,#704,#721,#738,#755,#772,
    #789,#806,#823));
#47 = ADVANCED_FACE('',(#48),#82,.F.);
#48 = FACE_BOUND('',#49,.F.);
#49 = EDGE_LOOP('',(#50,#60,#68,#76));
#50 = ORIENTED_EDGE('',*,*,#51,.F.);
#51 = EDGE_CURVE('',#52,#54,#56,.T.);
#52 = VERTEX_POINT('',#53);
#53 = CARTESIAN_POINT('',(-0.8,-0.4,4.5E-02));
#54 = VERTEX_POINT('',#55);
#55 = CARTESIAN_POINT('',(-0.8,-0.4,0.405));
#56 = LINE('',#57,#58);
#57 = CARTESIAN_POINT('',(-0.8,-0.4,0.));
#58 = VECTOR('',#59,1.);
#59 = DIRECTION('',(0.,0.,1.));
#60 = ORIENTED_EDGE('',*,*,#61,.T.);
#61 = EDGE_CURVE('',#52,#62,#64,.T.);
#62 = VERTEX_POINT('',#63);
#63 = CARTESIAN_POINT('',(-0.8,0.4,4.5E-02));
#64 = LINE('',#65,#66);
#65 = CARTESIAN_POINT('',(-0.8,-0.4,4.5E-02));
#66 = VECTOR('',#67,1.);
#67 = DIRECTION('',(0.,1.,0.));
#68 = ORIENTED_EDGE('',*,*,#69,.T.);
#69 = EDGE_CURVE('',#62,#70,#72,.T.);
#70 = VERTEX_POINT('',#71);
#71 = CARTESIAN_POINT('',(-0.8,0.4,0.405));
#72 = LINE('',#73,#74);
#73 = CARTESIAN_POINT('',(-0.8,0.4,0.));
#74 = VECTOR('',#75,1.);
#75 = DIRECTION('',(0.,0.,1.));
#76 = ORIENTED_EDGE('',*,*,#77,.F.);
#77 = EDGE_CURVE('',#54,#70,#78,.T.);
#78 = LINE('',#79,#80);
#79 = CARTESIAN_POINT('',(-0.8,-0.4,0.405));
#80 = VECTOR('',#81,1.);
#81 = DIRECTION('',(0.,1.,0.));
#82 = PLANE('',#83);
#83 = AXIS2_PLACEMENT_3D('',#84,#85,#86);
#84 = CARTESIAN_POINT('',(-0.8,-0.4,0.));
#85 = DIRECTION('',(1.,0.,0.));
#86 = DIRECTION('',(0.,0.,1.));
#87 = ADVANCED_FACE('',(#88),#165,.F.);
#88 = FACE_BOUND('',#89,.F.);
#89 = EDGE_LOOP('',(#90,#100,#107,#108,#117,#125,#134,#142,#150,#158));
#90 = ORIENTED_EDGE('',*,*,#91,.F.);
#91 = EDGE_CURVE('',#92,#94,#96,.T.);
#92 = VERTEX_POINT('',#93);
#93 = CARTESIAN_POINT('',(-0.755,-0.4,-2.775557561563E-17));
#94 = VERTEX_POINT('',#95);
#95 = CARTESIAN_POINT('',(-0.545,-0.4,-2.775557561563E-17));
#96 = LINE('',#97,#98);
#97 = CARTESIAN_POINT('',(-0.8,-0.4,0.));
#98 = VECTOR('',#99,1.);
#99 = DIRECTION('',(1.,0.,0.));
#100 = ORIENTED_EDGE('',*,*,#101,.F.);
#101 = EDGE_CURVE('',#52,#92,#102,.T.);
#102 = CIRCLE('',#103,4.5E-02);
#103 = AXIS2_PLACEMENT_3D('',#104,#105,#106);
#104 = CARTESIAN_POINT('',(-0.755,-0.4,4.5E-02));
#105 = DIRECTION('',(0.,-1.,0.));
#106 = DIRECTION('',(0.,0.,1.));
#107 = ORIENTED_EDGE('',*,*,#51,.T.);
#108 = ORIENTED_EDGE('',*,*,#109,.T.);
#109 = EDGE_CURVE('',#54,#110,#112,.T.);
#110 = VERTEX_POINT('',#111);
#111 = CARTESIAN_POINT('',(-0.755,-0.4,0.45));
#112 = CIRCLE('',#113,4.5E-02);
#113 = AXIS2_PLACEMENT_3D('',#114,#115,#116);
#114 = CARTESIAN_POINT('',(-0.755,-0.4,0.405));
#115 = DIRECTION('',(0.,1.,0.));
#116 = DIRECTION('',(0.,-0.,1.));
#117 = ORIENTED_EDGE('',*,*,#118,.T.);
#118 = EDGE_CURVE('',#110,#119,#121,.T.);
#119 = VERTEX_POINT('',#120);
#120 = CARTESIAN_POINT('',(-0.545,-0.4,0.45));
#121 = LINE('',#122,#123);
#122 = CARTESIAN_POINT('',(-0.8,-0.4,0.45));
#123 = VECTOR('',#124,1.);
#124 = DIRECTION('',(1.,0.,0.));
#125 = ORIENTED_EDGE('',*,*,#126,.F.);
#126 = EDGE_CURVE('',#127,#119,#129,.T.);
#127 = VERTEX_POINT('',#128);
#128 = CARTESIAN_POINT('',(-0.5,-0.4,0.405));
#129 = CIRCLE('',#130,4.5E-02);
#130 = AXIS2_PLACEMENT_3D('',#131,#132,#133);
#131 = CARTESIAN_POINT('',(-0.545,-0.4,0.405));
#132 = DIRECTION('',(0.,-1.,0.));
#133 = DIRECTION('',(0.,0.,1.));
#134 = ORIENTED_EDGE('',*,*,#135,.F.);
#135 = EDGE_CURVE('',#136,#127,#138,.T.);
#136 = VERTEX_POINT('',#137);
#137 = CARTESIAN_POINT('',(-0.755,-0.4,0.405));
#138 = LINE('',#139,#140);
#139 = CARTESIAN_POINT('',(-0.755,-0.4,0.405));
#140 = VECTOR('',#141,1.);
#141 = DIRECTION('',(1.,0.,0.));
#142 = ORIENTED_EDGE('',*,*,#143,.F.);
#143 = EDGE_CURVE('',#144,#136,#146,.T.);
#144 = VERTEX_POINT('',#145);
#145 = CARTESIAN_POINT('',(-0.755,-0.4,4.5E-02));
#146 = LINE('',#147,#148);
#147 = CARTESIAN_POINT('',(-0.755,-0.4,4.5E-02));
#148 = VECTOR('',#149,1.);
#149 = DIRECTION('',(0.,0.,1.));
#150 = ORIENTED_EDGE('',*,*,#151,.T.);
#151 = EDGE_CURVE('',#144,#152,#154,.T.);
#152 = VERTEX_POINT('',#153);
#153 = CARTESIAN_POINT('',(-0.5,-0.4,4.5E-02));
#154 = LINE('',#155,#156);
#155 = CARTESIAN_POINT('',(-0.755,-0.4,4.5E-02));
#156 = VECTOR('',#157,1.);
#157 = DIRECTION('',(1.,0.,0.));
#158 = ORIENTED_EDGE('',*,*,#159,.T.);
#159 = EDGE_CURVE('',#152,#94,#160,.T.);
#160 = CIRCLE('',#161,4.5E-02);
#161 = AXIS2_PLACEMENT_3D('',#162,#163,#164);
#162 = CARTESIAN_POINT('',(-0.545,-0.4,4.5E-02));
#163 = DIRECTION('',(0.,1.,0.));
#164 = DIRECTION('',(0.,-0.,1.));
#165 = PLANE('',#166);
#166 = AXIS2_PLACEMENT_3D('',#167,#168,#169);
#167 = CARTESIAN_POINT('',(-0.8,-0.4,0.));
#168 = DIRECTION('',(0.,1.,0.));
#169 = DIRECTION('',(0.,-0.,1.));
#170 = ADVANCED_FACE('',(#171),#190,.T.);
#171 = FACE_BOUND('',#172,.T.);
#172 = EDGE_LOOP('',(#173,#174,#183,#189));
#173 = ORIENTED_EDGE('',*,*,#61,.T.);
#174 = ORIENTED_EDGE('',*,*,#175,.T.);
#175 = EDGE_CURVE('',#62,#176,#178,.T.);
#176 = VERTEX_POINT('',#177);
#177 = CARTESIAN_POINT('',(-0.755,0.4,-2.775557561563E-17));
#178 = CIRCLE('',#179,4.5E-02);
#179 = AXIS2_PLACEMENT_3D('',#180,#181,#182);
#180 = CARTESIAN_POINT('',(-0.755,0.4,4.5E-02));
#181 = DIRECTION('',(0.,-1.,0.));
#182 = DIRECTION('',(0.,0.,1.));
#183 = ORIENTED_EDGE('',*,*,#184,.F.);
#184 = EDGE_CURVE('',#92,#176,#185,.T.);
#185 = LINE('',#186,#187);
#186 = CARTESIAN_POINT('',(-0.755,-0.4,-2.775557561563E-17));
#187 = VECTOR('',#188,1.);
#188 = DIRECTION('',(0.,1.,0.));
#189 = ORIENTED_EDGE('',*,*,#101,.F.);
#190 = CYLINDRICAL_SURFACE('',#191,4.5E-02);
#191 = AXIS2_PLACEMENT_3D('',#192,#193,#194);
#192 = CARTESIAN_POINT('',(-0.755,-0.4,4.5E-02));
#193 = DIRECTION('',(0.,1.,0.));
#194 = DIRECTION('',(-1.,0.,0.));
#195 = ADVANCED_FACE('',(#196),#215,.T.);
#196 = FACE_BOUND('',#197,.T.);
#197 = EDGE_LOOP('',(#198,#199,#207,#214));
#198 = ORIENTED_EDGE('',*,*,#109,.T.);
#199 = ORIENTED_EDGE('',*,*,#200,.T.);
#200 = EDGE_CURVE('',#110,#201,#203,.T.);
#201 = VERTEX_POINT('',#202);
#202 = CARTESIAN_POINT('',(-0.755,0.4,0.45));
#203 = LINE('',#204,#205);
#204 = CARTESIAN_POINT('',(-0.755,-0.4,0.45));
#205 = VECTOR('',#206,1.);
#206 = DIRECTION('',(0.,1.,0.));
#207 = ORIENTED_EDGE('',*,*,#208,.F.);
#208 = EDGE_CURVE('',#70,#201,#209,.T.);
#209 = CIRCLE('',#210,4.5E-02);
#210 = AXIS2_PLACEMENT_3D('',#211,#212,#213);
#211 = CARTESIAN_POINT('',(-0.755,0.4,0.405));
#212 = DIRECTION('',(0.,1.,0.));
#213 = DIRECTION('',(0.,-0.,1.));
#214 = ORIENTED_EDGE('',*,*,#77,.F.);
#215 = CYLINDRICAL_SURFACE('',#216,4.5E-02);
#216 = AXIS2_PLACEMENT_3D('',#217,#218,#219);
#217 = CARTESIAN_POINT('',(-0.755,-0.4,0.405));
#218 = DIRECTION('',(0.,1.,0.));
#219 = DIRECTION('',(-1.,0.,0.));
#220 = ADVANCED_FACE('',(#221),#282,.T.);
#221 = FACE_BOUND('',#222,.T.);
#222 = EDGE_LOOP('',(#223,#231,#232,#233,#234,#242,#251,#259,#267,#275)
  );
#223 = ORIENTED_EDGE('',*,*,#224,.F.);
#224 = EDGE_CURVE('',#176,#225,#227,.T.);
#225 = VERTEX_POINT('',#226);
#226 = CARTESIAN_POINT('',(-0.545,0.4,-2.775557561563E-17));
#227 = LINE('',#228,#229);
#228 = CARTESIAN_POINT('',(-0.8,0.4,0.));
#229 = VECTOR('',#230,1.);
#230 = DIRECTION('',(1.,0.,0.));
#231 = ORIENTED_EDGE('',*,*,#175,.F.);
#232 = ORIENTED_EDGE('',*,*,#69,.T.);
#233 = ORIENTED_EDGE('',*,*,#208,.T.);
#234 = ORIENTED_EDGE('',*,*,#235,.T.);
#235 = EDGE_CURVE('',#201,#236,#238,.T.);
#236 = VERTEX_POINT('',#237);
#237 = CARTESIAN_POINT('',(-0.545,0.4,0.45));
#238 = LINE('',#239,#240);
#239 = CARTESIAN_POINT('',(-0.8,0.4,0.45));
#240 = VECTOR('',#241,1.);
#241 = DIRECTION('',(1.,0.,0.));
#242 = ORIENTED_EDGE('',*,*,#243,.F.);
#243 = EDGE_CURVE('',#244,#236,#246,.T.);
#244 = VERTEX_POINT('',#245);
#245 = CARTESIAN_POINT('',(-0.5,0.4,0.405));
#246 = CIRCLE('',#247,4.5E-02);
#247 = AXIS2_PLACEMENT_3D('',#248,#249,#250);
#248 = CARTESIAN_POINT('',(-0.545,0.4,0.405));
#249 = DIRECTION('',(0.,-1.,0.));
#250 = DIRECTION('',(0.,0.,1.));
#251 = ORIENTED_EDGE('',*,*,#252,.F.);
#252 = EDGE_CURVE('',#253,#244,#255,.T.);
#253 = VERTEX_POINT('',#254);
#254 = CARTESIAN_POINT('',(-0.755,0.4,0.405));
#255 = LINE('',#256,#257);
#256 = CARTESIAN_POINT('',(-0.755,0.4,0.405));
#257 = VECTOR('',#258,1.);
#258 = DIRECTION('',(1.,0.,0.));
#259 = ORIENTED_EDGE('',*,*,#260,.F.);
#260 = EDGE_CURVE('',#261,#253,#263,.T.);
#261 = VERTEX_POINT('',#262);
#262 = CARTESIAN_POINT('',(-0.755,0.4,4.5E-02));
#263 = LINE('',#264,#265);
#264 = CARTESIAN_POINT('',(-0.755,0.4,4.5E-02));
#265 = VECTOR('',#266,1.);
#266 = DIRECTION('',(0.,0.,1.));
#267 = ORIENTED_EDGE('',*,*,#268,.T.);
#268 = EDGE_CURVE('',#261,#269,#271,.T.);
#269 = VERTEX_POINT('',#270);
#270 = CARTESIAN_POINT('',(-0.5,0.4,4.5E-02));
#271 = LINE('',#272,#273);
#272 = CARTESIAN_POINT('',(-0.755,0.4,4.5E-02));
#273 = VECTOR('',#274,1.);
#274 = DIRECTION('',(1.,0.,0.));
#275 = ORIENTED_EDGE('',*,*,#276,.T.);
#276 = EDGE_CURVE('',#269,#225,#277,.T.);
#277 = CIRCLE('',#278,4.5E-02);
#278 = AXIS2_PLACEMENT_3D('',#279,#280,#281);
#279 = CARTESIAN_POINT('',(-0.545,0.4,4.5E-02));
#280 = DIRECTION('',(0.,1.,0.));
#281 = DIRECTION('',(0.,-0.,1.));
#282 = PLANE('',#283);
#283 = AXIS2_PLACEMENT_3D('',#284,#285,#286);
#284 = CARTESIAN_POINT('',(-0.8,0.4,0.));
#285 = DIRECTION('',(0.,1.,0.));
#286 = DIRECTION('',(0.,-0.,1.));
#287 = ADVANCED_FACE('',(#288),#299,.F.);
#288 = FACE_BOUND('',#289,.F.);
#289 = EDGE_LOOP('',(#290,#291,#292,#293));
#290 = ORIENTED_EDGE('',*,*,#224,.F.);
#291 = ORIENTED_EDGE('',*,*,#184,.F.);
#292 = ORIENTED_EDGE('',*,*,#91,.T.);
#293 = ORIENTED_EDGE('',*,*,#294,.T.);
#294 = EDGE_CURVE('',#94,#225,#295,.T.);
#295 = LINE('',#296,#297);
#296 = CARTESIAN_POINT('',(-0.545,-0.4,-2.775557561563E-17));
#297 = VECTOR('',#298,1.);
#298 = DIRECTION('',(0.,1.,0.));
#299 = PLANE('',#300);
#300 = AXIS2_PLACEMENT_3D('',#301,#302,#303);
#301 = CARTESIAN_POINT('',(-0.8,-0.4,0.));
#302 = DIRECTION('',(0.,0.,1.));
#303 = DIRECTION('',(1.,0.,-0.));
#304 = ADVANCED_FACE('',(#305),#316,.T.);
#305 = FACE_BOUND('',#306,.T.);
#306 = EDGE_LOOP('',(#307,#308,#309,#310));
#307 = ORIENTED_EDGE('',*,*,#159,.T.);
#308 = ORIENTED_EDGE('',*,*,#294,.T.);
#309 = ORIENTED_EDGE('',*,*,#276,.F.);
#310 = ORIENTED_EDGE('',*,*,#311,.F.);
#311 = EDGE_CURVE('',#152,#269,#312,.T.);
#312 = LINE('',#313,#314);
#313 = CARTESIAN_POINT('',(-0.5,-0.4,4.5E-02));
#314 = VECTOR('',#315,1.);
#315 = DIRECTION('',(0.,1.,0.));
#316 = CYLINDRICAL_SURFACE('',#317,4.5E-02);
#317 = AXIS2_PLACEMENT_3D('',#318,#319,#320);
#318 = CARTESIAN_POINT('',(-0.545,-0.4,4.5E-02));
#319 = DIRECTION('',(0.,1.,0.));
#320 = DIRECTION('',(1.,0.,0.));
#321 = ADVANCED_FACE('',(#322),#365,.F.);
#322 = FACE_BOUND('',#323,.F.);
#323 = EDGE_LOOP('',(#324,#325,#326,#327,#335,#343,#351,#359));
#324 = ORIENTED_EDGE('',*,*,#151,.F.);
#325 = ORIENTED_EDGE('',*,*,#143,.T.);
#326 = ORIENTED_EDGE('',*,*,#135,.T.);
#327 = ORIENTED_EDGE('',*,*,#328,.T.);
#328 = EDGE_CURVE('',#127,#329,#331,.T.);
#329 = VERTEX_POINT('',#330);
#330 = CARTESIAN_POINT('',(0.5,-0.4,0.405));
#331 = LINE('',#332,#333);
#332 = CARTESIAN_POINT('',(-0.5,-0.4,0.405));
#333 = VECTOR('',#334,1.);
#334 = DIRECTION('',(1.,0.,0.));
#335 = ORIENTED_EDGE('',*,*,#336,.T.);
#336 = EDGE_CURVE('',#329,#337,#339,.T.);
#337 = VERTEX_POINT('',#338);
#338 = CARTESIAN_POINT('',(0.755,-0.4,0.405));
#339 = LINE('',#340,#341);
#340 = CARTESIAN_POINT('',(-0.755,-0.4,0.405));
#341 = VECTOR('',#342,1.);
#342 = DIRECTION('',(1.,0.,0.));
#343 = ORIENTED_EDGE('',*,*,#344,.F.);
#344 = EDGE_CURVE('',#345,#337,#347,.T.);
#345 = VERTEX_POINT('',#346);
#346 = CARTESIAN_POINT('',(0.755,-0.4,4.5E-02));
#347 = LINE('',#348,#349);
#348 = CARTESIAN_POINT('',(0.755,-0.4,4.5E-02));
#349 = VECTOR('',#350,1.);
#350 = DIRECTION('',(0.,0.,1.));
#351 = ORIENTED_EDGE('',*,*,#352,.F.);
#352 = EDGE_CURVE('',#353,#345,#355,.T.);
#353 = VERTEX_POINT('',#354);
#354 = CARTESIAN_POINT('',(0.5,-0.4,4.5E-02));
#355 = LINE('',#356,#357);
#356 = CARTESIAN_POINT('',(-0.755,-0.4,4.5E-02));
#357 = VECTOR('',#358,1.);
#358 = DIRECTION('',(1.,0.,0.));
#359 = ORIENTED_EDGE('',*,*,#360,.F.);
#360 = EDGE_CURVE('',#152,#353,#361,.T.);
#361 = LINE('',#362,#363);
#362 = CARTESIAN_POINT('',(-0.755,-0.4,4.5E-02));
#363 = VECTOR('',#364,1.);
#364 = DIRECTION('',(1.,0.,0.));
#365 = PLANE('',#366);
#366 = AXIS2_PLACEMENT_3D('',#367,#368,#369);
#367 = CARTESIAN_POINT('',(-0.755,-0.4,4.5E-02));
#368 = DIRECTION('',(0.,1.,0.));
#369 = DIRECTION('',(0.,-0.,1.));
#370 = ADVANCED_FACE('',(#371),#382,.T.);
#371 = FACE_BOUND('',#372,.T.);
#372 = EDGE_LOOP('',(#373,#374,#375,#376));
#373 = ORIENTED_EDGE('',*,*,#235,.F.);
#374 = ORIENTED_EDGE('',*,*,#200,.F.);
#375 = ORIENTED_EDGE('',*,*,#118,.T.);
#376 = ORIENTED_EDGE('',*,*,#377,.T.);
#377 = EDGE_CURVE('',#119,#236,#378,.T.);
#378 = LINE('',#379,#380);
#379 = CARTESIAN_POINT('',(-0.545,-0.4,0.45));
#380 = VECTOR('',#381,1.);
#381 = DIRECTION('',(0.,1.,0.));
#382 = PLANE('',#383);
#383 = AXIS2_PLACEMENT_3D('',#384,#385,#386);
#384 = CARTESIAN_POINT('',(-0.8,-0.4,0.45));
#385 = DIRECTION('',(0.,0.,1.));
#386 = DIRECTION('',(1.,0.,-0.));
#387 = ADVANCED_FACE('',(#388),#399,.T.);
#388 = FACE_BOUND('',#389,.T.);
#389 = EDGE_LOOP('',(#390,#396,#397,#398));
#390 = ORIENTED_EDGE('',*,*,#391,.T.);
#391 = EDGE_CURVE('',#127,#244,#392,.T.);
#392 = LINE('',#393,#394);
#393 = CARTESIAN_POINT('',(-0.5,-0.4,0.405));
#394 = VECTOR('',#395,1.);
#395 = DIRECTION('',(0.,1.,0.));
#396 = ORIENTED_EDGE('',*,*,#243,.T.);
#397 = ORIENTED_EDGE('',*,*,#377,.F.);
#398 = ORIENTED_EDGE('',*,*,#126,.F.);
#399 = CYLINDRICAL_SURFACE('',#400,4.5E-02);
#400 = AXIS2_PLACEMENT_3D('',#401,#402,#403);
#401 = CARTESIAN_POINT('',(-0.545,-0.4,0.405));
#402 = DIRECTION('',(0.,1.,0.));
#403 = DIRECTION('',(1.,0.,0.));
#404 = ADVANCED_FACE('',(#405),#448,.T.);
#405 = FACE_BOUND('',#406,.T.);
#406 = EDGE_LOOP('',(#407,#408,#409,#410,#418,#426,#434,#442));
#407 = ORIENTED_EDGE('',*,*,#268,.F.);
#408 = ORIENTED_EDGE('',*,*,#260,.T.);
#409 = ORIENTED_EDGE('',*,*,#252,.T.);
#410 = ORIENTED_EDGE('',*,*,#411,.T.);
#411 = EDGE_CURVE('',#244,#412,#414,.T.);
#412 = VERTEX_POINT('',#413);
#413 = CARTESIAN_POINT('',(0.5,0.4,0.405));
#414 = LINE('',#415,#416);
#415 = CARTESIAN_POINT('',(-0.5,0.4,0.405));
#416 = VECTOR('',#417,1.);
#417 = DIRECTION('',(1.,0.,0.));
#418 = ORIENTED_EDGE('',*,*,#419,.T.);
#419 = EDGE_CURVE('',#412,#420,#422,.T.);
#420 = VERTEX_POINT('',#421);
#421 = CARTESIAN_POINT('',(0.755,0.4,0.405));
#422 = LINE('',#423,#424);
#423 = CARTESIAN_POINT('',(-0.755,0.4,0.405));
#424 = VECTOR('',#425,1.);
#425 = DIRECTION('',(1.,0.,0.));
#426 = ORIENTED_EDGE('',*,*,#427,.F.);
#427 = EDGE_CURVE('',#428,#420,#430,.T.);
#428 = VERTEX_POINT('',#429);
#429 = CARTESIAN_POINT('',(0.755,0.4,4.5E-02));
#430 = LINE('',#431,#432);
#431 = CARTESIAN_POINT('',(0.755,0.4,4.5E-02));
#432 = VECTOR('',#433,1.);
#433 = DIRECTION('',(0.,0.,1.));
#434 = ORIENTED_EDGE('',*,*,#435,.F.);
#435 = EDGE_CURVE('',#436,#428,#438,.T.);
#436 = VERTEX_POINT('',#437);
#437 = CARTESIAN_POINT('',(0.5,0.4,4.5E-02));
#438 = LINE('',#439,#440);
#439 = CARTESIAN_POINT('',(-0.755,0.4,4.5E-02));
#440 = VECTOR('',#441,1.);
#441 = DIRECTION('',(1.,0.,0.));
#442 = ORIENTED_EDGE('',*,*,#443,.F.);
#443 = EDGE_CURVE('',#269,#436,#444,.T.);
#444 = LINE('',#445,#446);
#445 = CARTESIAN_POINT('',(-0.755,0.4,4.5E-02));
#446 = VECTOR('',#447,1.);
#447 = DIRECTION('',(1.,0.,0.));
#448 = PLANE('',#449);
#449 = AXIS2_PLACEMENT_3D('',#450,#451,#452);
#450 = CARTESIAN_POINT('',(-0.755,0.4,4.5E-02));
#451 = DIRECTION('',(0.,1.,0.));
#452 = DIRECTION('',(0.,-0.,1.));
#453 = ADVANCED_FACE('',(#454),#465,.F.);
#454 = FACE_BOUND('',#455,.F.);
#455 = EDGE_LOOP('',(#456,#457,#458,#464));
#456 = ORIENTED_EDGE('',*,*,#311,.F.);
#457 = ORIENTED_EDGE('',*,*,#360,.T.);
#458 = ORIENTED_EDGE('',*,*,#459,.T.);
#459 = EDGE_CURVE('',#353,#436,#460,.T.);
#460 = LINE('',#461,#462);
#461 = CARTESIAN_POINT('',(0.5,-0.4,4.5E-02));
#462 = VECTOR('',#463,1.);
#463 = DIRECTION('',(0.,1.,0.));
#464 = ORIENTED_EDGE('',*,*,#443,.F.);
#465 = PLANE('',#466);
#466 = AXIS2_PLACEMENT_3D('',#467,#468,#469);
#467 = CARTESIAN_POINT('',(-0.755,-0.4,4.5E-02));
#468 = DIRECTION('',(0.,0.,1.));
#469 = DIRECTION('',(1.,0.,-0.));
#470 = ADVANCED_FACE('',(#471),#534,.F.);
#471 = FACE_BOUND('',#472,.F.);
#472 = EDGE_LOOP('',(#473,#483,#490,#491,#492,#493,#502,#510,#519,#527)
  );
#473 = ORIENTED_EDGE('',*,*,#474,.F.);
#474 = EDGE_CURVE('',#475,#477,#479,.T.);
#475 = VERTEX_POINT('',#476);
#476 = CARTESIAN_POINT('',(0.545,-0.4,-2.775557561563E-17));
#477 = VERTEX_POINT('',#478);
#478 = CARTESIAN_POINT('',(0.755,-0.4,-2.775557561563E-17));
#479 = LINE('',#480,#481);
#480 = CARTESIAN_POINT('',(0.5,-0.4,0.));
#481 = VECTOR('',#482,1.);
#482 = DIRECTION('',(1.,0.,0.));
#483 = ORIENTED_EDGE('',*,*,#484,.F.);
#484 = EDGE_CURVE('',#353,#475,#485,.T.);
#485 = CIRCLE('',#486,4.5E-02);
#486 = AXIS2_PLACEMENT_3D('',#487,#488,#489);
#487 = CARTESIAN_POINT('',(0.545,-0.4,4.5E-02));
#488 = DIRECTION('',(0.,-1.,0.));
#489 = DIRECTION('',(0.,0.,1.));
#490 = ORIENTED_EDGE('',*,*,#352,.T.);
#491 = ORIENTED_EDGE('',*,*,#344,.T.);
#492 = ORIENTED_EDGE('',*,*,#336,.F.);
#493 = ORIENTED_EDGE('',*,*,#494,.T.);
#494 = EDGE_CURVE('',#329,#495,#497,.T.);
#495 = VERTEX_POINT('',#496);
#496 = CARTESIAN_POINT('',(0.545,-0.4,0.45));
#497 = CIRCLE('',#498,4.5E-02);
#498 = AXIS2_PLACEMENT_3D('',#499,#500,#501);
#499 = CARTESIAN_POINT('',(0.545,-0.4,0.405));
#500 = DIRECTION('',(0.,1.,0.));
#501 = DIRECTION('',(0.,-0.,1.));
#502 = ORIENTED_EDGE('',*,*,#503,.T.);
#503 = EDGE_CURVE('',#495,#504,#506,.T.);
#504 = VERTEX_POINT('',#505);
#505 = CARTESIAN_POINT('',(0.755,-0.4,0.45));
#506 = LINE('',#507,#508);
#507 = CARTESIAN_POINT('',(0.5,-0.4,0.45));
#508 = VECTOR('',#509,1.);
#509 = DIRECTION('',(1.,0.,0.));
#510 = ORIENTED_EDGE('',*,*,#511,.F.);
#511 = EDGE_CURVE('',#512,#504,#514,.T.);
#512 = VERTEX_POINT('',#513);
#513 = CARTESIAN_POINT('',(0.8,-0.4,0.405));
#514 = CIRCLE('',#515,4.5E-02);
#515 = AXIS2_PLACEMENT_3D('',#516,#517,#518);
#516 = CARTESIAN_POINT('',(0.755,-0.4,0.405));
#517 = DIRECTION('',(0.,-1.,0.));
#518 = DIRECTION('',(0.,0.,1.));
#519 = ORIENTED_EDGE('',*,*,#520,.F.);
#520 = EDGE_CURVE('',#521,#512,#523,.T.);
#521 = VERTEX_POINT('',#522);
#522 = CARTESIAN_POINT('',(0.8,-0.4,4.5E-02));
#523 = LINE('',#524,#525);
#524 = CARTESIAN_POINT('',(0.8,-0.4,0.));
#525 = VECTOR('',#526,1.);
#526 = DIRECTION('',(0.,0.,1.));
#527 = ORIENTED_EDGE('',*,*,#528,.T.);
#528 = EDGE_CURVE('',#521,#477,#529,.T.);
#529 = CIRCLE('',#530,4.5E-02);
#530 = AXIS2_PLACEMENT_3D('',#531,#532,#533);
#531 = CARTESIAN_POINT('',(0.755,-0.4,4.5E-02));
#532 = DIRECTION('',(0.,1.,0.));
#533 = DIRECTION('',(0.,-0.,1.));
#534 = PLANE('',#535);
#535 = AXIS2_PLACEMENT_3D('',#536,#537,#538);
#536 = CARTESIAN_POINT('',(0.5,-0.4,0.));
#537 = DIRECTION('',(0.,1.,0.));
#538 = DIRECTION('',(0.,-0.,1.));
#539 = ADVANCED_FACE('',(#540),#565,.F.);
#540 = FACE_BOUND('',#541,.F.);
#541 = EDGE_LOOP('',(#542,#543,#551,#559));
#542 = ORIENTED_EDGE('',*,*,#328,.F.);
#543 = ORIENTED_EDGE('',*,*,#544,.T.);
#544 = EDGE_CURVE('',#127,#545,#547,.T.);
#545 = VERTEX_POINT('',#546);
#546 = CARTESIAN_POINT('',(-0.5,-0.4,0.45));
#547 = LINE('',#548,#549);
#548 = CARTESIAN_POINT('',(-0.5,-0.4,0.405));
#549 = VECTOR('',#550,1.);
#550 = DIRECTION('',(0.,0.,1.));
#551 = ORIENTED_EDGE('',*,*,#552,.T.);
#552 = EDGE_CURVE('',#545,#553,#555,.T.);
#553 = VERTEX_POINT('',#554);
#554 = CARTESIAN_POINT('',(0.5,-0.4,0.45));
#555 = LINE('',#556,#557);
#556 = CARTESIAN_POINT('',(-0.5,-0.4,0.45));
#557 = VECTOR('',#558,1.);
#558 = DIRECTION('',(1.,0.,0.));
#559 = ORIENTED_EDGE('',*,*,#560,.F.);
#560 = EDGE_CURVE('',#329,#553,#561,.T.);
#561 = LINE('',#562,#563);
#562 = CARTESIAN_POINT('',(0.5,-0.4,0.405));
#563 = VECTOR('',#564,1.);
#564 = DIRECTION('',(0.,0.,1.));
#565 = PLANE('',#566);
#566 = AXIS2_PLACEMENT_3D('',#567,#568,#569);
#567 = CARTESIAN_POINT('',(-0.5,-0.4,0.405));
#568 = DIRECTION('',(0.,1.,0.));
#569 = DIRECTION('',(0.,-0.,1.));
#570 = ADVANCED_FACE('',(#571),#589,.F.);
#571 = FACE_BOUND('',#572,.F.);
#572 = EDGE_LOOP('',(#573,#574,#575,#583));
#573 = ORIENTED_EDGE('',*,*,#544,.F.);
#574 = ORIENTED_EDGE('',*,*,#391,.T.);
#575 = ORIENTED_EDGE('',*,*,#576,.T.);
#576 = EDGE_CURVE('',#244,#577,#579,.T.);
#577 = VERTEX_POINT('',#578);
#578 = CARTESIAN_POINT('',(-0.5,0.4,0.45));
#579 = LINE('',#580,#581);
#580 = CARTESIAN_POINT('',(-0.5,0.4,0.405));
#581 = VECTOR('',#582,1.);
#582 = DIRECTION('',(0.,0.,1.));
#583 = ORIENTED_EDGE('',*,*,#584,.F.);
#584 = EDGE_CURVE('',#545,#577,#585,.T.);
#585 = LINE('',#586,#587);
#586 = CARTESIAN_POINT('',(-0.5,-0.4,0.45));
#587 = VECTOR('',#588,1.);
#588 = DIRECTION('',(0.,1.,0.));
#589 = PLANE('',#590);
#590 = AXIS2_PLACEMENT_3D('',#591,#592,#593);
#591 = CARTESIAN_POINT('',(-0.5,-0.4,0.405));
#592 = DIRECTION('',(1.,0.,0.));
#593 = DIRECTION('',(0.,0.,1.));
#594 = ADVANCED_FACE('',(#595),#658,.T.);
#595 = FACE_BOUND('',#596,.T.);
#596 = EDGE_LOOP('',(#597,#607,#614,#615,#616,#617,#626,#634,#643,#651)
  );
#597 = ORIENTED_EDGE('',*,*,#598,.F.);
#598 = EDGE_CURVE('',#599,#601,#603,.T.);
#599 = VERTEX_POINT('',#600);
#600 = CARTESIAN_POINT('',(0.545,0.4,-2.775557561563E-17));
#601 = VERTEX_POINT('',#602);
#602 = CARTESIAN_POINT('',(0.755,0.4,-2.775557561563E-17));
#603 = LINE('',#604,#605);
#604 = CARTESIAN_POINT('',(0.5,0.4,0.));
#605 = VECTOR('',#606,1.);
#606 = DIRECTION('',(1.,0.,0.));
#607 = ORIENTED_EDGE('',*,*,#608,.F.);
#608 = EDGE_CURVE('',#436,#599,#609,.T.);
#609 = CIRCLE('',#610,4.5E-02);
#610 = AXIS2_PLACEMENT_3D('',#611,#612,#613);
#611 = CARTESIAN_POINT('',(0.545,0.4,4.5E-02));
#612 = DIRECTION('',(0.,-1.,0.));
#613 = DIRECTION('',(0.,0.,1.));
#614 = ORIENTED_EDGE('',*,*,#435,.T.);
#615 = ORIENTED_EDGE('',*,*,#427,.T.);
#616 = ORIENTED_EDGE('',*,*,#419,.F.);
#617 = ORIENTED_EDGE('',*,*,#618,.T.);
#618 = EDGE_CURVE('',#412,#619,#621,.T.);
#619 = VERTEX_POINT('',#620);
#620 = CARTESIAN_POINT('',(0.545,0.4,0.45));
#621 = CIRCLE('',#622,4.5E-02);
#622 = AXIS2_PLACEMENT_3D('',#623,#624,#625);
#623 = CARTESIAN_POINT('',(0.545,0.4,0.405));
#624 = DIRECTION('',(0.,1.,0.));
#625 = DIRECTION('',(0.,-0.,1.));
#626 = ORIENTED_EDGE('',*,*,#627,.T.);
#627 = EDGE_CURVE('',#619,#628,#630,.T.);
#628 = VERTEX_POINT('',#629);
#629 = CARTESIAN_POINT('',(0.755,0.4,0.45));
#630 = LINE('',#631,#632);
#631 = CARTESIAN_POINT('',(0.5,0.4,0.45));
#632 = VECTOR('',#633,1.);
#633 = DIRECTION('',(1.,0.,0.));
#634 = ORIENTED_EDGE('',*,*,#635,.F.);
#635 = EDGE_CURVE('',#636,#628,#638,.T.);
#636 = VERTEX_POINT('',#637);
#637 = CARTESIAN_POINT('',(0.8,0.4,0.405));
#638 = CIRCLE('',#639,4.5E-02);
#639 = AXIS2_PLACEMENT_3D('',#640,#641,#642);
#640 = CARTESIAN_POINT('',(0.755,0.4,0.405));
#641 = DIRECTION('',(0.,-1.,0.));
#642 = DIRECTION('',(0.,0.,1.));
#643 = ORIENTED_EDGE('',*,*,#644,.F.);
#644 = EDGE_CURVE('',#645,#636,#647,.T.);
#645 = VERTEX_POINT('',#646);
#646 = CARTESIAN_POINT('',(0.8,0.4,4.5E-02));
#647 = LINE('',#648,#649);
#648 = CARTESIAN_POINT('',(0.8,0.4,0.));
#649 = VECTOR('',#650,1.);
#650 = DIRECTION('',(0.,0.,1.));
#651 = ORIENTED_EDGE('',*,*,#652,.T.);
#652 = EDGE_CURVE('',#645,#601,#653,.T.);
#653 = CIRCLE('',#654,4.5E-02);
#654 = AXIS2_PLACEMENT_3D('',#655,#656,#657);
#655 = CARTESIAN_POINT('',(0.755,0.4,4.5E-02));
#656 = DIRECTION('',(0.,1.,0.));
#657 = DIRECTION('',(0.,-0.,1.));
#658 = PLANE('',#659);
#659 = AXIS2_PLACEMENT_3D('',#660,#661,#662);
#660 = CARTESIAN_POINT('',(0.5,0.4,0.));
#661 = DIRECTION('',(0.,1.,0.));
#662 = DIRECTION('',(0.,-0.,1.));
#663 = ADVANCED_FACE('',(#664),#682,.T.);
#664 = FACE_BOUND('',#665,.T.);
#665 = EDGE_LOOP('',(#666,#667,#668,#676));
#666 = ORIENTED_EDGE('',*,*,#411,.F.);
#667 = ORIENTED_EDGE('',*,*,#576,.T.);
#668 = ORIENTED_EDGE('',*,*,#669,.T.);
#669 = EDGE_CURVE('',#577,#670,#672,.T.);
#670 = VERTEX_POINT('',#671);
#671 = CARTESIAN_POINT('',(0.5,0.4,0.45));
#672 = LINE('',#673,#674);
#673 = CARTESIAN_POINT('',(-0.5,0.4,0.45));
#674 = VECTOR('',#675,1.);
#675 = DIRECTION('',(1.,0.,0.));
#676 = ORIENTED_EDGE('',*,*,#677,.F.);
#677 = EDGE_CURVE('',#412,#670,#678,.T.);
#678 = LINE('',#679,#680);
#679 = CARTESIAN_POINT('',(0.5,0.4,0.405));
#680 = VECTOR('',#681,1.);
#681 = DIRECTION('',(0.,0.,1.));
#682 = PLANE('',#683);
#683 = AXIS2_PLACEMENT_3D('',#684,#685,#686);
#684 = CARTESIAN_POINT('',(-0.5,0.4,0.405));
#685 = DIRECTION('',(0.,1.,0.));
#686 = DIRECTION('',(0.,-0.,1.));
#687 = ADVANCED_FACE('',(#688),#699,.T.);
#688 = FACE_BOUND('',#689,.T.);
#689 = EDGE_LOOP('',(#690,#691,#692,#698));
#690 = ORIENTED_EDGE('',*,*,#459,.T.);
#691 = ORIENTED_EDGE('',*,*,#608,.T.);
#692 = ORIENTED_EDGE('',*,*,#693,.F.);
#693 = EDGE_CURVE('',#475,#599,#694,.T.);
#694 = LINE('',#695,#696);
#695 = CARTESIAN_POINT('',(0.545,-0.4,-2.775557561563E-17));
#696 = VECTOR('',#697,1.);
#697 = DIRECTION('',(0.,1.,0.));
#698 = ORIENTED_EDGE('',*,*,#484,.F.);
#699 = CYLINDRICAL_SURFACE('',#700,4.5E-02);
#700 = AXIS2_PLACEMENT_3D('',#701,#702,#703);
#701 = CARTESIAN_POINT('',(0.545,-0.4,4.5E-02));
#702 = DIRECTION('',(0.,1.,0.));
#703 = DIRECTION('',(-1.,0.,0.));
#704 = ADVANCED_FACE('',(#705),#716,.F.);
#705 = FACE_BOUND('',#706,.F.);
#706 = EDGE_LOOP('',(#707,#708,#709,#710));
#707 = ORIENTED_EDGE('',*,*,#598,.F.);
#708 = ORIENTED_EDGE('',*,*,#693,.F.);
#709 = ORIENTED_EDGE('',*,*,#474,.T.);
#710 = ORIENTED_EDGE('',*,*,#711,.T.);
#711 = EDGE_CURVE('',#477,#601,#712,.T.);
#712 = LINE('',#713,#714);
#713 = CARTESIAN_POINT('',(0.755,-0.4,-2.775557561563E-17));
#714 = VECTOR('',#715,1.);
#715 = DIRECTION('',(0.,1.,0.));
#716 = PLANE('',#717);
#717 = AXIS2_PLACEMENT_3D('',#718,#719,#720);
#718 = CARTESIAN_POINT('',(0.5,-0.4,0.));
#719 = DIRECTION('',(0.,0.,1.));
#720 = DIRECTION('',(1.,0.,-0.));
#721 = ADVANCED_FACE('',(#722),#733,.T.);
#722 = FACE_BOUND('',#723,.T.);
#723 = EDGE_LOOP('',(#724,#725,#726,#727));
#724 = ORIENTED_EDGE('',*,*,#528,.T.);
#725 = ORIENTED_EDGE('',*,*,#711,.T.);
#726 = ORIENTED_EDGE('',*,*,#652,.F.);
#727 = ORIENTED_EDGE('',*,*,#728,.F.);
#728 = EDGE_CURVE('',#521,#645,#729,.T.);
#729 = LINE('',#730,#731);
#730 = CARTESIAN_POINT('',(0.8,-0.4,4.5E-02));
#731 = VECTOR('',#732,1.);
#732 = DIRECTION('',(0.,1.,0.));
#733 = CYLINDRICAL_SURFACE('',#734,4.5E-02);
#734 = AXIS2_PLACEMENT_3D('',#735,#736,#737);
#735 = CARTESIAN_POINT('',(0.755,-0.4,4.5E-02));
#736 = DIRECTION('',(0.,1.,0.));
#737 = DIRECTION('',(1.,0.,0.));
#738 = ADVANCED_FACE('',(#739),#750,.T.);
#739 = FACE_BOUND('',#740,.T.);
#740 = EDGE_LOOP('',(#741,#742,#743,#744));
#741 = ORIENTED_EDGE('',*,*,#520,.F.);
#742 = ORIENTED_EDGE('',*,*,#728,.T.);
#743 = ORIENTED_EDGE('',*,*,#644,.T.);
#744 = ORIENTED_EDGE('',*,*,#745,.F.);
#745 = EDGE_CURVE('',#512,#636,#746,.T.);
#746 = LINE('',#747,#748);
#747 = CARTESIAN_POINT('',(0.8,-0.4,0.405));
#748 = VECTOR('',#749,1.);
#749 = DIRECTION('',(0.,1.,0.));
#750 = PLANE('',#751);
#751 = AXIS2_PLACEMENT_3D('',#752,#753,#754);
#752 = CARTESIAN_POINT('',(0.8,-0.4,0.));
#753 = DIRECTION('',(1.,0.,0.));
#754 = DIRECTION('',(0.,0.,1.));
#755 = ADVANCED_FACE('',(#756),#767,.T.);
#756 = FACE_BOUND('',#757,.T.);
#757 = EDGE_LOOP('',(#758,#759,#760,#766));
#758 = ORIENTED_EDGE('',*,*,#745,.T.);
#759 = ORIENTED_EDGE('',*,*,#635,.T.);
#760 = ORIENTED_EDGE('',*,*,#761,.F.);
#761 = EDGE_CURVE('',#504,#628,#762,.T.);
#762 = LINE('',#763,#764);
#763 = CARTESIAN_POINT('',(0.755,-0.4,0.45));
#764 = VECTOR('',#765,1.);
#765 = DIRECTION('',(0.,1.,0.));
#766 = ORIENTED_EDGE('',*,*,#511,.F.);
#767 = CYLINDRICAL_SURFACE('',#768,4.5E-02);
#768 = AXIS2_PLACEMENT_3D('',#769,#770,#771);
#769 = CARTESIAN_POINT('',(0.755,-0.4,0.405));
#770 = DIRECTION('',(0.,1.,0.));
#771 = DIRECTION('',(1.,0.,0.));
#772 = ADVANCED_FACE('',(#773),#784,.T.);
#773 = FACE_BOUND('',#774,.T.);
#774 = EDGE_LOOP('',(#775,#776,#782,#783));
#775 = ORIENTED_EDGE('',*,*,#627,.F.);
#776 = ORIENTED_EDGE('',*,*,#777,.F.);
#777 = EDGE_CURVE('',#495,#619,#778,.T.);
#778 = LINE('',#779,#780);
#779 = CARTESIAN_POINT('',(0.545,-0.4,0.45));
#780 = VECTOR('',#781,1.);
#781 = DIRECTION('',(0.,1.,0.));
#782 = ORIENTED_EDGE('',*,*,#503,.T.);
#783 = ORIENTED_EDGE('',*,*,#761,.T.);
#784 = PLANE('',#785);
#785 = AXIS2_PLACEMENT_3D('',#786,#787,#788);
#786 = CARTESIAN_POINT('',(0.5,-0.4,0.45));
#787 = DIRECTION('',(0.,0.,1.));
#788 = DIRECTION('',(1.,0.,-0.));
#789 = ADVANCED_FACE('',(#790),#801,.T.);
#790 = FACE_BOUND('',#791,.T.);
#791 = EDGE_LOOP('',(#792,#793,#794,#795));
#792 = ORIENTED_EDGE('',*,*,#494,.T.);
#793 = ORIENTED_EDGE('',*,*,#777,.T.);
#794 = ORIENTED_EDGE('',*,*,#618,.F.);
#795 = ORIENTED_EDGE('',*,*,#796,.F.);
#796 = EDGE_CURVE('',#329,#412,#797,.T.);
#797 = LINE('',#798,#799);
#798 = CARTESIAN_POINT('',(0.5,-0.4,0.405));
#799 = VECTOR('',#800,1.);
#800 = DIRECTION('',(0.,1.,0.));
#801 = CYLINDRICAL_SURFACE('',#802,4.5E-02);
#802 = AXIS2_PLACEMENT_3D('',#803,#804,#805);
#803 = CARTESIAN_POINT('',(0.545,-0.4,0.405));
#804 = DIRECTION('',(0.,1.,0.));
#805 = DIRECTION('',(-1.,0.,0.));
#806 = ADVANCED_FACE('',(#807),#818,.T.);
#807 = FACE_BOUND('',#808,.T.);
#808 = EDGE_LOOP('',(#809,#810,#811,#812));
#809 = ORIENTED_EDGE('',*,*,#560,.F.);
#810 = ORIENTED_EDGE('',*,*,#796,.T.);
#811 = ORIENTED_EDGE('',*,*,#677,.T.);
#812 = ORIENTED_EDGE('',*,*,#813,.F.);
#813 = EDGE_CURVE('',#553,#670,#814,.T.);
#814 = LINE('',#815,#816);
#815 = CARTESIAN_POINT('',(0.5,-0.4,0.45));
#816 = VECTOR('',#817,1.);
#817 = DIRECTION('',(0.,1.,0.));
#818 = PLANE('',#819);
#819 = AXIS2_PLACEMENT_3D('',#820,#821,#822);
#820 = CARTESIAN_POINT('',(0.5,-0.4,0.405));
#821 = DIRECTION('',(1.,0.,0.));
#822 = DIRECTION('',(0.,0.,1.));
#823 = ADVANCED_FACE('',(#824),#830,.T.);
#824 = FACE_BOUND('',#825,.T.);
#825 = EDGE_LOOP('',(#826,#827,#828,#829));
#826 = ORIENTED_EDGE('',*,*,#584,.F.);
#827 = ORIENTED_EDGE('',*,*,#552,.T.);
#828 = ORIENTED_EDGE('',*,*,#813,.T.);
#829 = ORIENTED_EDGE('',*,*,#669,.F.);
#830 = PLANE('',#831);
#831 = AXIS2_PLACEMENT_3D('',#832,#833,#834);
#832 = CARTESIAN_POINT('',(-0.5,-0.4,0.45));
#833 = DIRECTION('',(0.,0.,1.));
#834 = DIRECTION('',(1.,0.,-0.));
#835 = ( GEOMETRIC_REPRESENTATION_CONTEXT(3) 
GLOBAL_UNCERTAINTY_ASSIGNED_CONTEXT((#839)) GLOBAL_UNIT_ASSIGNED_CONTEXT
((#836,#837,#838)) REPRESENTATION_CONTEXT('Context #1',
  '3D Context with UNIT and UNCERTAINTY') );
#836 = ( LENGTH_UNIT() NAMED_UNIT(*) SI_UNIT(.MILLI.,.METRE.) );
#837 = ( NAMED_UNIT(*) PLANE_ANGLE_UNIT() SI_UNIT($,.RADIAN.) );
#838 = ( NAMED_UNIT(*) SI_UNIT($,.STERADIAN.) SOLID_ANGLE_UNIT() );
#839 = UNCERTAINTY_MEASURE_WITH_UNIT(LENGTH_MEASURE(1.E-07),#836,
  'distance_accuracy_value','confusion accuracy');
#840 = CONTEXT_DEPENDENT_SHAPE_REPRESENTATION(#841,#843);
#841 = ( REPRESENTATION_RELATIONSHIP('','',#44,#10) 
REPRESENTATION_RELATIONSHIP_WITH_TRANSFORMATION(#842) 
SHAPE_REPRESENTATION_RELATIONSHIP() );
#842 = ITEM_DEFINED_TRANSFORMATION('','',#11,#15);
#843 = PRODUCT_DEFINITION_SHAPE('Placement','Placement of an item',#844
  );
#844 = NEXT_ASSEMBLY_USAGE_OCCURRENCE('1','R1','',#5,#39,$);
#845 = PRODUCT_RELATED_PRODUCT_CATEGORY('part',$,(#41));
#846 = SHAPE_DEFINITION_REPRESENTATION(#847,#853);
#847 = PRODUCT_DEFINITION_SHAPE('','',#848);
#848 = PRODUCT_DEFINITION('design','',#849,#852);
#849 = PRODUCT_DEFINITION_FORMATION('','',#850);
#850 = PRODUCT('LED_0603_1608Metric','LED_0603_1608Metric','',(#851));
#851 = PRODUCT_CONTEXT('',#2,'mechanical');
#852 = PRODUCT_DEFINITION_CONTEXT('part definition',#2,'design');
#853 = ADVANCED_BREP_SHAPE_REPRESENTATION('',(#11,#854),#2377);
#854 = MANIFOLD_SOLID_BREP('',#855);
#855 = CLOSED_SHELL('',(#856,#896,#943,#1022,#1046,#1086,#1117,#1134,
    #1167,#1191,#1258,#1379,#1446,#1470,#1501,#1534,#1590,#1614,#1638,
    #1662,#1695,#1707,#1770,#1795,#1812,#1836,#1854,#1872,#1890,#1907,
    #1924,#1955,#1980,#2005,#2029,#2046,#2077,#2101,#2118,#2146,#2171,
    #2195,#2220,#2267,#2284,#2296,#2318,#2330,#2348,#2366));
#856 = ADVANCED_FACE('',(#857),#891,.F.);
#857 = FACE_BOUND('',#858,.F.);
#858 = EDGE_LOOP('',(#859,#869,#877,#885));
#859 = ORIENTED_EDGE('',*,*,#860,.T.);
#860 = EDGE_CURVE('',#861,#863,#865,.T.);
#861 = VERTEX_POINT('',#862);
#862 = CARTESIAN_POINT('',(-0.5,-0.4,0.47));
#863 = VERTEX_POINT('',#864);
#864 = CARTESIAN_POINT('',(-0.45,-0.4,1.1));
#865 = LINE('',#866,#867);
#866 = CARTESIAN_POINT('',(-0.5,-0.4,0.47));
#867 = VECTOR('',#868,1.);
#868 = DIRECTION('',(7.911630099815E-02,0.,0.996865392576));
#869 = ORIENTED_EDGE('',*,*,#870,.T.);
#870 = EDGE_CURVE('',#863,#871,#873,.T.);
#871 = VERTEX_POINT('',#872);
#872 = CARTESIAN_POINT('',(0.45,-0.4,1.1));
#873 = LINE('',#874,#875);
#874 = CARTESIAN_POINT('',(-0.45,-0.4,1.1));
#875 = VECTOR('',#876,1.);
#876 = DIRECTION('',(1.,0.,0.));
#877 = ORIENTED_EDGE('',*,*,#878,.T.);
#878 = EDGE_CURVE('',#871,#879,#881,.T.);
#879 = VERTEX_POINT('',#880);
#880 = CARTESIAN_POINT('',(0.5,-0.4,0.47));
#881 = LINE('',#882,#883);
#882 = CARTESIAN_POINT('',(0.45,-0.4,1.1));
#883 = VECTOR('',#884,1.);
#884 = DIRECTION('',(7.911630099815E-02,0.,-0.996865392576));
#885 = ORIENTED_EDGE('',*,*,#886,.T.);
#886 = EDGE_CURVE('',#879,#861,#887,.T.);
#887 = LINE('',#888,#889);
#888 = CARTESIAN_POINT('',(0.5,-0.4,0.47));
#889 = VECTOR('',#890,1.);
#890 = DIRECTION('',(-1.,0.,0.));
#891 = PLANE('',#892);
#892 = AXIS2_PLACEMENT_3D('',#893,#894,#895);
#893 = CARTESIAN_POINT('',(-8.772411109409E-18,-0.4,0.775044128294));
#894 = DIRECTION('',(0.,1.,0.));
#895 = DIRECTION('',(0.,-0.,1.));
#896 = ADVANCED_FACE('',(#897),#938,.T.);
#897 = FACE_BOUND('',#898,.T.);
#898 = EDGE_LOOP('',(#899,#909,#917,#923,#924,#932));
#899 = ORIENTED_EDGE('',*,*,#900,.T.);
#900 = EDGE_CURVE('',#901,#903,#905,.T.);
#901 = VERTEX_POINT('',#902);
#902 = CARTESIAN_POINT('',(-0.5,0.4,0.47));
#903 = VERTEX_POINT('',#904);
#904 = CARTESIAN_POINT('',(-0.5,0.3,0.47));
#905 = LINE('',#906,#907);
#906 = CARTESIAN_POINT('',(-0.5,0.4,0.47));
#907 = VECTOR('',#908,1.);
#908 = DIRECTION('',(0.,-1.,0.));
#909 = ORIENTED_EDGE('',*,*,#910,.F.);
#910 = EDGE_CURVE('',#911,#903,#913,.T.);
#911 = VERTEX_POINT('',#912);
#912 = CARTESIAN_POINT('',(-0.5,-0.3,0.47));
#913 = LINE('',#914,#915);
#914 = CARTESIAN_POINT('',(-0.5,-0.4,0.47));
#915 = VECTOR('',#916,1.);
#916 = DIRECTION('',(0.,1.,0.));
#917 = ORIENTED_EDGE('',*,*,#918,.T.);
#918 = EDGE_CURVE('',#911,#861,#919,.T.);
#919 = LINE('',#920,#921);
#920 = CARTESIAN_POINT('',(-0.5,0.4,0.47));
#921 = VECTOR('',#922,1.);
#922 = DIRECTION('',(0.,-1.,0.));
#923 = ORIENTED_EDGE('',*,*,#860,.T.);
#924 = ORIENTED_EDGE('',*,*,#925,.F.);
#925 = EDGE_CURVE('',#926,#863,#928,.T.);
#926 = VERTEX_POINT('',#927);
#927 = CARTESIAN_POINT('',(-0.45,0.4,1.1));
#928 = LINE('',#929,#930);
#929 = CARTESIAN_POINT('',(-0.45,0.4,1.1));
#930 = VECTOR('',#931,1.);
#931 = DIRECTION('',(0.,-1.,0.));
#932 = ORIENTED_EDGE('',*,*,#933,.F.);
#933 = EDGE_CURVE('',#901,#926,#934,.T.);
#934 = LINE('',#935,#936);
#935 = CARTESIAN_POINT('',(-0.5,0.4,0.47));
#936 = VECTOR('',#937,1.);
#937 = DIRECTION('',(7.911630099815E-02,0.,0.996865392576));
#938 = PLANE('',#939);
#939 = AXIS2_PLACEMENT_3D('',#940,#941,#942);
#940 = CARTESIAN_POINT('',(-0.5,0.4,0.47));
#941 = DIRECTION('',(-0.996865392576,0.,7.911630099815E-02));
#942 = DIRECTION('',(7.911630099815E-02,0.,0.996865392576));
#943 = ADVANCED_FACE('',(#944),#1017,.F.);
#944 = FACE_BOUND('',#945,.F.);
#945 = EDGE_LOOP('',(#946,#956,#964,#972,#978,#979,#987,#995,#1003,#1011
    ));
#946 = ORIENTED_EDGE('',*,*,#947,.F.);
#947 = EDGE_CURVE('',#948,#950,#952,.T.);
#948 = VERTEX_POINT('',#949);
#949 = CARTESIAN_POINT('',(-0.77,-0.4,3.E-02));
#950 = VERTEX_POINT('',#951);
#951 = CARTESIAN_POINT('',(-0.725,-0.4,3.E-02));
#952 = LINE('',#953,#954);
#953 = CARTESIAN_POINT('',(-0.77,-0.4,3.E-02));
#954 = VECTOR('',#955,1.);
#955 = DIRECTION('',(1.,0.,0.));
#956 = ORIENTED_EDGE('',*,*,#957,.T.);
#957 = EDGE_CURVE('',#948,#958,#960,.T.);
#958 = VERTEX_POINT('',#959);
#959 = CARTESIAN_POINT('',(-0.77,-0.4,0.47));
#960 = LINE('',#961,#962);
#961 = CARTESIAN_POINT('',(-0.77,-0.4,3.E-02));
#962 = VECTOR('',#963,1.);
#963 = DIRECTION('',(0.,0.,1.));
#964 = ORIENTED_EDGE('',*,*,#965,.T.);
#965 = EDGE_CURVE('',#958,#966,#968,.T.);
#966 = VERTEX_POINT('',#967);
#967 = CARTESIAN_POINT('',(-0.725,-0.4,0.47));
#968 = LINE('',#969,#970);
#969 = CARTESIAN_POINT('',(-0.77,-0.4,0.47));
#970 = VECTOR('',#971,1.);
#971 = DIRECTION('',(1.,0.,0.));
#972 = ORIENTED_EDGE('',*,*,#973,.T.);
#973 = EDGE_CURVE('',#966,#861,#974,.T.);
#974 = LINE('',#975,#976);
#975 = CARTESIAN_POINT('',(-0.77,-0.4,0.47));
#976 = VECTOR('',#977,1.);
#977 = DIRECTION('',(1.,0.,0.));
#978 = ORIENTED_EDGE('',*,*,#886,.F.);
#979 = ORIENTED_EDGE('',*,*,#980,.T.);
#980 = EDGE_CURVE('',#879,#981,#983,.T.);
#981 = VERTEX_POINT('',#982);
#982 = CARTESIAN_POINT('',(0.725,-0.4,0.47));
#983 = LINE('',#984,#985);
#984 = CARTESIAN_POINT('',(-0.77,-0.4,0.47));
#985 = VECTOR('',#986,1.);
#986 = DIRECTION('',(1.,0.,0.));
#987 = ORIENTED_EDGE('',*,*,#988,.T.);
#988 = EDGE_CURVE('',#981,#989,#991,.T.);
#989 = VERTEX_POINT('',#990);
#990 = CARTESIAN_POINT('',(0.77,-0.4,0.47));
#991 = LINE('',#992,#993);
#992 = CARTESIAN_POINT('',(-0.77,-0.4,0.47));
#993 = VECTOR('',#994,1.);
#994 = DIRECTION('',(1.,0.,0.));
#995 = ORIENTED_EDGE('',*,*,#996,.F.);
#996 = EDGE_CURVE('',#997,#989,#999,.T.);
#997 = VERTEX_POINT('',#998);
#998 = CARTESIAN_POINT('',(0.77,-0.4,3.E-02));
#999 = LINE('',#1000,#1001);
#1000 = CARTESIAN_POINT('',(0.77,-0.4,3.E-02));
#1001 = VECTOR('',#1002,1.);
#1002 = DIRECTION('',(0.,0.,1.));
#1003 = ORIENTED_EDGE('',*,*,#1004,.F.);
#1004 = EDGE_CURVE('',#1005,#997,#1007,.T.);
#1005 = VERTEX_POINT('',#1006);
#1006 = CARTESIAN_POINT('',(0.725,-0.4,3.E-02));
#1007 = LINE('',#1008,#1009);
#1008 = CARTESIAN_POINT('',(-0.77,-0.4,3.E-02));
#1009 = VECTOR('',#1010,1.);
#1010 = DIRECTION('',(1.,0.,0.));
#1011 = ORIENTED_EDGE('',*,*,#1012,.F.);
#1012 = EDGE_CURVE('',#950,#1005,#1013,.T.);
#1013 = LINE('',#1014,#1015);
#1014 = CARTESIAN_POINT('',(-0.77,-0.4,3.E-02));
#1015 = VECTOR('',#1016,1.);
#1016 = DIRECTION('',(1.,0.,0.));
#1017 = PLANE('',#1018);
#1018 = AXIS2_PLACEMENT_3D('',#1019,#1020,#1021);
#1019 = CARTESIAN_POINT('',(-0.77,-0.4,3.E-02));
#1020 = DIRECTION('',(0.,1.,0.));
#1021 = DIRECTION('',(0.,-0.,1.));
#1022 = ADVANCED_FACE('',(#1023),#1041,.T.);
#1023 = FACE_BOUND('',#1024,.T.);
#1024 = EDGE_LOOP('',(#1025,#1026,#1027,#1035));
#1025 = ORIENTED_EDGE('',*,*,#925,.T.);
#1026 = ORIENTED_EDGE('',*,*,#870,.T.);
#1027 = ORIENTED_EDGE('',*,*,#1028,.F.);
#1028 = EDGE_CURVE('',#1029,#871,#1031,.T.);
#1029 = VERTEX_POINT('',#1030);
#1030 = CARTESIAN_POINT('',(0.45,0.4,1.1));
#1031 = LINE('',#1032,#1033);
#1032 = CARTESIAN_POINT('',(0.45,0.4,1.1));
#1033 = VECTOR('',#1034,1.);
#1034 = DIRECTION('',(0.,-1.,0.));
#1035 = ORIENTED_EDGE('',*,*,#1036,.F.);
#1036 = EDGE_CURVE('',#926,#1029,#1037,.T.);
#1037 = LINE('',#1038,#1039);
#1038 = CARTESIAN_POINT('',(-0.45,0.4,1.1));
#1039 = VECTOR('',#1040,1.);
#1040 = DIRECTION('',(1.,0.,0.));
#1041 = PLANE('',#1042);
#1042 = AXIS2_PLACEMENT_3D('',#1043,#1044,#1045);
#1043 = CARTESIAN_POINT('',(-0.45,0.4,1.1));
#1044 = DIRECTION('',(0.,0.,1.));
#1045 = DIRECTION('',(1.,0.,-0.));
#1046 = ADVANCED_FACE('',(#1047),#1081,.T.);
#1047 = FACE_BOUND('',#1048,.T.);
#1048 = EDGE_LOOP('',(#1049,#1050,#1051,#1059,#1067,#1075));
#1049 = ORIENTED_EDGE('',*,*,#1028,.T.);
#1050 = ORIENTED_EDGE('',*,*,#878,.T.);
#1051 = ORIENTED_EDGE('',*,*,#1052,.F.);
#1052 = EDGE_CURVE('',#1053,#879,#1055,.T.);
#1053 = VERTEX_POINT('',#1054);
#1054 = CARTESIAN_POINT('',(0.5,-0.3,0.47));
#1055 = LINE('',#1056,#1057);
#1056 = CARTESIAN_POINT('',(0.5,0.4,0.47));
#1057 = VECTOR('',#1058,1.);
#1058 = DIRECTION('',(0.,-1.,0.));
#1059 = ORIENTED_EDGE('',*,*,#1060,.T.);
#1060 = EDGE_CURVE('',#1053,#1061,#1063,.T.);
#1061 = VERTEX_POINT('',#1062);
#1062 = CARTESIAN_POINT('',(0.5,0.3,0.47));
#1063 = LINE('',#1064,#1065);
#1064 = CARTESIAN_POINT('',(0.5,-0.4,0.47));
#1065 = VECTOR('',#1066,1.);
#1066 = DIRECTION('',(0.,1.,0.));
#1067 = ORIENTED_EDGE('',*,*,#1068,.F.);
#1068 = EDGE_CURVE('',#1069,#1061,#1071,.T.);
#1069 = VERTEX_POINT('',#1070);
#1070 = CARTESIAN_POINT('',(0.5,0.4,0.47));
#1071 = LINE('',#1072,#1073);
#1072 = CARTESIAN_POINT('',(0.5,0.4,0.47));
#1073 = VECTOR('',#1074,1.);
#1074 = DIRECTION('',(0.,-1.,0.));
#1075 = ORIENTED_EDGE('',*,*,#1076,.F.);
#1076 = EDGE_CURVE('',#1029,#1069,#1077,.T.);
#1077 = LINE('',#1078,#1079);
#1078 = CARTESIAN_POINT('',(0.45,0.4,1.1));
#1079 = VECTOR('',#1080,1.);
#1080 = DIRECTION('',(7.911630099815E-02,0.,-0.996865392576));
#1081 = PLANE('',#1082);
#1082 = AXIS2_PLACEMENT_3D('',#1083,#1084,#1085);
#1083 = CARTESIAN_POINT('',(0.45,0.4,1.1));
#1084 = DIRECTION('',(0.996865392576,0.,7.911630099815E-02));
#1085 = DIRECTION('',(7.911630099815E-02,0.,-0.996865392576));
#1086 = ADVANCED_FACE('',(#1087),#1112,.T.);
#1087 = FACE_BOUND('',#1088,.T.);
#1088 = EDGE_LOOP('',(#1089,#1097,#1105,#1111));
#1089 = ORIENTED_EDGE('',*,*,#1090,.F.);
#1090 = EDGE_CURVE('',#1091,#901,#1093,.T.);
#1091 = VERTEX_POINT('',#1092);
#1092 = CARTESIAN_POINT('',(-0.725,0.4,0.47));
#1093 = LINE('',#1094,#1095);
#1094 = CARTESIAN_POINT('',(-0.77,0.4,0.47));
#1095 = VECTOR('',#1096,1.);
#1096 = DIRECTION('',(1.,0.,0.));
#1097 = ORIENTED_EDGE('',*,*,#1098,.F.);
#1098 = EDGE_CURVE('',#1099,#1091,#1101,.T.);
#1099 = VERTEX_POINT('',#1100);
#1100 = CARTESIAN_POINT('',(-0.725,0.3,0.47));
#1101 = LINE('',#1102,#1103);
#1102 = CARTESIAN_POINT('',(-0.725,5.E-02,0.47));
#1103 = VECTOR('',#1104,1.);
#1104 = DIRECTION('',(0.,1.,0.));
#1105 = ORIENTED_EDGE('',*,*,#1106,.F.);
#1106 = EDGE_CURVE('',#903,#1099,#1107,.T.);
#1107 = LINE('',#1108,#1109);
#1108 = CARTESIAN_POINT('',(-0.7475,0.3,0.47));
#1109 = VECTOR('',#1110,1.);
#1110 = DIRECTION('',(-1.,0.,0.));
#1111 = ORIENTED_EDGE('',*,*,#900,.F.);
#1112 = PLANE('',#1113);
#1113 = AXIS2_PLACEMENT_3D('',#1114,#1115,#1116);
#1114 = CARTESIAN_POINT('',(-0.77,-0.4,0.47));
#1115 = DIRECTION('',(0.,0.,1.));
#1116 = DIRECTION('',(1.,0.,-0.));
#1117 = ADVANCED_FACE('',(#1118),#1129,.T.);
#1118 = FACE_BOUND('',#1119,.T.);
#1119 = EDGE_LOOP('',(#1120,#1121,#1122,#1123));
#1120 = ORIENTED_EDGE('',*,*,#933,.T.);
#1121 = ORIENTED_EDGE('',*,*,#1036,.T.);
#1122 = ORIENTED_EDGE('',*,*,#1076,.T.);
#1123 = ORIENTED_EDGE('',*,*,#1124,.T.);
#1124 = EDGE_CURVE('',#1069,#901,#1125,.T.);
#1125 = LINE('',#1126,#1127);
#1126 = CARTESIAN_POINT('',(0.5,0.4,0.47));
#1127 = VECTOR('',#1128,1.);
#1128 = DIRECTION('',(-1.,0.,0.));
#1129 = PLANE('',#1130);
#1130 = AXIS2_PLACEMENT_3D('',#1131,#1132,#1133);
#1131 = CARTESIAN_POINT('',(-8.772411109409E-18,0.4,0.775044128294));
#1132 = DIRECTION('',(0.,1.,0.));
#1133 = DIRECTION('',(0.,-0.,1.));
#1134 = ADVANCED_FACE('',(#1135),#1162,.T.);
#1135 = FACE_BOUND('',#1136,.T.);
#1136 = EDGE_LOOP('',(#1137,#1146,#1154,#1161));
#1137 = ORIENTED_EDGE('',*,*,#1138,.F.);
#1138 = EDGE_CURVE('',#1139,#903,#1141,.T.);
#1139 = VERTEX_POINT('',#1140);
#1140 = CARTESIAN_POINT('',(-0.53,0.3,0.5));
#1141 = CIRCLE('',#1142,3.E-02);
#1142 = AXIS2_PLACEMENT_3D('',#1143,#1144,#1145);
#1143 = CARTESIAN_POINT('',(-0.53,0.3,0.47));
#1144 = DIRECTION('',(-0.,1.,0.));
#1145 = DIRECTION('',(1.,0.,0.));
#1146 = ORIENTED_EDGE('',*,*,#1147,.F.);
#1147 = EDGE_CURVE('',#1148,#1139,#1150,.T.);
#1148 = VERTEX_POINT('',#1149);
#1149 = CARTESIAN_POINT('',(-0.53,-0.3,0.5));
#1150 = LINE('',#1151,#1152);
#1151 = CARTESIAN_POINT('',(-0.53,-0.4,0.5));
#1152 = VECTOR('',#1153,1.);
#1153 = DIRECTION('',(0.,1.,0.));
#1154 = ORIENTED_EDGE('',*,*,#1155,.T.);
#1155 = EDGE_CURVE('',#1148,#911,#1156,.T.);
#1156 = CIRCLE('',#1157,3.E-02);
#1157 = AXIS2_PLACEMENT_3D('',#1158,#1159,#1160);
#1158 = CARTESIAN_POINT('',(-0.53,-0.3,0.47));
#1159 = DIRECTION('',(-0.,1.,0.));
#1160 = DIRECTION('',(1.,0.,0.));
#1161 = ORIENTED_EDGE('',*,*,#910,.T.);
#1162 = CYLINDRICAL_SURFACE('',#1163,3.E-02);
#1163 = AXIS2_PLACEMENT_3D('',#1164,#1165,#1166);
#1164 = CARTESIAN_POINT('',(-0.53,-0.4,0.47));
#1165 = DIRECTION('',(0.,1.,0.));
#1166 = DIRECTION('',(1.,0.,0.));
#1167 = ADVANCED_FACE('',(#1168),#1186,.T.);
#1168 = FACE_BOUND('',#1169,.T.);
#1169 = EDGE_LOOP('',(#1170,#1178,#1179,#1180));
#1170 = ORIENTED_EDGE('',*,*,#1171,.F.);
#1171 = EDGE_CURVE('',#966,#1172,#1174,.T.);
#1172 = VERTEX_POINT('',#1173);
#1173 = CARTESIAN_POINT('',(-0.725,-0.3,0.47));
#1174 = LINE('',#1175,#1176);
#1175 = CARTESIAN_POINT('',(-0.725,-0.35,0.47));
#1176 = VECTOR('',#1177,1.);
#1177 = DIRECTION('',(0.,1.,0.));
#1178 = ORIENTED_EDGE('',*,*,#973,.T.);
#1179 = ORIENTED_EDGE('',*,*,#918,.F.);
#1180 = ORIENTED_EDGE('',*,*,#1181,.F.);
#1181 = EDGE_CURVE('',#1172,#911,#1182,.T.);
#1182 = LINE('',#1183,#1184);
#1183 = CARTESIAN_POINT('',(-2.25E-02,-0.3,0.47));
#1184 = VECTOR('',#1185,1.);
#1185 = DIRECTION('',(1.,0.,0.));
#1186 = PLANE('',#1187);
#1187 = AXIS2_PLACEMENT_3D('',#1188,#1189,#1190);
#1188 = CARTESIAN_POINT('',(-0.77,-0.4,0.47));
#1189 = DIRECTION('',(0.,0.,1.));
#1190 = DIRECTION('',(1.,0.,-0.));
#1191 = ADVANCED_FACE('',(#1192),#1253,.F.);
#1192 = FACE_BOUND('',#1193,.F.);
#1193 = EDGE_LOOP('',(#1194,#1204,#1213,#1221,#1230,#1238,#1244,#1245,
    #1246,#1247));
#1194 = ORIENTED_EDGE('',*,*,#1195,.F.);
#1195 = EDGE_CURVE('',#1196,#1198,#1200,.T.);
#1196 = VERTEX_POINT('',#1197);
#1197 = CARTESIAN_POINT('',(-0.77,-0.4,-3.469446951954E-18));
#1198 = VERTEX_POINT('',#1199);
#1199 = CARTESIAN_POINT('',(-0.725,-0.4,0.));
#1200 = LINE('',#1201,#1202);
#1201 = CARTESIAN_POINT('',(-0.8,-0.4,0.));
#1202 = VECTOR('',#1203,1.);
#1203 = DIRECTION('',(1.,0.,0.));
#1204 = ORIENTED_EDGE('',*,*,#1205,.F.);
#1205 = EDGE_CURVE('',#1206,#1196,#1208,.T.);
#1206 = VERTEX_POINT('',#1207);
#1207 = CARTESIAN_POINT('',(-0.8,-0.4,3.E-02));
#1208 = CIRCLE('',#1209,3.E-02);
#1209 = AXIS2_PLACEMENT_3D('',#1210,#1211,#1212);
#1210 = CARTESIAN_POINT('',(-0.77,-0.4,3.E-02));
#1211 = DIRECTION('',(0.,-1.,0.));
#1212 = DIRECTION('',(0.,0.,1.));
#1213 = ORIENTED_EDGE('',*,*,#1214,.T.);
#1214 = EDGE_CURVE('',#1206,#1215,#1217,.T.);
#1215 = VERTEX_POINT('',#1216);
#1216 = CARTESIAN_POINT('',(-0.8,-0.4,0.47));
#1217 = LINE('',#1218,#1219);
#1218 = CARTESIAN_POINT('',(-0.8,-0.4,0.));
#1219 = VECTOR('',#1220,1.);
#1220 = DIRECTION('',(0.,0.,1.));
#1221 = ORIENTED_EDGE('',*,*,#1222,.T.);
#1222 = EDGE_CURVE('',#1215,#1223,#1225,.T.);
#1223 = VERTEX_POINT('',#1224);
#1224 = CARTESIAN_POINT('',(-0.77,-0.4,0.5));
#1225 = CIRCLE('',#1226,3.E-02);
#1226 = AXIS2_PLACEMENT_3D('',#1227,#1228,#1229);
#1227 = CARTESIAN_POINT('',(-0.77,-0.4,0.47));
#1228 = DIRECTION('',(0.,1.,0.));
#1229 = DIRECTION('',(0.,-0.,1.));
#1230 = ORIENTED_EDGE('',*,*,#1231,.T.);
#1231 = EDGE_CURVE('',#1223,#1232,#1234,.T.);
#1232 = VERTEX_POINT('',#1233);
#1233 = CARTESIAN_POINT('',(-0.725,-0.4,0.5));
#1234 = LINE('',#1235,#1236);
#1235 = CARTESIAN_POINT('',(-0.8,-0.4,0.5));
#1236 = VECTOR('',#1237,1.);
#1237 = DIRECTION('',(1.,0.,0.));
#1238 = ORIENTED_EDGE('',*,*,#1239,.F.);
#1239 = EDGE_CURVE('',#966,#1232,#1240,.T.);
#1240 = LINE('',#1241,#1242);
#1241 = CARTESIAN_POINT('',(-0.725,-0.4,0.375));
#1242 = VECTOR('',#1243,1.);
#1243 = DIRECTION('',(0.,0.,1.));
#1244 = ORIENTED_EDGE('',*,*,#965,.F.);
#1245 = ORIENTED_EDGE('',*,*,#957,.F.);
#1246 = ORIENTED_EDGE('',*,*,#947,.T.);
#1247 = ORIENTED_EDGE('',*,*,#1248,.F.);
#1248 = EDGE_CURVE('',#1198,#950,#1249,.T.);
#1249 = LINE('',#1250,#1251);
#1250 = CARTESIAN_POINT('',(-0.725,-0.4,0.375));
#1251 = VECTOR('',#1252,1.);
#1252 = DIRECTION('',(0.,0.,1.));
#1253 = PLANE('',#1254);
#1254 = AXIS2_PLACEMENT_3D('',#1255,#1256,#1257);
#1255 = CARTESIAN_POINT('',(-0.8,-0.4,0.));
#1256 = DIRECTION('',(0.,1.,0.));
#1257 = DIRECTION('',(0.,-0.,1.));
#1258 = ADVANCED_FACE('',(#1259,#1348),#1374,.F.);
#1259 = FACE_BOUND('',#1260,.F.);
#1260 = EDGE_LOOP('',(#1261,#1269,#1270,#1278,#1286,#1294,#1302,#1310,
    #1318,#1326,#1334,#1342));
#1261 = ORIENTED_EDGE('',*,*,#1262,.F.);
#1262 = EDGE_CURVE('',#950,#1263,#1265,.T.);
#1263 = VERTEX_POINT('',#1264);
#1264 = CARTESIAN_POINT('',(-0.725,-0.3,3.E-02));
#1265 = LINE('',#1266,#1267);
#1266 = CARTESIAN_POINT('',(-0.725,-0.35,3.E-02));
#1267 = VECTOR('',#1268,1.);
#1268 = DIRECTION('',(0.,1.,0.));
#1269 = ORIENTED_EDGE('',*,*,#1012,.T.);
#1270 = ORIENTED_EDGE('',*,*,#1271,.F.);
#1271 = EDGE_CURVE('',#1272,#1005,#1274,.T.);
#1272 = VERTEX_POINT('',#1273);
#1273 = CARTESIAN_POINT('',(0.725,-0.3,3.E-02));
#1274 = LINE('',#1275,#1276);
#1275 = CARTESIAN_POINT('',(0.725,-0.45,3.E-02));
#1276 = VECTOR('',#1277,1.);
#1277 = DIRECTION('',(0.,-1.,0.));
#1278 = ORIENTED_EDGE('',*,*,#1279,.F.);
#1279 = EDGE_CURVE('',#1280,#1272,#1282,.T.);
#1280 = VERTEX_POINT('',#1281);
#1281 = CARTESIAN_POINT('',(0.5,-0.3,3.E-02));
#1282 = LINE('',#1283,#1284);
#1283 = CARTESIAN_POINT('',(-2.25E-02,-0.3,3.E-02));
#1284 = VECTOR('',#1285,1.);
#1285 = DIRECTION('',(1.,0.,0.));
#1286 = ORIENTED_EDGE('',*,*,#1287,.T.);
#1287 = EDGE_CURVE('',#1280,#1288,#1290,.T.);
#1288 = VERTEX_POINT('',#1289);
#1289 = CARTESIAN_POINT('',(0.5,0.3,3.E-02));
#1290 = LINE('',#1291,#1292);
#1291 = CARTESIAN_POINT('',(0.5,-0.4,3.E-02));
#1292 = VECTOR('',#1293,1.);
#1293 = DIRECTION('',(0.,1.,0.));
#1294 = ORIENTED_EDGE('',*,*,#1295,.F.);
#1295 = EDGE_CURVE('',#1296,#1288,#1298,.T.);
#1296 = VERTEX_POINT('',#1297);
#1297 = CARTESIAN_POINT('',(0.725,0.3,3.E-02));
#1298 = LINE('',#1299,#1300);
#1299 = CARTESIAN_POINT('',(-0.7475,0.3,3.E-02));
#1300 = VECTOR('',#1301,1.);
#1301 = DIRECTION('',(-1.,0.,0.));
#1302 = ORIENTED_EDGE('',*,*,#1303,.F.);
#1303 = EDGE_CURVE('',#1304,#1296,#1306,.T.);
#1304 = VERTEX_POINT('',#1305);
#1305 = CARTESIAN_POINT('',(0.725,0.4,3.E-02));
#1306 = LINE('',#1307,#1308);
#1307 = CARTESIAN_POINT('',(0.725,-5.E-02,3.E-02));
#1308 = VECTOR('',#1309,1.);
#1309 = DIRECTION('',(0.,-1.,0.));
#1310 = ORIENTED_EDGE('',*,*,#1311,.F.);
#1311 = EDGE_CURVE('',#1312,#1304,#1314,.T.);
#1312 = VERTEX_POINT('',#1313);
#1313 = CARTESIAN_POINT('',(-0.725,0.4,3.E-02));
#1314 = LINE('',#1315,#1316);
#1315 = CARTESIAN_POINT('',(-0.77,0.4,3.E-02));
#1316 = VECTOR('',#1317,1.);
#1317 = DIRECTION('',(1.,0.,0.));
#1318 = ORIENTED_EDGE('',*,*,#1319,.F.);
#1319 = EDGE_CURVE('',#1320,#1312,#1322,.T.);
#1320 = VERTEX_POINT('',#1321);
#1321 = CARTESIAN_POINT('',(-0.725,0.3,3.E-02));
#1322 = LINE('',#1323,#1324);
#1323 = CARTESIAN_POINT('',(-0.725,5.E-02,3.E-02));
#1324 = VECTOR('',#1325,1.);
#1325 = DIRECTION('',(0.,1.,0.));
#1326 = ORIENTED_EDGE('',*,*,#1327,.F.);
#1327 = EDGE_CURVE('',#1328,#1320,#1330,.T.);
#1328 = VERTEX_POINT('',#1329);
#1329 = CARTESIAN_POINT('',(-0.5,0.3,3.E-02));
#1330 = LINE('',#1331,#1332);
#1331 = CARTESIAN_POINT('',(-0.7475,0.3,3.E-02));
#1332 = VECTOR('',#1333,1.);
#1333 = DIRECTION('',(-1.,0.,0.));
#1334 = ORIENTED_EDGE('',*,*,#1335,.F.);
#1335 = EDGE_CURVE('',#1336,#1328,#1338,.T.);
#1336 = VERTEX_POINT('',#1337);
#1337 = CARTESIAN_POINT('',(-0.5,-0.3,3.E-02));
#1338 = LINE('',#1339,#1340);
#1339 = CARTESIAN_POINT('',(-0.5,-0.4,3.E-02));
#1340 = VECTOR('',#1341,1.);
#1341 = DIRECTION('',(0.,1.,0.));
#1342 = ORIENTED_EDGE('',*,*,#1343,.F.);
#1343 = EDGE_CURVE('',#1263,#1336,#1344,.T.);
#1344 = LINE('',#1345,#1346);
#1345 = CARTESIAN_POINT('',(-2.25E-02,-0.3,3.E-02));
#1346 = VECTOR('',#1347,1.);
#1347 = DIRECTION('',(1.,0.,0.));
#1348 = FACE_BOUND('',#1349,.F.);
#1349 = EDGE_LOOP('',(#1350,#1360,#1368));
#1350 = ORIENTED_EDGE('',*,*,#1351,.T.);
#1351 = EDGE_CURVE('',#1352,#1354,#1356,.T.);
#1352 = VERTEX_POINT('',#1353);
#1353 = CARTESIAN_POINT('',(0.277128129211,0.32,3.E-02));
#1354 = VERTEX_POINT('',#1355);
#1355 = CARTESIAN_POINT('',(0.277128129211,-0.32,3.E-02));
#1356 = LINE('',#1357,#1358);
#1357 = CARTESIAN_POINT('',(0.277128129211,0.32,3.E-02));
#1358 = VECTOR('',#1359,1.);
#1359 = DIRECTION('',(0.,-1.,0.));
#1360 = ORIENTED_EDGE('',*,*,#1361,.T.);
#1361 = EDGE_CURVE('',#1354,#1362,#1364,.T.);
#1362 = VERTEX_POINT('',#1363);
#1363 = CARTESIAN_POINT('',(-0.277128129211,0.,3.E-02));
#1364 = LINE('',#1365,#1366);
#1365 = CARTESIAN_POINT('',(0.277128129211,-0.32,3.E-02));
#1366 = VECTOR('',#1367,1.);
#1367 = DIRECTION('',(-0.866025403784,0.5,0.));
#1368 = ORIENTED_EDGE('',*,*,#1369,.T.);
#1369 = EDGE_CURVE('',#1362,#1352,#1370,.T.);
#1370 = LINE('',#1371,#1372);
#1371 = CARTESIAN_POINT('',(-0.277128129211,0.,3.E-02));
#1372 = VECTOR('',#1373,1.);
#1373 = DIRECTION('',(0.866025403784,0.5,0.));
#1374 = PLANE('',#1375);
#1375 = AXIS2_PLACEMENT_3D('',#1376,#1377,#1378);
#1376 = CARTESIAN_POINT('',(-0.77,-0.4,3.E-02));
#1377 = DIRECTION('',(0.,0.,1.));
#1378 = DIRECTION('',(1.,0.,-0.));
#1379 = ADVANCED_FACE('',(#1380),#1441,.F.);
#1380 = FACE_BOUND('',#1381,.F.);
#1381 = EDGE_LOOP('',(#1382,#1392,#1398,#1399,#1400,#1401,#1409,#1417,
    #1426,#1434));
#1382 = ORIENTED_EDGE('',*,*,#1383,.F.);
#1383 = EDGE_CURVE('',#1384,#1386,#1388,.T.);
#1384 = VERTEX_POINT('',#1385);
#1385 = CARTESIAN_POINT('',(0.725,-0.4,0.));
#1386 = VERTEX_POINT('',#1387);
#1387 = CARTESIAN_POINT('',(0.77,-0.4,-3.469446951954E-18));
#1388 = LINE('',#1389,#1390);
#1389 = CARTESIAN_POINT('',(0.5,-0.4,0.));
#1390 = VECTOR('',#1391,1.);
#1391 = DIRECTION('',(1.,0.,0.));
#1392 = ORIENTED_EDGE('',*,*,#1393,.F.);
#1393 = EDGE_CURVE('',#1005,#1384,#1394,.T.);
#1394 = LINE('',#1395,#1396);
#1395 = CARTESIAN_POINT('',(0.725,-0.4,0.375));
#1396 = VECTOR('',#1397,1.);
#1397 = DIRECTION('',(0.,0.,-1.));
#1398 = ORIENTED_EDGE('',*,*,#1004,.T.);
#1399 = ORIENTED_EDGE('',*,*,#996,.T.);
#1400 = ORIENTED_EDGE('',*,*,#988,.F.);
#1401 = ORIENTED_EDGE('',*,*,#1402,.F.);
#1402 = EDGE_CURVE('',#1403,#981,#1405,.T.);
#1403 = VERTEX_POINT('',#1404);
#1404 = CARTESIAN_POINT('',(0.725,-0.4,0.5));
#1405 = LINE('',#1406,#1407);
#1406 = CARTESIAN_POINT('',(0.725,-0.4,0.375));
#1407 = VECTOR('',#1408,1.);
#1408 = DIRECTION('',(0.,0.,-1.));
#1409 = ORIENTED_EDGE('',*,*,#1410,.T.);
#1410 = EDGE_CURVE('',#1403,#1411,#1413,.T.);
#1411 = VERTEX_POINT('',#1412);
#1412 = CARTESIAN_POINT('',(0.77,-0.4,0.5));
#1413 = LINE('',#1414,#1415);
#1414 = CARTESIAN_POINT('',(0.5,-0.4,0.5));
#1415 = VECTOR('',#1416,1.);
#1416 = DIRECTION('',(1.,0.,0.));
#1417 = ORIENTED_EDGE('',*,*,#1418,.F.);
#1418 = EDGE_CURVE('',#1419,#1411,#1421,.T.);
#1419 = VERTEX_POINT('',#1420);
#1420 = CARTESIAN_POINT('',(0.8,-0.4,0.47));
#1421 = CIRCLE('',#1422,3.E-02);
#1422 = AXIS2_PLACEMENT_3D('',#1423,#1424,#1425);
#1423 = CARTESIAN_POINT('',(0.77,-0.4,0.47));
#1424 = DIRECTION('',(0.,-1.,0.));
#1425 = DIRECTION('',(0.,0.,1.));
#1426 = ORIENTED_EDGE('',*,*,#1427,.F.);
#1427 = EDGE_CURVE('',#1428,#1419,#1430,.T.);
#1428 = VERTEX_POINT('',#1429);
#1429 = CARTESIAN_POINT('',(0.8,-0.4,3.E-02));
#1430 = LINE('',#1431,#1432);
#1431 = CARTESIAN_POINT('',(0.8,-0.4,0.));
#1432 = VECTOR('',#1433,1.);
#1433 = DIRECTION('',(0.,0.,1.));
#1434 = ORIENTED_EDGE('',*,*,#1435,.T.);
#1435 = EDGE_CURVE('',#1428,#1386,#1436,.T.);
#1436 = CIRCLE('',#1437,3.E-02);
#1437 = AXIS2_PLACEMENT_3D('',#1438,#1439,#1440);
#1438 = CARTESIAN_POINT('',(0.77,-0.4,3.E-02));
#1439 = DIRECTION('',(0.,1.,0.));
#1440 = DIRECTION('',(0.,-0.,1.));
#1441 = PLANE('',#1442);
#1442 = AXIS2_PLACEMENT_3D('',#1443,#1444,#1445);
#1443 = CARTESIAN_POINT('',(0.5,-0.4,0.));
#1444 = DIRECTION('',(0.,1.,0.));
#1445 = DIRECTION('',(0.,-0.,1.));
#1446 = ADVANCED_FACE('',(#1447),#1465,.T.);
#1447 = FACE_BOUND('',#1448,.T.);
#1448 = EDGE_LOOP('',(#1449,#1457,#1458,#1459));
#1449 = ORIENTED_EDGE('',*,*,#1450,.F.);
#1450 = EDGE_CURVE('',#1053,#1451,#1453,.T.);
#1451 = VERTEX_POINT('',#1452);
#1452 = CARTESIAN_POINT('',(0.725,-0.3,0.47));
#1453 = LINE('',#1454,#1455);
#1454 = CARTESIAN_POINT('',(-2.25E-02,-0.3,0.47));
#1455 = VECTOR('',#1456,1.);
#1456 = DIRECTION('',(1.,0.,0.));
#1457 = ORIENTED_EDGE('',*,*,#1052,.T.);
#1458 = ORIENTED_EDGE('',*,*,#980,.T.);
#1459 = ORIENTED_EDGE('',*,*,#1460,.F.);
#1460 = EDGE_CURVE('',#1451,#981,#1461,.T.);
#1461 = LINE('',#1462,#1463);
#1462 = CARTESIAN_POINT('',(0.725,-0.45,0.47));
#1463 = VECTOR('',#1464,1.);
#1464 = DIRECTION('',(0.,-1.,0.));
#1465 = PLANE('',#1466);
#1466 = AXIS2_PLACEMENT_3D('',#1467,#1468,#1469);
#1467 = CARTESIAN_POINT('',(-0.77,-0.4,0.47));
#1468 = DIRECTION('',(0.,0.,1.));
#1469 = DIRECTION('',(1.,0.,-0.));
#1470 = ADVANCED_FACE('',(#1471),#1496,.T.);
#1471 = FACE_BOUND('',#1472,.T.);
#1472 = EDGE_LOOP('',(#1473,#1481,#1482,#1490));
#1473 = ORIENTED_EDGE('',*,*,#1474,.F.);
#1474 = EDGE_CURVE('',#1069,#1475,#1477,.T.);
#1475 = VERTEX_POINT('',#1476);
#1476 = CARTESIAN_POINT('',(0.725,0.4,0.47));
#1477 = LINE('',#1478,#1479);
#1478 = CARTESIAN_POINT('',(-0.77,0.4,0.47));
#1479 = VECTOR('',#1480,1.);
#1480 = DIRECTION('',(1.,0.,0.));
#1481 = ORIENTED_EDGE('',*,*,#1068,.T.);
#1482 = ORIENTED_EDGE('',*,*,#1483,.F.);
#1483 = EDGE_CURVE('',#1484,#1061,#1486,.T.);
#1484 = VERTEX_POINT('',#1485);
#1485 = CARTESIAN_POINT('',(0.725,0.3,0.47));
#1486 = LINE('',#1487,#1488);
#1487 = CARTESIAN_POINT('',(-0.7475,0.3,0.47));
#1488 = VECTOR('',#1489,1.);
#1489 = DIRECTION('',(-1.,0.,0.));
#1490 = ORIENTED_EDGE('',*,*,#1491,.F.);
#1491 = EDGE_CURVE('',#1475,#1484,#1492,.T.);
#1492 = LINE('',#1493,#1494);
#1493 = CARTESIAN_POINT('',(0.725,-5.E-02,0.47));
#1494 = VECTOR('',#1495,1.);
#1495 = DIRECTION('',(0.,-1.,0.));
#1496 = PLANE('',#1497);
#1497 = AXIS2_PLACEMENT_3D('',#1498,#1499,#1500);
#1498 = CARTESIAN_POINT('',(-0.77,-0.4,0.47));
#1499 = DIRECTION('',(0.,0.,1.));
#1500 = DIRECTION('',(1.,0.,-0.));
#1501 = ADVANCED_FACE('',(#1502),#1529,.T.);
#1502 = FACE_BOUND('',#1503,.T.);
#1503 = EDGE_LOOP('',(#1504,#1505,#1514,#1522));
#1504 = ORIENTED_EDGE('',*,*,#1060,.F.);
#1505 = ORIENTED_EDGE('',*,*,#1506,.T.);
#1506 = EDGE_CURVE('',#1053,#1507,#1509,.T.);
#1507 = VERTEX_POINT('',#1508);
#1508 = CARTESIAN_POINT('',(0.53,-0.3,0.5));
#1509 = CIRCLE('',#1510,3.E-02);
#1510 = AXIS2_PLACEMENT_3D('',#1511,#1512,#1513);
#1511 = CARTESIAN_POINT('',(0.53,-0.3,0.47));
#1512 = DIRECTION('',(0.,1.,-0.));
#1513 = DIRECTION('',(-1.,0.,0.));
#1514 = ORIENTED_EDGE('',*,*,#1515,.T.);
#1515 = EDGE_CURVE('',#1507,#1516,#1518,.T.);
#1516 = VERTEX_POINT('',#1517);
#1517 = CARTESIAN_POINT('',(0.53,0.3,0.5));
#1518 = LINE('',#1519,#1520);
#1519 = CARTESIAN_POINT('',(0.53,-0.4,0.5));
#1520 = VECTOR('',#1521,1.);
#1521 = DIRECTION('',(0.,1.,0.));
#1522 = ORIENTED_EDGE('',*,*,#1523,.F.);
#1523 = EDGE_CURVE('',#1061,#1516,#1524,.T.);
#1524 = CIRCLE('',#1525,3.E-02);
#1525 = AXIS2_PLACEMENT_3D('',#1526,#1527,#1528);
#1526 = CARTESIAN_POINT('',(0.53,0.3,0.47));
#1527 = DIRECTION('',(0.,1.,-0.));
#1528 = DIRECTION('',(-1.,0.,0.));
#1529 = CYLINDRICAL_SURFACE('',#1530,3.E-02);
#1530 = AXIS2_PLACEMENT_3D('',#1531,#1532,#1533);
#1531 = CARTESIAN_POINT('',(0.53,-0.4,0.47));
#1532 = DIRECTION('',(0.,1.,0.));
#1533 = DIRECTION('',(-1.,0.,0.));
#1534 = ADVANCED_FACE('',(#1535),#1585,.T.);
#1535 = FACE_BOUND('',#1536,.T.);
#1536 = EDGE_LOOP('',(#1537,#1545,#1553,#1559,#1560,#1561,#1562,#1570,
    #1578,#1584));
#1537 = ORIENTED_EDGE('',*,*,#1538,.F.);
#1538 = EDGE_CURVE('',#1539,#1312,#1541,.T.);
#1539 = VERTEX_POINT('',#1540);
#1540 = CARTESIAN_POINT('',(-0.77,0.4,3.E-02));
#1541 = LINE('',#1542,#1543);
#1542 = CARTESIAN_POINT('',(-0.77,0.4,3.E-02));
#1543 = VECTOR('',#1544,1.);
#1544 = DIRECTION('',(1.,0.,0.));
#1545 = ORIENTED_EDGE('',*,*,#1546,.T.);
#1546 = EDGE_CURVE('',#1539,#1547,#1549,.T.);
#1547 = VERTEX_POINT('',#1548);
#1548 = CARTESIAN_POINT('',(-0.77,0.4,0.47));
#1549 = LINE('',#1550,#1551);
#1550 = CARTESIAN_POINT('',(-0.77,0.4,3.E-02));
#1551 = VECTOR('',#1552,1.);
#1552 = DIRECTION('',(0.,0.,1.));
#1553 = ORIENTED_EDGE('',*,*,#1554,.T.);
#1554 = EDGE_CURVE('',#1547,#1091,#1555,.T.);
#1555 = LINE('',#1556,#1557);
#1556 = CARTESIAN_POINT('',(-0.77,0.4,0.47));
#1557 = VECTOR('',#1558,1.);
#1558 = DIRECTION('',(1.,0.,0.));
#1559 = ORIENTED_EDGE('',*,*,#1090,.T.);
#1560 = ORIENTED_EDGE('',*,*,#1124,.F.);
#1561 = ORIENTED_EDGE('',*,*,#1474,.T.);
#1562 = ORIENTED_EDGE('',*,*,#1563,.T.);
#1563 = EDGE_CURVE('',#1475,#1564,#1566,.T.);
#1564 = VERTEX_POINT('',#1565);
#1565 = CARTESIAN_POINT('',(0.77,0.4,0.47));
#1566 = LINE('',#1567,#1568);
#1567 = CARTESIAN_POINT('',(-0.77,0.4,0.47));
#1568 = VECTOR('',#1569,1.);
#1569 = DIRECTION('',(1.,0.,0.));
#1570 = ORIENTED_EDGE('',*,*,#1571,.F.);
#1571 = EDGE_CURVE('',#1572,#1564,#1574,.T.);
#1572 = VERTEX_POINT('',#1573);
#1573 = CARTESIAN_POINT('',(0.77,0.4,3.E-02));
#1574 = LINE('',#1575,#1576);
#1575 = CARTESIAN_POINT('',(0.77,0.4,3.E-02));
#1576 = VECTOR('',#1577,1.);
#1577 = DIRECTION('',(0.,0.,1.));
#1578 = ORIENTED_EDGE('',*,*,#1579,.F.);
#1579 = EDGE_CURVE('',#1304,#1572,#1580,.T.);
#1580 = LINE('',#1581,#1582);
#1581 = CARTESIAN_POINT('',(-0.77,0.4,3.E-02));
#1582 = VECTOR('',#1583,1.);
#1583 = DIRECTION('',(1.,0.,0.));
#1584 = ORIENTED_EDGE('',*,*,#1311,.F.);
#1585 = PLANE('',#1586);
#1586 = AXIS2_PLACEMENT_3D('',#1587,#1588,#1589);
#1587 = CARTESIAN_POINT('',(-0.77,0.4,3.E-02));
#1588 = DIRECTION('',(0.,1.,0.));
#1589 = DIRECTION('',(0.,-0.,1.));
#1590 = ADVANCED_FACE('',(#1591),#1609,.F.);
#1591 = FACE_BOUND('',#1592,.F.);
#1592 = EDGE_LOOP('',(#1593,#1601,#1607,#1608));
#1593 = ORIENTED_EDGE('',*,*,#1594,.F.);
#1594 = EDGE_CURVE('',#1595,#1139,#1597,.T.);
#1595 = VERTEX_POINT('',#1596);
#1596 = CARTESIAN_POINT('',(-0.725,0.3,0.5));
#1597 = LINE('',#1598,#1599);
#1598 = CARTESIAN_POINT('',(-0.7625,0.3,0.5));
#1599 = VECTOR('',#1600,1.);
#1600 = DIRECTION('',(1.,0.,0.));
#1601 = ORIENTED_EDGE('',*,*,#1602,.T.);
#1602 = EDGE_CURVE('',#1595,#1099,#1603,.T.);
#1603 = LINE('',#1604,#1605);
#1604 = CARTESIAN_POINT('',(-0.725,0.3,0.75));
#1605 = VECTOR('',#1606,1.);
#1606 = DIRECTION('',(-0.,-0.,-1.));
#1607 = ORIENTED_EDGE('',*,*,#1106,.F.);
#1608 = ORIENTED_EDGE('',*,*,#1138,.F.);
#1609 = PLANE('',#1610);
#1610 = AXIS2_PLACEMENT_3D('',#1611,#1612,#1613);
#1611 = CARTESIAN_POINT('',(-0.725,0.3,0.75));
#1612 = DIRECTION('',(0.,-1.,0.));
#1613 = DIRECTION('',(1.,0.,0.));
#1614 = ADVANCED_FACE('',(#1615),#1633,.F.);
#1615 = FACE_BOUND('',#1616,.F.);
#1616 = EDGE_LOOP('',(#1617,#1618,#1626,#1632));
#1617 = ORIENTED_EDGE('',*,*,#1602,.F.);
#1618 = ORIENTED_EDGE('',*,*,#1619,.F.);
#1619 = EDGE_CURVE('',#1620,#1595,#1622,.T.);
#1620 = VERTEX_POINT('',#1621);
#1621 = CARTESIAN_POINT('',(-0.725,0.4,0.5));
#1622 = LINE('',#1623,#1624);
#1623 = CARTESIAN_POINT('',(-0.725,5.E-02,0.5));
#1624 = VECTOR('',#1625,1.);
#1625 = DIRECTION('',(0.,-1.,0.));
#1626 = ORIENTED_EDGE('',*,*,#1627,.F.);
#1627 = EDGE_CURVE('',#1091,#1620,#1628,.T.);
#1628 = LINE('',#1629,#1630);
#1629 = CARTESIAN_POINT('',(-0.725,0.4,0.375));
#1630 = VECTOR('',#1631,1.);
#1631 = DIRECTION('',(0.,0.,1.));
#1632 = ORIENTED_EDGE('',*,*,#1098,.F.);
#1633 = PLANE('',#1634);
#1634 = AXIS2_PLACEMENT_3D('',#1635,#1636,#1637);
#1635 = CARTESIAN_POINT('',(-0.725,0.5,0.75));
#1636 = DIRECTION('',(-1.,0.,0.));
#1637 = DIRECTION('',(0.,-1.,0.));
#1638 = ADVANCED_FACE('',(#1639),#1657,.F.);
#1639 = FACE_BOUND('',#1640,.F.);
#1640 = EDGE_LOOP('',(#1641,#1649,#1655,#1656));
#1641 = ORIENTED_EDGE('',*,*,#1642,.F.);
#1642 = EDGE_CURVE('',#1643,#1172,#1645,.T.);
#1643 = VERTEX_POINT('',#1644);
#1644 = CARTESIAN_POINT('',(-0.725,-0.3,0.5));
#1645 = LINE('',#1646,#1647);
#1646 = CARTESIAN_POINT('',(-0.725,-0.3,0.75));
#1647 = VECTOR('',#1648,1.);
#1648 = DIRECTION('',(-0.,-0.,-1.));
#1649 = ORIENTED_EDGE('',*,*,#1650,.F.);
#1650 = EDGE_CURVE('',#1148,#1643,#1651,.T.);
#1651 = LINE('',#1652,#1653);
#1652 = CARTESIAN_POINT('',(-3.75E-02,-0.3,0.5));
#1653 = VECTOR('',#1654,1.);
#1654 = DIRECTION('',(-1.,0.,0.));
#1655 = ORIENTED_EDGE('',*,*,#1155,.T.);
#1656 = ORIENTED_EDGE('',*,*,#1181,.F.);
#1657 = PLANE('',#1658);
#1658 = AXIS2_PLACEMENT_3D('',#1659,#1660,#1661);
#1659 = CARTESIAN_POINT('',(0.725,-0.3,0.75));
#1660 = DIRECTION('',(0.,1.,0.));
#1661 = DIRECTION('',(-1.,0.,0.));
#1662 = ADVANCED_FACE('',(#1663),#1690,.T.);
#1663 = FACE_BOUND('',#1664,.T.);
#1664 = EDGE_LOOP('',(#1665,#1673,#1679,#1680,#1686,#1687,#1688,#1689));
#1665 = ORIENTED_EDGE('',*,*,#1666,.F.);
#1666 = EDGE_CURVE('',#1667,#1620,#1669,.T.);
#1667 = VERTEX_POINT('',#1668);
#1668 = CARTESIAN_POINT('',(-0.77,0.4,0.5));
#1669 = LINE('',#1670,#1671);
#1670 = CARTESIAN_POINT('',(-0.8,0.4,0.5));
#1671 = VECTOR('',#1672,1.);
#1672 = DIRECTION('',(1.,0.,0.));
#1673 = ORIENTED_EDGE('',*,*,#1674,.F.);
#1674 = EDGE_CURVE('',#1223,#1667,#1675,.T.);
#1675 = LINE('',#1676,#1677);
#1676 = CARTESIAN_POINT('',(-0.77,-0.4,0.5));
#1677 = VECTOR('',#1678,1.);
#1678 = DIRECTION('',(0.,1.,0.));
#1679 = ORIENTED_EDGE('',*,*,#1231,.T.);
#1680 = ORIENTED_EDGE('',*,*,#1681,.F.);
#1681 = EDGE_CURVE('',#1643,#1232,#1682,.T.);
#1682 = LINE('',#1683,#1684);
#1683 = CARTESIAN_POINT('',(-0.725,-0.35,0.5));
#1684 = VECTOR('',#1685,1.);
#1685 = DIRECTION('',(0.,-1.,0.));
#1686 = ORIENTED_EDGE('',*,*,#1650,.F.);
#1687 = ORIENTED_EDGE('',*,*,#1147,.T.);
#1688 = ORIENTED_EDGE('',*,*,#1594,.F.);
#1689 = ORIENTED_EDGE('',*,*,#1619,.F.);
#1690 = PLANE('',#1691);
#1691 = AXIS2_PLACEMENT_3D('',#1692,#1693,#1694);
#1692 = CARTESIAN_POINT('',(-0.8,-0.4,0.5));
#1693 = DIRECTION('',(0.,0.,1.));
#1694 = DIRECTION('',(1.,0.,-0.));
#1695 = ADVANCED_FACE('',(#1696),#1702,.F.);
#1696 = FACE_BOUND('',#1697,.F.);
#1697 = EDGE_LOOP('',(#1698,#1699,#1700,#1701));
#1698 = ORIENTED_EDGE('',*,*,#1681,.F.);
#1699 = ORIENTED_EDGE('',*,*,#1642,.T.);
#1700 = ORIENTED_EDGE('',*,*,#1171,.F.);
#1701 = ORIENTED_EDGE('',*,*,#1239,.T.);
#1702 = PLANE('',#1703);
#1703 = AXIS2_PLACEMENT_3D('',#1704,#1705,#1706);
#1704 = CARTESIAN_POINT('',(-0.725,-0.3,0.75));
#1705 = DIRECTION('',(-1.,0.,0.));
#1706 = DIRECTION('',(0.,-1.,0.));
#1707 = ADVANCED_FACE('',(#1708),#1765,.F.);
#1708 = FACE_BOUND('',#1709,.F.);
#1709 = EDGE_LOOP('',(#1710,#1720,#1726,#1727,#1735,#1743,#1751,#1759));
#1710 = ORIENTED_EDGE('',*,*,#1711,.F.);
#1711 = EDGE_CURVE('',#1712,#1714,#1716,.T.);
#1712 = VERTEX_POINT('',#1713);
#1713 = CARTESIAN_POINT('',(-0.77,0.4,-3.469446951954E-18));
#1714 = VERTEX_POINT('',#1715);
#1715 = CARTESIAN_POINT('',(-0.725,0.4,0.));
#1716 = LINE('',#1717,#1718);
#1717 = CARTESIAN_POINT('',(-0.8,0.4,0.));
#1718 = VECTOR('',#1719,1.);
#1719 = DIRECTION('',(1.,0.,0.));
#1720 = ORIENTED_EDGE('',*,*,#1721,.F.);
#1721 = EDGE_CURVE('',#1196,#1712,#1722,.T.);
#1722 = LINE('',#1723,#1724);
#1723 = CARTESIAN_POINT('',(-0.77,-0.4,-3.469446951954E-18));
#1724 = VECTOR('',#1725,1.);
#1725 = DIRECTION('',(0.,1.,0.));
#1726 = ORIENTED_EDGE('',*,*,#1195,.T.);
#1727 = ORIENTED_EDGE('',*,*,#1728,.F.);
#1728 = EDGE_CURVE('',#1729,#1198,#1731,.T.);
#1729 = VERTEX_POINT('',#1730);
#1730 = CARTESIAN_POINT('',(-0.725,-0.3,0.));
#1731 = LINE('',#1732,#1733);
#1732 = CARTESIAN_POINT('',(-0.725,-0.35,0.));
#1733 = VECTOR('',#1734,1.);
#1734 = DIRECTION('',(0.,-1.,0.));
#1735 = ORIENTED_EDGE('',*,*,#1736,.F.);
#1736 = EDGE_CURVE('',#1737,#1729,#1739,.T.);
#1737 = VERTEX_POINT('',#1738);
#1738 = CARTESIAN_POINT('',(-0.53,-0.3,-3.469446951954E-18));
#1739 = LINE('',#1740,#1741);
#1740 = CARTESIAN_POINT('',(-3.75E-02,-0.3,0.));
#1741 = VECTOR('',#1742,1.);
#1742 = DIRECTION('',(-1.,0.,0.));
#1743 = ORIENTED_EDGE('',*,*,#1744,.T.);
#1744 = EDGE_CURVE('',#1737,#1745,#1747,.T.);
#1745 = VERTEX_POINT('',#1746);
#1746 = CARTESIAN_POINT('',(-0.53,0.3,-3.469446951954E-18));
#1747 = LINE('',#1748,#1749);
#1748 = CARTESIAN_POINT('',(-0.53,-0.4,-3.469446951954E-18));
#1749 = VECTOR('',#1750,1.);
#1750 = DIRECTION('',(0.,1.,0.));
#1751 = ORIENTED_EDGE('',*,*,#1752,.F.);
#1752 = EDGE_CURVE('',#1753,#1745,#1755,.T.);
#1753 = VERTEX_POINT('',#1754);
#1754 = CARTESIAN_POINT('',(-0.725,0.3,0.));
#1755 = LINE('',#1756,#1757);
#1756 = CARTESIAN_POINT('',(-0.7625,0.3,0.));
#1757 = VECTOR('',#1758,1.);
#1758 = DIRECTION('',(1.,0.,0.));
#1759 = ORIENTED_EDGE('',*,*,#1760,.F.);
#1760 = EDGE_CURVE('',#1714,#1753,#1761,.T.);
#1761 = LINE('',#1762,#1763);
#1762 = CARTESIAN_POINT('',(-0.725,5.E-02,0.));
#1763 = VECTOR('',#1764,1.);
#1764 = DIRECTION('',(0.,-1.,0.));
#1765 = PLANE('',#1766);
#1766 = AXIS2_PLACEMENT_3D('',#1767,#1768,#1769);
#1767 = CARTESIAN_POINT('',(-0.8,-0.4,0.));
#1768 = DIRECTION('',(0.,0.,1.));
#1769 = DIRECTION('',(1.,0.,-0.));
#1770 = ADVANCED_FACE('',(#1771),#1790,.T.);
#1771 = FACE_BOUND('',#1772,.T.);
#1772 = EDGE_LOOP('',(#1773,#1781,#1788,#1789));
#1773 = ORIENTED_EDGE('',*,*,#1774,.T.);
#1774 = EDGE_CURVE('',#1206,#1775,#1777,.T.);
#1775 = VERTEX_POINT('',#1776);
#1776 = CARTESIAN_POINT('',(-0.8,0.4,3.E-02));
#1777 = LINE('',#1778,#1779);
#1778 = CARTESIAN_POINT('',(-0.8,-0.4,3.E-02));
#1779 = VECTOR('',#1780,1.);
#1780 = DIRECTION('',(0.,1.,0.));
#1781 = ORIENTED_EDGE('',*,*,#1782,.T.);
#1782 = EDGE_CURVE('',#1775,#1712,#1783,.T.);
#1783 = CIRCLE('',#1784,3.E-02);
#1784 = AXIS2_PLACEMENT_3D('',#1785,#1786,#1787);
#1785 = CARTESIAN_POINT('',(-0.77,0.4,3.E-02));
#1786 = DIRECTION('',(0.,-1.,0.));
#1787 = DIRECTION('',(0.,0.,1.));
#1788 = ORIENTED_EDGE('',*,*,#1721,.F.);
#1789 = ORIENTED_EDGE('',*,*,#1205,.F.);
#1790 = CYLINDRICAL_SURFACE('',#1791,3.E-02);
#1791 = AXIS2_PLACEMENT_3D('',#1792,#1793,#1794);
#1792 = CARTESIAN_POINT('',(-0.77,-0.4,3.E-02));
#1793 = DIRECTION('',(0.,1.,0.));
#1794 = DIRECTION('',(-1.,0.,0.));
#1795 = ADVANCED_FACE('',(#1796),#1807,.F.);
#1796 = FACE_BOUND('',#1797,.F.);
#1797 = EDGE_LOOP('',(#1798,#1799,#1805,#1806));
#1798 = ORIENTED_EDGE('',*,*,#1262,.T.);
#1799 = ORIENTED_EDGE('',*,*,#1800,.T.);
#1800 = EDGE_CURVE('',#1263,#1729,#1801,.T.);
#1801 = LINE('',#1802,#1803);
#1802 = CARTESIAN_POINT('',(-0.725,-0.3,0.75));
#1803 = VECTOR('',#1804,1.);
#1804 = DIRECTION('',(-0.,-0.,-1.));
#1805 = ORIENTED_EDGE('',*,*,#1728,.T.);
#1806 = ORIENTED_EDGE('',*,*,#1248,.T.);
#1807 = PLANE('',#1808);
#1808 = AXIS2_PLACEMENT_3D('',#1809,#1810,#1811);
#1809 = CARTESIAN_POINT('',(-0.725,-0.3,0.75));
#1810 = DIRECTION('',(-1.,0.,0.));
#1811 = DIRECTION('',(0.,-1.,0.));
#1812 = ADVANCED_FACE('',(#1813),#1831,.F.);
#1813 = FACE_BOUND('',#1814,.F.);
#1814 = EDGE_LOOP('',(#1815,#1816,#1817,#1825));
#1815 = ORIENTED_EDGE('',*,*,#1214,.F.);
#1816 = ORIENTED_EDGE('',*,*,#1774,.T.);
#1817 = ORIENTED_EDGE('',*,*,#1818,.T.);
#1818 = EDGE_CURVE('',#1775,#1819,#1821,.T.);
#1819 = VERTEX_POINT('',#1820);
#1820 = CARTESIAN_POINT('',(-0.8,0.4,0.47));
#1821 = LINE('',#1822,#1823);
#1822 = CARTESIAN_POINT('',(-0.8,0.4,0.));
#1823 = VECTOR('',#1824,1.);
#1824 = DIRECTION('',(0.,0.,1.));
#1825 = ORIENTED_EDGE('',*,*,#1826,.F.);
#1826 = EDGE_CURVE('',#1215,#1819,#1827,.T.);
#1827 = LINE('',#1828,#1829);
#1828 = CARTESIAN_POINT('',(-0.8,-0.4,0.47));
#1829 = VECTOR('',#1830,1.);
#1830 = DIRECTION('',(0.,1.,0.));
#1831 = PLANE('',#1832);
#1832 = AXIS2_PLACEMENT_3D('',#1833,#1834,#1835);
#1833 = CARTESIAN_POINT('',(-0.8,-0.4,0.));
#1834 = DIRECTION('',(1.,0.,0.));
#1835 = DIRECTION('',(0.,0.,1.));
#1836 = ADVANCED_FACE('',(#1837),#1849,.T.);
#1837 = FACE_BOUND('',#1838,.T.);
#1838 = EDGE_LOOP('',(#1839,#1840,#1841,#1848));
#1839 = ORIENTED_EDGE('',*,*,#1222,.T.);
#1840 = ORIENTED_EDGE('',*,*,#1674,.T.);
#1841 = ORIENTED_EDGE('',*,*,#1842,.F.);
#1842 = EDGE_CURVE('',#1819,#1667,#1843,.T.);
#1843 = CIRCLE('',#1844,3.E-02);
#1844 = AXIS2_PLACEMENT_3D('',#1845,#1846,#1847);
#1845 = CARTESIAN_POINT('',(-0.77,0.4,0.47));
#1846 = DIRECTION('',(0.,1.,0.));
#1847 = DIRECTION('',(0.,-0.,1.));
#1848 = ORIENTED_EDGE('',*,*,#1826,.F.);
#1849 = CYLINDRICAL_SURFACE('',#1850,3.E-02);
#1850 = AXIS2_PLACEMENT_3D('',#1851,#1852,#1853);
#1851 = CARTESIAN_POINT('',(-0.77,-0.4,0.47));
#1852 = DIRECTION('',(0.,1.,0.));
#1853 = DIRECTION('',(-1.,0.,0.));
#1854 = ADVANCED_FACE('',(#1855),#1867,.F.);
#1855 = FACE_BOUND('',#1856,.F.);
#1856 = EDGE_LOOP('',(#1857,#1858,#1859,#1866));
#1857 = ORIENTED_EDGE('',*,*,#1800,.F.);
#1858 = ORIENTED_EDGE('',*,*,#1343,.T.);
#1859 = ORIENTED_EDGE('',*,*,#1860,.T.);
#1860 = EDGE_CURVE('',#1336,#1737,#1861,.T.);
#1861 = CIRCLE('',#1862,3.E-02);
#1862 = AXIS2_PLACEMENT_3D('',#1863,#1864,#1865);
#1863 = CARTESIAN_POINT('',(-0.53,-0.3,3.E-02));
#1864 = DIRECTION('',(-0.,1.,0.));
#1865 = DIRECTION('',(1.,0.,0.));
#1866 = ORIENTED_EDGE('',*,*,#1736,.T.);
#1867 = PLANE('',#1868);
#1868 = AXIS2_PLACEMENT_3D('',#1869,#1870,#1871);
#1869 = CARTESIAN_POINT('',(0.725,-0.3,0.75));
#1870 = DIRECTION('',(0.,1.,0.));
#1871 = DIRECTION('',(-1.,0.,0.));
#1872 = ADVANCED_FACE('',(#1873),#1885,.T.);
#1873 = FACE_BOUND('',#1874,.T.);
#1874 = EDGE_LOOP('',(#1875,#1876,#1877,#1878));
#1875 = ORIENTED_EDGE('',*,*,#1335,.F.);
#1876 = ORIENTED_EDGE('',*,*,#1860,.T.);
#1877 = ORIENTED_EDGE('',*,*,#1744,.T.);
#1878 = ORIENTED_EDGE('',*,*,#1879,.F.);
#1879 = EDGE_CURVE('',#1328,#1745,#1880,.T.);
#1880 = CIRCLE('',#1881,3.E-02);
#1881 = AXIS2_PLACEMENT_3D('',#1882,#1883,#1884);
#1882 = CARTESIAN_POINT('',(-0.53,0.3,3.E-02));
#1883 = DIRECTION('',(-0.,1.,0.));
#1884 = DIRECTION('',(1.,0.,0.));
#1885 = CYLINDRICAL_SURFACE('',#1886,3.E-02);
#1886 = AXIS2_PLACEMENT_3D('',#1887,#1888,#1889);
#1887 = CARTESIAN_POINT('',(-0.53,-0.4,3.E-02));
#1888 = DIRECTION('',(0.,1.,0.));
#1889 = DIRECTION('',(1.,0.,0.));
#1890 = ADVANCED_FACE('',(#1891),#1902,.F.);
#1891 = FACE_BOUND('',#1892,.F.);
#1892 = EDGE_LOOP('',(#1893,#1894,#1900,#1901));
#1893 = ORIENTED_EDGE('',*,*,#1327,.T.);
#1894 = ORIENTED_EDGE('',*,*,#1895,.T.);
#1895 = EDGE_CURVE('',#1320,#1753,#1896,.T.);
#1896 = LINE('',#1897,#1898);
#1897 = CARTESIAN_POINT('',(-0.725,0.3,0.75));
#1898 = VECTOR('',#1899,1.);
#1899 = DIRECTION('',(-0.,-0.,-1.));
#1900 = ORIENTED_EDGE('',*,*,#1752,.T.);
#1901 = ORIENTED_EDGE('',*,*,#1879,.F.);
#1902 = PLANE('',#1903);
#1903 = AXIS2_PLACEMENT_3D('',#1904,#1905,#1906);
#1904 = CARTESIAN_POINT('',(-0.725,0.3,0.75));
#1905 = DIRECTION('',(0.,-1.,0.));
#1906 = DIRECTION('',(1.,0.,0.));
#1907 = ADVANCED_FACE('',(#1908),#1919,.F.);
#1908 = FACE_BOUND('',#1909,.F.);
#1909 = EDGE_LOOP('',(#1910,#1911,#1912,#1918));
#1910 = ORIENTED_EDGE('',*,*,#1895,.F.);
#1911 = ORIENTED_EDGE('',*,*,#1319,.T.);
#1912 = ORIENTED_EDGE('',*,*,#1913,.F.);
#1913 = EDGE_CURVE('',#1714,#1312,#1914,.T.);
#1914 = LINE('',#1915,#1916);
#1915 = CARTESIAN_POINT('',(-0.725,0.4,0.375));
#1916 = VECTOR('',#1917,1.);
#1917 = DIRECTION('',(0.,0.,1.));
#1918 = ORIENTED_EDGE('',*,*,#1760,.T.);
#1919 = PLANE('',#1920);
#1920 = AXIS2_PLACEMENT_3D('',#1921,#1922,#1923);
#1921 = CARTESIAN_POINT('',(-0.725,0.5,0.75));
#1922 = DIRECTION('',(-1.,0.,0.));
#1923 = DIRECTION('',(0.,-1.,0.));
#1924 = ADVANCED_FACE('',(#1925),#1950,.F.);
#1925 = FACE_BOUND('',#1926,.F.);
#1926 = EDGE_LOOP('',(#1927,#1928,#1936,#1944));
#1927 = ORIENTED_EDGE('',*,*,#1303,.T.);
#1928 = ORIENTED_EDGE('',*,*,#1929,.T.);
#1929 = EDGE_CURVE('',#1296,#1930,#1932,.T.);
#1930 = VERTEX_POINT('',#1931);
#1931 = CARTESIAN_POINT('',(0.725,0.3,0.));
#1932 = LINE('',#1933,#1934);
#1933 = CARTESIAN_POINT('',(0.725,0.3,0.75));
#1934 = VECTOR('',#1935,1.);
#1935 = DIRECTION('',(-0.,-0.,-1.));
#1936 = ORIENTED_EDGE('',*,*,#1937,.T.);
#1937 = EDGE_CURVE('',#1930,#1938,#1940,.T.);
#1938 = VERTEX_POINT('',#1939);
#1939 = CARTESIAN_POINT('',(0.725,0.4,0.));
#1940 = LINE('',#1941,#1942);
#1941 = CARTESIAN_POINT('',(0.725,-5.E-02,0.));
#1942 = VECTOR('',#1943,1.);
#1943 = DIRECTION('',(0.,1.,0.));
#1944 = ORIENTED_EDGE('',*,*,#1945,.F.);
#1945 = EDGE_CURVE('',#1304,#1938,#1946,.T.);
#1946 = LINE('',#1947,#1948);
#1947 = CARTESIAN_POINT('',(0.725,0.4,0.375));
#1948 = VECTOR('',#1949,1.);
#1949 = DIRECTION('',(0.,0.,-1.));
#1950 = PLANE('',#1951);
#1951 = AXIS2_PLACEMENT_3D('',#1952,#1953,#1954);
#1952 = CARTESIAN_POINT('',(0.725,0.3,0.75));
#1953 = DIRECTION('',(1.,0.,0.));
#1954 = DIRECTION('',(-0.,1.,0.));
#1955 = ADVANCED_FACE('',(#1956),#1975,.F.);
#1956 = FACE_BOUND('',#1957,.F.);
#1957 = EDGE_LOOP('',(#1958,#1959,#1960,#1969));
#1958 = ORIENTED_EDGE('',*,*,#1929,.F.);
#1959 = ORIENTED_EDGE('',*,*,#1295,.T.);
#1960 = ORIENTED_EDGE('',*,*,#1961,.F.);
#1961 = EDGE_CURVE('',#1962,#1288,#1964,.T.);
#1962 = VERTEX_POINT('',#1963);
#1963 = CARTESIAN_POINT('',(0.53,0.3,-3.469446951954E-18));
#1964 = CIRCLE('',#1965,3.E-02);
#1965 = AXIS2_PLACEMENT_3D('',#1966,#1967,#1968);
#1966 = CARTESIAN_POINT('',(0.53,0.3,3.E-02));
#1967 = DIRECTION('',(0.,1.,-0.));
#1968 = DIRECTION('',(-1.,0.,0.));
#1969 = ORIENTED_EDGE('',*,*,#1970,.T.);
#1970 = EDGE_CURVE('',#1962,#1930,#1971,.T.);
#1971 = LINE('',#1972,#1973);
#1972 = CARTESIAN_POINT('',(-0.1125,0.3,0.));
#1973 = VECTOR('',#1974,1.);
#1974 = DIRECTION('',(1.,0.,0.));
#1975 = PLANE('',#1976);
#1976 = AXIS2_PLACEMENT_3D('',#1977,#1978,#1979);
#1977 = CARTESIAN_POINT('',(-0.725,0.3,0.75));
#1978 = DIRECTION('',(0.,-1.,0.));
#1979 = DIRECTION('',(1.,0.,0.));
#1980 = ADVANCED_FACE('',(#1981),#2000,.T.);
#1981 = FACE_BOUND('',#1982,.T.);
#1982 = EDGE_LOOP('',(#1983,#1984,#1992,#1999));
#1983 = ORIENTED_EDGE('',*,*,#1961,.F.);
#1984 = ORIENTED_EDGE('',*,*,#1985,.F.);
#1985 = EDGE_CURVE('',#1986,#1962,#1988,.T.);
#1986 = VERTEX_POINT('',#1987);
#1987 = CARTESIAN_POINT('',(0.53,-0.3,-3.469446951954E-18));
#1988 = LINE('',#1989,#1990);
#1989 = CARTESIAN_POINT('',(0.53,-0.4,-3.469446951954E-18));
#1990 = VECTOR('',#1991,1.);
#1991 = DIRECTION('',(0.,1.,0.));
#1992 = ORIENTED_EDGE('',*,*,#1993,.T.);
#1993 = EDGE_CURVE('',#1986,#1280,#1994,.T.);
#1994 = CIRCLE('',#1995,3.E-02);
#1995 = AXIS2_PLACEMENT_3D('',#1996,#1997,#1998);
#1996 = CARTESIAN_POINT('',(0.53,-0.3,3.E-02));
#1997 = DIRECTION('',(0.,1.,-0.));
#1998 = DIRECTION('',(-1.,0.,0.));
#1999 = ORIENTED_EDGE('',*,*,#1287,.T.);
#2000 = CYLINDRICAL_SURFACE('',#2001,3.E-02);
#2001 = AXIS2_PLACEMENT_3D('',#2002,#2003,#2004);
#2002 = CARTESIAN_POINT('',(0.53,-0.4,3.E-02));
#2003 = DIRECTION('',(0.,1.,0.));
#2004 = DIRECTION('',(-1.,0.,0.));
#2005 = ADVANCED_FACE('',(#2006),#2024,.F.);
#2006 = FACE_BOUND('',#2007,.F.);
#2007 = EDGE_LOOP('',(#2008,#2009,#2017,#2023));
#2008 = ORIENTED_EDGE('',*,*,#1279,.T.);
#2009 = ORIENTED_EDGE('',*,*,#2010,.T.);
#2010 = EDGE_CURVE('',#1272,#2011,#2013,.T.);
#2011 = VERTEX_POINT('',#2012);
#2012 = CARTESIAN_POINT('',(0.725,-0.3,0.));
#2013 = LINE('',#2014,#2015);
#2014 = CARTESIAN_POINT('',(0.725,-0.3,0.75));
#2015 = VECTOR('',#2016,1.);
#2016 = DIRECTION('',(-0.,-0.,-1.));
#2017 = ORIENTED_EDGE('',*,*,#2018,.T.);
#2018 = EDGE_CURVE('',#2011,#1986,#2019,.T.);
#2019 = LINE('',#2020,#2021);
#2020 = CARTESIAN_POINT('',(0.6125,-0.3,0.));
#2021 = VECTOR('',#2022,1.);
#2022 = DIRECTION('',(-1.,0.,0.));
#2023 = ORIENTED_EDGE('',*,*,#1993,.T.);
#2024 = PLANE('',#2025);
#2025 = AXIS2_PLACEMENT_3D('',#2026,#2027,#2028);
#2026 = CARTESIAN_POINT('',(0.725,-0.3,0.75));
#2027 = DIRECTION('',(0.,1.,0.));
#2028 = DIRECTION('',(-1.,0.,0.));
#2029 = ADVANCED_FACE('',(#2030),#2041,.F.);
#2030 = FACE_BOUND('',#2031,.F.);
#2031 = EDGE_LOOP('',(#2032,#2033,#2034,#2035));
#2032 = ORIENTED_EDGE('',*,*,#2010,.F.);
#2033 = ORIENTED_EDGE('',*,*,#1271,.T.);
#2034 = ORIENTED_EDGE('',*,*,#1393,.T.);
#2035 = ORIENTED_EDGE('',*,*,#2036,.T.);
#2036 = EDGE_CURVE('',#1384,#2011,#2037,.T.);
#2037 = LINE('',#2038,#2039);
#2038 = CARTESIAN_POINT('',(0.725,-0.45,0.));
#2039 = VECTOR('',#2040,1.);
#2040 = DIRECTION('',(0.,1.,0.));
#2041 = PLANE('',#2042);
#2042 = AXIS2_PLACEMENT_3D('',#2043,#2044,#2045);
#2043 = CARTESIAN_POINT('',(0.725,-0.5,0.75));
#2044 = DIRECTION('',(1.,0.,0.));
#2045 = DIRECTION('',(-0.,1.,0.));
#2046 = ADVANCED_FACE('',(#2047),#2072,.T.);
#2047 = FACE_BOUND('',#2048,.T.);
#2048 = EDGE_LOOP('',(#2049,#2057,#2058,#2066));
#2049 = ORIENTED_EDGE('',*,*,#2050,.T.);
#2050 = EDGE_CURVE('',#2051,#1352,#2053,.T.);
#2051 = VERTEX_POINT('',#2052);
#2052 = CARTESIAN_POINT('',(0.277128129211,0.32,1.5E-02));
#2053 = LINE('',#2054,#2055);
#2054 = CARTESIAN_POINT('',(0.277128129211,0.32,1.5E-02));
#2055 = VECTOR('',#2056,1.);
#2056 = DIRECTION('',(0.,0.,1.));
#2057 = ORIENTED_EDGE('',*,*,#1351,.T.);
#2058 = ORIENTED_EDGE('',*,*,#2059,.F.);
#2059 = EDGE_CURVE('',#2060,#1354,#2062,.T.);
#2060 = VERTEX_POINT('',#2061);
#2061 = CARTESIAN_POINT('',(0.277128129211,-0.32,1.5E-02));
#2062 = LINE('',#2063,#2064);
#2063 = CARTESIAN_POINT('',(0.277128129211,-0.32,1.5E-02));
#2064 = VECTOR('',#2065,1.);
#2065 = DIRECTION('',(0.,0.,1.));
#2066 = ORIENTED_EDGE('',*,*,#2067,.F.);
#2067 = EDGE_CURVE('',#2051,#2060,#2068,.T.);
#2068 = LINE('',#2069,#2070);
#2069 = CARTESIAN_POINT('',(0.277128129211,0.32,1.5E-02));
#2070 = VECTOR('',#2071,1.);
#2071 = DIRECTION('',(0.,-1.,0.));
#2072 = PLANE('',#2073);
#2073 = AXIS2_PLACEMENT_3D('',#2074,#2075,#2076);
#2074 = CARTESIAN_POINT('',(0.277128129211,0.32,1.5E-02));
#2075 = DIRECTION('',(1.,0.,0.));
#2076 = DIRECTION('',(0.,-1.,0.));
#2077 = ADVANCED_FACE('',(#2078),#2096,.T.);
#2078 = FACE_BOUND('',#2079,.T.);
#2079 = EDGE_LOOP('',(#2080,#2088,#2089,#2090));
#2080 = ORIENTED_EDGE('',*,*,#2081,.T.);
#2081 = EDGE_CURVE('',#2082,#1362,#2084,.T.);
#2082 = VERTEX_POINT('',#2083);
#2083 = CARTESIAN_POINT('',(-0.277128129211,0.,1.5E-02));
#2084 = LINE('',#2085,#2086);
#2085 = CARTESIAN_POINT('',(-0.277128129211,0.,1.5E-02));
#2086 = VECTOR('',#2087,1.);
#2087 = DIRECTION('',(0.,0.,1.));
#2088 = ORIENTED_EDGE('',*,*,#1369,.T.);
#2089 = ORIENTED_EDGE('',*,*,#2050,.F.);
#2090 = ORIENTED_EDGE('',*,*,#2091,.F.);
#2091 = EDGE_CURVE('',#2082,#2051,#2092,.T.);
#2092 = LINE('',#2093,#2094);
#2093 = CARTESIAN_POINT('',(-0.277128129211,0.,1.5E-02));
#2094 = VECTOR('',#2095,1.);
#2095 = DIRECTION('',(0.866025403784,0.5,0.));
#2096 = PLANE('',#2097);
#2097 = AXIS2_PLACEMENT_3D('',#2098,#2099,#2100);
#2098 = CARTESIAN_POINT('',(-0.277128129211,0.,1.5E-02));
#2099 = DIRECTION('',(-0.5,0.866025403784,0.));
#2100 = DIRECTION('',(0.866025403784,0.5,0.));
#2101 = ADVANCED_FACE('',(#2102),#2113,.T.);
#2102 = FACE_BOUND('',#2103,.T.);
#2103 = EDGE_LOOP('',(#2104,#2105,#2106,#2107));
#2104 = ORIENTED_EDGE('',*,*,#2059,.T.);
#2105 = ORIENTED_EDGE('',*,*,#1361,.T.);
#2106 = ORIENTED_EDGE('',*,*,#2081,.F.);
#2107 = ORIENTED_EDGE('',*,*,#2108,.F.);
#2108 = EDGE_CURVE('',#2060,#2082,#2109,.T.);
#2109 = LINE('',#2110,#2111);
#2110 = CARTESIAN_POINT('',(0.277128129211,-0.32,1.5E-02));
#2111 = VECTOR('',#2112,1.);
#2112 = DIRECTION('',(-0.866025403784,0.5,0.));
#2113 = PLANE('',#2114);
#2114 = AXIS2_PLACEMENT_3D('',#2115,#2116,#2117);
#2115 = CARTESIAN_POINT('',(0.277128129211,-0.32,1.5E-02));
#2116 = DIRECTION('',(-0.5,-0.866025403784,0.));
#2117 = DIRECTION('',(-0.866025403784,0.5,0.));
#2118 = ADVANCED_FACE('',(#2119),#2141,.F.);
#2119 = FACE_BOUND('',#2120,.F.);
#2120 = EDGE_LOOP('',(#2121,#2129,#2130,#2131,#2132,#2133,#2134,#2135));
#2121 = ORIENTED_EDGE('',*,*,#2122,.F.);
#2122 = EDGE_CURVE('',#1938,#2123,#2125,.T.);
#2123 = VERTEX_POINT('',#2124);
#2124 = CARTESIAN_POINT('',(0.77,0.4,-3.469446951954E-18));
#2125 = LINE('',#2126,#2127);
#2126 = CARTESIAN_POINT('',(0.5,0.4,0.));
#2127 = VECTOR('',#2128,1.);
#2128 = DIRECTION('',(1.,0.,0.));
#2129 = ORIENTED_EDGE('',*,*,#1937,.F.);
#2130 = ORIENTED_EDGE('',*,*,#1970,.F.);
#2131 = ORIENTED_EDGE('',*,*,#1985,.F.);
#2132 = ORIENTED_EDGE('',*,*,#2018,.F.);
#2133 = ORIENTED_EDGE('',*,*,#2036,.F.);
#2134 = ORIENTED_EDGE('',*,*,#1383,.T.);
#2135 = ORIENTED_EDGE('',*,*,#2136,.T.);
#2136 = EDGE_CURVE('',#1386,#2123,#2137,.T.);
#2137 = LINE('',#2138,#2139);
#2138 = CARTESIAN_POINT('',(0.77,-0.4,-3.469446951954E-18));
#2139 = VECTOR('',#2140,1.);
#2140 = DIRECTION('',(0.,1.,0.));
#2141 = PLANE('',#2142);
#2142 = AXIS2_PLACEMENT_3D('',#2143,#2144,#2145);
#2143 = CARTESIAN_POINT('',(0.5,-0.4,0.));
#2144 = DIRECTION('',(0.,0.,1.));
#2145 = DIRECTION('',(1.,0.,-0.));
#2146 = ADVANCED_FACE('',(#2147),#2166,.T.);
#2147 = FACE_BOUND('',#2148,.T.);
#2148 = EDGE_LOOP('',(#2149,#2150,#2151,#2160));
#2149 = ORIENTED_EDGE('',*,*,#1435,.T.);
#2150 = ORIENTED_EDGE('',*,*,#2136,.T.);
#2151 = ORIENTED_EDGE('',*,*,#2152,.F.);
#2152 = EDGE_CURVE('',#2153,#2123,#2155,.T.);
#2153 = VERTEX_POINT('',#2154);
#2154 = CARTESIAN_POINT('',(0.8,0.4,3.E-02));
#2155 = CIRCLE('',#2156,3.E-02);
#2156 = AXIS2_PLACEMENT_3D('',#2157,#2158,#2159);
#2157 = CARTESIAN_POINT('',(0.77,0.4,3.E-02));
#2158 = DIRECTION('',(0.,1.,0.));
#2159 = DIRECTION('',(0.,-0.,1.));
#2160 = ORIENTED_EDGE('',*,*,#2161,.F.);
#2161 = EDGE_CURVE('',#1428,#2153,#2162,.T.);
#2162 = LINE('',#2163,#2164);
#2163 = CARTESIAN_POINT('',(0.8,-0.4,3.E-02));
#2164 = VECTOR('',#2165,1.);
#2165 = DIRECTION('',(0.,1.,0.));
#2166 = CYLINDRICAL_SURFACE('',#2167,3.E-02);
#2167 = AXIS2_PLACEMENT_3D('',#2168,#2169,#2170);
#2168 = CARTESIAN_POINT('',(0.77,-0.4,3.E-02));
#2169 = DIRECTION('',(0.,1.,0.));
#2170 = DIRECTION('',(1.,0.,0.));
#2171 = ADVANCED_FACE('',(#2172),#2190,.T.);
#2172 = FACE_BOUND('',#2173,.T.);
#2173 = EDGE_LOOP('',(#2174,#2175,#2176,#2184));
#2174 = ORIENTED_EDGE('',*,*,#1427,.F.);
#2175 = ORIENTED_EDGE('',*,*,#2161,.T.);
#2176 = ORIENTED_EDGE('',*,*,#2177,.T.);
#2177 = EDGE_CURVE('',#2153,#2178,#2180,.T.);
#2178 = VERTEX_POINT('',#2179);
#2179 = CARTESIAN_POINT('',(0.8,0.4,0.47));
#2180 = LINE('',#2181,#2182);
#2181 = CARTESIAN_POINT('',(0.8,0.4,0.));
#2182 = VECTOR('',#2183,1.);
#2183 = DIRECTION('',(0.,0.,1.));
#2184 = ORIENTED_EDGE('',*,*,#2185,.F.);
#2185 = EDGE_CURVE('',#1419,#2178,#2186,.T.);
#2186 = LINE('',#2187,#2188);
#2187 = CARTESIAN_POINT('',(0.8,-0.4,0.47));
#2188 = VECTOR('',#2189,1.);
#2189 = DIRECTION('',(0.,1.,0.));
#2190 = PLANE('',#2191);
#2191 = AXIS2_PLACEMENT_3D('',#2192,#2193,#2194);
#2192 = CARTESIAN_POINT('',(0.8,-0.4,0.));
#2193 = DIRECTION('',(1.,0.,0.));
#2194 = DIRECTION('',(0.,0.,1.));
#2195 = ADVANCED_FACE('',(#2196),#2215,.T.);
#2196 = FACE_BOUND('',#2197,.T.);
#2197 = EDGE_LOOP('',(#2198,#2199,#2208,#2214));
#2198 = ORIENTED_EDGE('',*,*,#2185,.T.);
#2199 = ORIENTED_EDGE('',*,*,#2200,.T.);
#2200 = EDGE_CURVE('',#2178,#2201,#2203,.T.);
#2201 = VERTEX_POINT('',#2202);
#2202 = CARTESIAN_POINT('',(0.77,0.4,0.5));
#2203 = CIRCLE('',#2204,3.E-02);
#2204 = AXIS2_PLACEMENT_3D('',#2205,#2206,#2207);
#2205 = CARTESIAN_POINT('',(0.77,0.4,0.47));
#2206 = DIRECTION('',(0.,-1.,0.));
#2207 = DIRECTION('',(0.,0.,1.));
#2208 = ORIENTED_EDGE('',*,*,#2209,.F.);
#2209 = EDGE_CURVE('',#1411,#2201,#2210,.T.);
#2210 = LINE('',#2211,#2212);
#2211 = CARTESIAN_POINT('',(0.77,-0.4,0.5));
#2212 = VECTOR('',#2213,1.);
#2213 = DIRECTION('',(0.,1.,0.));
#2214 = ORIENTED_EDGE('',*,*,#1418,.F.);
#2215 = CYLINDRICAL_SURFACE('',#2216,3.E-02);
#2216 = AXIS2_PLACEMENT_3D('',#2217,#2218,#2219);
#2217 = CARTESIAN_POINT('',(0.77,-0.4,0.47));
#2218 = DIRECTION('',(0.,1.,0.));
#2219 = DIRECTION('',(1.,0.,0.));
#2220 = ADVANCED_FACE('',(#2221),#2262,.T.);
#2221 = FACE_BOUND('',#2222,.T.);
#2222 = EDGE_LOOP('',(#2223,#2231,#2239,#2245,#2246,#2254,#2260,#2261));
#2223 = ORIENTED_EDGE('',*,*,#2224,.F.);
#2224 = EDGE_CURVE('',#2225,#2201,#2227,.T.);
#2225 = VERTEX_POINT('',#2226);
#2226 = CARTESIAN_POINT('',(0.725,0.4,0.5));
#2227 = LINE('',#2228,#2229);
#2228 = CARTESIAN_POINT('',(0.5,0.4,0.5));
#2229 = VECTOR('',#2230,1.);
#2230 = DIRECTION('',(1.,0.,0.));
#2231 = ORIENTED_EDGE('',*,*,#2232,.F.);
#2232 = EDGE_CURVE('',#2233,#2225,#2235,.T.);
#2233 = VERTEX_POINT('',#2234);
#2234 = CARTESIAN_POINT('',(0.725,0.3,0.5));
#2235 = LINE('',#2236,#2237);
#2236 = CARTESIAN_POINT('',(0.725,-5.E-02,0.5));
#2237 = VECTOR('',#2238,1.);
#2238 = DIRECTION('',(0.,1.,0.));
#2239 = ORIENTED_EDGE('',*,*,#2240,.F.);
#2240 = EDGE_CURVE('',#1516,#2233,#2241,.T.);
#2241 = LINE('',#2242,#2243);
#2242 = CARTESIAN_POINT('',(-0.1125,0.3,0.5));
#2243 = VECTOR('',#2244,1.);
#2244 = DIRECTION('',(1.,0.,0.));
#2245 = ORIENTED_EDGE('',*,*,#1515,.F.);
#2246 = ORIENTED_EDGE('',*,*,#2247,.F.);
#2247 = EDGE_CURVE('',#2248,#1507,#2250,.T.);
#2248 = VERTEX_POINT('',#2249);
#2249 = CARTESIAN_POINT('',(0.725,-0.3,0.5));
#2250 = LINE('',#2251,#2252);
#2251 = CARTESIAN_POINT('',(0.6125,-0.3,0.5));
#2252 = VECTOR('',#2253,1.);
#2253 = DIRECTION('',(-1.,0.,0.));
#2254 = ORIENTED_EDGE('',*,*,#2255,.F.);
#2255 = EDGE_CURVE('',#1403,#2248,#2256,.T.);
#2256 = LINE('',#2257,#2258);
#2257 = CARTESIAN_POINT('',(0.725,-0.45,0.5));
#2258 = VECTOR('',#2259,1.);
#2259 = DIRECTION('',(0.,1.,0.));
#2260 = ORIENTED_EDGE('',*,*,#1410,.T.);
#2261 = ORIENTED_EDGE('',*,*,#2209,.T.);
#2262 = PLANE('',#2263);
#2263 = AXIS2_PLACEMENT_3D('',#2264,#2265,#2266);
#2264 = CARTESIAN_POINT('',(0.5,-0.4,0.5));
#2265 = DIRECTION('',(0.,0.,1.));
#2266 = DIRECTION('',(1.,0.,-0.));
#2267 = ADVANCED_FACE('',(#2268),#2279,.F.);
#2268 = FACE_BOUND('',#2269,.F.);
#2269 = EDGE_LOOP('',(#2270,#2276,#2277,#2278));
#2270 = ORIENTED_EDGE('',*,*,#2271,.F.);
#2271 = EDGE_CURVE('',#2248,#1451,#2272,.T.);
#2272 = LINE('',#2273,#2274);
#2273 = CARTESIAN_POINT('',(0.725,-0.3,0.75));
#2274 = VECTOR('',#2275,1.);
#2275 = DIRECTION('',(-0.,-0.,-1.));
#2276 = ORIENTED_EDGE('',*,*,#2255,.F.);
#2277 = ORIENTED_EDGE('',*,*,#1402,.T.);
#2278 = ORIENTED_EDGE('',*,*,#1460,.F.);
#2279 = PLANE('',#2280);
#2280 = AXIS2_PLACEMENT_3D('',#2281,#2282,#2283);
#2281 = CARTESIAN_POINT('',(0.725,-0.5,0.75));
#2282 = DIRECTION('',(1.,0.,0.));
#2283 = DIRECTION('',(-0.,1.,0.));
#2284 = ADVANCED_FACE('',(#2285),#2291,.F.);
#2285 = FACE_BOUND('',#2286,.F.);
#2286 = EDGE_LOOP('',(#2287,#2288,#2289,#2290));
#2287 = ORIENTED_EDGE('',*,*,#2247,.F.);
#2288 = ORIENTED_EDGE('',*,*,#2271,.T.);
#2289 = ORIENTED_EDGE('',*,*,#1450,.F.);
#2290 = ORIENTED_EDGE('',*,*,#1506,.T.);
#2291 = PLANE('',#2292);
#2292 = AXIS2_PLACEMENT_3D('',#2293,#2294,#2295);
#2293 = CARTESIAN_POINT('',(0.725,-0.3,0.75));
#2294 = DIRECTION('',(0.,1.,0.));
#2295 = DIRECTION('',(-1.,0.,0.));
#2296 = ADVANCED_FACE('',(#2297),#2313,.F.);
#2297 = FACE_BOUND('',#2298,.F.);
#2298 = EDGE_LOOP('',(#2299,#2300,#2306,#2307));
#2299 = ORIENTED_EDGE('',*,*,#2232,.F.);
#2300 = ORIENTED_EDGE('',*,*,#2301,.T.);
#2301 = EDGE_CURVE('',#2233,#1484,#2302,.T.);
#2302 = LINE('',#2303,#2304);
#2303 = CARTESIAN_POINT('',(0.725,0.3,0.75));
#2304 = VECTOR('',#2305,1.);
#2305 = DIRECTION('',(-0.,-0.,-1.));
#2306 = ORIENTED_EDGE('',*,*,#1491,.F.);
#2307 = ORIENTED_EDGE('',*,*,#2308,.F.);
#2308 = EDGE_CURVE('',#2225,#1475,#2309,.T.);
#2309 = LINE('',#2310,#2311);
#2310 = CARTESIAN_POINT('',(0.725,0.4,0.375));
#2311 = VECTOR('',#2312,1.);
#2312 = DIRECTION('',(0.,0.,-1.));
#2313 = PLANE('',#2314);
#2314 = AXIS2_PLACEMENT_3D('',#2315,#2316,#2317);
#2315 = CARTESIAN_POINT('',(0.725,0.3,0.75));
#2316 = DIRECTION('',(1.,0.,0.));
#2317 = DIRECTION('',(-0.,1.,0.));
#2318 = ADVANCED_FACE('',(#2319),#2325,.F.);
#2319 = FACE_BOUND('',#2320,.F.);
#2320 = EDGE_LOOP('',(#2321,#2322,#2323,#2324));
#2321 = ORIENTED_EDGE('',*,*,#2301,.F.);
#2322 = ORIENTED_EDGE('',*,*,#2240,.F.);
#2323 = ORIENTED_EDGE('',*,*,#1523,.F.);
#2324 = ORIENTED_EDGE('',*,*,#1483,.F.);
#2325 = PLANE('',#2326);
#2326 = AXIS2_PLACEMENT_3D('',#2327,#2328,#2329);
#2327 = CARTESIAN_POINT('',(-0.725,0.3,0.75));
#2328 = DIRECTION('',(0.,-1.,0.));
#2329 = DIRECTION('',(1.,0.,0.));
#2330 = ADVANCED_FACE('',(#2331),#2343,.T.);
#2331 = FACE_BOUND('',#2332,.T.);
#2332 = EDGE_LOOP('',(#2333,#2334,#2335,#2336,#2337,#2338,#2339,#2340,
    #2341,#2342));
#2333 = ORIENTED_EDGE('',*,*,#1711,.F.);
#2334 = ORIENTED_EDGE('',*,*,#1782,.F.);
#2335 = ORIENTED_EDGE('',*,*,#1818,.T.);
#2336 = ORIENTED_EDGE('',*,*,#1842,.T.);
#2337 = ORIENTED_EDGE('',*,*,#1666,.T.);
#2338 = ORIENTED_EDGE('',*,*,#1627,.F.);
#2339 = ORIENTED_EDGE('',*,*,#1554,.F.);
#2340 = ORIENTED_EDGE('',*,*,#1546,.F.);
#2341 = ORIENTED_EDGE('',*,*,#1538,.T.);
#2342 = ORIENTED_EDGE('',*,*,#1913,.F.);
#2343 = PLANE('',#2344);
#2344 = AXIS2_PLACEMENT_3D('',#2345,#2346,#2347);
#2345 = CARTESIAN_POINT('',(-0.8,0.4,0.));
#2346 = DIRECTION('',(0.,1.,0.));
#2347 = DIRECTION('',(0.,-0.,1.));
#2348 = ADVANCED_FACE('',(#2349),#2361,.T.);
#2349 = FACE_BOUND('',#2350,.T.);
#2350 = EDGE_LOOP('',(#2351,#2352,#2353,#2354,#2355,#2356,#2357,#2358,
    #2359,#2360));
#2351 = ORIENTED_EDGE('',*,*,#2122,.F.);
#2352 = ORIENTED_EDGE('',*,*,#1945,.F.);
#2353 = ORIENTED_EDGE('',*,*,#1579,.T.);
#2354 = ORIENTED_EDGE('',*,*,#1571,.T.);
#2355 = ORIENTED_EDGE('',*,*,#1563,.F.);
#2356 = ORIENTED_EDGE('',*,*,#2308,.F.);
#2357 = ORIENTED_EDGE('',*,*,#2224,.T.);
#2358 = ORIENTED_EDGE('',*,*,#2200,.F.);
#2359 = ORIENTED_EDGE('',*,*,#2177,.F.);
#2360 = ORIENTED_EDGE('',*,*,#2152,.T.);
#2361 = PLANE('',#2362);
#2362 = AXIS2_PLACEMENT_3D('',#2363,#2364,#2365);
#2363 = CARTESIAN_POINT('',(0.5,0.4,0.));
#2364 = DIRECTION('',(0.,1.,0.));
#2365 = DIRECTION('',(0.,-0.,1.));
#2366 = ADVANCED_FACE('',(#2367),#2372,.T.);
#2367 = FACE_BOUND('',#2368,.T.);
#2368 = EDGE_LOOP('',(#2369,#2370,#2371));
#2369 = ORIENTED_EDGE('',*,*,#2091,.T.);
#2370 = ORIENTED_EDGE('',*,*,#2067,.T.);
#2371 = ORIENTED_EDGE('',*,*,#2108,.T.);
#2372 = PLANE('',#2373);
#2373 = AXIS2_PLACEMENT_3D('',#2374,#2375,#2376);
#2374 = CARTESIAN_POINT('',(9.237604307034E-02,0.,1.5E-02));
#2375 = DIRECTION('',(-0.,-0.,-1.));
#2376 = DIRECTION('',(-1.,0.,0.));
#2377 = ( GEOMETRIC_REPRESENTATION_CONTEXT(3) 
GLOBAL_UNCERTAINTY_ASSIGNED_CONTEXT((#2381)) 
GLOBAL_UNIT_ASSIGNED_CONTEXT((#2378,#2379,#2380)) REPRESENTATION_CONTEXT
('Context #1','3D Context with UNIT and UNCERTAINTY') );
#2378 = ( LENGTH_UNIT() NAMED_UNIT(*) SI_UNIT(.MILLI.,.METRE.) );
#2379 = ( NAMED_UNIT(*) PLANE_ANGLE_UNIT() SI_UNIT($,.RADIAN.) );
#2380 = ( NAMED_UNIT(*) SI_UNIT($,.STERADIAN.) SOLID_ANGLE_UNIT() );
#2381 = UNCERTAINTY_MEASURE_WITH_UNIT(LENGTH_MEASURE(1.E-07),#2378,
  'distance_accuracy_value','confusion accuracy');
#2382 = CONTEXT_DEPENDENT_SHAPE_REPRESENTATION(#2383,#2385);
#2383 = ( REPRESENTATION_RELATIONSHIP('','',#853,#10) 
REPRESENTATION_RELATIONSHIP_WITH_TRANSFORMATION(#2384) 
SHAPE_REPRESENTATION_RELATIONSHIP() );
#2384 = ITEM_DEFINED_TRANSFORMATION('','',#11,#19);
#2385 = PRODUCT_DEFINITION_SHAPE('Placement','Placement of an item',
  #2386);
#2386 = NEXT_ASSEMBLY_USAGE_OCCURRENCE('2','LED1','',#5,#848,$);
#2387 = PRODUCT_RELATED_PRODUCT_CATEGORY('part',$,(#850));
#2388 = CONTEXT_DEPENDENT_SHAPE_REPRESENTATION(#2389,#2391);
#2389 = ( REPRESENTATION_RELATIONSHIP('','',#853,#10) 
REPRESENTATION_RELATIONSHIP_WITH_TRANSFORMATION(#2390) 
SHAPE_REPRESENTATION_RELATIONSHIP() );
#2390 = ITEM_DEFINED_TRANSFORMATION('','',#11,#23);
#2391 = PRODUCT_DEFINITION_SHAPE('Placement','Placement of an item',
  #2392);
#2392 = NEXT_ASSEMBLY_USAGE_OCCURRENCE('3','LED2','',#5,#848,$);
#2393 = SHAPE_DEFINITION_REPRESENTATION(#2394,#2400);
#2394 = PRODUCT_DEFINITION_SHAPE('','',#2395);
#2395 = PRODUCT_DEFINITION('design','',#2396,#2399);
#2396 = PRODUCT_DEFINITION_FORMATION('','',#2397);
#2397 = PRODUCT('Brakeman_PCB','Brakeman_PCB','',(#2398));
#2398 = PRODUCT_CONTEXT('',#2,'mechanical');
#2399 = PRODUCT_DEFINITION_CONTEXT('part definition',#2,'design');
#2400 = ADVANCED_BREP_SHAPE_REPRESENTATION('',(#11,#2401),#4106);
#2401 = MANIFOLD_SOLID_BREP('',#2402);
#2402 = CLOSED_SHELL('',(#2403,#2445,#2476,#2507,#2918,#3329,#3346,#3363
    ,#3380,#3397,#3414,#3431,#3448,#3465,#3482,#3499,#3516,#3533,#3550,
    #3567,#3584,#3601,#3618,#3635,#3652,#3669,#3686,#3703,#3720,#3737,
    #3754,#3771,#3788,#3805,#3822,#3839,#3856,#3873,#3890,#3907,#3924,
    #3936,#3953,#3970,#3987,#4004,#4021,#4043,#4060,#4077,#4089));
#2403 = ADVANCED_FACE('',(#2404),#2440,.T.);
#2404 = FACE_BOUND('',#2405,.T.);
#2405 = EDGE_LOOP('',(#2406,#2416,#2425,#2433));
#2406 = ORIENTED_EDGE('',*,*,#2407,.T.);
#2407 = EDGE_CURVE('',#2408,#2410,#2412,.T.);
#2408 = VERTEX_POINT('',#2409);
#2409 = CARTESIAN_POINT('',(145.7642,-91.223634,0.));
#2410 = VERTEX_POINT('',#2411);
#2411 = CARTESIAN_POINT('',(145.7642,-91.223634,1.51));
#2412 = LINE('',#2413,#2414);
#2413 = CARTESIAN_POINT('',(145.7642,-91.223634,0.));
#2414 = VECTOR('',#2415,1.);
#2415 = DIRECTION('',(0.,0.,1.));
#2416 = ORIENTED_EDGE('',*,*,#2417,.T.);
#2417 = EDGE_CURVE('',#2410,#2418,#2420,.T.);
#2418 = VERTEX_POINT('',#2419);
#2419 = CARTESIAN_POINT('',(150.688,-91.147434,1.51));
#2420 = CIRCLE('',#2421,3.482069125646);
#2421 = AXIS2_PLACEMENT_3D('',#2422,#2423,#2424);
#2422 = CARTESIAN_POINT('',(148.18800000328,-88.72363421202,1.51));
#2423 = DIRECTION('',(0.,0.,-1.));
#2424 = DIRECTION('',(-0.696080380895,-0.717963859351,-0.));
#2425 = ORIENTED_EDGE('',*,*,#2426,.F.);
#2426 = EDGE_CURVE('',#2427,#2418,#2429,.T.);
#2427 = VERTEX_POINT('',#2428);
#2428 = CARTESIAN_POINT('',(150.688,-91.147434,0.));
#2429 = LINE('',#2430,#2431);
#2430 = CARTESIAN_POINT('',(150.688,-91.147434,0.));
#2431 = VECTOR('',#2432,1.);
#2432 = DIRECTION('',(0.,0.,1.));
#2433 = ORIENTED_EDGE('',*,*,#2434,.F.);
#2434 = EDGE_CURVE('',#2408,#2427,#2435,.T.);
#2435 = CIRCLE('',#2436,3.482069125646);
#2436 = AXIS2_PLACEMENT_3D('',#2437,#2438,#2439);
#2437 = CARTESIAN_POINT('',(148.18800000328,-88.72363421202,0.));
#2438 = DIRECTION('',(0.,0.,-1.));
#2439 = DIRECTION('',(-0.696080380895,-0.717963859351,-0.));
#2440 = CYLINDRICAL_SURFACE('',#2441,3.482069125646);
#2441 = AXIS2_PLACEMENT_3D('',#2442,#2443,#2444);
#2442 = CARTESIAN_POINT('',(148.18800000328,-88.72363421202,0.));
#2443 = DIRECTION('',(0.,0.,-1.));
#2444 = DIRECTION('',(-0.696080380895,-0.717963859351,-0.));
#2445 = ADVANCED_FACE('',(#2446),#2471,.T.);
#2446 = FACE_BOUND('',#2447,.T.);
#2447 = EDGE_LOOP('',(#2448,#2458,#2464,#2465));
#2448 = ORIENTED_EDGE('',*,*,#2449,.T.);
#2449 = EDGE_CURVE('',#2450,#2452,#2454,.T.);
#2450 = VERTEX_POINT('',#2451);
#2451 = CARTESIAN_POINT('',(145.8722,-91.491634,0.));
#2452 = VERTEX_POINT('',#2453);
#2453 = CARTESIAN_POINT('',(145.8722,-91.491634,1.51));
#2454 = LINE('',#2455,#2456);
#2455 = CARTESIAN_POINT('',(145.8722,-91.491634,0.));
#2456 = VECTOR('',#2457,1.);
#2457 = DIRECTION('',(0.,0.,1.));
#2458 = ORIENTED_EDGE('',*,*,#2459,.T.);
#2459 = EDGE_CURVE('',#2452,#2410,#2460,.T.);
#2460 = LINE('',#2461,#2462);
#2461 = CARTESIAN_POINT('',(145.8722,-91.491634,1.51));
#2462 = VECTOR('',#2463,1.);
#2463 = DIRECTION('',(-0.373776270851,0.927518894335,0.));
#2464 = ORIENTED_EDGE('',*,*,#2407,.F.);
#2465 = ORIENTED_EDGE('',*,*,#2466,.F.);
#2466 = EDGE_CURVE('',#2450,#2408,#2467,.T.);
#2467 = LINE('',#2468,#2469);
#2468 = CARTESIAN_POINT('',(145.8722,-91.491634,0.));
#2469 = VECTOR('',#2470,1.);
#2470 = DIRECTION('',(-0.373776270851,0.927518894335,0.));
#2471 = PLANE('',#2472);
#2472 = AXIS2_PLACEMENT_3D('',#2473,#2474,#2475);
#2473 = CARTESIAN_POINT('',(145.8722,-91.491634,0.));
#2474 = DIRECTION('',(-0.927518894335,-0.373776270851,0.));
#2475 = DIRECTION('',(-0.373776270851,0.927518894335,0.));
#2476 = ADVANCED_FACE('',(#2477),#2502,.T.);
#2477 = FACE_BOUND('',#2478,.T.);
#2478 = EDGE_LOOP('',(#2479,#2480,#2488,#2496));
#2479 = ORIENTED_EDGE('',*,*,#2426,.T.);
#2480 = ORIENTED_EDGE('',*,*,#2481,.T.);
#2481 = EDGE_CURVE('',#2418,#2482,#2484,.T.);
#2482 = VERTEX_POINT('',#2483);
#2483 = CARTESIAN_POINT('',(150.5712,-91.644034,1.51));
#2484 = LINE('',#2485,#2486);
#2485 = CARTESIAN_POINT('',(150.688,-91.147434,1.51));
#2486 = VECTOR('',#2487,1.);
#2487 = DIRECTION('',(-0.228951926946,-0.973437730493,0.));
#2488 = ORIENTED_EDGE('',*,*,#2489,.F.);
#2489 = EDGE_CURVE('',#2490,#2482,#2492,.T.);
#2490 = VERTEX_POINT('',#2491);
#2491 = CARTESIAN_POINT('',(150.5712,-91.644034,0.));
#2492 = LINE('',#2493,#2494);
#2493 = CARTESIAN_POINT('',(150.5712,-91.644034,0.));
#2494 = VECTOR('',#2495,1.);
#2495 = DIRECTION('',(0.,0.,1.));
#2496 = ORIENTED_EDGE('',*,*,#2497,.F.);
#2497 = EDGE_CURVE('',#2427,#2490,#2498,.T.);
#2498 = LINE('',#2499,#2500);
#2499 = CARTESIAN_POINT('',(150.688,-91.147434,0.));
#2500 = VECTOR('',#2501,1.);
#2501 = DIRECTION('',(-0.228951926946,-0.973437730493,0.));
#2502 = PLANE('',#2503);
#2503 = AXIS2_PLACEMENT_3D('',#2504,#2505,#2506);
#2504 = CARTESIAN_POINT('',(150.688,-91.147434,0.));
#2505 = DIRECTION('',(0.973437730493,-0.228951926946,0.));
#2506 = DIRECTION('',(-0.228951926946,-0.973437730493,0.));
#2507 = ADVANCED_FACE('',(#2508,#2813,#2824,#2835,#2846,#2857,#2868,
    #2902),#2913,.F.);
#2508 = FACE_BOUND('',#2509,.F.);
#2509 = EDGE_LOOP('',(#2510,#2511,#2512,#2521,#2529,#2538,#2546,#2555,
    #2563,#2572,#2580,#2589,#2597,#2606,#2614,#2622,#2631,#2640,#2648,
    #2656,#2664,#2672,#2680,#2688,#2696,#2704,#2713,#2721,#2730,#2738,
    #2747,#2755,#2764,#2772,#2780,#2789,#2797,#2806,#2812));
#2510 = ORIENTED_EDGE('',*,*,#2434,.F.);
#2511 = ORIENTED_EDGE('',*,*,#2466,.F.);
#2512 = ORIENTED_EDGE('',*,*,#2513,.F.);
#2513 = EDGE_CURVE('',#2514,#2450,#2516,.T.);
#2514 = VERTEX_POINT('',#2515);
#2515 = CARTESIAN_POINT('',(144.8562,-92.507634,0.));
#2516 = CIRCLE('',#2517,1.016001671896);
#2517 = AXIS2_PLACEMENT_3D('',#2518,#2519,#2520);
#2518 = CARTESIAN_POINT('',(144.8561983281,-91.4916323281,0.));
#2519 = DIRECTION('',(0.,0.,1.));
#2520 = DIRECTION('',(1.645562516009E-06,-0.999999999999,0.));
#2521 = ORIENTED_EDGE('',*,*,#2522,.F.);
#2522 = EDGE_CURVE('',#2523,#2514,#2525,.T.);
#2523 = VERTEX_POINT('',#2524);
#2524 = CARTESIAN_POINT('',(144.125409,-92.507634,0.));
#2525 = LINE('',#2526,#2527);
#2526 = CARTESIAN_POINT('',(144.125409,-92.507634,0.));
#2527 = VECTOR('',#2528,1.);
#2528 = DIRECTION('',(1.,0.,0.));
#2529 = ORIENTED_EDGE('',*,*,#2530,.F.);
#2530 = EDGE_CURVE('',#2531,#2523,#2533,.T.);
#2531 = VERTEX_POINT('',#2532);
#2532 = CARTESIAN_POINT('',(142.976959,-92.883413,0.));
#2533 = CIRCLE('',#2534,1.364648976589);
#2534 = AXIS2_PLACEMENT_3D('',#2535,#2536,#2537);
#2535 = CARTESIAN_POINT('',(143.93170483396,-93.85846542004,0.));
#2536 = DIRECTION('',(0.,0.,-1.));
#2537 = DIRECTION('',(-0.699627413604,0.714507860093,0.));
#2538 = ORIENTED_EDGE('',*,*,#2539,.F.);
#2539 = EDGE_CURVE('',#2540,#2531,#2542,.T.);
#2540 = VERTEX_POINT('',#2541);
#2541 = CARTESIAN_POINT('',(142.56079,-93.758609,0.));
#2542 = LINE('',#2543,#2544);
#2543 = CARTESIAN_POINT('',(142.56079,-93.758609,0.));
#2544 = VECTOR('',#2545,1.);
#2545 = DIRECTION('',(0.429436399006,0.903097103975,0.));
#2546 = ORIENTED_EDGE('',*,*,#2547,.F.);
#2547 = EDGE_CURVE('',#2548,#2540,#2550,.T.);
#2548 = VERTEX_POINT('',#2549);
#2549 = CARTESIAN_POINT('',(141.789428,-95.341813,0.));
#2550 = CIRCLE('',#2551,4.891122482769);
#2551 = AXIS2_PLACEMENT_3D('',#2552,#2553,#2554);
#2552 = CARTESIAN_POINT('',(146.5002719045,-96.65749869529,0.));
#2553 = DIRECTION('',(0.,0.,-1.));
#2554 = DIRECTION('',(-0.963141675782,0.268994632609,0.));
#2555 = ORIENTED_EDGE('',*,*,#2556,.F.);
#2556 = EDGE_CURVE('',#2557,#2548,#2559,.T.);
#2557 = VERTEX_POINT('',#2558);
#2558 = CARTESIAN_POINT('',(141.5288,-96.208713,0.));
#2559 = LINE('',#2560,#2561);
#2560 = CARTESIAN_POINT('',(141.5288,-96.208713,0.));
#2561 = VECTOR('',#2562,1.);
#2562 = DIRECTION('',(0.287913356098,0.957656462089,0.));
#2563 = ORIENTED_EDGE('',*,*,#2564,.F.);
#2564 = EDGE_CURVE('',#2565,#2557,#2567,.T.);
#2565 = VERTEX_POINT('',#2566);
#2566 = CARTESIAN_POINT('',(141.1986,-97.465728,0.));
#2567 = CIRCLE('',#2568,1.762748152404);
#2568 = AXIS2_PLACEMENT_3D('',#2569,#2570,#2571);
#2569 = CARTESIAN_POINT('',(142.94852978199,-97.25353279063,0.));
#2570 = DIRECTION('',(0.,0.,-1.));
#2571 = DIRECTION('',(-0.992728189567,-0.120377496396,-0.));
#2572 = ORIENTED_EDGE('',*,*,#2573,.F.);
#2573 = EDGE_CURVE('',#2574,#2565,#2576,.T.);
#2574 = VERTEX_POINT('',#2575);
#2575 = CARTESIAN_POINT('',(141.093953,-99.359144,0.));
#2576 = LINE('',#2577,#2578);
#2577 = CARTESIAN_POINT('',(141.093953,-99.359144,0.));
#2578 = VECTOR('',#2579,1.);
#2579 = DIRECTION('',(5.518466900617E-02,0.998476165117,0.));
#2580 = ORIENTED_EDGE('',*,*,#2581,.F.);
#2581 = EDGE_CURVE('',#2582,#2574,#2584,.T.);
#2582 = VERTEX_POINT('',#2583);
#2583 = CARTESIAN_POINT('',(141.797767,-99.842634,0.));
#2584 = CIRCLE('',#2585,0.812095414411);
#2585 = AXIS2_PLACEMENT_3D('',#2586,#2587,#2588);
#2586 = CARTESIAN_POINT('',(141.83701436727,-99.03148752354,0.));
#2587 = DIRECTION('',(0.,0.,-1.));
#2588 = DIRECTION('',(-4.832851729349E-02,-0.998831494506,-0.));
#2589 = ORIENTED_EDGE('',*,*,#2590,.F.);
#2590 = EDGE_CURVE('',#2591,#2582,#2593,.T.);
#2591 = VERTEX_POINT('',#2592);
#2592 = CARTESIAN_POINT('',(142.944515,-99.842634,0.));
#2593 = LINE('',#2594,#2595);
#2594 = CARTESIAN_POINT('',(142.944515,-99.842634,0.));
#2595 = VECTOR('',#2596,1.);
#2596 = DIRECTION('',(-1.,0.,0.));
#2597 = ORIENTED_EDGE('',*,*,#2598,.F.);
#2598 = EDGE_CURVE('',#2599,#2591,#2601,.T.);
#2599 = VERTEX_POINT('',#2600);
#2600 = CARTESIAN_POINT('',(143.713199,-97.857478,0.));
#2601 = CIRCLE('',#2602,2.151083097878);
#2602 = AXIS2_PLACEMENT_3D('',#2603,#2604,#2605);
#2603 = CARTESIAN_POINT('',(141.58569081453,-98.17507430782,0.));
#2604 = DIRECTION('',(0.,0.,-1.));
#2605 = DIRECTION('',(0.989040445516,0.147644834427,0.));
#2606 = ORIENTED_EDGE('',*,*,#2607,.F.);
#2607 = EDGE_CURVE('',#2608,#2599,#2610,.T.);
#2608 = VERTEX_POINT('',#2609);
#2609 = CARTESIAN_POINT('',(143.7132,-97.486034,0.));
#2610 = LINE('',#2611,#2612);
#2611 = CARTESIAN_POINT('',(143.7132,-97.486034,0.));
#2612 = VECTOR('',#2613,1.);
#2613 = DIRECTION('',(-2.692195855827E-06,-0.999999999996,0.));
#2614 = ORIENTED_EDGE('',*,*,#2615,.F.);
#2615 = EDGE_CURVE('',#2616,#2608,#2618,.T.);
#2616 = VERTEX_POINT('',#2617);
#2617 = CARTESIAN_POINT('',(143.7894,-97.079634,0.));
#2618 = LINE('',#2619,#2620);
#2619 = CARTESIAN_POINT('',(143.7894,-97.079634,0.));
#2620 = VECTOR('',#2621,1.);
#2621 = DIRECTION('',(-0.18428853505,-0.982872186934,0.));
#2622 = ORIENTED_EDGE('',*,*,#2623,.F.);
#2623 = EDGE_CURVE('',#2624,#2616,#2626,.T.);
#2624 = VERTEX_POINT('',#2625);
#2625 = CARTESIAN_POINT('',(145.7198,-97.333634,0.));
#2626 = CIRCLE('',#2627,0.999875136225);
#2627 = AXIS2_PLACEMENT_3D('',#2628,#2629,#2630);
#2628 = CARTESIAN_POINT('',(144.72484886292,-97.43274264177,0.));
#2629 = DIRECTION('',(0.,0.,1.));
#2630 = DIRECTION('',(0.995075385944,9.91210183945E-02,-0.));
#2631 = ORIENTED_EDGE('',*,*,#2632,.F.);
#2632 = EDGE_CURVE('',#2633,#2624,#2635,.T.);
#2633 = VERTEX_POINT('',#2634);
#2634 = CARTESIAN_POINT('',(143.8402,-102.185034,0.));
#2635 = CIRCLE('',#2636,14.367038272804);
#2636 = AXIS2_PLACEMENT_3D('',#2637,#2638,#2639);
#2637 = CARTESIAN_POINT('',(131.60471930183,-94.65477498605,0.));
#2638 = DIRECTION('',(0.,0.,1.));
#2639 = DIRECTION('',(0.851635560916,-0.524134402022,0.));
#2640 = ORIENTED_EDGE('',*,*,#2641,.F.);
#2641 = EDGE_CURVE('',#2642,#2633,#2644,.T.);
#2642 = VERTEX_POINT('',#2643);
#2643 = CARTESIAN_POINT('',(143.5608,-105.741034,0.));
#2644 = LINE('',#2645,#2646);
#2645 = CARTESIAN_POINT('',(143.5608,-105.741034,0.));
#2646 = VECTOR('',#2647,1.);
#2647 = DIRECTION('',(7.833001660568E-02,0.996927484072,0.));
#2648 = ORIENTED_EDGE('',*,*,#2649,.F.);
#2649 = EDGE_CURVE('',#2650,#2642,#2652,.T.);
#2650 = VERTEX_POINT('',#2651);
#2651 = CARTESIAN_POINT('',(136.4996,-105.715634,0.));
#2652 = LINE('',#2653,#2654);
#2653 = CARTESIAN_POINT('',(136.4996,-105.715634,0.));
#2654 = VECTOR('',#2655,1.);
#2655 = DIRECTION('',(0.999993530418,-3.597099030283E-03,0.));
#2656 = ORIENTED_EDGE('',*,*,#2657,.F.);
#2657 = EDGE_CURVE('',#2658,#2650,#2660,.T.);
#2658 = VERTEX_POINT('',#2659);
#2659 = CARTESIAN_POINT('',(136.4996,-124.765634,0.));
#2660 = LINE('',#2661,#2662);
#2661 = CARTESIAN_POINT('',(136.4996,-124.765634,0.));
#2662 = VECTOR('',#2663,1.);
#2663 = DIRECTION('',(0.,1.,0.));
#2664 = ORIENTED_EDGE('',*,*,#2665,.F.);
#2665 = EDGE_CURVE('',#2666,#2658,#2668,.T.);
#2666 = VERTEX_POINT('',#2667);
#2667 = CARTESIAN_POINT('',(160.5026,-124.765634,0.));
#2668 = LINE('',#2669,#2670);
#2669 = CARTESIAN_POINT('',(160.5026,-124.765634,0.));
#2670 = VECTOR('',#2671,1.);
#2671 = DIRECTION('',(-1.,0.,0.));
#2672 = ORIENTED_EDGE('',*,*,#2673,.F.);
#2673 = EDGE_CURVE('',#2674,#2666,#2676,.T.);
#2674 = VERTEX_POINT('',#2675);
#2675 = CARTESIAN_POINT('',(160.5026,-105.715634,0.));
#2676 = LINE('',#2677,#2678);
#2677 = CARTESIAN_POINT('',(160.5026,-105.715634,0.));
#2678 = VECTOR('',#2679,1.);
#2679 = DIRECTION('',(0.,-1.,0.));
#2680 = ORIENTED_EDGE('',*,*,#2681,.F.);
#2681 = EDGE_CURVE('',#2682,#2674,#2684,.T.);
#2682 = VERTEX_POINT('',#2683);
#2683 = CARTESIAN_POINT('',(153.0096,-105.715634,0.));
#2684 = LINE('',#2685,#2686);
#2685 = CARTESIAN_POINT('',(153.0096,-105.715634,0.));
#2686 = VECTOR('',#2687,1.);
#2687 = DIRECTION('',(1.,0.,0.));
#2688 = ORIENTED_EDGE('',*,*,#2689,.F.);
#2689 = EDGE_CURVE('',#2690,#2682,#2692,.T.);
#2690 = VERTEX_POINT('',#2691);
#2691 = CARTESIAN_POINT('',(152.6032,-102.083434,0.));
#2692 = LINE('',#2693,#2694);
#2693 = CARTESIAN_POINT('',(152.6032,-102.083434,0.));
#2694 = VECTOR('',#2695,1.);
#2695 = DIRECTION('',(0.11119425905,-0.993798690256,0.));
#2696 = ORIENTED_EDGE('',*,*,#2697,.F.);
#2697 = EDGE_CURVE('',#2698,#2690,#2700,.T.);
#2698 = VERTEX_POINT('',#2699);
#2699 = CARTESIAN_POINT('',(151.6888,-100.889634,0.));
#2700 = LINE('',#2701,#2702);
#2701 = CARTESIAN_POINT('',(151.6888,-100.889634,0.));
#2702 = VECTOR('',#2703,1.);
#2703 = DIRECTION('',(0.608076877788,-0.793878146002,0.));
#2704 = ORIENTED_EDGE('',*,*,#2705,.F.);
#2705 = EDGE_CURVE('',#2706,#2698,#2708,.T.);
#2706 = VERTEX_POINT('',#2707);
#2707 = CARTESIAN_POINT('',(151.8764,-96.511034,0.));
#2708 = CIRCLE('',#2709,3.09897762218);
#2709 = AXIS2_PLACEMENT_3D('',#2710,#2711,#2712);
#2710 = CARTESIAN_POINT('',(153.97189918907,-98.79413396525,0.));
#2711 = DIRECTION('',(0.,0.,1.));
#2712 = DIRECTION('',(-0.676190487494,0.736726831751,0.));
#2713 = ORIENTED_EDGE('',*,*,#2714,.F.);
#2714 = EDGE_CURVE('',#2715,#2706,#2717,.T.);
#2715 = VERTEX_POINT('',#2716);
#2716 = CARTESIAN_POINT('',(154.01704,-95.215634,0.));
#2717 = LINE('',#2718,#2719);
#2718 = CARTESIAN_POINT('',(154.01704,-95.215634,0.));
#2719 = VECTOR('',#2720,1.);
#2720 = DIRECTION('',(-0.855544430272,-0.517729396337,0.));
#2721 = ORIENTED_EDGE('',*,*,#2722,.F.);
#2722 = EDGE_CURVE('',#2723,#2715,#2725,.T.);
#2723 = VERTEX_POINT('',#2724);
#2724 = CARTESIAN_POINT('',(155.829,-93.015634,0.));
#2725 = CIRCLE('',#2726,4.740106479528);
#2726 = AXIS2_PLACEMENT_3D('',#2727,#2728,#2729);
#2727 = CARTESIAN_POINT('',(151.43341469319,-91.24153162194,0.));
#2728 = DIRECTION('',(0.,0.,-1.));
#2729 = DIRECTION('',(0.927317841022,-0.3742747944,0.));
#2730 = ORIENTED_EDGE('',*,*,#2731,.F.);
#2731 = EDGE_CURVE('',#2732,#2723,#2734,.T.);
#2732 = VERTEX_POINT('',#2733);
#2733 = CARTESIAN_POINT('',(155.8036,-89.967634,0.));
#2734 = LINE('',#2735,#2736);
#2735 = CARTESIAN_POINT('',(155.8036,-89.967634,0.));
#2736 = VECTOR('',#2737,1.);
#2737 = DIRECTION('',(8.333043996557E-03,-0.999965279586,0.));
#2738 = ORIENTED_EDGE('',*,*,#2739,.F.);
#2739 = EDGE_CURVE('',#2740,#2732,#2742,.T.);
#2740 = VERTEX_POINT('',#2741);
#2741 = CARTESIAN_POINT('',(155.083933,-89.332634,0.));
#2742 = CIRCLE('',#2743,1.517513972846);
#2743 = AXIS2_PLACEMENT_3D('',#2744,#2745,#2746);
#2744 = CARTESIAN_POINT('',(154.4912700202,-90.72963051043,0.));
#2745 = DIRECTION('',(0.,0.,-1.));
#2746 = DIRECTION('',(0.390548614643,0.920582304632,0.));
#2747 = ORIENTED_EDGE('',*,*,#2748,.F.);
#2748 = EDGE_CURVE('',#2749,#2740,#2751,.T.);
#2749 = VERTEX_POINT('',#2750);
#2750 = CARTESIAN_POINT('',(154.511812,-89.332634,0.));
#2751 = LINE('',#2752,#2753);
#2752 = CARTESIAN_POINT('',(154.511812,-89.332634,0.));
#2753 = VECTOR('',#2754,1.);
#2754 = DIRECTION('',(1.,0.,0.));
#2755 = ORIENTED_EDGE('',*,*,#2756,.F.);
#2756 = EDGE_CURVE('',#2757,#2749,#2759,.T.);
#2757 = VERTEX_POINT('',#2758);
#2758 = CARTESIAN_POINT('',(153.622824,-90.352234,0.));
#2759 = CIRCLE('',#2760,0.953154203715);
#2760 = AXIS2_PLACEMENT_3D('',#2761,#2762,#2763);
#2761 = CARTESIAN_POINT('',(154.57351752801,-90.28378875285,0.));
#2762 = DIRECTION('',(0.,0.,-1.));
#2763 = DIRECTION('',(-0.997418386559,-7.180920661293E-02,-0.));
#2764 = ORIENTED_EDGE('',*,*,#2765,.F.);
#2765 = EDGE_CURVE('',#2766,#2757,#2768,.T.);
#2766 = VERTEX_POINT('',#2767);
#2767 = CARTESIAN_POINT('',(153.6372,-91.237634,0.));
#2768 = LINE('',#2769,#2770);
#2769 = CARTESIAN_POINT('',(153.6372,-91.237634,0.));
#2770 = VECTOR('',#2771,1.);
#2771 = DIRECTION('',(-1.623458932944E-02,0.99986821037,0.));
#2772 = ORIENTED_EDGE('',*,*,#2773,.F.);
#2773 = EDGE_CURVE('',#2774,#2766,#2776,.T.);
#2774 = VERTEX_POINT('',#2775);
#2775 = CARTESIAN_POINT('',(153.629009,-91.623956,0.));
#2776 = LINE('',#2777,#2778);
#2777 = CARTESIAN_POINT('',(153.629009,-91.623956,0.));
#2778 = VECTOR('',#2779,1.);
#2779 = DIRECTION('',(2.119775602051E-02,0.999775302325,0.));
#2780 = ORIENTED_EDGE('',*,*,#2781,.F.);
#2781 = EDGE_CURVE('',#2782,#2774,#2784,.T.);
#2782 = VERTEX_POINT('',#2783);
#2783 = CARTESIAN_POINT('',(153.308259,-92.703684,0.));
#2784 = CIRCLE('',#2785,1.146287776634);
#2785 = AXIS2_PLACEMENT_3D('',#2786,#2787,#2788);
#2786 = CARTESIAN_POINT('',(152.5115708234,-91.87950949412,0.));
#2787 = DIRECTION('',(0.,0.,1.));
#2788 = DIRECTION('',(0.695015852765,-0.718994411943,0.));
#2789 = ORIENTED_EDGE('',*,*,#2790,.F.);
#2790 = EDGE_CURVE('',#2791,#2782,#2793,.T.);
#2791 = VERTEX_POINT('',#2792);
#2792 = CARTESIAN_POINT('',(151.638,-92.660034,0.));
#2793 = LINE('',#2794,#2795);
#2794 = CARTESIAN_POINT('',(151.638,-92.660034,0.));
#2795 = VECTOR('',#2796,1.);
#2796 = DIRECTION('',(0.999658690425,-2.612475181218E-02,0.));
#2797 = ORIENTED_EDGE('',*,*,#2798,.F.);
#2798 = EDGE_CURVE('',#2799,#2791,#2801,.T.);
#2799 = VERTEX_POINT('',#2800);
#2800 = CARTESIAN_POINT('',(150.6982,-92.101234,0.));
#2801 = CIRCLE('',#2802,0.773137182459);
#2802 = AXIS2_PLACEMENT_3D('',#2803,#2804,#2805);
#2803 = CARTESIAN_POINT('',(151.44750016962,-91.91073371471,0.));
#2804 = DIRECTION('',(0.,0.,1.));
#2805 = DIRECTION('',(-0.969168456297,-0.246399073292,0.));
#2806 = ORIENTED_EDGE('',*,*,#2807,.F.);
#2807 = EDGE_CURVE('',#2490,#2799,#2808,.T.);
#2808 = LINE('',#2809,#2810);
#2809 = CARTESIAN_POINT('',(150.5712,-91.644034,0.));
#2810 = VECTOR('',#2811,1.);
#2811 = DIRECTION('',(0.267643863786,-0.96351790963,0.));
#2812 = ORIENTED_EDGE('',*,*,#2497,.F.);
#2813 = FACE_BOUND('',#2814,.F.);
#2814 = EDGE_LOOP('',(#2815));
#2815 = ORIENTED_EDGE('',*,*,#2816,.T.);
#2816 = EDGE_CURVE('',#2817,#2817,#2819,.T.);
#2817 = VERTEX_POINT('',#2818);
#2818 = CARTESIAN_POINT('',(145.288,-110.586,0.));
#2819 = CIRCLE('',#2820,0.35);
#2820 = AXIS2_PLACEMENT_3D('',#2821,#2822,#2823);
#2821 = CARTESIAN_POINT('',(145.288,-110.236,0.));
#2822 = DIRECTION('',(-0.,0.,-1.));
#2823 = DIRECTION('',(-0.,-1.,0.));
#2824 = FACE_BOUND('',#2825,.F.);
#2825 = EDGE_LOOP('',(#2826));
#2826 = ORIENTED_EDGE('',*,*,#2827,.T.);
#2827 = EDGE_CURVE('',#2828,#2828,#2830,.T.);
#2828 = VERTEX_POINT('',#2829);
#2829 = CARTESIAN_POINT('',(145.288,-107.411,0.));
#2830 = CIRCLE('',#2831,0.35);
#2831 = AXIS2_PLACEMENT_3D('',#2832,#2833,#2834);
#2832 = CARTESIAN_POINT('',(145.288,-107.061,0.));
#2833 = DIRECTION('',(-0.,0.,-1.));
#2834 = DIRECTION('',(-0.,-1.,0.));
#2835 = FACE_BOUND('',#2836,.F.);
#2836 = EDGE_LOOP('',(#2837));
#2837 = ORIENTED_EDGE('',*,*,#2838,.T.);
#2838 = EDGE_CURVE('',#2839,#2839,#2841,.T.);
#2839 = VERTEX_POINT('',#2840);
#2840 = CARTESIAN_POINT('',(151.257,-110.586,0.));
#2841 = CIRCLE('',#2842,0.35);
#2842 = AXIS2_PLACEMENT_3D('',#2843,#2844,#2845);
#2843 = CARTESIAN_POINT('',(151.257,-110.236,0.));
#2844 = DIRECTION('',(-0.,0.,-1.));
#2845 = DIRECTION('',(-0.,-1.,0.));
#2846 = FACE_BOUND('',#2847,.F.);
#2847 = EDGE_LOOP('',(#2848));
#2848 = ORIENTED_EDGE('',*,*,#2849,.T.);
#2849 = EDGE_CURVE('',#2850,#2850,#2852,.T.);
#2850 = VERTEX_POINT('',#2851);
#2851 = CARTESIAN_POINT('',(151.257,-107.411,0.));
#2852 = CIRCLE('',#2853,0.35);
#2853 = AXIS2_PLACEMENT_3D('',#2854,#2855,#2856);
#2854 = CARTESIAN_POINT('',(151.257,-107.061,0.));
#2855 = DIRECTION('',(-0.,0.,-1.));
#2856 = DIRECTION('',(-0.,-1.,0.));
#2857 = FACE_BOUND('',#2858,.F.);
#2858 = EDGE_LOOP('',(#2859));
#2859 = ORIENTED_EDGE('',*,*,#2860,.T.);
#2860 = EDGE_CURVE('',#2861,#2861,#2863,.T.);
#2861 = VERTEX_POINT('',#2862);
#2862 = CARTESIAN_POINT('',(145.415,-103.855,0.));
#2863 = CIRCLE('',#2864,0.35);
#2864 = AXIS2_PLACEMENT_3D('',#2865,#2866,#2867);
#2865 = CARTESIAN_POINT('',(145.415,-103.505,0.));
#2866 = DIRECTION('',(-0.,0.,-1.));
#2867 = DIRECTION('',(-0.,-1.,0.));
#2868 = FACE_BOUND('',#2869,.F.);
#2869 = EDGE_LOOP('',(#2870,#2880,#2888,#2896));
#2870 = ORIENTED_EDGE('',*,*,#2871,.F.);
#2871 = EDGE_CURVE('',#2872,#2874,#2876,.T.);
#2872 = VERTEX_POINT('',#2873);
#2873 = CARTESIAN_POINT('',(146.7866,-105.715634,0.));
#2874 = VERTEX_POINT('',#2875);
#2875 = CARTESIAN_POINT('',(149.8346,-105.715634,0.));
#2876 = LINE('',#2877,#2878);
#2877 = CARTESIAN_POINT('',(146.7866,-105.715634,0.));
#2878 = VECTOR('',#2879,1.);
#2879 = DIRECTION('',(1.,0.,0.));
#2880 = ORIENTED_EDGE('',*,*,#2881,.F.);
#2881 = EDGE_CURVE('',#2882,#2872,#2884,.T.);
#2882 = VERTEX_POINT('',#2883);
#2883 = CARTESIAN_POINT('',(147.2642,-101.239634,0.));
#2884 = LINE('',#2885,#2886);
#2885 = CARTESIAN_POINT('',(147.2642,-101.239634,0.));
#2886 = VECTOR('',#2887,1.);
#2887 = DIRECTION('',(-0.10610012589,-0.994355451177,0.));
#2888 = ORIENTED_EDGE('',*,*,#2889,.F.);
#2889 = EDGE_CURVE('',#2890,#2882,#2892,.T.);
#2890 = VERTEX_POINT('',#2891);
#2891 = CARTESIAN_POINT('',(149.2642,-101.239634,0.));
#2892 = LINE('',#2893,#2894);
#2893 = CARTESIAN_POINT('',(149.2642,-101.239634,0.));
#2894 = VECTOR('',#2895,1.);
#2895 = DIRECTION('',(-1.,0.,0.));
#2896 = ORIENTED_EDGE('',*,*,#2897,.F.);
#2897 = EDGE_CURVE('',#2874,#2890,#2898,.T.);
#2898 = LINE('',#2899,#2900);
#2899 = CARTESIAN_POINT('',(149.8346,-105.715634,0.));
#2900 = VECTOR('',#2901,1.);
#2901 = DIRECTION('',(-0.126412888093,0.991977712312,0.));
#2902 = FACE_BOUND('',#2903,.F.);
#2903 = EDGE_LOOP('',(#2904));
#2904 = ORIENTED_EDGE('',*,*,#2905,.T.);
#2905 = EDGE_CURVE('',#2906,#2906,#2908,.T.);
#2906 = VERTEX_POINT('',#2907);
#2907 = CARTESIAN_POINT('',(151.13,-103.855,0.));
#2908 = CIRCLE('',#2909,0.35);
#2909 = AXIS2_PLACEMENT_3D('',#2910,#2911,#2912);
#2910 = CARTESIAN_POINT('',(151.13,-103.505,0.));
#2911 = DIRECTION('',(-0.,0.,-1.));
#2912 = DIRECTION('',(-0.,-1.,0.));
#2913 = PLANE('',#2914);
#2914 = AXIS2_PLACEMENT_3D('',#2915,#2916,#2917);
#2915 = CARTESIAN_POINT('',(0.,0.,0.));
#2916 = DIRECTION('',(0.,0.,1.));
#2917 = DIRECTION('',(1.,0.,-0.));
#2918 = ADVANCED_FACE('',(#2919,#3224,#3235,#3246,#3257,#3268,#3279,
    #3313),#3324,.T.);
#2919 = FACE_BOUND('',#2920,.T.);
#2920 = EDGE_LOOP('',(#2921,#2922,#2923,#2932,#2940,#2949,#2957,#2966,
    #2974,#2983,#2991,#3000,#3008,#3017,#3025,#3033,#3042,#3051,#3059,
    #3067,#3075,#3083,#3091,#3099,#3107,#3115,#3124,#3132,#3141,#3149,
    #3158,#3166,#3175,#3183,#3191,#3200,#3208,#3217,#3223));
#2921 = ORIENTED_EDGE('',*,*,#2417,.F.);
#2922 = ORIENTED_EDGE('',*,*,#2459,.F.);
#2923 = ORIENTED_EDGE('',*,*,#2924,.F.);
#2924 = EDGE_CURVE('',#2925,#2452,#2927,.T.);
#2925 = VERTEX_POINT('',#2926);
#2926 = CARTESIAN_POINT('',(144.8562,-92.507634,1.51));
#2927 = CIRCLE('',#2928,1.016001671896);
#2928 = AXIS2_PLACEMENT_3D('',#2929,#2930,#2931);
#2929 = CARTESIAN_POINT('',(144.8561983281,-91.4916323281,1.51));
#2930 = DIRECTION('',(0.,0.,1.));
#2931 = DIRECTION('',(1.645562516009E-06,-0.999999999999,0.));
#2932 = ORIENTED_EDGE('',*,*,#2933,.F.);
#2933 = EDGE_CURVE('',#2934,#2925,#2936,.T.);
#2934 = VERTEX_POINT('',#2935);
#2935 = CARTESIAN_POINT('',(144.125409,-92.507634,1.51));
#2936 = LINE('',#2937,#2938);
#2937 = CARTESIAN_POINT('',(144.125409,-92.507634,1.51));
#2938 = VECTOR('',#2939,1.);
#2939 = DIRECTION('',(1.,0.,0.));
#2940 = ORIENTED_EDGE('',*,*,#2941,.F.);
#2941 = EDGE_CURVE('',#2942,#2934,#2944,.T.);
#2942 = VERTEX_POINT('',#2943);
#2943 = CARTESIAN_POINT('',(142.976959,-92.883413,1.51));
#2944 = CIRCLE('',#2945,1.364648976589);
#2945 = AXIS2_PLACEMENT_3D('',#2946,#2947,#2948);
#2946 = CARTESIAN_POINT('',(143.93170483396,-93.85846542004,1.51));
#2947 = DIRECTION('',(0.,0.,-1.));
#2948 = DIRECTION('',(-0.699627413604,0.714507860093,0.));
#2949 = ORIENTED_EDGE('',*,*,#2950,.F.);
#2950 = EDGE_CURVE('',#2951,#2942,#2953,.T.);
#2951 = VERTEX_POINT('',#2952);
#2952 = CARTESIAN_POINT('',(142.56079,-93.758609,1.51));
#2953 = LINE('',#2954,#2955);
#2954 = CARTESIAN_POINT('',(142.56079,-93.758609,1.51));
#2955 = VECTOR('',#2956,1.);
#2956 = DIRECTION('',(0.429436399006,0.903097103975,0.));
#2957 = ORIENTED_EDGE('',*,*,#2958,.F.);
#2958 = EDGE_CURVE('',#2959,#2951,#2961,.T.);
#2959 = VERTEX_POINT('',#2960);
#2960 = CARTESIAN_POINT('',(141.789428,-95.341813,1.51));
#2961 = CIRCLE('',#2962,4.891122482769);
#2962 = AXIS2_PLACEMENT_3D('',#2963,#2964,#2965);
#2963 = CARTESIAN_POINT('',(146.5002719045,-96.65749869529,1.51));
#2964 = DIRECTION('',(0.,0.,-1.));
#2965 = DIRECTION('',(-0.963141675782,0.268994632609,0.));
#2966 = ORIENTED_EDGE('',*,*,#2967,.F.);
#2967 = EDGE_CURVE('',#2968,#2959,#2970,.T.);
#2968 = VERTEX_POINT('',#2969);
#2969 = CARTESIAN_POINT('',(141.5288,-96.208713,1.51));
#2970 = LINE('',#2971,#2972);
#2971 = CARTESIAN_POINT('',(141.5288,-96.208713,1.51));
#2972 = VECTOR('',#2973,1.);
#2973 = DIRECTION('',(0.287913356098,0.957656462089,0.));
#2974 = ORIENTED_EDGE('',*,*,#2975,.F.);
#2975 = EDGE_CURVE('',#2976,#2968,#2978,.T.);
#2976 = VERTEX_POINT('',#2977);
#2977 = CARTESIAN_POINT('',(141.1986,-97.465728,1.51));
#2978 = CIRCLE('',#2979,1.762748152404);
#2979 = AXIS2_PLACEMENT_3D('',#2980,#2981,#2982);
#2980 = CARTESIAN_POINT('',(142.94852978199,-97.25353279063,1.51));
#2981 = DIRECTION('',(0.,0.,-1.));
#2982 = DIRECTION('',(-0.992728189567,-0.120377496396,-0.));
#2983 = ORIENTED_EDGE('',*,*,#2984,.F.);
#2984 = EDGE_CURVE('',#2985,#2976,#2987,.T.);
#2985 = VERTEX_POINT('',#2986);
#2986 = CARTESIAN_POINT('',(141.093953,-99.359144,1.51));
#2987 = LINE('',#2988,#2989);
#2988 = CARTESIAN_POINT('',(141.093953,-99.359144,1.51));
#2989 = VECTOR('',#2990,1.);
#2990 = DIRECTION('',(5.518466900617E-02,0.998476165117,0.));
#2991 = ORIENTED_EDGE('',*,*,#2992,.F.);
#2992 = EDGE_CURVE('',#2993,#2985,#2995,.T.);
#2993 = VERTEX_POINT('',#2994);
#2994 = CARTESIAN_POINT('',(141.797767,-99.842634,1.51));
#2995 = CIRCLE('',#2996,0.812095414411);
#2996 = AXIS2_PLACEMENT_3D('',#2997,#2998,#2999);
#2997 = CARTESIAN_POINT('',(141.83701436727,-99.03148752354,1.51));
#2998 = DIRECTION('',(0.,0.,-1.));
#2999 = DIRECTION('',(-4.832851729349E-02,-0.998831494506,-0.));
#3000 = ORIENTED_EDGE('',*,*,#3001,.F.);
#3001 = EDGE_CURVE('',#3002,#2993,#3004,.T.);
#3002 = VERTEX_POINT('',#3003);
#3003 = CARTESIAN_POINT('',(142.944515,-99.842634,1.51));
#3004 = LINE('',#3005,#3006);
#3005 = CARTESIAN_POINT('',(142.944515,-99.842634,1.51));
#3006 = VECTOR('',#3007,1.);
#3007 = DIRECTION('',(-1.,0.,0.));
#3008 = ORIENTED_EDGE('',*,*,#3009,.F.);
#3009 = EDGE_CURVE('',#3010,#3002,#3012,.T.);
#3010 = VERTEX_POINT('',#3011);
#3011 = CARTESIAN_POINT('',(143.713199,-97.857478,1.51));
#3012 = CIRCLE('',#3013,2.151083097878);
#3013 = AXIS2_PLACEMENT_3D('',#3014,#3015,#3016);
#3014 = CARTESIAN_POINT('',(141.58569081453,-98.17507430782,1.51));
#3015 = DIRECTION('',(0.,0.,-1.));
#3016 = DIRECTION('',(0.989040445516,0.147644834427,0.));
#3017 = ORIENTED_EDGE('',*,*,#3018,.F.);
#3018 = EDGE_CURVE('',#3019,#3010,#3021,.T.);
#3019 = VERTEX_POINT('',#3020);
#3020 = CARTESIAN_POINT('',(143.7132,-97.486034,1.51));
#3021 = LINE('',#3022,#3023);
#3022 = CARTESIAN_POINT('',(143.7132,-97.486034,1.51));
#3023 = VECTOR('',#3024,1.);
#3024 = DIRECTION('',(-2.692195855827E-06,-0.999999999996,0.));
#3025 = ORIENTED_EDGE('',*,*,#3026,.F.);
#3026 = EDGE_CURVE('',#3027,#3019,#3029,.T.);
#3027 = VERTEX_POINT('',#3028);
#3028 = CARTESIAN_POINT('',(143.7894,-97.079634,1.51));
#3029 = LINE('',#3030,#3031);
#3030 = CARTESIAN_POINT('',(143.7894,-97.079634,1.51));
#3031 = VECTOR('',#3032,1.);
#3032 = DIRECTION('',(-0.18428853505,-0.982872186934,0.));
#3033 = ORIENTED_EDGE('',*,*,#3034,.F.);
#3034 = EDGE_CURVE('',#3035,#3027,#3037,.T.);
#3035 = VERTEX_POINT('',#3036);
#3036 = CARTESIAN_POINT('',(145.7198,-97.333634,1.51));
#3037 = CIRCLE('',#3038,0.999875136225);
#3038 = AXIS2_PLACEMENT_3D('',#3039,#3040,#3041);
#3039 = CARTESIAN_POINT('',(144.72484886292,-97.43274264177,1.51));
#3040 = DIRECTION('',(0.,0.,1.));
#3041 = DIRECTION('',(0.995075385944,9.91210183945E-02,-0.));
#3042 = ORIENTED_EDGE('',*,*,#3043,.F.);
#3043 = EDGE_CURVE('',#3044,#3035,#3046,.T.);
#3044 = VERTEX_POINT('',#3045);
#3045 = CARTESIAN_POINT('',(143.8402,-102.185034,1.51));
#3046 = CIRCLE('',#3047,14.367038272804);
#3047 = AXIS2_PLACEMENT_3D('',#3048,#3049,#3050);
#3048 = CARTESIAN_POINT('',(131.60471930183,-94.65477498605,1.51));
#3049 = DIRECTION('',(0.,0.,1.));
#3050 = DIRECTION('',(0.851635560916,-0.524134402022,0.));
#3051 = ORIENTED_EDGE('',*,*,#3052,.F.);
#3052 = EDGE_CURVE('',#3053,#3044,#3055,.T.);
#3053 = VERTEX_POINT('',#3054);
#3054 = CARTESIAN_POINT('',(143.5608,-105.741034,1.51));
#3055 = LINE('',#3056,#3057);
#3056 = CARTESIAN_POINT('',(143.5608,-105.741034,1.51));
#3057 = VECTOR('',#3058,1.);
#3058 = DIRECTION('',(7.833001660568E-02,0.996927484072,0.));
#3059 = ORIENTED_EDGE('',*,*,#3060,.F.);
#3060 = EDGE_CURVE('',#3061,#3053,#3063,.T.);
#3061 = VERTEX_POINT('',#3062);
#3062 = CARTESIAN_POINT('',(136.4996,-105.715634,1.51));
#3063 = LINE('',#3064,#3065);
#3064 = CARTESIAN_POINT('',(136.4996,-105.715634,1.51));
#3065 = VECTOR('',#3066,1.);
#3066 = DIRECTION('',(0.999993530418,-3.597099030283E-03,0.));
#3067 = ORIENTED_EDGE('',*,*,#3068,.F.);
#3068 = EDGE_CURVE('',#3069,#3061,#3071,.T.);
#3069 = VERTEX_POINT('',#3070);
#3070 = CARTESIAN_POINT('',(136.4996,-124.765634,1.51));
#3071 = LINE('',#3072,#3073);
#3072 = CARTESIAN_POINT('',(136.4996,-124.765634,1.51));
#3073 = VECTOR('',#3074,1.);
#3074 = DIRECTION('',(0.,1.,0.));
#3075 = ORIENTED_EDGE('',*,*,#3076,.F.);
#3076 = EDGE_CURVE('',#3077,#3069,#3079,.T.);
#3077 = VERTEX_POINT('',#3078);
#3078 = CARTESIAN_POINT('',(160.5026,-124.765634,1.51));
#3079 = LINE('',#3080,#3081);
#3080 = CARTESIAN_POINT('',(160.5026,-124.765634,1.51));
#3081 = VECTOR('',#3082,1.);
#3082 = DIRECTION('',(-1.,0.,0.));
#3083 = ORIENTED_EDGE('',*,*,#3084,.F.);
#3084 = EDGE_CURVE('',#3085,#3077,#3087,.T.);
#3085 = VERTEX_POINT('',#3086);
#3086 = CARTESIAN_POINT('',(160.5026,-105.715634,1.51));
#3087 = LINE('',#3088,#3089);
#3088 = CARTESIAN_POINT('',(160.5026,-105.715634,1.51));
#3089 = VECTOR('',#3090,1.);
#3090 = DIRECTION('',(0.,-1.,0.));
#3091 = ORIENTED_EDGE('',*,*,#3092,.F.);
#3092 = EDGE_CURVE('',#3093,#3085,#3095,.T.);
#3093 = VERTEX_POINT('',#3094);
#3094 = CARTESIAN_POINT('',(153.0096,-105.715634,1.51));
#3095 = LINE('',#3096,#3097);
#3096 = CARTESIAN_POINT('',(153.0096,-105.715634,1.51));
#3097 = VECTOR('',#3098,1.);
#3098 = DIRECTION('',(1.,0.,0.));
#3099 = ORIENTED_EDGE('',*,*,#3100,.F.);
#3100 = EDGE_CURVE('',#3101,#3093,#3103,.T.);
#3101 = VERTEX_POINT('',#3102);
#3102 = CARTESIAN_POINT('',(152.6032,-102.083434,1.51));
#3103 = LINE('',#3104,#3105);
#3104 = CARTESIAN_POINT('',(152.6032,-102.083434,1.51));
#3105 = VECTOR('',#3106,1.);
#3106 = DIRECTION('',(0.11119425905,-0.993798690256,0.));
#3107 = ORIENTED_EDGE('',*,*,#3108,.F.);
#3108 = EDGE_CURVE('',#3109,#3101,#3111,.T.);
#3109 = VERTEX_POINT('',#3110);
#3110 = CARTESIAN_POINT('',(151.6888,-100.889634,1.51));
#3111 = LINE('',#3112,#3113);
#3112 = CARTESIAN_POINT('',(151.6888,-100.889634,1.51));
#3113 = VECTOR('',#3114,1.);
#3114 = DIRECTION('',(0.608076877788,-0.793878146002,0.));
#3115 = ORIENTED_EDGE('',*,*,#3116,.F.);
#3116 = EDGE_CURVE('',#3117,#3109,#3119,.T.);
#3117 = VERTEX_POINT('',#3118);
#3118 = CARTESIAN_POINT('',(151.8764,-96.511034,1.51));
#3119 = CIRCLE('',#3120,3.09897762218);
#3120 = AXIS2_PLACEMENT_3D('',#3121,#3122,#3123);
#3121 = CARTESIAN_POINT('',(153.97189918907,-98.79413396525,1.51));
#3122 = DIRECTION('',(0.,0.,1.));
#3123 = DIRECTION('',(-0.676190487494,0.736726831751,0.));
#3124 = ORIENTED_EDGE('',*,*,#3125,.F.);
#3125 = EDGE_CURVE('',#3126,#3117,#3128,.T.);
#3126 = VERTEX_POINT('',#3127);
#3127 = CARTESIAN_POINT('',(154.01704,-95.215634,1.51));
#3128 = LINE('',#3129,#3130);
#3129 = CARTESIAN_POINT('',(154.01704,-95.215634,1.51));
#3130 = VECTOR('',#3131,1.);
#3131 = DIRECTION('',(-0.855544430272,-0.517729396337,0.));
#3132 = ORIENTED_EDGE('',*,*,#3133,.F.);
#3133 = EDGE_CURVE('',#3134,#3126,#3136,.T.);
#3134 = VERTEX_POINT('',#3135);
#3135 = CARTESIAN_POINT('',(155.829,-93.015634,1.51));
#3136 = CIRCLE('',#3137,4.740106479528);
#3137 = AXIS2_PLACEMENT_3D('',#3138,#3139,#3140);
#3138 = CARTESIAN_POINT('',(151.43341469319,-91.24153162194,1.51));
#3139 = DIRECTION('',(0.,0.,-1.));
#3140 = DIRECTION('',(0.927317841022,-0.3742747944,0.));
#3141 = ORIENTED_EDGE('',*,*,#3142,.F.);
#3142 = EDGE_CURVE('',#3143,#3134,#3145,.T.);
#3143 = VERTEX_POINT('',#3144);
#3144 = CARTESIAN_POINT('',(155.8036,-89.967634,1.51));
#3145 = LINE('',#3146,#3147);
#3146 = CARTESIAN_POINT('',(155.8036,-89.967634,1.51));
#3147 = VECTOR('',#3148,1.);
#3148 = DIRECTION('',(8.333043996557E-03,-0.999965279586,0.));
#3149 = ORIENTED_EDGE('',*,*,#3150,.F.);
#3150 = EDGE_CURVE('',#3151,#3143,#3153,.T.);
#3151 = VERTEX_POINT('',#3152);
#3152 = CARTESIAN_POINT('',(155.083933,-89.332634,1.51));
#3153 = CIRCLE('',#3154,1.517513972846);
#3154 = AXIS2_PLACEMENT_3D('',#3155,#3156,#3157);
#3155 = CARTESIAN_POINT('',(154.4912700202,-90.72963051043,1.51));
#3156 = DIRECTION('',(0.,0.,-1.));
#3157 = DIRECTION('',(0.390548614643,0.920582304632,0.));
#3158 = ORIENTED_EDGE('',*,*,#3159,.F.);
#3159 = EDGE_CURVE('',#3160,#3151,#3162,.T.);
#3160 = VERTEX_POINT('',#3161);
#3161 = CARTESIAN_POINT('',(154.511812,-89.332634,1.51));
#3162 = LINE('',#3163,#3164);
#3163 = CARTESIAN_POINT('',(154.511812,-89.332634,1.51));
#3164 = VECTOR('',#3165,1.);
#3165 = DIRECTION('',(1.,0.,0.));
#3166 = ORIENTED_EDGE('',*,*,#3167,.F.);
#3167 = EDGE_CURVE('',#3168,#3160,#3170,.T.);
#3168 = VERTEX_POINT('',#3169);
#3169 = CARTESIAN_POINT('',(153.622824,-90.352234,1.51));
#3170 = CIRCLE('',#3171,0.953154203715);
#3171 = AXIS2_PLACEMENT_3D('',#3172,#3173,#3174);
#3172 = CARTESIAN_POINT('',(154.57351752801,-90.28378875285,1.51));
#3173 = DIRECTION('',(0.,0.,-1.));
#3174 = DIRECTION('',(-0.997418386559,-7.180920661293E-02,-0.));
#3175 = ORIENTED_EDGE('',*,*,#3176,.F.);
#3176 = EDGE_CURVE('',#3177,#3168,#3179,.T.);
#3177 = VERTEX_POINT('',#3178);
#3178 = CARTESIAN_POINT('',(153.6372,-91.237634,1.51));
#3179 = LINE('',#3180,#3181);
#3180 = CARTESIAN_POINT('',(153.6372,-91.237634,1.51));
#3181 = VECTOR('',#3182,1.);
#3182 = DIRECTION('',(-1.623458932944E-02,0.99986821037,0.));
#3183 = ORIENTED_EDGE('',*,*,#3184,.F.);
#3184 = EDGE_CURVE('',#3185,#3177,#3187,.T.);
#3185 = VERTEX_POINT('',#3186);
#3186 = CARTESIAN_POINT('',(153.629009,-91.623956,1.51));
#3187 = LINE('',#3188,#3189);
#3188 = CARTESIAN_POINT('',(153.629009,-91.623956,1.51));
#3189 = VECTOR('',#3190,1.);
#3190 = DIRECTION('',(2.119775602051E-02,0.999775302325,0.));
#3191 = ORIENTED_EDGE('',*,*,#3192,.F.);
#3192 = EDGE_CURVE('',#3193,#3185,#3195,.T.);
#3193 = VERTEX_POINT('',#3194);
#3194 = CARTESIAN_POINT('',(153.308259,-92.703684,1.51));
#3195 = CIRCLE('',#3196,1.146287776634);
#3196 = AXIS2_PLACEMENT_3D('',#3197,#3198,#3199);
#3197 = CARTESIAN_POINT('',(152.5115708234,-91.87950949412,1.51));
#3198 = DIRECTION('',(0.,0.,1.));
#3199 = DIRECTION('',(0.695015852765,-0.718994411943,0.));
#3200 = ORIENTED_EDGE('',*,*,#3201,.F.);
#3201 = EDGE_CURVE('',#3202,#3193,#3204,.T.);
#3202 = VERTEX_POINT('',#3203);
#3203 = CARTESIAN_POINT('',(151.638,-92.660034,1.51));
#3204 = LINE('',#3205,#3206);
#3205 = CARTESIAN_POINT('',(151.638,-92.660034,1.51));
#3206 = VECTOR('',#3207,1.);
#3207 = DIRECTION('',(0.999658690425,-2.612475181218E-02,0.));
#3208 = ORIENTED_EDGE('',*,*,#3209,.F.);
#3209 = EDGE_CURVE('',#3210,#3202,#3212,.T.);
#3210 = VERTEX_POINT('',#3211);
#3211 = CARTESIAN_POINT('',(150.6982,-92.101234,1.51));
#3212 = CIRCLE('',#3213,0.773137182459);
#3213 = AXIS2_PLACEMENT_3D('',#3214,#3215,#3216);
#3214 = CARTESIAN_POINT('',(151.44750016962,-91.91073371471,1.51));
#3215 = DIRECTION('',(0.,0.,1.));
#3216 = DIRECTION('',(-0.969168456297,-0.246399073292,0.));
#3217 = ORIENTED_EDGE('',*,*,#3218,.F.);
#3218 = EDGE_CURVE('',#2482,#3210,#3219,.T.);
#3219 = LINE('',#3220,#3221);
#3220 = CARTESIAN_POINT('',(150.5712,-91.644034,1.51));
#3221 = VECTOR('',#3222,1.);
#3222 = DIRECTION('',(0.267643863786,-0.96351790963,0.));
#3223 = ORIENTED_EDGE('',*,*,#2481,.F.);
#3224 = FACE_BOUND('',#3225,.T.);
#3225 = EDGE_LOOP('',(#3226));
#3226 = ORIENTED_EDGE('',*,*,#3227,.T.);
#3227 = EDGE_CURVE('',#3228,#3228,#3230,.T.);
#3228 = VERTEX_POINT('',#3229);
#3229 = CARTESIAN_POINT('',(145.288,-110.586,1.51));
#3230 = CIRCLE('',#3231,0.35);
#3231 = AXIS2_PLACEMENT_3D('',#3232,#3233,#3234);
#3232 = CARTESIAN_POINT('',(145.288,-110.236,1.51));
#3233 = DIRECTION('',(-0.,0.,-1.));
#3234 = DIRECTION('',(-0.,-1.,0.));
#3235 = FACE_BOUND('',#3236,.T.);
#3236 = EDGE_LOOP('',(#3237));
#3237 = ORIENTED_EDGE('',*,*,#3238,.T.);
#3238 = EDGE_CURVE('',#3239,#3239,#3241,.T.);
#3239 = VERTEX_POINT('',#3240);
#3240 = CARTESIAN_POINT('',(145.288,-107.411,1.51));
#3241 = CIRCLE('',#3242,0.35);
#3242 = AXIS2_PLACEMENT_3D('',#3243,#3244,#3245);
#3243 = CARTESIAN_POINT('',(145.288,-107.061,1.51));
#3244 = DIRECTION('',(-0.,0.,-1.));
#3245 = DIRECTION('',(-0.,-1.,0.));
#3246 = FACE_BOUND('',#3247,.T.);
#3247 = EDGE_LOOP('',(#3248));
#3248 = ORIENTED_EDGE('',*,*,#3249,.T.);
#3249 = EDGE_CURVE('',#3250,#3250,#3252,.T.);
#3250 = VERTEX_POINT('',#3251);
#3251 = CARTESIAN_POINT('',(151.257,-110.586,1.51));
#3252 = CIRCLE('',#3253,0.35);
#3253 = AXIS2_PLACEMENT_3D('',#3254,#3255,#3256);
#3254 = CARTESIAN_POINT('',(151.257,-110.236,1.51));
#3255 = DIRECTION('',(-0.,0.,-1.));
#3256 = DIRECTION('',(-0.,-1.,0.));
#3257 = FACE_BOUND('',#3258,.T.);
#3258 = EDGE_LOOP('',(#3259));
#3259 = ORIENTED_EDGE('',*,*,#3260,.T.);
#3260 = EDGE_CURVE('',#3261,#3261,#3263,.T.);
#3261 = VERTEX_POINT('',#3262);
#3262 = CARTESIAN_POINT('',(151.257,-107.411,1.51));
#3263 = CIRCLE('',#3264,0.35);
#3264 = AXIS2_PLACEMENT_3D('',#3265,#3266,#3267);
#3265 = CARTESIAN_POINT('',(151.257,-107.061,1.51));
#3266 = DIRECTION('',(-0.,0.,-1.));
#3267 = DIRECTION('',(-0.,-1.,0.));
#3268 = FACE_BOUND('',#3269,.T.);
#3269 = EDGE_LOOP('',(#3270));
#3270 = ORIENTED_EDGE('',*,*,#3271,.T.);
#3271 = EDGE_CURVE('',#3272,#3272,#3274,.T.);
#3272 = VERTEX_POINT('',#3273);
#3273 = CARTESIAN_POINT('',(145.415,-103.855,1.51));
#3274 = CIRCLE('',#3275,0.35);
#3275 = AXIS2_PLACEMENT_3D('',#3276,#3277,#3278);
#3276 = CARTESIAN_POINT('',(145.415,-103.505,1.51));
#3277 = DIRECTION('',(-0.,0.,-1.));
#3278 = DIRECTION('',(-0.,-1.,0.));
#3279 = FACE_BOUND('',#3280,.T.);
#3280 = EDGE_LOOP('',(#3281,#3291,#3299,#3307));
#3281 = ORIENTED_EDGE('',*,*,#3282,.F.);
#3282 = EDGE_CURVE('',#3283,#3285,#3287,.T.);
#3283 = VERTEX_POINT('',#3284);
#3284 = CARTESIAN_POINT('',(146.7866,-105.715634,1.51));
#3285 = VERTEX_POINT('',#3286);
#3286 = CARTESIAN_POINT('',(149.8346,-105.715634,1.51));
#3287 = LINE('',#3288,#3289);
#3288 = CARTESIAN_POINT('',(146.7866,-105.715634,1.51));
#3289 = VECTOR('',#3290,1.);
#3290 = DIRECTION('',(1.,0.,0.));
#3291 = ORIENTED_EDGE('',*,*,#3292,.F.);
#3292 = EDGE_CURVE('',#3293,#3283,#3295,.T.);
#3293 = VERTEX_POINT('',#3294);
#3294 = CARTESIAN_POINT('',(147.2642,-101.239634,1.51));
#3295 = LINE('',#3296,#3297);
#3296 = CARTESIAN_POINT('',(147.2642,-101.239634,1.51));
#3297 = VECTOR('',#3298,1.);
#3298 = DIRECTION('',(-0.10610012589,-0.994355451177,0.));
#3299 = ORIENTED_EDGE('',*,*,#3300,.F.);
#3300 = EDGE_CURVE('',#3301,#3293,#3303,.T.);
#3301 = VERTEX_POINT('',#3302);
#3302 = CARTESIAN_POINT('',(149.2642,-101.239634,1.51));
#3303 = LINE('',#3304,#3305);
#3304 = CARTESIAN_POINT('',(149.2642,-101.239634,1.51));
#3305 = VECTOR('',#3306,1.);
#3306 = DIRECTION('',(-1.,0.,0.));
#3307 = ORIENTED_EDGE('',*,*,#3308,.F.);
#3308 = EDGE_CURVE('',#3285,#3301,#3309,.T.);
#3309 = LINE('',#3310,#3311);
#3310 = CARTESIAN_POINT('',(149.8346,-105.715634,1.51));
#3311 = VECTOR('',#3312,1.);
#3312 = DIRECTION('',(-0.126412888093,0.991977712312,0.));
#3313 = FACE_BOUND('',#3314,.T.);
#3314 = EDGE_LOOP('',(#3315));
#3315 = ORIENTED_EDGE('',*,*,#3316,.T.);
#3316 = EDGE_CURVE('',#3317,#3317,#3319,.T.);
#3317 = VERTEX_POINT('',#3318);
#3318 = CARTESIAN_POINT('',(151.13,-103.855,1.51));
#3319 = CIRCLE('',#3320,0.35);
#3320 = AXIS2_PLACEMENT_3D('',#3321,#3322,#3323);
#3321 = CARTESIAN_POINT('',(151.13,-103.505,1.51));
#3322 = DIRECTION('',(-0.,0.,-1.));
#3323 = DIRECTION('',(-0.,-1.,0.));
#3324 = PLANE('',#3325);
#3325 = AXIS2_PLACEMENT_3D('',#3326,#3327,#3328);
#3326 = CARTESIAN_POINT('',(0.,0.,1.51));
#3327 = DIRECTION('',(0.,0.,1.));
#3328 = DIRECTION('',(1.,0.,-0.));
#3329 = ADVANCED_FACE('',(#3330),#3341,.F.);
#3330 = FACE_BOUND('',#3331,.T.);
#3331 = EDGE_LOOP('',(#3332,#3338,#3339,#3340));
#3332 = ORIENTED_EDGE('',*,*,#3333,.T.);
#3333 = EDGE_CURVE('',#2514,#2925,#3334,.T.);
#3334 = LINE('',#3335,#3336);
#3335 = CARTESIAN_POINT('',(144.8562,-92.507634,0.));
#3336 = VECTOR('',#3337,1.);
#3337 = DIRECTION('',(0.,0.,1.));
#3338 = ORIENTED_EDGE('',*,*,#2924,.T.);
#3339 = ORIENTED_EDGE('',*,*,#2449,.F.);
#3340 = ORIENTED_EDGE('',*,*,#2513,.F.);
#3341 = CYLINDRICAL_SURFACE('',#3342,1.016001671896);
#3342 = AXIS2_PLACEMENT_3D('',#3343,#3344,#3345);
#3343 = CARTESIAN_POINT('',(144.8561983281,-91.4916323281,0.));
#3344 = DIRECTION('',(-0.,-0.,-1.));
#3345 = DIRECTION('',(1.645562516009E-06,-0.999999999999,0.));
#3346 = ADVANCED_FACE('',(#3347),#3358,.T.);
#3347 = FACE_BOUND('',#3348,.T.);
#3348 = EDGE_LOOP('',(#3349,#3350,#3351,#3357));
#3349 = ORIENTED_EDGE('',*,*,#2489,.T.);
#3350 = ORIENTED_EDGE('',*,*,#3218,.T.);
#3351 = ORIENTED_EDGE('',*,*,#3352,.F.);
#3352 = EDGE_CURVE('',#2799,#3210,#3353,.T.);
#3353 = LINE('',#3354,#3355);
#3354 = CARTESIAN_POINT('',(150.6982,-92.101234,0.));
#3355 = VECTOR('',#3356,1.);
#3356 = DIRECTION('',(0.,0.,1.));
#3357 = ORIENTED_EDGE('',*,*,#2807,.F.);
#3358 = PLANE('',#3359);
#3359 = AXIS2_PLACEMENT_3D('',#3360,#3361,#3362);
#3360 = CARTESIAN_POINT('',(150.5712,-91.644034,0.));
#3361 = DIRECTION('',(0.96351790963,0.267643863786,-0.));
#3362 = DIRECTION('',(0.267643863786,-0.96351790963,0.));
#3363 = ADVANCED_FACE('',(#3364),#3375,.T.);
#3364 = FACE_BOUND('',#3365,.T.);
#3365 = EDGE_LOOP('',(#3366,#3372,#3373,#3374));
#3366 = ORIENTED_EDGE('',*,*,#3367,.T.);
#3367 = EDGE_CURVE('',#2523,#2934,#3368,.T.);
#3368 = LINE('',#3369,#3370);
#3369 = CARTESIAN_POINT('',(144.125409,-92.507634,0.));
#3370 = VECTOR('',#3371,1.);
#3371 = DIRECTION('',(0.,0.,1.));
#3372 = ORIENTED_EDGE('',*,*,#2933,.T.);
#3373 = ORIENTED_EDGE('',*,*,#3333,.F.);
#3374 = ORIENTED_EDGE('',*,*,#2522,.F.);
#3375 = PLANE('',#3376);
#3376 = AXIS2_PLACEMENT_3D('',#3377,#3378,#3379);
#3377 = CARTESIAN_POINT('',(144.125409,-92.507634,0.));
#3378 = DIRECTION('',(0.,1.,0.));
#3379 = DIRECTION('',(1.,0.,0.));
#3380 = ADVANCED_FACE('',(#3381),#3392,.F.);
#3381 = FACE_BOUND('',#3382,.T.);
#3382 = EDGE_LOOP('',(#3383,#3384,#3385,#3391));
#3383 = ORIENTED_EDGE('',*,*,#3352,.T.);
#3384 = ORIENTED_EDGE('',*,*,#3209,.T.);
#3385 = ORIENTED_EDGE('',*,*,#3386,.F.);
#3386 = EDGE_CURVE('',#2791,#3202,#3387,.T.);
#3387 = LINE('',#3388,#3389);
#3388 = CARTESIAN_POINT('',(151.638,-92.660034,0.));
#3389 = VECTOR('',#3390,1.);
#3390 = DIRECTION('',(0.,0.,1.));
#3391 = ORIENTED_EDGE('',*,*,#2798,.F.);
#3392 = CYLINDRICAL_SURFACE('',#3393,0.773137182459);
#3393 = AXIS2_PLACEMENT_3D('',#3394,#3395,#3396);
#3394 = CARTESIAN_POINT('',(151.44750016962,-91.91073371471,0.));
#3395 = DIRECTION('',(-0.,-0.,-1.));
#3396 = DIRECTION('',(-0.969168456297,-0.246399073292,0.));
#3397 = ADVANCED_FACE('',(#3398),#3409,.T.);
#3398 = FACE_BOUND('',#3399,.T.);
#3399 = EDGE_LOOP('',(#3400,#3406,#3407,#3408));
#3400 = ORIENTED_EDGE('',*,*,#3401,.T.);
#3401 = EDGE_CURVE('',#2531,#2942,#3402,.T.);
#3402 = LINE('',#3403,#3404);
#3403 = CARTESIAN_POINT('',(142.976959,-92.883413,0.));
#3404 = VECTOR('',#3405,1.);
#3405 = DIRECTION('',(0.,0.,1.));
#3406 = ORIENTED_EDGE('',*,*,#2941,.T.);
#3407 = ORIENTED_EDGE('',*,*,#3367,.F.);
#3408 = ORIENTED_EDGE('',*,*,#2530,.F.);
#3409 = CYLINDRICAL_SURFACE('',#3410,1.364648976589);
#3410 = AXIS2_PLACEMENT_3D('',#3411,#3412,#3413);
#3411 = CARTESIAN_POINT('',(143.93170483396,-93.85846542004,0.));
#3412 = DIRECTION('',(0.,0.,-1.));
#3413 = DIRECTION('',(-0.699627413604,0.714507860093,0.));
#3414 = ADVANCED_FACE('',(#3415),#3426,.T.);
#3415 = FACE_BOUND('',#3416,.T.);
#3416 = EDGE_LOOP('',(#3417,#3418,#3419,#3425));
#3417 = ORIENTED_EDGE('',*,*,#3386,.T.);
#3418 = ORIENTED_EDGE('',*,*,#3201,.T.);
#3419 = ORIENTED_EDGE('',*,*,#3420,.F.);
#3420 = EDGE_CURVE('',#2782,#3193,#3421,.T.);
#3421 = LINE('',#3422,#3423);
#3422 = CARTESIAN_POINT('',(153.308259,-92.703684,0.));
#3423 = VECTOR('',#3424,1.);
#3424 = DIRECTION('',(0.,0.,1.));
#3425 = ORIENTED_EDGE('',*,*,#2790,.F.);
#3426 = PLANE('',#3427);
#3427 = AXIS2_PLACEMENT_3D('',#3428,#3429,#3430);
#3428 = CARTESIAN_POINT('',(151.638,-92.660034,0.));
#3429 = DIRECTION('',(2.612475181218E-02,0.999658690425,-0.));
#3430 = DIRECTION('',(0.999658690425,-2.612475181218E-02,0.));
#3431 = ADVANCED_FACE('',(#3432),#3443,.T.);
#3432 = FACE_BOUND('',#3433,.T.);
#3433 = EDGE_LOOP('',(#3434,#3440,#3441,#3442));
#3434 = ORIENTED_EDGE('',*,*,#3435,.T.);
#3435 = EDGE_CURVE('',#2540,#2951,#3436,.T.);
#3436 = LINE('',#3437,#3438);
#3437 = CARTESIAN_POINT('',(142.56079,-93.758609,0.));
#3438 = VECTOR('',#3439,1.);
#3439 = DIRECTION('',(0.,0.,1.));
#3440 = ORIENTED_EDGE('',*,*,#2950,.T.);
#3441 = ORIENTED_EDGE('',*,*,#3401,.F.);
#3442 = ORIENTED_EDGE('',*,*,#2539,.F.);
#3443 = PLANE('',#3444);
#3444 = AXIS2_PLACEMENT_3D('',#3445,#3446,#3447);
#3445 = CARTESIAN_POINT('',(142.56079,-93.758609,0.));
#3446 = DIRECTION('',(-0.903097103975,0.429436399006,0.));
#3447 = DIRECTION('',(0.429436399006,0.903097103975,0.));
#3448 = ADVANCED_FACE('',(#3449),#3460,.F.);
#3449 = FACE_BOUND('',#3450,.T.);
#3450 = EDGE_LOOP('',(#3451,#3452,#3453,#3459));
#3451 = ORIENTED_EDGE('',*,*,#3420,.T.);
#3452 = ORIENTED_EDGE('',*,*,#3192,.T.);
#3453 = ORIENTED_EDGE('',*,*,#3454,.F.);
#3454 = EDGE_CURVE('',#2774,#3185,#3455,.T.);
#3455 = LINE('',#3456,#3457);
#3456 = CARTESIAN_POINT('',(153.629009,-91.623956,0.));
#3457 = VECTOR('',#3458,1.);
#3458 = DIRECTION('',(0.,0.,1.));
#3459 = ORIENTED_EDGE('',*,*,#2781,.F.);
#3460 = CYLINDRICAL_SURFACE('',#3461,1.146287776634);
#3461 = AXIS2_PLACEMENT_3D('',#3462,#3463,#3464);
#3462 = CARTESIAN_POINT('',(152.5115708234,-91.87950949412,0.));
#3463 = DIRECTION('',(-0.,-0.,-1.));
#3464 = DIRECTION('',(0.695015852765,-0.718994411943,0.));
#3465 = ADVANCED_FACE('',(#3466),#3477,.T.);
#3466 = FACE_BOUND('',#3467,.T.);
#3467 = EDGE_LOOP('',(#3468,#3474,#3475,#3476));
#3468 = ORIENTED_EDGE('',*,*,#3469,.T.);
#3469 = EDGE_CURVE('',#2548,#2959,#3470,.T.);
#3470 = LINE('',#3471,#3472);
#3471 = CARTESIAN_POINT('',(141.789428,-95.341813,0.));
#3472 = VECTOR('',#3473,1.);
#3473 = DIRECTION('',(0.,0.,1.));
#3474 = ORIENTED_EDGE('',*,*,#2958,.T.);
#3475 = ORIENTED_EDGE('',*,*,#3435,.F.);
#3476 = ORIENTED_EDGE('',*,*,#2547,.F.);
#3477 = CYLINDRICAL_SURFACE('',#3478,4.891122482769);
#3478 = AXIS2_PLACEMENT_3D('',#3479,#3480,#3481);
#3479 = CARTESIAN_POINT('',(146.5002719045,-96.65749869529,0.));
#3480 = DIRECTION('',(0.,0.,-1.));
#3481 = DIRECTION('',(-0.963141675782,0.268994632609,0.));
#3482 = ADVANCED_FACE('',(#3483),#3494,.T.);
#3483 = FACE_BOUND('',#3484,.T.);
#3484 = EDGE_LOOP('',(#3485,#3486,#3487,#3493));
#3485 = ORIENTED_EDGE('',*,*,#3454,.T.);
#3486 = ORIENTED_EDGE('',*,*,#3184,.T.);
#3487 = ORIENTED_EDGE('',*,*,#3488,.F.);
#3488 = EDGE_CURVE('',#2766,#3177,#3489,.T.);
#3489 = LINE('',#3490,#3491);
#3490 = CARTESIAN_POINT('',(153.6372,-91.237634,0.));
#3491 = VECTOR('',#3492,1.);
#3492 = DIRECTION('',(0.,0.,1.));
#3493 = ORIENTED_EDGE('',*,*,#2773,.F.);
#3494 = PLANE('',#3495);
#3495 = AXIS2_PLACEMENT_3D('',#3496,#3497,#3498);
#3496 = CARTESIAN_POINT('',(153.629009,-91.623956,0.));
#3497 = DIRECTION('',(-0.999775302325,2.119775602051E-02,0.));
#3498 = DIRECTION('',(2.119775602051E-02,0.999775302325,0.));
#3499 = ADVANCED_FACE('',(#3500),#3511,.T.);
#3500 = FACE_BOUND('',#3501,.T.);
#3501 = EDGE_LOOP('',(#3502,#3508,#3509,#3510));
#3502 = ORIENTED_EDGE('',*,*,#3503,.T.);
#3503 = EDGE_CURVE('',#2557,#2968,#3504,.T.);
#3504 = LINE('',#3505,#3506);
#3505 = CARTESIAN_POINT('',(141.5288,-96.208713,0.));
#3506 = VECTOR('',#3507,1.);
#3507 = DIRECTION('',(0.,0.,1.));
#3508 = ORIENTED_EDGE('',*,*,#2967,.T.);
#3509 = ORIENTED_EDGE('',*,*,#3469,.F.);
#3510 = ORIENTED_EDGE('',*,*,#2556,.F.);
#3511 = PLANE('',#3512);
#3512 = AXIS2_PLACEMENT_3D('',#3513,#3514,#3515);
#3513 = CARTESIAN_POINT('',(141.5288,-96.208713,0.));
#3514 = DIRECTION('',(-0.957656462089,0.287913356098,0.));
#3515 = DIRECTION('',(0.287913356098,0.957656462089,0.));
#3516 = ADVANCED_FACE('',(#3517),#3528,.T.);
#3517 = FACE_BOUND('',#3518,.T.);
#3518 = EDGE_LOOP('',(#3519,#3520,#3521,#3527));
#3519 = ORIENTED_EDGE('',*,*,#3488,.T.);
#3520 = ORIENTED_EDGE('',*,*,#3176,.T.);
#3521 = ORIENTED_EDGE('',*,*,#3522,.F.);
#3522 = EDGE_CURVE('',#2757,#3168,#3523,.T.);
#3523 = LINE('',#3524,#3525);
#3524 = CARTESIAN_POINT('',(153.622824,-90.352234,0.));
#3525 = VECTOR('',#3526,1.);
#3526 = DIRECTION('',(0.,0.,1.));
#3527 = ORIENTED_EDGE('',*,*,#2765,.F.);
#3528 = PLANE('',#3529);
#3529 = AXIS2_PLACEMENT_3D('',#3530,#3531,#3532);
#3530 = CARTESIAN_POINT('',(153.6372,-91.237634,0.));
#3531 = DIRECTION('',(-0.99986821037,-1.623458932944E-02,0.));
#3532 = DIRECTION('',(-1.623458932944E-02,0.99986821037,0.));
#3533 = ADVANCED_FACE('',(#3534),#3545,.T.);
#3534 = FACE_BOUND('',#3535,.T.);
#3535 = EDGE_LOOP('',(#3536,#3542,#3543,#3544));
#3536 = ORIENTED_EDGE('',*,*,#3537,.T.);
#3537 = EDGE_CURVE('',#2565,#2976,#3538,.T.);
#3538 = LINE('',#3539,#3540);
#3539 = CARTESIAN_POINT('',(141.1986,-97.465728,0.));
#3540 = VECTOR('',#3541,1.);
#3541 = DIRECTION('',(0.,0.,1.));
#3542 = ORIENTED_EDGE('',*,*,#2975,.T.);
#3543 = ORIENTED_EDGE('',*,*,#3503,.F.);
#3544 = ORIENTED_EDGE('',*,*,#2564,.F.);
#3545 = CYLINDRICAL_SURFACE('',#3546,1.762748152404);
#3546 = AXIS2_PLACEMENT_3D('',#3547,#3548,#3549);
#3547 = CARTESIAN_POINT('',(142.94852978199,-97.25353279063,0.));
#3548 = DIRECTION('',(0.,0.,-1.));
#3549 = DIRECTION('',(-0.992728189567,-0.120377496396,-0.));
#3550 = ADVANCED_FACE('',(#3551),#3562,.T.);
#3551 = FACE_BOUND('',#3552,.T.);
#3552 = EDGE_LOOP('',(#3553,#3554,#3555,#3561));
#3553 = ORIENTED_EDGE('',*,*,#3522,.T.);
#3554 = ORIENTED_EDGE('',*,*,#3167,.T.);
#3555 = ORIENTED_EDGE('',*,*,#3556,.F.);
#3556 = EDGE_CURVE('',#2749,#3160,#3557,.T.);
#3557 = LINE('',#3558,#3559);
#3558 = CARTESIAN_POINT('',(154.511812,-89.332634,0.));
#3559 = VECTOR('',#3560,1.);
#3560 = DIRECTION('',(0.,0.,1.));
#3561 = ORIENTED_EDGE('',*,*,#2756,.F.);
#3562 = CYLINDRICAL_SURFACE('',#3563,0.953154203715);
#3563 = AXIS2_PLACEMENT_3D('',#3564,#3565,#3566);
#3564 = CARTESIAN_POINT('',(154.57351752801,-90.28378875285,0.));
#3565 = DIRECTION('',(0.,0.,-1.));
#3566 = DIRECTION('',(-0.997418386559,-7.180920661293E-02,-0.));
#3567 = ADVANCED_FACE('',(#3568),#3579,.T.);
#3568 = FACE_BOUND('',#3569,.T.);
#3569 = EDGE_LOOP('',(#3570,#3576,#3577,#3578));
#3570 = ORIENTED_EDGE('',*,*,#3571,.T.);
#3571 = EDGE_CURVE('',#2574,#2985,#3572,.T.);
#3572 = LINE('',#3573,#3574);
#3573 = CARTESIAN_POINT('',(141.093953,-99.359144,0.));
#3574 = VECTOR('',#3575,1.);
#3575 = DIRECTION('',(0.,0.,1.));
#3576 = ORIENTED_EDGE('',*,*,#2984,.T.);
#3577 = ORIENTED_EDGE('',*,*,#3537,.F.);
#3578 = ORIENTED_EDGE('',*,*,#2573,.F.);
#3579 = PLANE('',#3580);
#3580 = AXIS2_PLACEMENT_3D('',#3581,#3582,#3583);
#3581 = CARTESIAN_POINT('',(141.093953,-99.359144,0.));
#3582 = DIRECTION('',(-0.998476165117,5.518466900617E-02,0.));
#3583 = DIRECTION('',(5.518466900617E-02,0.998476165117,0.));
#3584 = ADVANCED_FACE('',(#3585),#3596,.T.);
#3585 = FACE_BOUND('',#3586,.T.);
#3586 = EDGE_LOOP('',(#3587,#3588,#3589,#3595));
#3587 = ORIENTED_EDGE('',*,*,#3556,.T.);
#3588 = ORIENTED_EDGE('',*,*,#3159,.T.);
#3589 = ORIENTED_EDGE('',*,*,#3590,.F.);
#3590 = EDGE_CURVE('',#2740,#3151,#3591,.T.);
#3591 = LINE('',#3592,#3593);
#3592 = CARTESIAN_POINT('',(155.083933,-89.332634,0.));
#3593 = VECTOR('',#3594,1.);
#3594 = DIRECTION('',(0.,0.,1.));
#3595 = ORIENTED_EDGE('',*,*,#2748,.F.);
#3596 = PLANE('',#3597);
#3597 = AXIS2_PLACEMENT_3D('',#3598,#3599,#3600);
#3598 = CARTESIAN_POINT('',(154.511812,-89.332634,0.));
#3599 = DIRECTION('',(0.,1.,0.));
#3600 = DIRECTION('',(1.,0.,0.));
#3601 = ADVANCED_FACE('',(#3602),#3613,.T.);
#3602 = FACE_BOUND('',#3603,.T.);
#3603 = EDGE_LOOP('',(#3604,#3610,#3611,#3612));
#3604 = ORIENTED_EDGE('',*,*,#3605,.T.);
#3605 = EDGE_CURVE('',#2582,#2993,#3606,.T.);
#3606 = LINE('',#3607,#3608);
#3607 = CARTESIAN_POINT('',(141.797767,-99.842634,0.));
#3608 = VECTOR('',#3609,1.);
#3609 = DIRECTION('',(0.,0.,1.));
#3610 = ORIENTED_EDGE('',*,*,#2992,.T.);
#3611 = ORIENTED_EDGE('',*,*,#3571,.F.);
#3612 = ORIENTED_EDGE('',*,*,#2581,.F.);
#3613 = CYLINDRICAL_SURFACE('',#3614,0.812095414411);
#3614 = AXIS2_PLACEMENT_3D('',#3615,#3616,#3617);
#3615 = CARTESIAN_POINT('',(141.83701436727,-99.03148752354,0.));
#3616 = DIRECTION('',(0.,0.,-1.));
#3617 = DIRECTION('',(-4.832851729349E-02,-0.998831494506,-0.));
#3618 = ADVANCED_FACE('',(#3619),#3630,.T.);
#3619 = FACE_BOUND('',#3620,.T.);
#3620 = EDGE_LOOP('',(#3621,#3622,#3623,#3629));
#3621 = ORIENTED_EDGE('',*,*,#3590,.T.);
#3622 = ORIENTED_EDGE('',*,*,#3150,.T.);
#3623 = ORIENTED_EDGE('',*,*,#3624,.F.);
#3624 = EDGE_CURVE('',#2732,#3143,#3625,.T.);
#3625 = LINE('',#3626,#3627);
#3626 = CARTESIAN_POINT('',(155.8036,-89.967634,0.));
#3627 = VECTOR('',#3628,1.);
#3628 = DIRECTION('',(0.,0.,1.));
#3629 = ORIENTED_EDGE('',*,*,#2739,.F.);
#3630 = CYLINDRICAL_SURFACE('',#3631,1.517513972846);
#3631 = AXIS2_PLACEMENT_3D('',#3632,#3633,#3634);
#3632 = CARTESIAN_POINT('',(154.4912700202,-90.72963051043,0.));
#3633 = DIRECTION('',(0.,0.,-1.));
#3634 = DIRECTION('',(0.390548614643,0.920582304632,0.));
#3635 = ADVANCED_FACE('',(#3636),#3647,.T.);
#3636 = FACE_BOUND('',#3637,.T.);
#3637 = EDGE_LOOP('',(#3638,#3644,#3645,#3646));
#3638 = ORIENTED_EDGE('',*,*,#3639,.T.);
#3639 = EDGE_CURVE('',#2591,#3002,#3640,.T.);
#3640 = LINE('',#3641,#3642);
#3641 = CARTESIAN_POINT('',(142.944515,-99.842634,0.));
#3642 = VECTOR('',#3643,1.);
#3643 = DIRECTION('',(0.,0.,1.));
#3644 = ORIENTED_EDGE('',*,*,#3001,.T.);
#3645 = ORIENTED_EDGE('',*,*,#3605,.F.);
#3646 = ORIENTED_EDGE('',*,*,#2590,.F.);
#3647 = PLANE('',#3648);
#3648 = AXIS2_PLACEMENT_3D('',#3649,#3650,#3651);
#3649 = CARTESIAN_POINT('',(142.944515,-99.842634,0.));
#3650 = DIRECTION('',(0.,-1.,0.));
#3651 = DIRECTION('',(-1.,0.,0.));
#3652 = ADVANCED_FACE('',(#3653),#3664,.T.);
#3653 = FACE_BOUND('',#3654,.T.);
#3654 = EDGE_LOOP('',(#3655,#3656,#3657,#3663));
#3655 = ORIENTED_EDGE('',*,*,#3624,.T.);
#3656 = ORIENTED_EDGE('',*,*,#3142,.T.);
#3657 = ORIENTED_EDGE('',*,*,#3658,.F.);
#3658 = EDGE_CURVE('',#2723,#3134,#3659,.T.);
#3659 = LINE('',#3660,#3661);
#3660 = CARTESIAN_POINT('',(155.829,-93.015634,0.));
#3661 = VECTOR('',#3662,1.);
#3662 = DIRECTION('',(0.,0.,1.));
#3663 = ORIENTED_EDGE('',*,*,#2731,.F.);
#3664 = PLANE('',#3665);
#3665 = AXIS2_PLACEMENT_3D('',#3666,#3667,#3668);
#3666 = CARTESIAN_POINT('',(155.8036,-89.967634,0.));
#3667 = DIRECTION('',(0.999965279586,8.333043996557E-03,-0.));
#3668 = DIRECTION('',(8.333043996557E-03,-0.999965279586,0.));
#3669 = ADVANCED_FACE('',(#3670),#3681,.T.);
#3670 = FACE_BOUND('',#3671,.T.);
#3671 = EDGE_LOOP('',(#3672,#3678,#3679,#3680));
#3672 = ORIENTED_EDGE('',*,*,#3673,.T.);
#3673 = EDGE_CURVE('',#2599,#3010,#3674,.T.);
#3674 = LINE('',#3675,#3676);
#3675 = CARTESIAN_POINT('',(143.713199,-97.857478,0.));
#3676 = VECTOR('',#3677,1.);
#3677 = DIRECTION('',(0.,0.,1.));
#3678 = ORIENTED_EDGE('',*,*,#3009,.T.);
#3679 = ORIENTED_EDGE('',*,*,#3639,.F.);
#3680 = ORIENTED_EDGE('',*,*,#2598,.F.);
#3681 = CYLINDRICAL_SURFACE('',#3682,2.151083097878);
#3682 = AXIS2_PLACEMENT_3D('',#3683,#3684,#3685);
#3683 = CARTESIAN_POINT('',(141.58569081453,-98.17507430782,0.));
#3684 = DIRECTION('',(0.,0.,-1.));
#3685 = DIRECTION('',(0.989040445516,0.147644834427,0.));
#3686 = ADVANCED_FACE('',(#3687),#3698,.T.);
#3687 = FACE_BOUND('',#3688,.T.);
#3688 = EDGE_LOOP('',(#3689,#3690,#3691,#3697));
#3689 = ORIENTED_EDGE('',*,*,#3658,.T.);
#3690 = ORIENTED_EDGE('',*,*,#3133,.T.);
#3691 = ORIENTED_EDGE('',*,*,#3692,.F.);
#3692 = EDGE_CURVE('',#2715,#3126,#3693,.T.);
#3693 = LINE('',#3694,#3695);
#3694 = CARTESIAN_POINT('',(154.01704,-95.215634,0.));
#3695 = VECTOR('',#3696,1.);
#3696 = DIRECTION('',(0.,0.,1.));
#3697 = ORIENTED_EDGE('',*,*,#2722,.F.);
#3698 = CYLINDRICAL_SURFACE('',#3699,4.740106479528);
#3699 = AXIS2_PLACEMENT_3D('',#3700,#3701,#3702);
#3700 = CARTESIAN_POINT('',(151.43341469319,-91.24153162194,0.));
#3701 = DIRECTION('',(0.,0.,-1.));
#3702 = DIRECTION('',(0.927317841022,-0.3742747944,0.));
#3703 = ADVANCED_FACE('',(#3704),#3715,.T.);
#3704 = FACE_BOUND('',#3705,.T.);
#3705 = EDGE_LOOP('',(#3706,#3712,#3713,#3714));
#3706 = ORIENTED_EDGE('',*,*,#3707,.T.);
#3707 = EDGE_CURVE('',#2608,#3019,#3708,.T.);
#3708 = LINE('',#3709,#3710);
#3709 = CARTESIAN_POINT('',(143.7132,-97.486034,0.));
#3710 = VECTOR('',#3711,1.);
#3711 = DIRECTION('',(0.,0.,1.));
#3712 = ORIENTED_EDGE('',*,*,#3018,.T.);
#3713 = ORIENTED_EDGE('',*,*,#3673,.F.);
#3714 = ORIENTED_EDGE('',*,*,#2607,.F.);
#3715 = PLANE('',#3716);
#3716 = AXIS2_PLACEMENT_3D('',#3717,#3718,#3719);
#3717 = CARTESIAN_POINT('',(143.7132,-97.486034,0.));
#3718 = DIRECTION('',(0.999999999996,-2.692195855827E-06,0.));
#3719 = DIRECTION('',(-2.692195855827E-06,-0.999999999996,0.));
#3720 = ADVANCED_FACE('',(#3721),#3732,.T.);
#3721 = FACE_BOUND('',#3722,.T.);
#3722 = EDGE_LOOP('',(#3723,#3724,#3725,#3731));
#3723 = ORIENTED_EDGE('',*,*,#3692,.T.);
#3724 = ORIENTED_EDGE('',*,*,#3125,.T.);
#3725 = ORIENTED_EDGE('',*,*,#3726,.F.);
#3726 = EDGE_CURVE('',#2706,#3117,#3727,.T.);
#3727 = LINE('',#3728,#3729);
#3728 = CARTESIAN_POINT('',(151.8764,-96.511034,0.));
#3729 = VECTOR('',#3730,1.);
#3730 = DIRECTION('',(0.,0.,1.));
#3731 = ORIENTED_EDGE('',*,*,#2714,.F.);
#3732 = PLANE('',#3733);
#3733 = AXIS2_PLACEMENT_3D('',#3734,#3735,#3736);
#3734 = CARTESIAN_POINT('',(154.01704,-95.215634,0.));
#3735 = DIRECTION('',(0.517729396337,-0.855544430272,0.));
#3736 = DIRECTION('',(-0.855544430272,-0.517729396337,0.));
#3737 = ADVANCED_FACE('',(#3738),#3749,.T.);
#3738 = FACE_BOUND('',#3739,.T.);
#3739 = EDGE_LOOP('',(#3740,#3746,#3747,#3748));
#3740 = ORIENTED_EDGE('',*,*,#3741,.T.);
#3741 = EDGE_CURVE('',#2616,#3027,#3742,.T.);
#3742 = LINE('',#3743,#3744);
#3743 = CARTESIAN_POINT('',(143.7894,-97.079634,0.));
#3744 = VECTOR('',#3745,1.);
#3745 = DIRECTION('',(0.,0.,1.));
#3746 = ORIENTED_EDGE('',*,*,#3026,.T.);
#3747 = ORIENTED_EDGE('',*,*,#3707,.F.);
#3748 = ORIENTED_EDGE('',*,*,#2615,.F.);
#3749 = PLANE('',#3750);
#3750 = AXIS2_PLACEMENT_3D('',#3751,#3752,#3753);
#3751 = CARTESIAN_POINT('',(143.7894,-97.079634,0.));
#3752 = DIRECTION('',(0.982872186934,-0.18428853505,0.));
#3753 = DIRECTION('',(-0.18428853505,-0.982872186934,0.));
#3754 = ADVANCED_FACE('',(#3755),#3766,.F.);
#3755 = FACE_BOUND('',#3756,.T.);
#3756 = EDGE_LOOP('',(#3757,#3758,#3759,#3765));
#3757 = ORIENTED_EDGE('',*,*,#3726,.T.);
#3758 = ORIENTED_EDGE('',*,*,#3116,.T.);
#3759 = ORIENTED_EDGE('',*,*,#3760,.F.);
#3760 = EDGE_CURVE('',#2698,#3109,#3761,.T.);
#3761 = LINE('',#3762,#3763);
#3762 = CARTESIAN_POINT('',(151.6888,-100.889634,0.));
#3763 = VECTOR('',#3764,1.);
#3764 = DIRECTION('',(0.,0.,1.));
#3765 = ORIENTED_EDGE('',*,*,#2705,.F.);
#3766 = CYLINDRICAL_SURFACE('',#3767,3.09897762218);
#3767 = AXIS2_PLACEMENT_3D('',#3768,#3769,#3770);
#3768 = CARTESIAN_POINT('',(153.97189918907,-98.79413396525,0.));
#3769 = DIRECTION('',(-0.,-0.,-1.));
#3770 = DIRECTION('',(-0.676190487494,0.736726831751,0.));
#3771 = ADVANCED_FACE('',(#3772),#3783,.F.);
#3772 = FACE_BOUND('',#3773,.T.);
#3773 = EDGE_LOOP('',(#3774,#3780,#3781,#3782));
#3774 = ORIENTED_EDGE('',*,*,#3775,.T.);
#3775 = EDGE_CURVE('',#2624,#3035,#3776,.T.);
#3776 = LINE('',#3777,#3778);
#3777 = CARTESIAN_POINT('',(145.7198,-97.333634,0.));
#3778 = VECTOR('',#3779,1.);
#3779 = DIRECTION('',(0.,0.,1.));
#3780 = ORIENTED_EDGE('',*,*,#3034,.T.);
#3781 = ORIENTED_EDGE('',*,*,#3741,.F.);
#3782 = ORIENTED_EDGE('',*,*,#2623,.F.);
#3783 = CYLINDRICAL_SURFACE('',#3784,0.999875136225);
#3784 = AXIS2_PLACEMENT_3D('',#3785,#3786,#3787);
#3785 = CARTESIAN_POINT('',(144.72484886292,-97.43274264177,0.));
#3786 = DIRECTION('',(-0.,-0.,-1.));
#3787 = DIRECTION('',(0.995075385944,9.91210183945E-02,-0.));
#3788 = ADVANCED_FACE('',(#3789),#3800,.T.);
#3789 = FACE_BOUND('',#3790,.T.);
#3790 = EDGE_LOOP('',(#3791,#3792,#3793,#3799));
#3791 = ORIENTED_EDGE('',*,*,#3760,.T.);
#3792 = ORIENTED_EDGE('',*,*,#3108,.T.);
#3793 = ORIENTED_EDGE('',*,*,#3794,.F.);
#3794 = EDGE_CURVE('',#2690,#3101,#3795,.T.);
#3795 = LINE('',#3796,#3797);
#3796 = CARTESIAN_POINT('',(152.6032,-102.083434,0.));
#3797 = VECTOR('',#3798,1.);
#3798 = DIRECTION('',(0.,0.,1.));
#3799 = ORIENTED_EDGE('',*,*,#2697,.F.);
#3800 = PLANE('',#3801);
#3801 = AXIS2_PLACEMENT_3D('',#3802,#3803,#3804);
#3802 = CARTESIAN_POINT('',(151.6888,-100.889634,0.));
#3803 = DIRECTION('',(0.793878146002,0.608076877788,-0.));
#3804 = DIRECTION('',(0.608076877788,-0.793878146002,0.));
#3805 = ADVANCED_FACE('',(#3806),#3817,.F.);
#3806 = FACE_BOUND('',#3807,.T.);
#3807 = EDGE_LOOP('',(#3808,#3814,#3815,#3816));
#3808 = ORIENTED_EDGE('',*,*,#3809,.T.);
#3809 = EDGE_CURVE('',#2633,#3044,#3810,.T.);
#3810 = LINE('',#3811,#3812);
#3811 = CARTESIAN_POINT('',(143.8402,-102.185034,0.));
#3812 = VECTOR('',#3813,1.);
#3813 = DIRECTION('',(0.,0.,1.));
#3814 = ORIENTED_EDGE('',*,*,#3043,.T.);
#3815 = ORIENTED_EDGE('',*,*,#3775,.F.);
#3816 = ORIENTED_EDGE('',*,*,#2632,.F.);
#3817 = CYLINDRICAL_SURFACE('',#3818,14.367038272804);
#3818 = AXIS2_PLACEMENT_3D('',#3819,#3820,#3821);
#3819 = CARTESIAN_POINT('',(131.60471930183,-94.65477498605,0.));
#3820 = DIRECTION('',(-0.,-0.,-1.));
#3821 = DIRECTION('',(0.851635560916,-0.524134402022,0.));
#3822 = ADVANCED_FACE('',(#3823),#3834,.T.);
#3823 = FACE_BOUND('',#3824,.T.);
#3824 = EDGE_LOOP('',(#3825,#3826,#3827,#3833));
#3825 = ORIENTED_EDGE('',*,*,#3794,.T.);
#3826 = ORIENTED_EDGE('',*,*,#3100,.T.);
#3827 = ORIENTED_EDGE('',*,*,#3828,.F.);
#3828 = EDGE_CURVE('',#2682,#3093,#3829,.T.);
#3829 = LINE('',#3830,#3831);
#3830 = CARTESIAN_POINT('',(153.0096,-105.715634,0.));
#3831 = VECTOR('',#3832,1.);
#3832 = DIRECTION('',(0.,0.,1.));
#3833 = ORIENTED_EDGE('',*,*,#2689,.F.);
#3834 = PLANE('',#3835);
#3835 = AXIS2_PLACEMENT_3D('',#3836,#3837,#3838);
#3836 = CARTESIAN_POINT('',(152.6032,-102.083434,0.));
#3837 = DIRECTION('',(0.993798690256,0.11119425905,-0.));
#3838 = DIRECTION('',(0.11119425905,-0.993798690256,0.));
#3839 = ADVANCED_FACE('',(#3840),#3851,.T.);
#3840 = FACE_BOUND('',#3841,.T.);
#3841 = EDGE_LOOP('',(#3842,#3848,#3849,#3850));
#3842 = ORIENTED_EDGE('',*,*,#3843,.T.);
#3843 = EDGE_CURVE('',#2642,#3053,#3844,.T.);
#3844 = LINE('',#3845,#3846);
#3845 = CARTESIAN_POINT('',(143.5608,-105.741034,0.));
#3846 = VECTOR('',#3847,1.);
#3847 = DIRECTION('',(0.,0.,1.));
#3848 = ORIENTED_EDGE('',*,*,#3052,.T.);
#3849 = ORIENTED_EDGE('',*,*,#3809,.F.);
#3850 = ORIENTED_EDGE('',*,*,#2641,.F.);
#3851 = PLANE('',#3852);
#3852 = AXIS2_PLACEMENT_3D('',#3853,#3854,#3855);
#3853 = CARTESIAN_POINT('',(143.5608,-105.741034,0.));
#3854 = DIRECTION('',(-0.996927484072,7.833001660568E-02,0.));
#3855 = DIRECTION('',(7.833001660568E-02,0.996927484072,0.));
#3856 = ADVANCED_FACE('',(#3857),#3868,.T.);
#3857 = FACE_BOUND('',#3858,.T.);
#3858 = EDGE_LOOP('',(#3859,#3860,#3861,#3867));
#3859 = ORIENTED_EDGE('',*,*,#3828,.T.);
#3860 = ORIENTED_EDGE('',*,*,#3092,.T.);
#3861 = ORIENTED_EDGE('',*,*,#3862,.F.);
#3862 = EDGE_CURVE('',#2674,#3085,#3863,.T.);
#3863 = LINE('',#3864,#3865);
#3864 = CARTESIAN_POINT('',(160.5026,-105.715634,0.));
#3865 = VECTOR('',#3866,1.);
#3866 = DIRECTION('',(0.,0.,1.));
#3867 = ORIENTED_EDGE('',*,*,#2681,.F.);
#3868 = PLANE('',#3869);
#3869 = AXIS2_PLACEMENT_3D('',#3870,#3871,#3872);
#3870 = CARTESIAN_POINT('',(153.0096,-105.715634,0.));
#3871 = DIRECTION('',(0.,1.,0.));
#3872 = DIRECTION('',(1.,0.,0.));
#3873 = ADVANCED_FACE('',(#3874),#3885,.T.);
#3874 = FACE_BOUND('',#3875,.T.);
#3875 = EDGE_LOOP('',(#3876,#3882,#3883,#3884));
#3876 = ORIENTED_EDGE('',*,*,#3877,.T.);
#3877 = EDGE_CURVE('',#2650,#3061,#3878,.T.);
#3878 = LINE('',#3879,#3880);
#3879 = CARTESIAN_POINT('',(136.4996,-105.715634,0.));
#3880 = VECTOR('',#3881,1.);
#3881 = DIRECTION('',(0.,0.,1.));
#3882 = ORIENTED_EDGE('',*,*,#3060,.T.);
#3883 = ORIENTED_EDGE('',*,*,#3843,.F.);
#3884 = ORIENTED_EDGE('',*,*,#2649,.F.);
#3885 = PLANE('',#3886);
#3886 = AXIS2_PLACEMENT_3D('',#3887,#3888,#3889);
#3887 = CARTESIAN_POINT('',(136.4996,-105.715634,0.));
#3888 = DIRECTION('',(3.597099030283E-03,0.999993530418,-0.));
#3889 = DIRECTION('',(0.999993530418,-3.597099030283E-03,0.));
#3890 = ADVANCED_FACE('',(#3891),#3902,.T.);
#3891 = FACE_BOUND('',#3892,.T.);
#3892 = EDGE_LOOP('',(#3893,#3894,#3895,#3901));
#3893 = ORIENTED_EDGE('',*,*,#3862,.T.);
#3894 = ORIENTED_EDGE('',*,*,#3084,.T.);
#3895 = ORIENTED_EDGE('',*,*,#3896,.F.);
#3896 = EDGE_CURVE('',#2666,#3077,#3897,.T.);
#3897 = LINE('',#3898,#3899);
#3898 = CARTESIAN_POINT('',(160.5026,-124.765634,0.));
#3899 = VECTOR('',#3900,1.);
#3900 = DIRECTION('',(0.,0.,1.));
#3901 = ORIENTED_EDGE('',*,*,#2673,.F.);
#3902 = PLANE('',#3903);
#3903 = AXIS2_PLACEMENT_3D('',#3904,#3905,#3906);
#3904 = CARTESIAN_POINT('',(160.5026,-105.715634,0.));
#3905 = DIRECTION('',(1.,0.,-0.));
#3906 = DIRECTION('',(0.,-1.,0.));
#3907 = ADVANCED_FACE('',(#3908),#3919,.T.);
#3908 = FACE_BOUND('',#3909,.T.);
#3909 = EDGE_LOOP('',(#3910,#3916,#3917,#3918));
#3910 = ORIENTED_EDGE('',*,*,#3911,.T.);
#3911 = EDGE_CURVE('',#2658,#3069,#3912,.T.);
#3912 = LINE('',#3913,#3914);
#3913 = CARTESIAN_POINT('',(136.4996,-124.765634,0.));
#3914 = VECTOR('',#3915,1.);
#3915 = DIRECTION('',(0.,0.,1.));
#3916 = ORIENTED_EDGE('',*,*,#3068,.T.);
#3917 = ORIENTED_EDGE('',*,*,#3877,.F.);
#3918 = ORIENTED_EDGE('',*,*,#2657,.F.);
#3919 = PLANE('',#3920);
#3920 = AXIS2_PLACEMENT_3D('',#3921,#3922,#3923);
#3921 = CARTESIAN_POINT('',(136.4996,-124.765634,0.));
#3922 = DIRECTION('',(-1.,0.,0.));
#3923 = DIRECTION('',(0.,1.,0.));
#3924 = ADVANCED_FACE('',(#3925),#3931,.T.);
#3925 = FACE_BOUND('',#3926,.T.);
#3926 = EDGE_LOOP('',(#3927,#3928,#3929,#3930));
#3927 = ORIENTED_EDGE('',*,*,#3896,.T.);
#3928 = ORIENTED_EDGE('',*,*,#3076,.T.);
#3929 = ORIENTED_EDGE('',*,*,#3911,.F.);
#3930 = ORIENTED_EDGE('',*,*,#2665,.F.);
#3931 = PLANE('',#3932);
#3932 = AXIS2_PLACEMENT_3D('',#3933,#3934,#3935);
#3933 = CARTESIAN_POINT('',(160.5026,-124.765634,0.));
#3934 = DIRECTION('',(0.,-1.,0.));
#3935 = DIRECTION('',(-1.,0.,0.));
#3936 = ADVANCED_FACE('',(#3937),#3948,.F.);
#3937 = FACE_BOUND('',#3938,.T.);
#3938 = EDGE_LOOP('',(#3939,#3940,#3946,#3947));
#3939 = ORIENTED_EDGE('',*,*,#2816,.T.);
#3940 = ORIENTED_EDGE('',*,*,#3941,.T.);
#3941 = EDGE_CURVE('',#2817,#3228,#3942,.T.);
#3942 = LINE('',#3943,#3944);
#3943 = CARTESIAN_POINT('',(145.288,-110.586,-4.6E-02));
#3944 = VECTOR('',#3945,1.);
#3945 = DIRECTION('',(0.,0.,1.));
#3946 = ORIENTED_EDGE('',*,*,#3227,.F.);
#3947 = ORIENTED_EDGE('',*,*,#3941,.F.);
#3948 = CYLINDRICAL_SURFACE('',#3949,0.35);
#3949 = AXIS2_PLACEMENT_3D('',#3950,#3951,#3952);
#3950 = CARTESIAN_POINT('',(145.288,-110.236,-4.6E-02));
#3951 = DIRECTION('',(-0.,-0.,-1.));
#3952 = DIRECTION('',(-0.,-1.,0.));
#3953 = ADVANCED_FACE('',(#3954),#3965,.F.);
#3954 = FACE_BOUND('',#3955,.T.);
#3955 = EDGE_LOOP('',(#3956,#3957,#3963,#3964));
#3956 = ORIENTED_EDGE('',*,*,#2827,.T.);
#3957 = ORIENTED_EDGE('',*,*,#3958,.T.);
#3958 = EDGE_CURVE('',#2828,#3239,#3959,.T.);
#3959 = LINE('',#3960,#3961);
#3960 = CARTESIAN_POINT('',(145.288,-107.411,-4.6E-02));
#3961 = VECTOR('',#3962,1.);
#3962 = DIRECTION('',(0.,0.,1.));
#3963 = ORIENTED_EDGE('',*,*,#3238,.F.);
#3964 = ORIENTED_EDGE('',*,*,#3958,.F.);
#3965 = CYLINDRICAL_SURFACE('',#3966,0.35);
#3966 = AXIS2_PLACEMENT_3D('',#3967,#3968,#3969);
#3967 = CARTESIAN_POINT('',(145.288,-107.061,-4.6E-02));
#3968 = DIRECTION('',(-0.,-0.,-1.));
#3969 = DIRECTION('',(-0.,-1.,0.));
#3970 = ADVANCED_FACE('',(#3971),#3982,.F.);
#3971 = FACE_BOUND('',#3972,.T.);
#3972 = EDGE_LOOP('',(#3973,#3974,#3980,#3981));
#3973 = ORIENTED_EDGE('',*,*,#2838,.T.);
#3974 = ORIENTED_EDGE('',*,*,#3975,.T.);
#3975 = EDGE_CURVE('',#2839,#3250,#3976,.T.);
#3976 = LINE('',#3977,#3978);
#3977 = CARTESIAN_POINT('',(151.257,-110.586,-4.6E-02));
#3978 = VECTOR('',#3979,1.);
#3979 = DIRECTION('',(0.,0.,1.));
#3980 = ORIENTED_EDGE('',*,*,#3249,.F.);
#3981 = ORIENTED_EDGE('',*,*,#3975,.F.);
#3982 = CYLINDRICAL_SURFACE('',#3983,0.35);
#3983 = AXIS2_PLACEMENT_3D('',#3984,#3985,#3986);
#3984 = CARTESIAN_POINT('',(151.257,-110.236,-4.6E-02));
#3985 = DIRECTION('',(-0.,-0.,-1.));
#3986 = DIRECTION('',(-0.,-1.,0.));
#3987 = ADVANCED_FACE('',(#3988),#3999,.F.);
#3988 = FACE_BOUND('',#3989,.T.);
#3989 = EDGE_LOOP('',(#3990,#3991,#3997,#3998));
#3990 = ORIENTED_EDGE('',*,*,#2849,.T.);
#3991 = ORIENTED_EDGE('',*,*,#3992,.T.);
#3992 = EDGE_CURVE('',#2850,#3261,#3993,.T.);
#3993 = LINE('',#3994,#3995);
#3994 = CARTESIAN_POINT('',(151.257,-107.411,-4.6E-02));
#3995 = VECTOR('',#3996,1.);
#3996 = DIRECTION('',(0.,0.,1.));
#3997 = ORIENTED_EDGE('',*,*,#3260,.F.);
#3998 = ORIENTED_EDGE('',*,*,#3992,.F.);
#3999 = CYLINDRICAL_SURFACE('',#4000,0.35);
#4000 = AXIS2_PLACEMENT_3D('',#4001,#4002,#4003);
#4001 = CARTESIAN_POINT('',(151.257,-107.061,-4.6E-02));
#4002 = DIRECTION('',(-0.,-0.,-1.));
#4003 = DIRECTION('',(-0.,-1.,0.));
#4004 = ADVANCED_FACE('',(#4005),#4016,.F.);
#4005 = FACE_BOUND('',#4006,.T.);
#4006 = EDGE_LOOP('',(#4007,#4008,#4014,#4015));
#4007 = ORIENTED_EDGE('',*,*,#2860,.T.);
#4008 = ORIENTED_EDGE('',*,*,#4009,.T.);
#4009 = EDGE_CURVE('',#2861,#3272,#4010,.T.);
#4010 = LINE('',#4011,#4012);
#4011 = CARTESIAN_POINT('',(145.415,-103.855,-4.6E-02));
#4012 = VECTOR('',#4013,1.);
#4013 = DIRECTION('',(0.,0.,1.));
#4014 = ORIENTED_EDGE('',*,*,#3271,.F.);
#4015 = ORIENTED_EDGE('',*,*,#4009,.F.);
#4016 = CYLINDRICAL_SURFACE('',#4017,0.35);
#4017 = AXIS2_PLACEMENT_3D('',#4018,#4019,#4020);
#4018 = CARTESIAN_POINT('',(145.415,-103.505,-4.6E-02));
#4019 = DIRECTION('',(-0.,-0.,-1.));
#4020 = DIRECTION('',(-0.,-1.,0.));
#4021 = ADVANCED_FACE('',(#4022),#4038,.T.);
#4022 = FACE_BOUND('',#4023,.T.);
#4023 = EDGE_LOOP('',(#4024,#4030,#4031,#4037));
#4024 = ORIENTED_EDGE('',*,*,#4025,.T.);
#4025 = EDGE_CURVE('',#2872,#3283,#4026,.T.);
#4026 = LINE('',#4027,#4028);
#4027 = CARTESIAN_POINT('',(146.7866,-105.715634,0.));
#4028 = VECTOR('',#4029,1.);
#4029 = DIRECTION('',(0.,0.,1.));
#4030 = ORIENTED_EDGE('',*,*,#3282,.T.);
#4031 = ORIENTED_EDGE('',*,*,#4032,.F.);
#4032 = EDGE_CURVE('',#2874,#3285,#4033,.T.);
#4033 = LINE('',#4034,#4035);
#4034 = CARTESIAN_POINT('',(149.8346,-105.715634,0.));
#4035 = VECTOR('',#4036,1.);
#4036 = DIRECTION('',(0.,0.,1.));
#4037 = ORIENTED_EDGE('',*,*,#2871,.F.);
#4038 = PLANE('',#4039);
#4039 = AXIS2_PLACEMENT_3D('',#4040,#4041,#4042);
#4040 = CARTESIAN_POINT('',(146.7866,-105.715634,0.));
#4041 = DIRECTION('',(0.,1.,0.));
#4042 = DIRECTION('',(1.,0.,0.));
#4043 = ADVANCED_FACE('',(#4044),#4055,.T.);
#4044 = FACE_BOUND('',#4045,.T.);
#4045 = EDGE_LOOP('',(#4046,#4052,#4053,#4054));
#4046 = ORIENTED_EDGE('',*,*,#4047,.T.);
#4047 = EDGE_CURVE('',#2882,#3293,#4048,.T.);
#4048 = LINE('',#4049,#4050);
#4049 = CARTESIAN_POINT('',(147.2642,-101.239634,0.));
#4050 = VECTOR('',#4051,1.);
#4051 = DIRECTION('',(0.,0.,1.));
#4052 = ORIENTED_EDGE('',*,*,#3292,.T.);
#4053 = ORIENTED_EDGE('',*,*,#4025,.F.);
#4054 = ORIENTED_EDGE('',*,*,#2881,.F.);
#4055 = PLANE('',#4056);
#4056 = AXIS2_PLACEMENT_3D('',#4057,#4058,#4059);
#4057 = CARTESIAN_POINT('',(147.2642,-101.239634,0.));
#4058 = DIRECTION('',(0.994355451177,-0.10610012589,0.));
#4059 = DIRECTION('',(-0.10610012589,-0.994355451177,0.));
#4060 = ADVANCED_FACE('',(#4061),#4072,.T.);
#4061 = FACE_BOUND('',#4062,.T.);
#4062 = EDGE_LOOP('',(#4063,#4064,#4065,#4071));
#4063 = ORIENTED_EDGE('',*,*,#4032,.T.);
#4064 = ORIENTED_EDGE('',*,*,#3308,.T.);
#4065 = ORIENTED_EDGE('',*,*,#4066,.F.);
#4066 = EDGE_CURVE('',#2890,#3301,#4067,.T.);
#4067 = LINE('',#4068,#4069);
#4068 = CARTESIAN_POINT('',(149.2642,-101.239634,0.));
#4069 = VECTOR('',#4070,1.);
#4070 = DIRECTION('',(0.,0.,1.));
#4071 = ORIENTED_EDGE('',*,*,#2897,.F.);
#4072 = PLANE('',#4073);
#4073 = AXIS2_PLACEMENT_3D('',#4074,#4075,#4076);
#4074 = CARTESIAN_POINT('',(149.8346,-105.715634,0.));
#4075 = DIRECTION('',(-0.991977712312,-0.126412888093,0.));
#4076 = DIRECTION('',(-0.126412888093,0.991977712312,0.));
#4077 = ADVANCED_FACE('',(#4078),#4084,.T.);
#4078 = FACE_BOUND('',#4079,.T.);
#4079 = EDGE_LOOP('',(#4080,#4081,#4082,#4083));
#4080 = ORIENTED_EDGE('',*,*,#4066,.T.);
#4081 = ORIENTED_EDGE('',*,*,#3300,.T.);
#4082 = ORIENTED_EDGE('',*,*,#4047,.F.);
#4083 = ORIENTED_EDGE('',*,*,#2889,.F.);
#4084 = PLANE('',#4085);
#4085 = AXIS2_PLACEMENT_3D('',#4086,#4087,#4088);
#4086 = CARTESIAN_POINT('',(149.2642,-101.239634,0.));
#4087 = DIRECTION('',(0.,-1.,0.));
#4088 = DIRECTION('',(-1.,0.,0.));
#4089 = ADVANCED_FACE('',(#4090),#4101,.F.);
#4090 = FACE_BOUND('',#4091,.T.);
#4091 = EDGE_LOOP('',(#4092,#4093,#4099,#4100));
#4092 = ORIENTED_EDGE('',*,*,#2905,.T.);
#4093 = ORIENTED_EDGE('',*,*,#4094,.T.);
#4094 = EDGE_CURVE('',#2906,#3317,#4095,.T.);
#4095 = LINE('',#4096,#4097);
#4096 = CARTESIAN_POINT('',(151.13,-103.855,-4.6E-02));
#4097 = VECTOR('',#4098,1.);
#4098 = DIRECTION('',(0.,0.,1.));
#4099 = ORIENTED_EDGE('',*,*,#3316,.F.);
#4100 = ORIENTED_EDGE('',*,*,#4094,.F.);
#4101 = CYLINDRICAL_SURFACE('',#4102,0.35);
#4102 = AXIS2_PLACEMENT_3D('',#4103,#4104,#4105);
#4103 = CARTESIAN_POINT('',(151.13,-103.505,-4.6E-02));
#4104 = DIRECTION('',(-0.,-0.,-1.));
#4105 = DIRECTION('',(-0.,-1.,0.));
#4106 = ( GEOMETRIC_REPRESENTATION_CONTEXT(3) 
GLOBAL_UNCERTAINTY_ASSIGNED_CONTEXT((#4110)) 
GLOBAL_UNIT_ASSIGNED_CONTEXT((#4107,#4108,#4109)) REPRESENTATION_CONTEXT
('Context #1','3D Context with UNIT and UNCERTAINTY') );
#4107 = ( LENGTH_UNIT() NAMED_UNIT(*) SI_UNIT(.MILLI.,.METRE.) );
#4108 = ( NAMED_UNIT(*) PLANE_ANGLE_UNIT() SI_UNIT($,.RADIAN.) );
#4109 = ( NAMED_UNIT(*) SI_UNIT($,.STERADIAN.) SOLID_ANGLE_UNIT() );
#4110 = UNCERTAINTY_MEASURE_WITH_UNIT(LENGTH_MEASURE(1.E-07),#4107,
  'distance_accuracy_value','confusion accuracy');
#4111 = CONTEXT_DEPENDENT_SHAPE_REPRESENTATION(#4112,#4114);
#4112 = ( REPRESENTATION_RELATIONSHIP('','',#2400,#10) 
REPRESENTATION_RELATIONSHIP_WITH_TRANSFORMATION(#4113) 
SHAPE_REPRESENTATION_RELATIONSHIP() );
#4113 = ITEM_DEFINED_TRANSFORMATION('','',#11,#27);
#4114 = PRODUCT_DEFINITION_SHAPE('Placement','Placement of an item',
  #4115);
#4115 = NEXT_ASSEMBLY_USAGE_OCCURRENCE('4','=>[0:1:1:4]','',#5,#2395,$);
#4116 = PRODUCT_RELATED_PRODUCT_CATEGORY('part',$,(#2397));
#4117 = MECHANICAL_DESIGN_GEOMETRIC_PRESENTATION_REPRESENTATION('',(
    #4118),#4106);
#4118 = STYLED_ITEM('color',(#4119),#2401);
#4119 = PRESENTATION_STYLE_ASSIGNMENT((#4120));
#4120 = SURFACE_STYLE_USAGE(.BOTH.,#4121);
#4121 = SURFACE_SIDE_STYLE('',(#4122));
#4122 = SURFACE_STYLE_FILL_AREA(#4123);
#4123 = FILL_AREA_STYLE('',(#4124));
#4124 = FILL_AREA_STYLE_COLOUR('',#4125);
#4125 = COLOUR_RGB('',0.313304153717,0.484529207832,0.410020903123);
#4126 = MECHANICAL_DESIGN_GEOMETRIC_PRESENTATION_REPRESENTATION('',(
    #4127,#4135,#4142,#4149,#4156,#4163,#4170,#4177,#4185,#4192,#4199,
    #4206,#4213,#4220,#4227,#4234,#4241,#4248,#4255,#4262,#4269,#4276,
    #4283,#4290,#4297,#4304,#4311,#4318,#4325,#4332,#4339,#4346,#4353,
    #4360,#4367,#4374,#4382,#4389,#4396,#4403,#4410,#4417,#4424,#4431,
    #4438,#4445,#4452,#4459,#4466,#4473),#2377);
#4127 = STYLED_ITEM('color',(#4128),#856);
#4128 = PRESENTATION_STYLE_ASSIGNMENT((#4129));
#4129 = SURFACE_STYLE_USAGE(.BOTH.,#4130);
#4130 = SURFACE_SIDE_STYLE('',(#4131));
#4131 = SURFACE_STYLE_FILL_AREA(#4132);
#4132 = FILL_AREA_STYLE('',(#4133));
#4133 = FILL_AREA_STYLE_COLOUR('',#4134);
#4134 = COLOUR_RGB('',0.894999966383,0.890999961016,0.813000030345);
#4135 = STYLED_ITEM('color',(#4136),#896);
#4136 = PRESENTATION_STYLE_ASSIGNMENT((#4137));
#4137 = SURFACE_STYLE_USAGE(.BOTH.,#4138);
#4138 = SURFACE_SIDE_STYLE('',(#4139));
#4139 = SURFACE_STYLE_FILL_AREA(#4140);
#4140 = FILL_AREA_STYLE('',(#4141));
#4141 = FILL_AREA_STYLE_COLOUR('',#4134);
#4142 = STYLED_ITEM('color',(#4143),#943);
#4143 = PRESENTATION_STYLE_ASSIGNMENT((#4144));
#4144 = SURFACE_STYLE_USAGE(.BOTH.,#4145);
#4145 = SURFACE_SIDE_STYLE('',(#4146));
#4146 = SURFACE_STYLE_FILL_AREA(#4147);
#4147 = FILL_AREA_STYLE('',(#4148));
#4148 = FILL_AREA_STYLE_COLOUR('',#4134);
#4149 = STYLED_ITEM('color',(#4150),#1022);
#4150 = PRESENTATION_STYLE_ASSIGNMENT((#4151));
#4151 = SURFACE_STYLE_USAGE(.BOTH.,#4152);
#4152 = SURFACE_SIDE_STYLE('',(#4153));
#4153 = SURFACE_STYLE_FILL_AREA(#4154);
#4154 = FILL_AREA_STYLE('',(#4155));
#4155 = FILL_AREA_STYLE_COLOUR('',#4134);
#4156 = STYLED_ITEM('color',(#4157),#1046);
#4157 = PRESENTATION_STYLE_ASSIGNMENT((#4158));
#4158 = SURFACE_STYLE_USAGE(.BOTH.,#4159);
#4159 = SURFACE_SIDE_STYLE('',(#4160));
#4160 = SURFACE_STYLE_FILL_AREA(#4161);
#4161 = FILL_AREA_STYLE('',(#4162));
#4162 = FILL_AREA_STYLE_COLOUR('',#4134);
#4163 = STYLED_ITEM('color',(#4164),#1086);
#4164 = PRESENTATION_STYLE_ASSIGNMENT((#4165));
#4165 = SURFACE_STYLE_USAGE(.BOTH.,#4166);
#4166 = SURFACE_SIDE_STYLE('',(#4167));
#4167 = SURFACE_STYLE_FILL_AREA(#4168);
#4168 = FILL_AREA_STYLE('',(#4169));
#4169 = FILL_AREA_STYLE_COLOUR('',#4134);
#4170 = STYLED_ITEM('color',(#4171),#1117);
#4171 = PRESENTATION_STYLE_ASSIGNMENT((#4172));
#4172 = SURFACE_STYLE_USAGE(.BOTH.,#4173);
#4173 = SURFACE_SIDE_STYLE('',(#4174));
#4174 = SURFACE_STYLE_FILL_AREA(#4175);
#4175 = FILL_AREA_STYLE('',(#4176));
#4176 = FILL_AREA_STYLE_COLOUR('',#4134);
#4177 = STYLED_ITEM('color',(#4178),#1134);
#4178 = PRESENTATION_STYLE_ASSIGNMENT((#4179));
#4179 = SURFACE_STYLE_USAGE(.BOTH.,#4180);
#4180 = SURFACE_SIDE_STYLE('',(#4181));
#4181 = SURFACE_STYLE_FILL_AREA(#4182);
#4182 = FILL_AREA_STYLE('',(#4183));
#4183 = FILL_AREA_STYLE_COLOUR('',#4184);
#4184 = COLOUR_RGB('',0.859000020776,0.737999965183,0.495999988746);
#4185 = STYLED_ITEM('color',(#4186),#1167);
#4186 = PRESENTATION_STYLE_ASSIGNMENT((#4187));
#4187 = SURFACE_STYLE_USAGE(.BOTH.,#4188);
#4188 = SURFACE_SIDE_STYLE('',(#4189));
#4189 = SURFACE_STYLE_FILL_AREA(#4190);
#4190 = FILL_AREA_STYLE('',(#4191));
#4191 = FILL_AREA_STYLE_COLOUR('',#4134);
#4192 = STYLED_ITEM('color',(#4193),#1191);
#4193 = PRESENTATION_STYLE_ASSIGNMENT((#4194));
#4194 = SURFACE_STYLE_USAGE(.BOTH.,#4195);
#4195 = SURFACE_SIDE_STYLE('',(#4196));
#4196 = SURFACE_STYLE_FILL_AREA(#4197);
#4197 = FILL_AREA_STYLE('',(#4198));
#4198 = FILL_AREA_STYLE_COLOUR('',#4184);
#4199 = STYLED_ITEM('color',(#4200),#1258);
#4200 = PRESENTATION_STYLE_ASSIGNMENT((#4201));
#4201 = SURFACE_STYLE_USAGE(.BOTH.,#4202);
#4202 = SURFACE_SIDE_STYLE('',(#4203));
#4203 = SURFACE_STYLE_FILL_AREA(#4204);
#4204 = FILL_AREA_STYLE('',(#4205));
#4205 = FILL_AREA_STYLE_COLOUR('',#4134);
#4206 = STYLED_ITEM('color',(#4207),#1379);
#4207 = PRESENTATION_STYLE_ASSIGNMENT((#4208));
#4208 = SURFACE_STYLE_USAGE(.BOTH.,#4209);
#4209 = SURFACE_SIDE_STYLE('',(#4210));
#4210 = SURFACE_STYLE_FILL_AREA(#4211);
#4211 = FILL_AREA_STYLE('',(#4212));
#4212 = FILL_AREA_STYLE_COLOUR('',#4184);
#4213 = STYLED_ITEM('color',(#4214),#1446);
#4214 = PRESENTATION_STYLE_ASSIGNMENT((#4215));
#4215 = SURFACE_STYLE_USAGE(.BOTH.,#4216);
#4216 = SURFACE_SIDE_STYLE('',(#4217));
#4217 = SURFACE_STYLE_FILL_AREA(#4218);
#4218 = FILL_AREA_STYLE('',(#4219));
#4219 = FILL_AREA_STYLE_COLOUR('',#4134);
#4220 = STYLED_ITEM('color',(#4221),#1470);
#4221 = PRESENTATION_STYLE_ASSIGNMENT((#4222));
#4222 = SURFACE_STYLE_USAGE(.BOTH.,#4223);
#4223 = SURFACE_SIDE_STYLE('',(#4224));
#4224 = SURFACE_STYLE_FILL_AREA(#4225);
#4225 = FILL_AREA_STYLE('',(#4226));
#4226 = FILL_AREA_STYLE_COLOUR('',#4134);
#4227 = STYLED_ITEM('color',(#4228),#1501);
#4228 = PRESENTATION_STYLE_ASSIGNMENT((#4229));
#4229 = SURFACE_STYLE_USAGE(.BOTH.,#4230);
#4230 = SURFACE_SIDE_STYLE('',(#4231));
#4231 = SURFACE_STYLE_FILL_AREA(#4232);
#4232 = FILL_AREA_STYLE('',(#4233));
#4233 = FILL_AREA_STYLE_COLOUR('',#4184);
#4234 = STYLED_ITEM('color',(#4235),#1534);
#4235 = PRESENTATION_STYLE_ASSIGNMENT((#4236));
#4236 = SURFACE_STYLE_USAGE(.BOTH.,#4237);
#4237 = SURFACE_SIDE_STYLE('',(#4238));
#4238 = SURFACE_STYLE_FILL_AREA(#4239);
#4239 = FILL_AREA_STYLE('',(#4240));
#4240 = FILL_AREA_STYLE_COLOUR('',#4134);
#4241 = STYLED_ITEM('color',(#4242),#1590);
#4242 = PRESENTATION_STYLE_ASSIGNMENT((#4243));
#4243 = SURFACE_STYLE_USAGE(.BOTH.,#4244);
#4244 = SURFACE_SIDE_STYLE('',(#4245));
#4245 = SURFACE_STYLE_FILL_AREA(#4246);
#4246 = FILL_AREA_STYLE('',(#4247));
#4247 = FILL_AREA_STYLE_COLOUR('',#4184);
#4248 = STYLED_ITEM('color',(#4249),#1614);
#4249 = PRESENTATION_STYLE_ASSIGNMENT((#4250));
#4250 = SURFACE_STYLE_USAGE(.BOTH.,#4251);
#4251 = SURFACE_SIDE_STYLE('',(#4252));
#4252 = SURFACE_STYLE_FILL_AREA(#4253);
#4253 = FILL_AREA_STYLE('',(#4254));
#4254 = FILL_AREA_STYLE_COLOUR('',#4184);
#4255 = STYLED_ITEM('color',(#4256),#1638);
#4256 = PRESENTATION_STYLE_ASSIGNMENT((#4257));
#4257 = SURFACE_STYLE_USAGE(.BOTH.,#4258);
#4258 = SURFACE_SIDE_STYLE('',(#4259));
#4259 = SURFACE_STYLE_FILL_AREA(#4260);
#4260 = FILL_AREA_STYLE('',(#4261));
#4261 = FILL_AREA_STYLE_COLOUR('',#4184);
#4262 = STYLED_ITEM('color',(#4263),#1662);
#4263 = PRESENTATION_STYLE_ASSIGNMENT((#4264));
#4264 = SURFACE_STYLE_USAGE(.BOTH.,#4265);
#4265 = SURFACE_SIDE_STYLE('',(#4266));
#4266 = SURFACE_STYLE_FILL_AREA(#4267);
#4267 = FILL_AREA_STYLE('',(#4268));
#4268 = FILL_AREA_STYLE_COLOUR('',#4184);
#4269 = STYLED_ITEM('color',(#4270),#1695);
#4270 = PRESENTATION_STYLE_ASSIGNMENT((#4271));
#4271 = SURFACE_STYLE_USAGE(.BOTH.,#4272);
#4272 = SURFACE_SIDE_STYLE('',(#4273));
#4273 = SURFACE_STYLE_FILL_AREA(#4274);
#4274 = FILL_AREA_STYLE('',(#4275));
#4275 = FILL_AREA_STYLE_COLOUR('',#4184);
#4276 = STYLED_ITEM('color',(#4277),#1707);
#4277 = PRESENTATION_STYLE_ASSIGNMENT((#4278));
#4278 = SURFACE_STYLE_USAGE(.BOTH.,#4279);
#4279 = SURFACE_SIDE_STYLE('',(#4280));
#4280 = SURFACE_STYLE_FILL_AREA(#4281);
#4281 = FILL_AREA_STYLE('',(#4282));
#4282 = FILL_AREA_STYLE_COLOUR('',#4184);
#4283 = STYLED_ITEM('color',(#4284),#1770);
#4284 = PRESENTATION_STYLE_ASSIGNMENT((#4285));
#4285 = SURFACE_STYLE_USAGE(.BOTH.,#4286);
#4286 = SURFACE_SIDE_STYLE('',(#4287));
#4287 = SURFACE_STYLE_FILL_AREA(#4288);
#4288 = FILL_AREA_STYLE('',(#4289));
#4289 = FILL_AREA_STYLE_COLOUR('',#4184);
#4290 = STYLED_ITEM('color',(#4291),#1795);
#4291 = PRESENTATION_STYLE_ASSIGNMENT((#4292));
#4292 = SURFACE_STYLE_USAGE(.BOTH.,#4293);
#4293 = SURFACE_SIDE_STYLE('',(#4294));
#4294 = SURFACE_STYLE_FILL_AREA(#4295);
#4295 = FILL_AREA_STYLE('',(#4296));
#4296 = FILL_AREA_STYLE_COLOUR('',#4184);
#4297 = STYLED_ITEM('color',(#4298),#1812);
#4298 = PRESENTATION_STYLE_ASSIGNMENT((#4299));
#4299 = SURFACE_STYLE_USAGE(.BOTH.,#4300);
#4300 = SURFACE_SIDE_STYLE('',(#4301));
#4301 = SURFACE_STYLE_FILL_AREA(#4302);
#4302 = FILL_AREA_STYLE('',(#4303));
#4303 = FILL_AREA_STYLE_COLOUR('',#4184);
#4304 = STYLED_ITEM('color',(#4305),#1836);
#4305 = PRESENTATION_STYLE_ASSIGNMENT((#4306));
#4306 = SURFACE_STYLE_USAGE(.BOTH.,#4307);
#4307 = SURFACE_SIDE_STYLE('',(#4308));
#4308 = SURFACE_STYLE_FILL_AREA(#4309);
#4309 = FILL_AREA_STYLE('',(#4310));
#4310 = FILL_AREA_STYLE_COLOUR('',#4184);
#4311 = STYLED_ITEM('color',(#4312),#1854);
#4312 = PRESENTATION_STYLE_ASSIGNMENT((#4313));
#4313 = SURFACE_STYLE_USAGE(.BOTH.,#4314);
#4314 = SURFACE_SIDE_STYLE('',(#4315));
#4315 = SURFACE_STYLE_FILL_AREA(#4316);
#4316 = FILL_AREA_STYLE('',(#4317));
#4317 = FILL_AREA_STYLE_COLOUR('',#4184);
#4318 = STYLED_ITEM('color',(#4319),#1872);
#4319 = PRESENTATION_STYLE_ASSIGNMENT((#4320));
#4320 = SURFACE_STYLE_USAGE(.BOTH.,#4321);
#4321 = SURFACE_SIDE_STYLE('',(#4322));
#4322 = SURFACE_STYLE_FILL_AREA(#4323);
#4323 = FILL_AREA_STYLE('',(#4324));
#4324 = FILL_AREA_STYLE_COLOUR('',#4184);
#4325 = STYLED_ITEM('color',(#4326),#1890);
#4326 = PRESENTATION_STYLE_ASSIGNMENT((#4327));
#4327 = SURFACE_STYLE_USAGE(.BOTH.,#4328);
#4328 = SURFACE_SIDE_STYLE('',(#4329));
#4329 = SURFACE_STYLE_FILL_AREA(#4330);
#4330 = FILL_AREA_STYLE('',(#4331));
#4331 = FILL_AREA_STYLE_COLOUR('',#4184);
#4332 = STYLED_ITEM('color',(#4333),#1907);
#4333 = PRESENTATION_STYLE_ASSIGNMENT((#4334));
#4334 = SURFACE_STYLE_USAGE(.BOTH.,#4335);
#4335 = SURFACE_SIDE_STYLE('',(#4336));
#4336 = SURFACE_STYLE_FILL_AREA(#4337);
#4337 = FILL_AREA_STYLE('',(#4338));
#4338 = FILL_AREA_STYLE_COLOUR('',#4184);
#4339 = STYLED_ITEM('color',(#4340),#1924);
#4340 = PRESENTATION_STYLE_ASSIGNMENT((#4341));
#4341 = SURFACE_STYLE_USAGE(.BOTH.,#4342);
#4342 = SURFACE_SIDE_STYLE('',(#4343));
#4343 = SURFACE_STYLE_FILL_AREA(#4344);
#4344 = FILL_AREA_STYLE('',(#4345));
#4345 = FILL_AREA_STYLE_COLOUR('',#4184);
#4346 = STYLED_ITEM('color',(#4347),#1955);
#4347 = PRESENTATION_STYLE_ASSIGNMENT((#4348));
#4348 = SURFACE_STYLE_USAGE(.BOTH.,#4349);
#4349 = SURFACE_SIDE_STYLE('',(#4350));
#4350 = SURFACE_STYLE_FILL_AREA(#4351);
#4351 = FILL_AREA_STYLE('',(#4352));
#4352 = FILL_AREA_STYLE_COLOUR('',#4184);
#4353 = STYLED_ITEM('color',(#4354),#1980);
#4354 = PRESENTATION_STYLE_ASSIGNMENT((#4355));
#4355 = SURFACE_STYLE_USAGE(.BOTH.,#4356);
#4356 = SURFACE_SIDE_STYLE('',(#4357));
#4357 = SURFACE_STYLE_FILL_AREA(#4358);
#4358 = FILL_AREA_STYLE('',(#4359));
#4359 = FILL_AREA_STYLE_COLOUR('',#4184);
#4360 = STYLED_ITEM('color',(#4361),#2005);
#4361 = PRESENTATION_STYLE_ASSIGNMENT((#4362));
#4362 = SURFACE_STYLE_USAGE(.BOTH.,#4363);
#4363 = SURFACE_SIDE_STYLE('',(#4364));
#4364 = SURFACE_STYLE_FILL_AREA(#4365);
#4365 = FILL_AREA_STYLE('',(#4366));
#4366 = FILL_AREA_STYLE_COLOUR('',#4184);
#4367 = STYLED_ITEM('color',(#4368),#2029);
#4368 = PRESENTATION_STYLE_ASSIGNMENT((#4369));
#4369 = SURFACE_STYLE_USAGE(.BOTH.,#4370);
#4370 = SURFACE_SIDE_STYLE('',(#4371));
#4371 = SURFACE_STYLE_FILL_AREA(#4372);
#4372 = FILL_AREA_STYLE('',(#4373));
#4373 = FILL_AREA_STYLE_COLOUR('',#4184);
#4374 = STYLED_ITEM('color',(#4375),#2046);
#4375 = PRESENTATION_STYLE_ASSIGNMENT((#4376));
#4376 = SURFACE_STYLE_USAGE(.BOTH.,#4377);
#4377 = SURFACE_SIDE_STYLE('',(#4378));
#4378 = SURFACE_STYLE_FILL_AREA(#4379);
#4379 = FILL_AREA_STYLE('',(#4380));
#4380 = FILL_AREA_STYLE_COLOUR('',#4381);
#4381 = COLOUR_RGB('',0.340000006699,0.68000001254,0.444999988852);
#4382 = STYLED_ITEM('color',(#4383),#2077);
#4383 = PRESENTATION_STYLE_ASSIGNMENT((#4384));
#4384 = SURFACE_STYLE_USAGE(.BOTH.,#4385);
#4385 = SURFACE_SIDE_STYLE('',(#4386));
#4386 = SURFACE_STYLE_FILL_AREA(#4387);
#4387 = FILL_AREA_STYLE('',(#4388));
#4388 = FILL_AREA_STYLE_COLOUR('',#4381);
#4389 = STYLED_ITEM('color',(#4390),#2101);
#4390 = PRESENTATION_STYLE_ASSIGNMENT((#4391));
#4391 = SURFACE_STYLE_USAGE(.BOTH.,#4392);
#4392 = SURFACE_SIDE_STYLE('',(#4393));
#4393 = SURFACE_STYLE_FILL_AREA(#4394);
#4394 = FILL_AREA_STYLE('',(#4395));
#4395 = FILL_AREA_STYLE_COLOUR('',#4381);
#4396 = STYLED_ITEM('color',(#4397),#2118);
#4397 = PRESENTATION_STYLE_ASSIGNMENT((#4398));
#4398 = SURFACE_STYLE_USAGE(.BOTH.,#4399);
#4399 = SURFACE_SIDE_STYLE('',(#4400));
#4400 = SURFACE_STYLE_FILL_AREA(#4401);
#4401 = FILL_AREA_STYLE('',(#4402));
#4402 = FILL_AREA_STYLE_COLOUR('',#4184);
#4403 = STYLED_ITEM('color',(#4404),#2146);
#4404 = PRESENTATION_STYLE_ASSIGNMENT((#4405));
#4405 = SURFACE_STYLE_USAGE(.BOTH.,#4406);
#4406 = SURFACE_SIDE_STYLE('',(#4407));
#4407 = SURFACE_STYLE_FILL_AREA(#4408);
#4408 = FILL_AREA_STYLE('',(#4409));
#4409 = FILL_AREA_STYLE_COLOUR('',#4184);
#4410 = STYLED_ITEM('color',(#4411),#2171);
#4411 = PRESENTATION_STYLE_ASSIGNMENT((#4412));
#4412 = SURFACE_STYLE_USAGE(.BOTH.,#4413);
#4413 = SURFACE_SIDE_STYLE('',(#4414));
#4414 = SURFACE_STYLE_FILL_AREA(#4415);
#4415 = FILL_AREA_STYLE('',(#4416));
#4416 = FILL_AREA_STYLE_COLOUR('',#4184);
#4417 = STYLED_ITEM('color',(#4418),#2195);
#4418 = PRESENTATION_STYLE_ASSIGNMENT((#4419));
#4419 = SURFACE_STYLE_USAGE(.BOTH.,#4420);
#4420 = SURFACE_SIDE_STYLE('',(#4421));
#4421 = SURFACE_STYLE_FILL_AREA(#4422);
#4422 = FILL_AREA_STYLE('',(#4423));
#4423 = FILL_AREA_STYLE_COLOUR('',#4184);
#4424 = STYLED_ITEM('color',(#4425),#2220);
#4425 = PRESENTATION_STYLE_ASSIGNMENT((#4426));
#4426 = SURFACE_STYLE_USAGE(.BOTH.,#4427);
#4427 = SURFACE_SIDE_STYLE('',(#4428));
#4428 = SURFACE_STYLE_FILL_AREA(#4429);
#4429 = FILL_AREA_STYLE('',(#4430));
#4430 = FILL_AREA_STYLE_COLOUR('',#4184);
#4431 = STYLED_ITEM('color',(#4432),#2267);
#4432 = PRESENTATION_STYLE_ASSIGNMENT((#4433));
#4433 = SURFACE_STYLE_USAGE(.BOTH.,#4434);
#4434 = SURFACE_SIDE_STYLE('',(#4435));
#4435 = SURFACE_STYLE_FILL_AREA(#4436);
#4436 = FILL_AREA_STYLE('',(#4437));
#4437 = FILL_AREA_STYLE_COLOUR('',#4184);
#4438 = STYLED_ITEM('color',(#4439),#2284);
#4439 = PRESENTATION_STYLE_ASSIGNMENT((#4440));
#4440 = SURFACE_STYLE_USAGE(.BOTH.,#4441);
#4441 = SURFACE_SIDE_STYLE('',(#4442));
#4442 = SURFACE_STYLE_FILL_AREA(#4443);
#4443 = FILL_AREA_STYLE('',(#4444));
#4444 = FILL_AREA_STYLE_COLOUR('',#4184);
#4445 = STYLED_ITEM('color',(#4446),#2296);
#4446 = PRESENTATION_STYLE_ASSIGNMENT((#4447));
#4447 = SURFACE_STYLE_USAGE(.BOTH.,#4448);
#4448 = SURFACE_SIDE_STYLE('',(#4449));
#4449 = SURFACE_STYLE_FILL_AREA(#4450);
#4450 = FILL_AREA_STYLE('',(#4451));
#4451 = FILL_AREA_STYLE_COLOUR('',#4184);
#4452 = STYLED_ITEM('color',(#4453),#2318);
#4453 = PRESENTATION_STYLE_ASSIGNMENT((#4454));
#4454 = SURFACE_STYLE_USAGE(.BOTH.,#4455);
#4455 = SURFACE_SIDE_STYLE('',(#4456));
#4456 = SURFACE_STYLE_FILL_AREA(#4457);
#4457 = FILL_AREA_STYLE('',(#4458));
#4458 = FILL_AREA_STYLE_COLOUR('',#4184);
#4459 = STYLED_ITEM('color',(#4460),#2330);
#4460 = PRESENTATION_STYLE_ASSIGNMENT((#4461));
#4461 = SURFACE_STYLE_USAGE(.BOTH.,#4462);
#4462 = SURFACE_SIDE_STYLE('',(#4463));
#4463 = SURFACE_STYLE_FILL_AREA(#4464);
#4464 = FILL_AREA_STYLE('',(#4465));
#4465 = FILL_AREA_STYLE_COLOUR('',#4184);
#4466 = STYLED_ITEM('color',(#4467),#2348);
#4467 = PRESENTATION_STYLE_ASSIGNMENT((#4468));
#4468 = SURFACE_STYLE_USAGE(.BOTH.,#4469);
#4469 = SURFACE_SIDE_STYLE('',(#4470));
#4470 = SURFACE_STYLE_FILL_AREA(#4471);
#4471 = FILL_AREA_STYLE('',(#4472));
#4472 = FILL_AREA_STYLE_COLOUR('',#4184);
#4473 = STYLED_ITEM('color',(#4474),#2366);
#4474 = PRESENTATION_STYLE_ASSIGNMENT((#4475));
#4475 = SURFACE_STYLE_USAGE(.BOTH.,#4476);
#4476 = SURFACE_SIDE_STYLE('',(#4477));
#4477 = SURFACE_STYLE_FILL_AREA(#4478);
#4478 = FILL_AREA_STYLE('',(#4479));
#4479 = FILL_AREA_STYLE_COLOUR('',#4381);
#4480 = MECHANICAL_DESIGN_GEOMETRIC_PRESENTATION_REPRESENTATION('',(
    #4481,#4489,#4496,#4503,#4510,#4517,#4524,#4531,#4538,#4545,#4552,
    #4559,#4566,#4573,#4581,#4588,#4595,#4602,#4609,#4616,#4623,#4630,
    #4637,#4644,#4651,#4658),#835);
#4481 = STYLED_ITEM('color',(#4482),#47);
#4482 = PRESENTATION_STYLE_ASSIGNMENT((#4483));
#4483 = SURFACE_STYLE_USAGE(.BOTH.,#4484);
#4484 = SURFACE_SIDE_STYLE('',(#4485));
#4485 = SURFACE_STYLE_FILL_AREA(#4486);
#4486 = FILL_AREA_STYLE('',(#4487));
#4487 = FILL_AREA_STYLE_COLOUR('',#4488);
#4488 = COLOUR_RGB('',0.823999987314,0.819999987296,0.781000009244);
#4489 = STYLED_ITEM('color',(#4490),#87);
#4490 = PRESENTATION_STYLE_ASSIGNMENT((#4491));
#4491 = SURFACE_STYLE_USAGE(.BOTH.,#4492);
#4492 = SURFACE_SIDE_STYLE('',(#4493));
#4493 = SURFACE_STYLE_FILL_AREA(#4494);
#4494 = FILL_AREA_STYLE('',(#4495));
#4495 = FILL_AREA_STYLE_COLOUR('',#4488);
#4496 = STYLED_ITEM('color',(#4497),#170);
#4497 = PRESENTATION_STYLE_ASSIGNMENT((#4498));
#4498 = SURFACE_STYLE_USAGE(.BOTH.,#4499);
#4499 = SURFACE_SIDE_STYLE('',(#4500));
#4500 = SURFACE_STYLE_FILL_AREA(#4501);
#4501 = FILL_AREA_STYLE('',(#4502));
#4502 = FILL_AREA_STYLE_COLOUR('',#4488);
#4503 = STYLED_ITEM('color',(#4504),#195);
#4504 = PRESENTATION_STYLE_ASSIGNMENT((#4505));
#4505 = SURFACE_STYLE_USAGE(.BOTH.,#4506);
#4506 = SURFACE_SIDE_STYLE('',(#4507));
#4507 = SURFACE_STYLE_FILL_AREA(#4508);
#4508 = FILL_AREA_STYLE('',(#4509));
#4509 = FILL_AREA_STYLE_COLOUR('',#4488);
#4510 = STYLED_ITEM('color',(#4511),#220);
#4511 = PRESENTATION_STYLE_ASSIGNMENT((#4512));
#4512 = SURFACE_STYLE_USAGE(.BOTH.,#4513);
#4513 = SURFACE_SIDE_STYLE('',(#4514));
#4514 = SURFACE_STYLE_FILL_AREA(#4515);
#4515 = FILL_AREA_STYLE('',(#4516));
#4516 = FILL_AREA_STYLE_COLOUR('',#4488);
#4517 = STYLED_ITEM('color',(#4518),#287);
#4518 = PRESENTATION_STYLE_ASSIGNMENT((#4519));
#4519 = SURFACE_STYLE_USAGE(.BOTH.,#4520);
#4520 = SURFACE_SIDE_STYLE('',(#4521));
#4521 = SURFACE_STYLE_FILL_AREA(#4522);
#4522 = FILL_AREA_STYLE('',(#4523));
#4523 = FILL_AREA_STYLE_COLOUR('',#4488);
#4524 = STYLED_ITEM('color',(#4525),#304);
#4525 = PRESENTATION_STYLE_ASSIGNMENT((#4526));
#4526 = SURFACE_STYLE_USAGE(.BOTH.,#4527);
#4527 = SURFACE_SIDE_STYLE('',(#4528));
#4528 = SURFACE_STYLE_FILL_AREA(#4529);
#4529 = FILL_AREA_STYLE('',(#4530));
#4530 = FILL_AREA_STYLE_COLOUR('',#4488);
#4531 = STYLED_ITEM('color',(#4532),#321);
#4532 = PRESENTATION_STYLE_ASSIGNMENT((#4533));
#4533 = SURFACE_STYLE_USAGE(.BOTH.,#4534);
#4534 = SURFACE_SIDE_STYLE('',(#4535));
#4535 = SURFACE_STYLE_FILL_AREA(#4536);
#4536 = FILL_AREA_STYLE('',(#4537));
#4537 = FILL_AREA_STYLE_COLOUR('',#4134);
#4538 = STYLED_ITEM('color',(#4539),#370);
#4539 = PRESENTATION_STYLE_ASSIGNMENT((#4540));
#4540 = SURFACE_STYLE_USAGE(.BOTH.,#4541);
#4541 = SURFACE_SIDE_STYLE('',(#4542));
#4542 = SURFACE_STYLE_FILL_AREA(#4543);
#4543 = FILL_AREA_STYLE('',(#4544));
#4544 = FILL_AREA_STYLE_COLOUR('',#4488);
#4545 = STYLED_ITEM('color',(#4546),#387);
#4546 = PRESENTATION_STYLE_ASSIGNMENT((#4547));
#4547 = SURFACE_STYLE_USAGE(.BOTH.,#4548);
#4548 = SURFACE_SIDE_STYLE('',(#4549));
#4549 = SURFACE_STYLE_FILL_AREA(#4550);
#4550 = FILL_AREA_STYLE('',(#4551));
#4551 = FILL_AREA_STYLE_COLOUR('',#4488);
#4552 = STYLED_ITEM('color',(#4553),#404);
#4553 = PRESENTATION_STYLE_ASSIGNMENT((#4554));
#4554 = SURFACE_STYLE_USAGE(.BOTH.,#4555);
#4555 = SURFACE_SIDE_STYLE('',(#4556));
#4556 = SURFACE_STYLE_FILL_AREA(#4557);
#4557 = FILL_AREA_STYLE('',(#4558));
#4558 = FILL_AREA_STYLE_COLOUR('',#4134);
#4559 = STYLED_ITEM('color',(#4560),#453);
#4560 = PRESENTATION_STYLE_ASSIGNMENT((#4561));
#4561 = SURFACE_STYLE_USAGE(.BOTH.,#4562);
#4562 = SURFACE_SIDE_STYLE('',(#4563));
#4563 = SURFACE_STYLE_FILL_AREA(#4564);
#4564 = FILL_AREA_STYLE('',(#4565));
#4565 = FILL_AREA_STYLE_COLOUR('',#4134);
#4566 = STYLED_ITEM('color',(#4567),#470);
#4567 = PRESENTATION_STYLE_ASSIGNMENT((#4568));
#4568 = SURFACE_STYLE_USAGE(.BOTH.,#4569);
#4569 = SURFACE_SIDE_STYLE('',(#4570));
#4570 = SURFACE_STYLE_FILL_AREA(#4571);
#4571 = FILL_AREA_STYLE('',(#4572));
#4572 = FILL_AREA_STYLE_COLOUR('',#4488);
#4573 = STYLED_ITEM('color',(#4574),#539);
#4574 = PRESENTATION_STYLE_ASSIGNMENT((#4575));
#4575 = SURFACE_STYLE_USAGE(.BOTH.,#4576);
#4576 = SURFACE_SIDE_STYLE('',(#4577));
#4577 = SURFACE_STYLE_FILL_AREA(#4578);
#4578 = FILL_AREA_STYLE('',(#4579));
#4579 = FILL_AREA_STYLE_COLOUR('',#4580);
#4580 = COLOUR_RGB('',8.200000279077E-02,8.600000121357E-02,
  9.399999706163E-02);
#4581 = STYLED_ITEM('color',(#4582),#570);
#4582 = PRESENTATION_STYLE_ASSIGNMENT((#4583));
#4583 = SURFACE_STYLE_USAGE(.BOTH.,#4584);
#4584 = SURFACE_SIDE_STYLE('',(#4585));
#4585 = SURFACE_STYLE_FILL_AREA(#4586);
#4586 = FILL_AREA_STYLE('',(#4587));
#4587 = FILL_AREA_STYLE_COLOUR('',#4580);
#4588 = STYLED_ITEM('color',(#4589),#594);
#4589 = PRESENTATION_STYLE_ASSIGNMENT((#4590));
#4590 = SURFACE_STYLE_USAGE(.BOTH.,#4591);
#4591 = SURFACE_SIDE_STYLE('',(#4592));
#4592 = SURFACE_STYLE_FILL_AREA(#4593);
#4593 = FILL_AREA_STYLE('',(#4594));
#4594 = FILL_AREA_STYLE_COLOUR('',#4488);
#4595 = STYLED_ITEM('color',(#4596),#663);
#4596 = PRESENTATION_STYLE_ASSIGNMENT((#4597));
#4597 = SURFACE_STYLE_USAGE(.BOTH.,#4598);
#4598 = SURFACE_SIDE_STYLE('',(#4599));
#4599 = SURFACE_STYLE_FILL_AREA(#4600);
#4600 = FILL_AREA_STYLE('',(#4601));
#4601 = FILL_AREA_STYLE_COLOUR('',#4580);
#4602 = STYLED_ITEM('color',(#4603),#687);
#4603 = PRESENTATION_STYLE_ASSIGNMENT((#4604));
#4604 = SURFACE_STYLE_USAGE(.BOTH.,#4605);
#4605 = SURFACE_SIDE_STYLE('',(#4606));
#4606 = SURFACE_STYLE_FILL_AREA(#4607);
#4607 = FILL_AREA_STYLE('',(#4608));
#4608 = FILL_AREA_STYLE_COLOUR('',#4488);
#4609 = STYLED_ITEM('color',(#4610),#704);
#4610 = PRESENTATION_STYLE_ASSIGNMENT((#4611));
#4611 = SURFACE_STYLE_USAGE(.BOTH.,#4612);
#4612 = SURFACE_SIDE_STYLE('',(#4613));
#4613 = SURFACE_STYLE_FILL_AREA(#4614);
#4614 = FILL_AREA_STYLE('',(#4615));
#4615 = FILL_AREA_STYLE_COLOUR('',#4488);
#4616 = STYLED_ITEM('color',(#4617),#721);
#4617 = PRESENTATION_STYLE_ASSIGNMENT((#4618));
#4618 = SURFACE_STYLE_USAGE(.BOTH.,#4619);
#4619 = SURFACE_SIDE_STYLE('',(#4620));
#4620 = SURFACE_STYLE_FILL_AREA(#4621);
#4621 = FILL_AREA_STYLE('',(#4622));
#4622 = FILL_AREA_STYLE_COLOUR('',#4488);
#4623 = STYLED_ITEM('color',(#4624),#738);
#4624 = PRESENTATION_STYLE_ASSIGNMENT((#4625));
#4625 = SURFACE_STYLE_USAGE(.BOTH.,#4626);
#4626 = SURFACE_SIDE_STYLE('',(#4627));
#4627 = SURFACE_STYLE_FILL_AREA(#4628);
#4628 = FILL_AREA_STYLE('',(#4629));
#4629 = FILL_AREA_STYLE_COLOUR('',#4488);
#4630 = STYLED_ITEM('color',(#4631),#755);
#4631 = PRESENTATION_STYLE_ASSIGNMENT((#4632));
#4632 = SURFACE_STYLE_USAGE(.BOTH.,#4633);
#4633 = SURFACE_SIDE_STYLE('',(#4634));
#4634 = SURFACE_STYLE_FILL_AREA(#4635);
#4635 = FILL_AREA_STYLE('',(#4636));
#4636 = FILL_AREA_STYLE_COLOUR('',#4488);
#4637 = STYLED_ITEM('color',(#4638),#772);
#4638 = PRESENTATION_STYLE_ASSIGNMENT((#4639));
#4639 = SURFACE_STYLE_USAGE(.BOTH.,#4640);
#4640 = SURFACE_SIDE_STYLE('',(#4641));
#4641 = SURFACE_STYLE_FILL_AREA(#4642);
#4642 = FILL_AREA_STYLE('',(#4643));
#4643 = FILL_AREA_STYLE_COLOUR('',#4488);
#4644 = STYLED_ITEM('color',(#4645),#789);
#4645 = PRESENTATION_STYLE_ASSIGNMENT((#4646));
#4646 = SURFACE_STYLE_USAGE(.BOTH.,#4647);
#4647 = SURFACE_SIDE_STYLE('',(#4648));
#4648 = SURFACE_STYLE_FILL_AREA(#4649);
#4649 = FILL_AREA_STYLE('',(#4650));
#4650 = FILL_AREA_STYLE_COLOUR('',#4488);
#4651 = STYLED_ITEM('color',(#4652),#806);
#4652 = PRESENTATION_STYLE_ASSIGNMENT((#4653));
#4653 = SURFACE_STYLE_USAGE(.BOTH.,#4654);
#4654 = SURFACE_SIDE_STYLE('',(#4655));
#4655 = SURFACE_STYLE_FILL_AREA(#4656);
#4656 = FILL_AREA_STYLE('',(#4657));
#4657 = FILL_AREA_STYLE_COLOUR('',#4580);
#4658 = STYLED_ITEM('color',(#4659),#823);
#4659 = PRESENTATION_STYLE_ASSIGNMENT((#4660));
#4660 = SURFACE_STYLE_USAGE(.BOTH.,#4661);
#4661 = SURFACE_SIDE_STYLE('',(#4662));
#4662 = SURFACE_STYLE_FILL_AREA(#4663);
#4663 = FILL_AREA_STYLE('',(#4664));
#4664 = FILL_AREA_STYLE_COLOUR('',#4580);
ENDSEC;
END-ISO-10303-21;
